feature_1,feature_2,mean_absolute_correlation_change,max_absolute_correlation_change,mean_signed_correlation_change,contributing_test_files
P2_MASW,P2_SIT01,0.7764867644739429,0.7764867644739429,0.7764867644739429,1
P2_MASW_Lamp,P2_SIT01,0.7764867644739429,0.7764867644739429,0.7764867644739429,1
P2_ManualGO,P2_SIT01,0.7764867644739429,0.7764867644739429,0.7764867644739429,1
P2_AutoGO,P2_SIT01,0.7764867644739423,0.7764867644739423,-0.7764867644739423,1
P2_ATSW_Lamp,P2_SIT01,0.7764867644739423,0.7764867644739423,-0.7764867644739423,1
P2_MASW_Lamp,P2_SCO,0.6799629830742214,0.6799629830742214,0.6799629830742214,1
P2_ManualGO,P2_SCO,0.6799629830742214,0.6799629830742214,0.6799629830742214,1
P2_MASW,P2_SCO,0.6799629830742214,0.6799629830742214,0.6799629830742214,1
P2_ATSW_Lamp,P2_SCO,0.6799629830742202,0.6799629830742202,-0.6799629830742202,1
P2_AutoGO,P2_SCO,0.6799629830742202,0.6799629830742202,-0.6799629830742202,1
P1_FCV03D,x1002_07_SETPOINT_OUT,0.5945385632250273,0.9107130878678694,0.5945385632250273,2
P1_FCV03Z,x1002_07_SETPOINT_OUT,0.5908846374155358,0.9083904954658473,0.5908846374155358,2
P2_VIBTR03,P2_VT01,0.5726913500367956,1.1034087691729617,0.5307174191361661,2
P1_PCV01D,x1001_15_ASSIGN_OUT,0.522607110139532,0.527015586147781,-0.522607110139532,2
P1_FCV03D,P1_LIT01,0.5003574372867966,0.958799590278328,0.5003574372867966,2
P1_PCV01D,P4_ST_PO,0.49042179096439853,0.5204993775411267,-0.49042179096439853,2
P2_AutoSD,P2_VIBTR03,0.48980821850800604,0.7831311564685607,0.29332293796055464,2
P1_PCV01D,P4_ST_GOV,0.48962944045247153,0.4923146405460518,-0.48962944045247153,2
P2_ManualSD,P2_VIBTR03,0.4890630633305769,0.4890630633305769,0.4890630633305769,1
P1_FCV03Z,P1_LIT01,0.4887991392724117,0.9561380071406582,0.4887991392724117,2
P1_FCV03D,P4_ST_PS,0.48453709918113863,0.8659205529016163,-0.48453709918113863,2
P1_FCV03Z,P4_ST_PS,0.4843398789813576,0.8635110210443849,-0.4843398789813576,2
P2_VIBTR02,P2_VT01,0.48273481290112513,0.9263207410696067,-0.48273481290112513,2
P2_SCO,P2_VIBTR03,0.469348940952721,0.7531089632275904,0.28376002227486935,2
P1_PCV02Z,P2_ManualSD,0.4619194893210392,0.4619194893210392,-0.4619194893210392,1
P1_PCV01Z,x1001_15_ASSIGN_OUT,0.456288848199283,0.47250524973241004,-0.456288848199283,2
P2_SIT01,P2_VT01,0.4534067559366868,0.8986410675522967,0.4534067559366868,2
P1_PCV01D,P3_LCP01D,0.4443786956124166,0.480956848012791,0.4443786956124166,2
P2_AutoSD,P2_VT01,0.44288503970721294,0.8528786563164169,0.40999361660920397,2
P1_PCV01D,P4_LD,0.4323962418346739,0.43917867391605814,-0.4323962418346739,2
P2_SCO,P2_VT01,0.4276895499679036,0.825197559515606,0.39750800954770243,2
P1_FCV03D,P1_FT03,0.4274085109945731,0.43445196390770313,-0.007043452913129994,2
P1_FCV03D,P1_FT03Z,0.423394420379094,0.4437636553055718,-0.020369234926477825,2
P1_LIT01,x1002_07_SETPOINT_OUT,0.4228911643542431,0.7988787944518313,-0.4228911643542431,2
P1_TIT01,x1002_07_SETPOINT_OUT,0.41895309235748074,0.4825169308820186,-0.06356383852453784,2
P4_ST_TT01,x1002_07_SETPOINT_OUT,0.41894911433767057,0.4821428735659069,-0.06319375922823633,2
P1_PCV01Z,P4_ST_PO,0.4163761511639685,0.4561265352461333,-0.4163761511639685,2
P1_PCV01Z,P4_ST_GOV,0.4150288166760431,0.4294101879672555,-0.4150288166760431,2
P1_PCV01Z,P3_LCP01D,0.4083549431767624,0.42484142911893463,0.4083549431767624,2
P1_PIT01,x1001_15_ASSIGN_OUT,0.4078222417247286,0.49844106377731046,-0.4078222417247286,2
P1_PCV01D,P4_HT_PO,0.4057466777346068,0.45615166362788795,-0.4057466777346068,2
P1_PCV01D,P3_LCV01D,0.4023835310635899,0.45127918025195646,-0.4023835310635899,2
P1_PCV01D,P1_PCV02Z,0.3936608241628764,0.472590239856929,-0.3936608241628764,2
P1_PCV01D,P4_ST_LD,0.3909976936964071,0.4244903146199565,-0.3909976936964071,2
P1_TIT01,P4_ST_PS,0.389804612844672,0.43649312759151915,0.046688514746847154,2
P4_ST_PS,P4_ST_TT01,0.38875349705466467,0.4359329659226029,0.04717946886793825,2
P1_PCV01Z,P1_PCV02Z,0.38819830360988067,0.46360325661895085,-0.38819830360988067,2
P4_ST_PT01,x1001_15_ASSIGN_OUT,0.3863240083062488,0.47658898406103894,-0.3863240083062488,2
P1_FCV03Z,P1_FT03Z,0.38078038733937547,0.41473316842604907,-0.03395278108667357,2
P1_FCV03Z,P1_FT03,0.3789155981618112,0.4051257385374773,-0.026210140375666074,2
P2_SIT01,P2_VIBTR03,0.37541683279639704,0.7202081368595433,0.3447913040631463,2
P2_AutoSD,P2_VIBTR01,0.3734939725450896,0.5800647733944235,0.20657080084933394,2
P2_VIBTR01,P2_VT01,0.37329207333936215,0.7231116203199557,0.34981954698059353,2
P1_FT03,P4_HT_PS,0.3731018446561178,0.6537169504769913,-0.2806151058208735,2
P1_FT03,x1003_18_SETPOINT_OUT,0.3676394932928252,0.68816281398807,-0.3676394932928252,2
P1_LIT01,P2_ManualSD,0.3674014532945032,0.3674014532945032,-0.3674014532945032,1
P1_PCV02Z,x1003_18_SETPOINT_OUT,0.36712928744629797,0.49309115198848674,0.36712928744629797,2
P1_PCV01D,P4_ST_PT01,0.36667543724355933,0.5811084981846496,-0.21443306094109027,2
P1_PCV01Z,P4_HT_PO,0.36569023236440723,0.395838468499088,-0.36569023236440723,2
P1_PCV01D,P3_PIT01,0.36532448503871817,0.42405313909205494,0.36532448503871817,2
P1_FT03Z,P4_HT_PS,0.3643169205777956,0.6318482872494139,-0.2675313666716183,2
P1_FCV03D,P1_PCV01D,0.3641496328821487,0.62150197084472,-0.3641496328821487,2
P1_PCV01Z,P3_LCV01D,0.36064294957696236,0.3896869614639896,-0.36064294957696236,2
P2_SCO,P2_VIBTR01,0.3590183001345717,0.5594575820873839,0.20043928195281221,2
P1_PCV01D,P1_PIT01,0.357356556530997,0.5888923131150009,-0.23153575658400388,2
P2_ManualSD,x1001_05_SETPOINT_OUT,0.35730170107038206,0.35730170107038206,-0.35730170107038206,1
P1_PCV01Z,P4_LD,0.3556445754713779,0.37644804453805386,-0.3556445754713779,2
P1_LCV01Z,P4_ST_PS,0.354960695048851,0.48826653298409717,-0.13330583793524614,2
P1_FCV03D,P4_HT_PS,0.35476586801830834,0.6842580538732782,-0.32949218585496987,2
P1_FT03Z,x1003_18_SETPOINT_OUT,0.3532528892687128,0.6539364614825514,-0.3532528892687128,2
P1_FCV03Z,P4_HT_PS,0.352414774621226,0.6792607278334024,-0.3268459532121764,2
P1_FCV03D,P1_PCV01Z,0.3523135889937392,0.6261083493343136,-0.3523135889937392,2
P1_PCV01Z,P4_ST_PT01,0.3516569767997911,0.6220208452832466,-0.27036386848345556,2
P1_FCV03Z,P1_PCV01D,0.35158097632359875,0.6018643938154145,-0.35158097632359875,2
P1_PIT01,P4_ST_GOV,0.3506592046895112,0.3956707874738585,-0.3506592046895112,2
P1_PCV01Z,P3_PIT01,0.3490660904086172,0.39361589407595676,0.3490660904086172,2
P1_PP04D,x1002_07_SETPOINT_OUT,0.348531511436091,0.40962002390287566,0.06108851246678465,2
P1_LCV01D,P4_ST_PS,0.34451877778568435,0.478739349088342,-0.13422057130265763,2
P1_FCV03Z,P1_PCV01Z,0.34261248882254536,0.608048469922549,-0.34261248882254536,2
P1_PCV01Z,P1_PIT01,0.34098114737842067,0.6293144615781432,-0.2883333141997225,2
P1_PIT01,P3_LCP01D,0.33954883581036277,0.408812498140923,0.33954883581036277,2
P1_PCV01D,P1_PCV02D,0.3392419565577848,0.3392419565577848,-0.3392419565577848,1
P1_LIT01,P1_PCV02D,0.33851634131402075,0.33851634131402075,0.33851634131402075,1
P4_HT_PS,x1002_07_SETPOINT_OUT,0.33802778142429113,0.5800486193964827,-0.33802778142429113,2
P1_LCV01D,P1_PCV02D,0.3379222481534968,0.3379222481534968,-0.3379222481534968,1
P4_ST_TT01,x1002_08_SETPOINT_OUT,0.3368758809522333,0.6475253063674011,0.3368758809522333,2
P1_TIT01,x1002_08_SETPOINT_OUT,0.3357167879354815,0.6450762098102419,0.3357167879354815,2
P1_LCV01Z,P1_PCV01D,0.33309864141654955,0.39139038164448514,-0.05829174022793557,2
P1_PCV01Z,P1_PCV02D,0.33287689699717843,0.33287689699717843,-0.33287689699717843,1
P1_TIT03,P3_LIT01,0.3327903667509412,0.3504473182105945,0.017656951459653264,2
P1_LCV01Z,P3_LIT01,0.3323874722582971,0.5651124955233849,-0.3323874722582971,2
P4_ST_GOV,P4_ST_PT01,0.3311590644467801,0.37548266889686566,-0.3311590644467801,2
P1_LCV01Z,P1_PCV01Z,0.3297955044093088,0.3374645037424372,-0.007668999333128368,2
P1_LIT01,P4_ST_PT01,0.32912507872630997,0.3934917137660895,0.06436663503977952,2
P1_FCV01Z,P2_ManualSD,0.3275925965264893,0.3275925965264893,-0.3275925965264893,1
P1_PIT01,P3_PIT01,0.3272730758255409,0.3757463775686571,0.3272730758255409,2
P1_FCV01D,P2_ManualSD,0.3258798386220102,0.3258798386220102,-0.3258798386220102,1
P1_LIT01,P4_HT_PS,0.3230782708353339,0.5370104080435734,-0.3230782708353339,2
P1_LIT01,P1_PIT01,0.3229493640074649,0.3962793357814134,0.07332997177394848,2
P1_FT03,P1_LIT01,0.3226232116973109,0.35676722659751614,0.034144014900205244,2
P2_ManualSD,P2_VIBTR01,0.3216630705611134,0.3216630705611134,0.3216630705611134,1
P3_LCP01D,P4_ST_PT01,0.3215587634929393,0.38957421176399254,0.3215587634929393,2
P1_FT03Z,P1_LIT01,0.3213665691097214,0.3579785303231901,0.03661196121346874,2
P2_VIBTR02,P2_VIBTR03,0.3197018474521448,0.6116549124200105,0.29195306496786566,2
P1_LCV01D,P3_LIT01,0.3191562150179688,0.5433977858171423,-0.3191562150179688,2
P2_AutoSD,P2_SIT01,0.31712291970161344,0.6318196072288814,0.314696687527268,2
P1_LCV01D,P1_LIT01,0.3168381351373001,0.3687015192659838,-0.05186338412868377,2
P2_ManualSD,x1003_24_SUM_OUT,0.31662539852653515,0.31662539852653515,-0.31662539852653515,1
P1_PCV02Z,x1001_05_SETPOINT_OUT,0.3147186390107253,0.40790390802855553,-0.09318526901783025,2
P1_FT03Z,P1_PCV02D,0.31449853485587315,0.31449853485587315,-0.31449853485587315,1
P2_VIBTR03,P2_VIBTR04,0.31423731999032123,0.49134585888258897,0.17710853889226771,2
P1_PP04D,P2_SCO,0.31402931773672427,0.4313472921215356,0.11731797438481131,2
P3_PIT01,P4_ST_PT01,0.3099474382548688,0.3596611492765647,0.3099474382548688,2
P1_TIT03,P2_AutoSD,0.3087690741339075,0.47867905388104964,0.3087690741339075,2
P1_PCV02Z,P4_ST_PS,0.30756055515191705,0.45744469183645675,0.30756055515191705,2
P1_PCV01Z,P4_ST_LD,0.30736062327636404,0.3484978888915886,-0.30736062327636404,2
P1_PP04,P2_SCO,0.30643750795238106,0.4295449579209164,0.12310744996853533,2
P1_PP04,P1_TIT02,0.30579619612256626,0.4372087548795983,0.13141255875703206,2
P1_FT01Z,P1_LIT01,0.3054154649164199,0.3241908244570738,0.018775359540653902,2
P1_PIT01,P3_LIT01,0.30320433259865814,0.4423341621838743,0.30320433259865814,2
P1_FCV01D,P2_AutoSD,0.30220857601133394,0.48802573681219774,-0.30220857601133394,2
P1_FCV01Z,x1001_05_SETPOINT_OUT,0.3021468657531875,0.3050441664151536,0.3021468657531875,2
P1_FT03,P4_ST_PS,0.30207070798657887,0.580451503987596,-0.2783807960010172,2
P1_FT03,P1_PCV02D,0.3019380800366074,0.3019380800366074,-0.3019380800366074,1
P1_TIT02,P4_HT_PS,0.3012068741668614,0.38174046990914406,-0.3012068741668614,2
P2_ManualSD,x1003_18_SETPOINT_OUT,0.3009729866262225,0.3009729866262225,-0.3009729866262225,1
P1_FCV01Z,P2_AutoSD,0.30080840225668537,0.48691362288752227,-0.30080840225668537,2
P1_FCV02Z,x1002_08_SETPOINT_OUT,0.30077310082252856,0.4336907197118426,0.13291761888931403,2
P1_LCV01Z,P1_TIT01,0.2999730848713527,0.5863231612181801,0.28635007634682735,2
P1_LCV01Z,P4_ST_TT01,0.29925617842151164,0.5858044631900372,0.28654828476852556,2
P1_FT02,P2_AutoSD,0.2987138274964839,0.4768298699552397,-0.2987138274964839,2
P1_FT01Z,P1_PIT01,0.2976037022344149,0.43613929912433247,-0.13853559688991757,2
P1_PIT01,P4_ST_PO,0.29747069141959914,0.3187115251006032,-0.29747069141959914,2
P1_FT01Z,P4_ST_PT01,0.2971872204001026,0.43530696621524384,-0.13811974581514125,2
P1_PP04,x1002_07_SETPOINT_OUT,0.2970027564730831,0.4092154236105293,0.11221266713744621,2
P1_FT02,P3_LIT01,0.2962115484905985,0.33348912824276,-0.037277579752161505,2
P1_LCV01D,P1_TIT01,0.29559509891709435,0.583875367204978,0.28828026828788367,2
P1_FT02,x1001_05_SETPOINT_OUT,0.2955582365312821,0.32941700398194546,0.2955582365312821,2
P1_PCV02Z,P1_PIT01,0.2955084219819688,0.3577356095426736,-0.06222718756070475,2
P1_FCV01D,x1001_05_SETPOINT_OUT,0.2953107929958515,0.30206873369283105,0.2953107929958515,2
P1_LCV01D,P4_ST_TT01,0.2951112000097915,0.5832345093574309,0.2881233093476394,2
P1_PP04,P2_AutoSD,0.2950810996480199,0.4381941577604969,0.14311305811247704,2
P2_ManualSD,P4_ST_PS,0.2949206197315588,0.2949206197315588,-0.2949206197315588,1
P1_PCV02Z,P4_ST_PT01,0.29448037473664984,0.34110078386771425,-0.04662040913106441,2
P2_AutoSD,P2_SCO,0.2936818653179691,0.587091479204984,0.29340961388701486,2
P1_TIT02,x1002_08_SETPOINT_OUT,0.2935744657302912,0.39077862259003737,0.09720415685974614,2
P1_TIT03,P2_SCO,0.29356746401961864,0.4790743298485116,0.29356746401961864,2
P1_FT02,P2_ManualSD,0.2934028682104915,0.2934028682104915,-0.2934028682104915,1
P1_FCV01D,P2_SCO,0.2933313808349079,0.48193518251232714,-0.2933313808349079,2
P1_PP04D,P2_AutoSD,0.2920089060606858,0.43192641059122544,0.13991750453053964,2
P1_FCV01Z,P2_SCO,0.29149730368453297,0.48100391878023296,-0.29149730368453297,2
P3_LIT01,P4_ST_PT01,0.2905920614596107,0.41967404066931735,0.2905920614596107,2
P1_FT02Z,P2_ManualSD,0.28979002880063764,0.28979002880063764,-0.28979002880063764,1
P2_ManualSD,x1003_10_SETPOINT_OUT,0.28948565490616884,0.28948565490616884,-0.28948565490616884,1
P1_FT02,P2_SCO,0.287933389513528,0.46816731292021396,-0.287933389513528,2
P1_FT03Z,P4_ST_PS,0.28700111155079255,0.563182203574223,-0.27618109202343044,2
P1_PP04D,P4_ST_PS,0.28592132635076045,0.2965820068495868,-0.010660680498826347,2
P1_FT03,x1001_05_SETPOINT_OUT,0.2854563155796399,0.38266296158604235,0.09720664600640244,2
P1_FCV02Z,P4_HT_PS,0.28511585419724983,0.3511719319066104,-0.28511585419724983,2
P1_PIT01,P4_HT_PO,0.2846264046663829,0.36200944555168374,-0.2846264046663829,2
P1_FT02Z,P3_LIT01,0.28411672632470275,0.31352827080181167,-0.02941154447710892,2
P3_LIT01,x1003_10_SETPOINT_OUT,0.2839015574299935,0.3127261533105331,-0.028824595880539594,2
P1_FT02Z,x1001_05_SETPOINT_OUT,0.2828999517988686,0.29153981208845153,0.2828999517988686,2
x1001_05_SETPOINT_OUT,x1003_10_SETPOINT_OUT,0.2828236863113978,0.2911809594960398,0.2828236863113978,2
P1_PCV02D,P1_PCV02Z,0.2825578198320371,0.2825578198320371,0.2825578198320371,1
P1_PP04,P4_ST_PO,0.2812095946025519,0.31984226141924516,0.2812095946025519,2
P2_ManualSD,P2_VT01,0.2809411181567638,0.2809411181567638,0.2809411181567638,1
P1_PCV01Z,x1002_08_SETPOINT_OUT,0.2808605628932718,0.3249169665812015,-0.2808605628932718,2
P1_PIT01,P3_LCV01D,0.2800420973864821,0.35641227483274945,-0.2800420973864821,2
P1_TIT01,P4_ST_PT01,0.27983957678122956,0.532286751841849,-0.2524471750606195,2
P4_ST_PT01,P4_ST_TT01,0.27964710384891345,0.5328382052018622,-0.25319110135294876,2
P1_PIT01,P1_TIT01,0.27948825479241646,0.5320163062877828,-0.2525280514953664,2
P1_PIT01,P4_ST_TT01,0.2793378788817388,0.5328434220097332,-0.25350554312799445,2
P1_FCV02D,x1002_08_SETPOINT_OUT,0.2785075611232703,0.3833375281774485,0.10482996705417817,2
P1_FT01Z,P1_PCV02Z,0.2784615820685837,0.35192657479348727,-0.2784615820685837,2
P1_PCV01D,x1002_08_SETPOINT_OUT,0.2782766565829806,0.3260042562164519,-0.2782766565829806,2
P4_ST_PO,P4_ST_PT01,0.2779582624148219,0.2986991478539619,-0.2779582624148219,2
P1_PCV01D,P1_PP04,0.2778249017794655,0.5117796244903859,0.23395472271092044,2
P2_ManualSD,P2_VIBTR04,0.2775539681350486,0.2775539681350486,0.2775539681350486,1
P1_PCV02D,P4_ST_PT01,0.2774087203339235,0.2774087203339235,0.2774087203339235,1
P1_PIT02,P4_ST_PS,0.2761607650064565,0.31430580034591804,-0.038145035339461564,2
P1_PP04D,P1_TIT02,0.2760535484034837,0.4138783624991193,0.13782481409563563,2
P1_PIT02,x1002_08_SETPOINT_OUT,0.27567648390985733,0.33602917577266406,-0.060352691862806715,2
P1_TIT02,P2_SCO,0.2751087475587957,0.37313361231905506,0.2751087475587957,2
P2_VIBTR03,x1003_18_SETPOINT_OUT,0.27396288610860364,0.5369488762626653,-0.27396288610860364,2
P1_LCV01D,P1_PP04,0.2736645977772574,0.42647483336079134,-0.2736645977772574,2
P1_PCV01D,P3_FIT01,0.27355927281142045,0.34104316903988974,0.27355927281142045,2
P1_TIT02,P2_AutoSD,0.27350080648762487,0.37736079929667177,0.27350080648762487,2
P1_FT03Z,x1001_05_SETPOINT_OUT,0.27340031857569,0.3605492758562192,0.08714895728052918,2
P1_FCV03Z,x1003_18_SETPOINT_OUT,0.2728336755280868,0.5174055337085568,-0.2728336755280868,2
P1_FCV02D,P2_ManualSD,0.2724608012492983,0.2724608012492983,0.2724608012492983,1
P1_PP04D,P4_ST_PO,0.2717809023607772,0.2826348889828928,0.2717809023607772,2
P1_FCV02Z,x1002_07_SETPOINT_OUT,0.2717107108727537,0.2761449930138528,0.0044342821410990885,2
P4_HT_PO,P4_ST_PT01,0.27155035424144564,0.3466547243977609,-0.27155035424144564,2
P1_PCV01Z,P3_LIT01,0.27136343617614667,0.36914078289731156,0.27136343617614667,2
P1_LCV01Z,P1_PCV02D,0.2711296233286293,0.2711296233286293,-0.2711296233286293,1
P1_PCV01Z,P1_PP04,0.2705053456744825,0.49225067458209504,0.22174532890761256,2
P1_FCV01Z,P3_LIT01,0.2704029054975666,0.30681449706584635,-0.03641159156827971,2
P1_LCV01Z,P1_PP04,0.2702907205465016,0.4143641778011113,-0.2702907205465016,2
P2_SIT01,P2_VIBTR01,0.2698328053338359,0.5105326281184854,0.24069982278464952,2
P1_FT02Z,P2_AutoSD,0.2698228290278173,0.41622259513048393,-0.2698228290278173,2
P1_FCV02Z,P1_FT03,0.26979927761866024,0.3936621720810355,0.12386289446237525,2
P2_AutoSD,x1003_10_SETPOINT_OUT,0.26962243959462895,0.41545761250126434,-0.26962243959462895,2
P1_FCV01Z,P1_PIT02,0.26951407431815055,0.387132325606815,0.11761825128866443,2
P1_FCV02Z,P1_FT03Z,0.26912418707614694,0.3924202933231463,0.12329610624699941,2
P2_SCST,P4_ST_TT01,0.2686316277949426,0.29421752353032804,0.025585895735385444,2
P1_TIT01,P2_SCST,0.2684833137634118,0.29275080615485904,0.024267492391447265,2
P1_PP04,P4_ST_GOV,0.2679591479133502,0.3155036373745633,0.2679591479133502,2
P1_FCV01D,P1_PIT02,0.26792276174896446,0.3826344859714429,0.11471172422247843,2
P3_LCV01D,P4_ST_PT01,0.26718662978804963,0.3413814416204577,-0.26718662978804963,2
P1_FCV02Z,P1_LIT01,0.2667845326456968,0.2978777933186713,0.03109326067297455,2
P1_FCV03D,x1003_18_SETPOINT_OUT,0.26612942754299196,0.5051213011979381,-0.26612942754299196,2
P1_LIT01,P4_ST_PS,0.265712252721542,0.4331427577501902,0.1674305050286482,2
P1_LCV01Z,x1001_05_SETPOINT_OUT,0.26570151320038743,0.31552076244634464,0.26570151320038743,2
P1_PCV02D,P1_PIT01,0.2655910811233394,0.2655910811233394,0.2655910811233394,1
P2_ManualSD,P2_SIT01,0.2653686708703212,0.2653686708703212,0.2653686708703212,1
P1_FCV01D,P3_LIT01,0.26512712742494143,0.29736477654879667,-0.032237649123855225,2
P1_TIT02,x1002_07_SETPOINT_OUT,0.2639599864462019,0.3514140451931538,-0.0874540587469519,2
P1_FT01,P4_ST_PS,0.2637845134647463,0.3548052825358956,-0.09102076907114928,2
P1_FT01,P4_ST_PT01,0.2626351415740049,0.3572856221658551,-0.09465048059185019,2
P1_FT01,P1_LIT01,0.26238754540861975,0.3149493628048475,0.052561817396227756,2
P1_FT02,P1_PCV01D,0.26190273974452327,0.3722722052426649,-0.11036946549814167,2
P1_PIT01,P4_LD,0.26123014420490254,0.30697937931913866,-0.26123014420490254,2
P1_PP04D,P4_ST_GOV,0.2608811284356539,0.27884166196912075,0.2608811284356539,2
P1_FT01,P1_PIT01,0.26057783577805527,0.3556621551577816,-0.09508431937972633,2
P1_LCV01D,P1_PP04D,0.2603862016652202,0.41169039820865355,-0.2603862016652202,2
P1_LCV01Z,x1002_08_SETPOINT_OUT,0.2597556186134553,0.32455721930950765,0.06480160069605237,2
P2_ManualSD,P2_SCO,0.25933302243145057,0.25933302243145057,0.25933302243145057,1
P1_FCV02D,x1002_07_SETPOINT_OUT,0.25906150670001926,0.2782646975791271,-0.019203190879107795,2
P1_FT03,P2_VIBTR04,0.2586360564809126,0.5097680853507118,-0.25113202886979924,2
P1_PP04,P4_ST_LD,0.25824373867402417,0.28227412502274624,0.25824373867402417,2
P1_FT02Z,P2_SCO,0.25720673825361234,0.40960963566475284,-0.25720673825361234,2
P2_SCO,x1003_10_SETPOINT_OUT,0.2569767628624379,0.4088438831613217,-0.2569767628624379,2
P1_PCV01D,P3_LIT01,0.2568388072620441,0.35199035498216236,0.2568388072620441,2
P1_FT03Z,P1_TIT02,0.2568230046108612,0.3642779015217787,0.10745489691091746,2
P1_FT03,x1002_08_SETPOINT_OUT,0.2567768451548074,0.3253526219883056,-0.2567768451548074,2
P1_FCV02D,P1_LIT01,0.25588936324223716,0.2670562980397428,0.011166934797505634,2
P2_VIBTR03,x1003_24_SUM_OUT,0.25550016850083157,0.5066238829126363,-0.25550016850083157,2
P1_FT03,P1_TIT02,0.25500167873381546,0.364859675220709,0.10985799648689352,2
P1_FT02,P1_PCV01Z,0.25474209125801395,0.35452232151035873,-0.09978023025234477,2
P1_LCV01D,x1001_05_SETPOINT_OUT,0.2546129244195451,0.3024139395787663,0.2546129244195451,2
P1_PP04D,P4_ST_LD,0.2546024679607217,0.2562946072529408,0.2546024679607217,2
P1_FCV02D,P4_HT_PS,0.254435110752063,0.3191446465843235,-0.254435110752063,2
P1_LCV01Z,P1_PP04D,0.2540650374085329,0.3961844114856172,-0.2540650374085329,2
P1_LCV01D,x1002_08_SETPOINT_OUT,0.2529503543065938,0.32035465349983805,0.06740429919324424,2
P1_LCV01Z,P1_LIT01,0.25291624681780356,0.26931255127227377,0.016396304454470184,2
P1_FCV03Z,P2_VIBTR04,0.25285924605718635,0.5045061760973624,-0.251646930040176,2
P1_FCV02D,P1_FT03Z,0.25265716534223315,0.35367789036233294,0.10102072502009982,2
P1_FCV02D,P1_FT03,0.25214764685576,0.3526292906256788,0.10048164376991882,2
P1_LIT01,P4_ST_TT01,0.2512674386474296,0.2883173856618695,0.03704994701443985,2
P1_FCV01Z,x1003_24_SUM_OUT,0.25058464804348013,0.26146415248221827,-0.010879504438738169,2
P1_LIT01,P1_TIT01,0.25053169819725796,0.2871035510972143,0.03657185289995632,2
P1_FT03Z,P2_VIBTR04,0.2504031568750216,0.48598676626684545,-0.23558360939182382,2
P1_PCV01D,P1_PP04D,0.24863940856336766,0.4644340157667915,0.21579460720342383,2
P1_FCV02Z,P2_ManualSD,0.2485988076892945,0.2485988076892945,0.2485988076892945,1
P1_LCV01D,P1_PCV01D,0.24841211546646247,0.36918434682854345,-0.12077223136208098,2
P1_FCV01D,x1003_24_SUM_OUT,0.2483704901173302,0.25903598778107906,-0.010665497663748857,2
P1_FT01Z,P4_ST_PS,0.24791119593854669,0.3557716045134782,-0.10786040857493154,2
P2_VIBTR04,P2_VT01,0.24784717957612337,0.47805535837044094,-0.23020817879431757,2
P4_LD,P4_ST_PT01,0.2461554901667371,0.28899521905583736,-0.2461554901667371,2
P1_PP04,P1_TIT03,0.24448134401986735,0.2616347720030253,0.01715342798315797,2
P1_PP04,P4_ST_PS,0.24419987095946172,0.28562145994837296,-0.041421588988911254,2
P1_FCV03D,P2_VIBTR04,0.24409965732861652,0.4873815250508548,-0.24328186772223828,2
P1_PP04D,P2_SIT01,0.24318016896843972,0.2945140543903527,0.051333885421913,2
P1_FT03Z,x1002_08_SETPOINT_OUT,0.2426510149971718,0.30674776245140933,-0.2426510149971718,2
P1_FT03Z,P3_LIT01,0.24217308945311455,0.34974604720243824,-0.1075729577493237,2
P1_LCV01D,P1_PCV01Z,0.24139528775333663,0.3056721339229824,-0.06427684616964581,2
P2_SCST,x1003_18_SETPOINT_OUT,0.24007535221435777,0.29669167633403365,0.056616324119675876,2
P4_ST_PS,x1003_24_SUM_OUT,0.23960803558344393,0.43214847842910453,0.23960803558344393,2
P1_PCV01Z,P1_PP04D,0.23894641079011625,0.4417823377384447,0.20283592694832847,2
P1_FCV03D,P4_ST_TT01,0.23844379194538157,0.25190345926118285,0.23844379194538157,2
P1_FT03,P3_LIT01,0.23817746057271952,0.3416276880714779,-0.1034502274987584,2
P1_FCV03D,P1_TIT01,0.23794677536400272,0.2499979292834797,0.23794677536400272,2
P1_FT03,P2_VIBTR03,0.2372821894150854,0.35842884840085243,-0.2372821894150854,2
P1_FT01,P1_PCV02Z,0.23712165711165062,0.3473555512108486,-0.23712165711165062,2
P4_ST_PS,x1003_18_SETPOINT_OUT,0.236655951863408,0.4680788970958062,0.236655951863408,2
P1_FT02,P1_PIT02,0.23589939092290585,0.38363426543395096,0.1477348745110451,2
P1_PP04D,P1_TIT03,0.2358662448535366,0.2813055404426396,0.04543929558910301,2
P1_FT02Z,P1_PP04,0.23468513397894872,0.2528893128459918,0.01820417886704309,2
P1_PP04,x1003_10_SETPOINT_OUT,0.23446470613244216,0.2533417151751626,0.01887700904272041,2
P1_FT02,P1_PP04,0.2331214042983859,0.2505029422578153,0.017381537959429372,2
P1_PCV01Z,P2_ManualSD,0.23293162838775883,0.23293162838775883,-0.23293162838775883,1
P1_LCV01D,x1001_15_ASSIGN_OUT,0.23290257434764142,0.23917367296849995,0.23290257434764142,2
P4_ST_TT01,x1001_05_SETPOINT_OUT,0.23289392026674577,0.25045644719250204,0.017562526925756272,2
P1_PIT02,P1_TIT03,0.2327908194333807,0.23632257638780163,0.003531756954420942,2
P1_FT02Z,P1_LIT01,0.23255267376002875,0.2373604536606322,-0.004807779900603423,2
P1_LIT01,x1003_10_SETPOINT_OUT,0.23253202024612152,0.23716938628375603,-0.004637366037634497,2
P1_FT02Z,x1003_24_SUM_OUT,0.23252770009287166,0.23385001007810136,0.0013223099852296971,2
P1_FCV02Z,P1_PP04SP,0.23209834420912343,0.23209834420912343,-0.23209834420912343,1
P1_FCV02D,P1_PP04SP,0.23209764532342766,0.23209764532342766,-0.23209764532342766,1
x1003_10_SETPOINT_OUT,x1003_24_SUM_OUT,0.2319343980748741,0.23275779459005136,0.000823396515177266,2
P2_AutoSD,P3_LIT01,0.231671416178923,0.3976219255664359,0.231671416178923,2
P1_TIT01,x1001_05_SETPOINT_OUT,0.23166121122647537,0.2520959999467189,0.020434788720243513,2
P1_LCV01Z,x1001_15_ASSIGN_OUT,0.23139085897281936,0.2430058078839296,0.23139085897281936,2
P1_FCV01Z,P1_PCV01D,0.2312232451322056,0.29411429327573585,-0.06289104814353025,2
P1_PCV01D,P2_ManualSD,0.23103442836485977,0.23103442836485977,-0.23103442836485977,1
P1_FCV01D,P1_PCV01D,0.23082567864160297,0.29441201904481074,-0.06358634040320775,2
P1_TIT03,P4_ST_PO,0.22990471215115346,0.25992249643975407,0.22990471215115346,2
P1_TIT03,P4_ST_GOV,0.22917679813313105,0.2662313906482513,0.22917679813313105,2
P1_PCV01D,x1003_24_SUM_OUT,0.22905681737598577,0.4470771034877048,-0.21802028611171903,2
P3_LIT01,x1002_08_SETPOINT_OUT,0.2290538728084343,0.40926615435253993,-0.18021228154410562,2
P1_FT01Z,P1_PCV02D,0.22795866387800598,0.22795866387800598,-0.22795866387800598,1
P1_TIT03,P2_SIT01,0.22774963574725354,0.3775148036739747,0.22774963574725354,2
P1_FCV01D,P1_FCV03D,0.2273515866273881,0.3460154963550565,-0.2273515866273881,2
P1_PCV02Z,x1002_08_SETPOINT_OUT,0.2268076411690405,0.41408089354740185,0.2268076411690405,2
P2_SCO,P3_LIT01,0.22669114164414658,0.4064740184467481,0.1797828768026015,2
P2_VIBTR01,P2_VIBTR02,0.22607656544516766,0.42884898864441534,0.20277242319924768,2
P4_HT_PS,x1003_10_SETPOINT_OUT,0.22579153936289514,0.28026661422332017,0.22579153936289514,2
P1_PP04,P4_LD,0.2255276430063448,0.29909821419911453,0.2255276430063448,2
P1_FT03,P1_PIT01,0.22548620096890123,0.2806382355383329,-0.22548620096890123,2
P1_FT02Z,P4_HT_PS,0.2252025441804828,0.28020301613032084,0.2252025441804828,2
P2_SIT01,P3_LIT01,0.2251434693149123,0.39650521433039876,0.17136174501548646,2
P1_FT03,P4_ST_PT01,0.22493675329901744,0.2831317950412307,-0.22493675329901744,2
P1_FCV02D,x1003_24_SUM_OUT,0.22474929414270267,0.24019447432217175,-0.015445180179469067,2
P1_PCV02Z,P3_LIT01,0.2244980363848888,0.3603169109922685,-0.13581887460737968,2
P1_FCV01Z,P1_FCV03D,0.22430353646722417,0.34457974871136643,-0.22430353646722417,2
x1002_07_SETPOINT_OUT,x1003_10_SETPOINT_OUT,0.2240119041537706,0.26247104027664026,0.038459136122869664,2
P1_FT02Z,x1002_07_SETPOINT_OUT,0.223873994495353,0.26257183038181353,0.038697835886460516,2
P1_FCV01Z,P1_PCV01Z,0.22384745908012726,0.27455684554860055,-0.05070938646847328,2
P1_FT03Z,P1_PIT01,0.22375567192371976,0.267709222265532,-0.22375567192371976,2
P1_PIT01,P4_ST_LD,0.22336311926653293,0.2317934939304651,-0.22336311926653293,2
P1_PIT02,x1003_10_SETPOINT_OUT,0.22334196991840455,0.3207554295895949,0.09741345967119036,2
P1_FCV01D,P1_PCV01Z,0.22331363764531165,0.27447976525136397,-0.051166127606052325,2
P1_FT02Z,P1_PIT02,0.22327240279746663,0.32070335821218837,0.09743095541472174,2
P1_FT03Z,P2_VIBTR03,0.2230402133576148,0.3387305976952114,-0.2230402133576148,2
P1_FT03Z,P4_ST_PT01,0.22262506071696953,0.27046529808969744,-0.22262506071696953,2
P1_FT02,x1003_24_SUM_OUT,0.2224219107195996,0.22934107308195045,0.00691916236235085,2
P1_PCV02Z,x1003_24_SUM_OUT,0.2223031818284283,0.24014291228587437,0.2223031818284283,2
P1_FCV02Z,P3_LIT01,0.22191324666050913,0.246000908093001,0.024087661432491858,2
P1_PIT02,P4_ST_PT01,0.22182983400986847,0.3946045132164958,0.22182983400986847,2
P1_PP04SP,x1003_10_SETPOINT_OUT,0.22123021909663837,0.22123021909663837,0.22123021909663837,1
P1_FT02Z,P1_PP04SP,0.22122800605013418,0.22122800605013418,0.22122800605013418,1
P1_FT01Z,x1002_08_SETPOINT_OUT,0.2206108071407603,0.29185083711190946,-0.07124002997114914,2
P1_PP04D,P4_LD,0.21961925366228413,0.2868039097556406,0.21961925366228413,2
P1_FCV02Z,x1003_24_SUM_OUT,0.218874538865934,0.22422419675483285,0.005349657888898865,2
P1_FCV03Z,P4_ST_TT01,0.21865748120260514,0.2264893436168467,0.21865748120260514,2
P1_PP04,P4_ST_PT01,0.21858785366627742,0.3655381840868994,0.21858785366627742,2
P1_FCV03Z,P1_TIT01,0.21839304190986392,0.22738041971341563,0.21839304190986392,2
P1_FCV02Z,P1_FCV03D,0.21737568558692277,0.3650349452932613,0.21737568558692277,2
P1_PP04,P2_ManualSD,0.21719072675791257,0.21719072675791257,0.21719072675791257,1
P1_FCV03Z,x1001_05_SETPOINT_OUT,0.2168290853955773,0.2844002543455454,-0.06757116894996809,2
P1_FT02Z,P1_PCV01D,0.21681107425336826,0.29117801061963783,-0.07436693636626956,2
P1_LIT01,P2_AutoSD,0.2167857208387228,0.33170905111242094,0.2167857208387228,2
P1_PCV01D,x1003_10_SETPOINT_OUT,0.21663479814075787,0.29122212374752243,-0.07458732560676457,2
P1_PP04SP,P1_TIT02,0.21653663007129098,0.21653663007129098,-0.21653663007129098,1
P1_FT02,P1_PP04D,0.21632822757137893,0.21994695519342727,0.0036187276220483455,2
P1_TIT03,P4_ST_LD,0.21616573484523033,0.2496002225175944,0.21616573484523033,2
P1_FCV02D,P3_LIT01,0.21568420111127085,0.21577550936502976,-9.130825375891494e-05,2
P1_PIT01,P1_PIT02,0.21536121807991307,0.38362138225739384,0.21536121807991307,2
P1_FCV02D,x1001_05_SETPOINT_OUT,0.21523802615089246,0.302367588143048,-0.21523802615089246,2
P1_FT03,x1003_10_SETPOINT_OUT,0.2145998370969459,0.3272350588199056,-0.1126352217229597,2
P1_PCV02Z,P2_ManualGO,0.21431947918421673,0.21431947918421673,-0.21431947918421673,1
P1_PCV02Z,P2_MASW_Lamp,0.21431947918421673,0.21431947918421673,-0.21431947918421673,1
P1_PCV02Z,P2_MASW,0.21431947918421673,0.21431947918421673,-0.21431947918421673,1
P1_PCV02Z,P2_AutoGO,0.21431947918421668,0.21431947918421668,0.21431947918421668,1
P1_PCV02Z,P2_ATSW_Lamp,0.21431947918421668,0.21431947918421668,0.21431947918421668,1
P1_FT02Z,P1_FT03,0.21428225332687995,0.3264760925354119,-0.11219383920853193,2
P1_PP04D,x1001_15_ASSIGN_OUT,0.21420185823573756,0.22539531091270876,0.21420185823573756,2
P1_FCV01Z,x1003_18_SETPOINT_OUT,0.21353697120554682,0.2871085586009776,0.07357158739543078,2
P1_FCV01Z,P1_LIT01,0.21346938297216012,0.236909864380048,0.02344048140788786,2
P1_PCV01Z,P3_FIT01,0.2131774049607613,0.2908004029961785,0.2131774049607613,2
P1_FT03Z,x1003_10_SETPOINT_OUT,0.21304202702084435,0.32664478222347815,-0.1136027552026338,2
P1_FT03Z,x1002_07_SETPOINT_OUT,0.21280286015389832,0.3976825490959477,0.21280286015389832,2
P1_FCV01D,P1_LIT01,0.2126975863459099,0.23809338346037687,0.02539579711446696,2
P1_FT02Z,P1_FT03Z,0.21263782024134356,0.3256712042967059,-0.11303338405536231,2
P1_FCV01D,P4_HT_PS,0.21205662033458186,0.24605426227113758,0.21205662033458186,2
P1_PIT01,P1_PP04,0.21199192254121801,0.3594497880650323,0.21199192254121801,2
P1_FCV03D,P2_ManualSD,0.21130211330665782,0.21130211330665782,0.21130211330665782,1
P1_FCV01D,P2_SIT01,0.21087245738436702,0.3085029690072576,-0.21087245738436702,2
P1_FCV03Z,P2_ManualSD,0.21065245035812208,0.21065245035812208,0.21065245035812208,1
P1_FT03,x1002_07_SETPOINT_OUT,0.21038835614142445,0.40244239353800915,0.21038835614142445,2
P1_FCV01Z,P2_SIT01,0.21036930049171101,0.31009716271948284,-0.21036930049171101,2
P1_LCV01D,P1_PIT02,0.2103328747935159,0.34926590655400536,-0.2103328747935159,2
P1_FCV03Z,P2_VIBTR03,0.21016917300736776,0.40727269589839477,-0.197103522891027,2
P1_TIT02,P2_SIT01,0.21015429783105183,0.25760047462794267,0.21015429783105183,2
P1_FT02Z,P1_PP04D,0.21011905907171208,0.21380289857453744,-0.003683839502825373,2
P1_FCV01Z,P4_HT_PS,0.20997923232987598,0.24659755950516257,0.20997923232987598,2
P1_FCV01D,x1003_18_SETPOINT_OUT,0.20992738841785763,0.2853907122264658,0.07546332380860817,2
P1_PP04D,x1003_10_SETPOINT_OUT,0.20983771510585925,0.21282192378774195,-0.002984208681882705,2
P1_FCV01Z,P1_PCV02Z,0.20896802651488078,0.23546754903515504,0.20896802651488078,2
P1_FT02Z,P1_PCV01Z,0.2085489396038792,0.2713007652176255,-0.06275182561374626,2
x1002_08_SETPOINT_OUT,x1003_10_SETPOINT_OUT,0.20845401185451362,0.30843771389713504,-0.09998370204262141,2
P1_PCV01Z,x1003_10_SETPOINT_OUT,0.20820775893897217,0.27097192296845685,-0.06276416402948468,2
P1_FT02Z,x1002_08_SETPOINT_OUT,0.20805270748346885,0.3075122283977977,-0.09945952091432883,2
P1_FCV01D,P1_FCV03Z,0.2080265155434878,0.3067177578151228,-0.2080265155434878,2
P2_AutoSD,P4_ST_PS,0.20774605805006285,0.3473547179708353,-0.20774605805006285,2
P4_ST_LD,P4_ST_PT01,0.20768244039304223,0.21396041129066143,-0.20768244039304223,2
P1_FCV03D,x1001_05_SETPOINT_OUT,0.20764336558917842,0.2817604626986134,-0.07411709710943495,2
P1_FCV01D,P1_PCV02Z,0.2068726897599555,0.23217788219898355,0.2068726897599555,2
P1_FCV01Z,P2_VIBTR04,0.20641898657205113,0.24884769797113848,-0.20641898657205113,2
P1_FCV03D,P2_VIBTR03,0.20569264592774095,0.4006875248254778,-0.19499487889773687,2
P2_SCO,P4_ST_PS,0.20547492708306112,0.32735283891071354,-0.20547492708306112,2
P1_PCV01Z,x1003_24_SUM_OUT,0.20528024457244243,0.37206815896867773,-0.1667879143962353,2
P1_FCV01Z,P1_FCV03Z,0.20514152260192586,0.30555065215789273,-0.20514152260192586,2
P1_FCV03D,x1003_10_SETPOINT_OUT,0.20479550488085516,0.32069337603792447,-0.20479550488085516,2
P1_FCV03D,P1_FT02Z,0.2041072779581949,0.31965657344851184,-0.2041072779581949,2
P1_FCV01D,P2_VIBTR04,0.2038505184744125,0.24174774585848247,-0.2038505184744125,2
P1_FT03Z,P4_ST_TT01,0.20360590509285673,0.39558897775341667,0.19198307266055994,2
P4_ST_PS,P4_ST_PT01,0.2035219394812887,0.32236747406706096,0.11884553458577227,2
P1_FCV02D,P1_FCV03D,0.20327500140081456,0.33186150282579985,0.20327500140081456,2
P1_LIT01,x1002_08_SETPOINT_OUT,0.20319900489287646,0.24036761625964595,0.03716861136676948,2
P1_FT02,P1_LIT01,0.20302934983653084,0.2112596921586642,0.00823034232213335,2
P1_FCV03D,P1_TIT02,0.20300192371424478,0.37509977207911166,0.20300192371424478,2
P1_FT03Z,P1_TIT01,0.20298391863163953,0.39352686894204975,0.19054295031041021,2
P1_PCV02D,P4_ST_PS,0.20288954152143515,0.20288954152143515,0.20288954152143515,1
P1_FCV02Z,x1001_05_SETPOINT_OUT,0.20222664133139467,0.3140918208360779,-0.20222664133139467,2
P1_PCV02D,P2_SCST,0.20200046331388866,0.20200046331388866,-0.20200046331388866,1
P1_LCV01Z,P1_PIT02,0.20167818446179123,0.3431573802771915,-0.20167818446179123,2
P1_FCV01D,P1_PP04SP,0.20165735405494226,0.20165735405494226,0.20165735405494226,1
P1_PCV02Z,P1_TIT01,0.20159490002599745,0.24824805271052713,0.20159490002599745,2
P1_TIT01,P4_HT_PS,0.20131558439475328,0.25399447589093105,-0.20131558439475328,2
P1_FT03Z,P1_PIT02,0.20102012094981622,0.2317128034072123,-0.030692682457396064,2
P1_FCV01Z,P1_PP04SP,0.2009247885396637,0.2009247885396637,0.2009247885396637,1
P1_TIT03,P4_LD,0.2009157152077734,0.201456278635614,0.2009157152077734,2
P2_SCST,x1001_05_SETPOINT_OUT,0.2007473830982105,0.27763277521834484,-0.2007473830982105,2
P1_PCV02Z,P4_ST_TT01,0.20066034864075322,0.2460351287008666,0.20066034864075322,2
P1_FCV01D,P1_FT01,0.20057800420434738,0.2638940838609785,0.06331607965663114,2
P1_PCV02D,x1003_18_SETPOINT_OUT,0.2005547757020176,0.2005547757020176,0.2005547757020176,1
P1_FT01,x1002_08_SETPOINT_OUT,0.20034379523097276,0.2525208962624645,-0.05217710103149173,2
P4_HT_PS,P4_ST_TT01,0.20025355404729667,0.25289116811212853,-0.20025355404729667,2
P1_PP04,P2_SIT01,0.20015803852184336,0.21504819989585372,0.014890161374010363,2
P1_FCV01Z,P1_PP04,0.20002263266898157,0.23055087850175635,0.03052824583277479,2
P1_FCV01D,P1_PP04,0.19973379405584862,0.22976282374844517,0.030029029692596562,2
P1_PCV01D,P1_TIT01,0.19973086789832062,0.34864861233252764,-0.19973086789832062,2
P1_FCV03D,P3_LIT01,0.19968487649901573,0.2314828138047457,0.031797937305729954,2
P1_FCV01Z,P1_FT01,0.19966198655889167,0.26534051837340855,0.0656785318145169,2
P1_PIT01,P4_ST_PS,0.1994836074615196,0.31514369837378187,0.11566009091226227,2
P1_PP04,x1001_15_ASSIGN_OUT,0.19944834786112658,0.22787756507221776,0.19944834786112658,2
P1_PCV01D,P4_ST_TT01,0.19919417464713973,0.34784600266226,-0.19919417464713973,2
P1_PIT01,x1001_05_SETPOINT_OUT,0.19894781904677888,0.3081287724108272,-0.19894781904677888,2
P1_FT02,P1_LCV01D,0.1989171542524681,0.2566149634653511,0.1989171542524681,2
P1_TIT03,P4_HT_PS,0.19890043036615135,0.31050145195400575,-0.19890043036615135,2
P1_FCV02D,P1_PP04,0.1987515006866301,0.2149233954301893,0.016171894743559193,2
P1_FT03,P1_PIT02,0.19804227455822848,0.23117007938351947,-0.033127804825290985,2
P1_TIT03,x1003_24_SUM_OUT,0.1978903934204271,0.29576222119196083,0.09787182777153372,2
P1_FCV02Z,P1_FT01,0.19780595655627964,0.19927841410359654,-0.0014724575473168966,2
P1_FCV03Z,P3_LIT01,0.19755757928008919,0.22760181761417608,0.030044238334086898,2
P1_PCV02D,P2_ManualSD,0.19734065167310438,0.19734065167310438,-0.19734065167310438,1
P1_FT02,P1_PP04SP,0.1967353146095457,0.1967353146095457,0.1967353146095457,1
P1_FT02,P1_LCV01Z,0.19668129072813345,0.25888231131177025,0.19668129072813345,2
P1_LIT01,P2_SCO,0.1965291566086827,0.3314737787763775,0.1965291566086827,2
P1_PCV01Z,P1_TIT01,0.19583514762332518,0.3403011252893261,-0.19583514762332518,2
P1_TIT02,P3_LIT01,0.1953993660359854,0.31268258059788934,0.11728321456190395,2
P4_HT_PS,P4_ST_PS,0.1952377369904582,0.34467004588590033,0.1952377369904582,2
P1_PCV01Z,P4_ST_TT01,0.19507731027961722,0.33910647464442883,-0.19507731027961722,2
P1_FCV02Z,P1_PP04,0.19499967009707098,0.20302411942315418,0.008024449326083219,2
P1_FT03,P4_ST_TT01,0.19357121025130752,0.38487462664206123,0.1913034163907537,2
P1_FT03,P1_TIT01,0.19306436424333104,0.38288498889863937,0.18982062465530833,2
P1_FT01,x1003_10_SETPOINT_OUT,0.19197823709022582,0.2519439326590787,0.05996569556885291,2
P1_FT01,P1_FT02Z,0.19169114803758902,0.2520862728125077,0.06039512477491865,2
P1_PP04D,P2_ManualSD,0.19115841165128522,0.19115841165128522,0.19115841165128522,1
P1_PCV01Z,P1_PIT02,0.1910259474338611,0.3101587175455855,0.11913277011172439,2
P2_SCO,P4_ST_PT01,0.18957378423778481,0.29377563625752373,0.10420185201973892,2
P4_ST_PT01,x1001_05_SETPOINT_OUT,0.1895285480821439,0.29808892175961715,-0.1895285480821439,2
P1_FT02,P2_SIT01,0.1895079015358468,0.26464286423358435,-0.1895079015358468,2
P1_LCV01D,P1_PCV02Z,0.1893807408140861,0.2566284065988811,-0.06724766578479499,2
P1_FCV01Z,P1_FT03,0.18833527132617084,0.346837172479571,-0.15850190115340018,2
P1_FT02,P1_PCV02Z,0.18808196503402205,0.2282757463541874,0.18808196503402205,2
P2_MASW,P4_ST_TT01,0.1879464686235794,0.1879464686235794,-0.1879464686235794,1
P2_ManualGO,P4_ST_TT01,0.1879464686235794,0.1879464686235794,-0.1879464686235794,1
P2_MASW_Lamp,P4_ST_TT01,0.1879464686235794,0.1879464686235794,-0.1879464686235794,1
P2_AutoGO,P4_ST_TT01,0.18794646862357858,0.18794646862357858,0.18794646862357858,1
P2_ATSW_Lamp,P4_ST_TT01,0.18794646862357858,0.18794646862357858,0.18794646862357858,1
P1_FCV01Z,P1_PCV02D,0.18780778561337175,0.18780778561337175,0.18780778561337175,1
P1_TIT01,P2_ManualGO,0.18753584676962518,0.18753584676962518,-0.18753584676962518,1
P1_TIT01,P2_MASW_Lamp,0.18753584676962518,0.18753584676962518,-0.18753584676962518,1
P1_TIT01,P2_MASW,0.18753584676962518,0.18753584676962518,-0.18753584676962518,1
P1_TIT01,P2_AutoGO,0.1875358467696248,0.1875358467696248,0.1875358467696248,1
P1_TIT01,P2_ATSW_Lamp,0.1875358467696248,0.1875358467696248,0.1875358467696248,1
P1_PP04D,P2_VIBTR04,0.18697850814345301,0.27775628729212143,0.18697850814345301,2
P1_FCV01D,P4_ST_GOV,0.1869720081625451,0.2277453963321753,-0.1869720081625451,2
P1_FCV01D,P1_FT03,0.18688016138297983,0.34808812882062945,-0.16120796743764962,2
P1_FCV01Z,P1_FT03Z,0.18675264877769743,0.3469633328176425,-0.1602106840399451,2
P1_FCV01D,P4_ST_PO,0.18667388340318258,0.22346240932553318,-0.18667388340318258,2
P1_PCV01D,P4_ST_PS,0.1863862753260592,0.23352363845959972,0.1863862753260592,2
P1_FCV01Z,P4_ST_GOV,0.1863077803607909,0.22720011140703278,-0.1863077803607909,2
P1_TIT02,P4_ST_PS,0.18618315055148912,0.2313560059265797,0.04517285537509058,2
P1_PP04D,P4_ST_TT01,0.18607864733644175,0.2708699714110837,0.08479132407464196,2
P1_FCV01Z,P4_ST_PO,0.18601181777594245,0.22287168267975022,-0.18601181777594245,2
P1_FCV01D,P1_PCV02D,0.18589544377328127,0.18589544377328127,0.18589544377328127,1
P1_FCV02D,x1003_18_SETPOINT_OUT,0.18563709137677228,0.268071913253089,-0.0824348218763167,2
P1_FCV01D,P1_FT03Z,0.18557727356671838,0.34869242356780233,-0.16311515000108395,2
P1_PP04D,P1_TIT01,0.1854853988191078,0.2707055336361232,0.0852201348170154,2
P1_PIT01,P2_SCO,0.18522968285449945,0.2864663026160225,0.10123661976152307,2
P1_FT02,P2_VIBTR04,0.18515300773353877,0.2137957080869317,-0.18515300773353877,2
P1_FCV02Z,P1_FCV03Z,0.18471209100321018,0.3037391415427234,0.18471209100321018,2
P1_PP04D,P4_ST_PT01,0.18442090828061594,0.30441398956126636,0.18442090828061594,2
P1_PCV01Z,P4_ST_PS,0.1843622999655537,0.22840759779785647,0.1843622999655537,2
P1_FCV01Z,x1002_08_SETPOINT_OUT,0.18421455225569847,0.3359215079144685,-0.15170695565877004,2
P1_PIT02,x1001_05_SETPOINT_OUT,0.18417292337490332,0.19827142963056082,-0.014098506255657506,2
P1_FT02,x1002_07_SETPOINT_OUT,0.18397684219959853,0.23763745801840552,0.053660615818807,2
P1_FCV03D,P1_FT02,0.1838667867402746,0.27756112794769877,-0.1838667867402746,2
P1_FCV01D,P1_PP04D,0.18383777719794792,0.19499141554751556,0.01115363834956766,2
P1_PP04D,P3_LIT01,0.1836847124705613,0.33802324789976956,0.1836847124705613,2
x1001_05_SETPOINT_OUT,x1003_18_SETPOINT_OUT,0.18362956764843774,0.36446271593824,0.18362956764843774,2
P1_FCV01Z,P1_PP04D,0.18341768176800705,0.1951441342759031,0.011726452507896057,2
P2_SCST,x1003_24_SUM_OUT,0.18339966544262462,0.24022944084510053,0.05682977540247591,2
P1_FCV02D,P1_FT01,0.18337874729111386,0.20682940763885108,-0.023450660347737212,2
P1_PP04,P2_VIBTR04,0.18328404774513224,0.26224859761267966,0.18328404774513224,2
P1_FT03,P1_PCV01Z,0.18240919719630042,0.2803764367523017,-0.18240919719630042,2
P1_FT02,P4_HT_PS,0.18225838545003853,0.22114556249775816,0.18225838545003853,2
P1_FCV01D,x1002_08_SETPOINT_OUT,0.18202280947905292,0.3364946248327068,-0.1544718153536539,2
P1_PIT01,x1002_08_SETPOINT_OUT,0.1814314910328006,0.30810915956303714,-0.1814314910328006,2
P1_FT02Z,x1003_18_SETPOINT_OUT,0.18136340978644547,0.2754919515043804,0.09412854171793492,2
P1_FT02,P4_ST_PO,0.18115106332786468,0.21915595186013123,-0.18115106332786468,2
P1_FCV03Z,x1003_10_SETPOINT_OUT,0.18110178127230755,0.27248001336159217,-0.18110178127230755,2
P1_PCV01D,P1_PIT02,0.18106635254101372,0.29269240187064155,0.11162604932962783,2
P1_FT01Z,P1_TIT01,0.18106343265841324,0.25119376569551377,0.07013033303710053,2
P1_LCV01Z,x1002_07_SETPOINT_OUT,0.1810267846782676,0.29837526326274477,0.11734847858447718,2
x1003_10_SETPOINT_OUT,x1003_18_SETPOINT_OUT,0.1807889649198603,0.2745012215577794,0.0937122566379191,2
P1_FCV02Z,P1_LCV01Z,0.18064620638217085,0.1861770547396137,0.005530848357442858,2
P1_FCV03Z,P1_FT02Z,0.18062216696675212,0.2718024515102298,-0.18062216696675212,2
P1_FT01Z,P4_ST_TT01,0.18042866890795997,0.25109666685605453,0.07066799794809456,2
P1_LCV01D,x1002_07_SETPOINT_OUT,0.1801998506881653,0.29979887447169173,0.11959902378352644,2
P1_PP04SP,P4_HT_PS,0.17945561809851152,0.17945561809851152,-0.17945561809851152,1
P1_FT02Z,P2_SIT01,0.1793634628444867,0.2484865108586623,-0.1793634628444867,2
P2_SIT01,x1003_10_SETPOINT_OUT,0.17926478512825703,0.24798409680450467,-0.17926478512825703,2
P1_FCV02Z,P1_FT01Z,0.1791445821335819,0.20058593119861995,0.021441349065038057,2
P1_PP04D,P2_ATSW_Lamp,0.17912407364907904,0.17912407364907904,-0.17912407364907904,1
P1_PP04D,P2_AutoGO,0.17912407364907904,0.17912407364907904,-0.17912407364907904,1
P1_PP04D,P2_MASW,0.17912407364907856,0.17912407364907856,0.17912407364907856,1
P1_PP04D,P2_MASW_Lamp,0.17912407364907856,0.17912407364907856,0.17912407364907856,1
P1_PP04D,P2_ManualGO,0.17912407364907856,0.17912407364907856,0.17912407364907856,1
P1_FCV03D,P1_PCV02Z,0.17856177997428535,0.3049801033983205,0.17856177997428535,2
P1_PIT01,P1_PP04D,0.17834433452051604,0.29785534295450355,0.17834433452051604,2
P1_FCV02Z,x1003_18_SETPOINT_OUT,0.17829931811295985,0.2368590841594305,-0.05855976604647066,2
P1_FT01,P1_FT02,0.1779687268332432,0.2594591924418701,0.08149046560862691,2
P1_FCV03Z,P2_VIBTR01,0.17793778468726817,0.3438720884370204,-0.1659343037497522,2
P1_FT02,P4_ST_GOV,0.1775068167162575,0.21702241802303707,-0.1775068167162575,2
P1_FT03Z,P1_PCV01Z,0.1774540084799772,0.27238720980248865,-0.1774540084799772,2
P2_VIBTR04,x1003_10_SETPOINT_OUT,0.17722463600669264,0.22790675888533643,-0.17722463600669264,2
P1_LCV01Z,P2_SCO,0.1771318748130448,0.2869337935482021,-0.1098019187351573,2
P2_SIT01,P4_ST_TT01,0.1770058092483674,0.17803400268825073,0.1770058092483674,2
P1_FT02Z,P2_VIBTR04,0.17689244787175454,0.22822797565412448,-0.17689244787175454,2
P1_PIT02,P4_HT_PS,0.17674529336287081,0.19637906572046304,0.17674529336287081,2
P1_PCV02Z,P2_VIBTR04,0.17672018971198447,0.3329595762835553,0.15623938657157085,2
P4_ST_PT01,x1002_08_SETPOINT_OUT,0.17608513804927883,0.30186855781492966,-0.17608513804927883,2
P1_TIT01,P2_SIT01,0.17581235741379414,0.17594964229531776,0.17581235741379414,2
P1_FT01Z,P3_LIT01,0.17566767115365825,0.3311888217266349,-0.17566767115365825,2
P1_FCV01Z,P2_VIBTR03,0.1755547956775045,0.2811749865025108,-0.1755547956775045,2
P1_PP04,x1001_05_SETPOINT_OUT,0.17506149973629867,0.2513749904709222,-0.17506149973629867,2
P2_VIBTR01,P2_VIBTR04,0.17497160163225234,0.26812300545031964,0.0931514038180673,2
P1_FT03,P1_PCV01D,0.1749612508081693,0.2711795279667003,-0.1749612508081693,2
P1_FCV02Z,P1_LCV01D,0.17464129502500977,0.18425583268674275,0.00961453766173298,2
P1_FCV01D,P1_FT01Z,0.17447900279471446,0.20473199648296803,0.030252993688253585,2
P1_PIT01,x1003_24_SUM_OUT,0.17413932038910096,0.308760653534889,-0.17413932038910096,2
P1_FCV03D,P1_FT01Z,0.17388531384639805,0.2786536235035798,-0.10476830965718177,2
P1_FCV01D,P2_VIBTR03,0.17377110405122453,0.28260147559784954,-0.17377110405122453,2
P1_FT01,P3_LIT01,0.17375455950609014,0.33332590409363383,-0.15957134458754368,2
P2_VIBTR04,P3_LIT01,0.17369122241733356,0.18575444554224674,0.012063223124913175,2
P1_FCV01Z,P1_FT01Z,0.1736286162320544,0.20622741131342096,0.03259879508136658,2
x1001_05_SETPOINT_OUT,x1003_24_SUM_OUT,0.17356734822110753,0.3212173690173432,0.14765002079623568,2
P1_LCV01D,P2_SCO,0.1732874290393828,0.28133947884584626,-0.10805204980646346,2
P1_LIT01,x1001_05_SETPOINT_OUT,0.17322473707502772,0.2820902912100093,0.10886555413498157,2
P1_FT02,P1_FT03,0.17251608986499883,0.27710396204543253,-0.10458787218043371,2
P1_FCV03D,P1_FT01,0.17247362514524867,0.27686497894072204,-0.10439135379547337,2
P4_ST_GOV,x1003_10_SETPOINT_OUT,0.17239821796575328,0.22193920223586672,-0.17239821796575328,2
P1_TIT03,x1001_15_ASSIGN_OUT,0.17214347361275115,0.1722560278321898,0.17214347361275115,2
P1_FT02Z,P4_ST_GOV,0.1720813704735872,0.22182903182263897,-0.1720813704735872,2
P2_SCST,P4_ST_PS,0.1718798611706676,0.3003553422849704,0.1284754811143028,2
P4_ST_PO,x1003_10_SETPOINT_OUT,0.17179946843963995,0.21757959805792992,-0.17179946843963995,2
P1_FCV02D,P1_FCV03Z,0.1716550675361863,0.27186259240472677,0.1716550675361863,2
P1_FCV02D,P2_AutoSD,0.17161183499420005,0.22173177504301342,0.17161183499420005,2
P1_FT02Z,P4_ST_PO,0.17147705641732197,0.2174844146653937,-0.17147705641732197,2
P1_FCV02Z,P2_SCO,0.17146594203207693,0.2352244029754622,0.17146594203207693,2
P1_LIT01,P1_TIT02,0.17143835011247419,0.21574138826077546,0.04430303814830128,2
P2_AutoSD,P4_ST_PT01,0.17120696563707055,0.3025003755695331,0.13129340993246252,2
P1_PP04D,P2_SCST,0.171033807539698,0.2537883994278741,0.171033807539698,2
P1_FT01Z,x1003_10_SETPOINT_OUT,0.171024324744484,0.203585553347265,0.03256122860278099,2
P1_FT01Z,P1_FT02Z,0.1707629467428901,0.20379246363391068,0.03302951689102056,2
P1_FT03Z,P1_PCV02Z,0.17070613297591855,0.21934854569299378,-0.04864241271707523,2
P1_FCV02Z,P2_AutoSD,0.17060081116424575,0.23621393673555463,0.17060081116424575,2
P1_FT02,P1_FT03Z,0.17052033610051648,0.27644793559192055,-0.10592759949140408,2
P1_FCV03Z,P1_PIT01,0.17034756268409168,0.3348928915197465,-0.1645453288356548,2
P1_FT03Z,P1_PCV01D,0.170063978041443,0.26213518007190983,-0.170063978041443,2
P1_FCV03D,P2_VIBTR01,0.16957993786236636,0.3293349593259168,-0.15975502146355042,2
P1_FCV03D,P1_TIT03,0.1695638975246364,0.26236654094947975,0.1695638975246364,2
P1_FCV03Z,P4_ST_PT01,0.16933598075031675,0.3228076022589684,-0.15347162150865162,2
P1_FCV02D,P2_SCO,0.16932867927079603,0.2215427168343812,0.16932867927079603,2
P1_LCV01Z,P1_PCV02Z,0.1689460854586703,0.2427323998962571,-0.07378631443758683,2
P1_FCV03Z,P1_FT01Z,0.16891831620668968,0.24093499024498985,-0.07201667403830019,2
P1_PCV02D,x1003_24_SUM_OUT,0.16851343239705904,0.16851343239705904,0.16851343239705904,1
P1_FCV03Z,P1_TIT02,0.16843873690021613,0.3041693990782654,0.16843873690021613,2
P1_PIT01,P2_AutoSD,0.16811030433875548,0.29479971224923185,0.12668940791047636,2
P1_FT02,x1003_18_SETPOINT_OUT,0.16751954445323616,0.274795005953699,0.10727546150046283,2
P1_FT03,P2_VIBTR02,0.16743342703132902,0.30994465530812765,-0.14251122827679863,2
P1_FT03,x1003_24_SUM_OUT,0.16729402753645578,0.31771642835125996,-0.16729402753645578,2
P1_PP04,P3_LIT01,0.16701264206493854,0.30170604862857486,0.13469340656363632,2
P1_FT03,P1_LCV01Z,0.1669353455182591,0.20779953908905704,0.1669353455182591,2
P1_FCV03Z,P1_FT01,0.1668615130653019,0.24177581594647227,-0.07491430288117037,2
P1_FCV03Z,P1_FT02,0.16680695864414297,0.24060955806834056,-0.16680695864414297,2
P1_FCV01D,P4_ST_LD,0.1665338180493139,0.19753739635356693,-0.1665338180493139,2
P1_PIT02,x1002_07_SETPOINT_OUT,0.1663894668290978,0.2766060364739801,-0.11021656964488227,2
P1_FCV02D,P1_FT01Z,0.16629574970905553,0.16798578355867194,-0.0016900338496164125,2
P1_PP04,P4_ST_TT01,0.16601853532014485,0.2384090792391052,0.07239054391896035,2
P3_LIT01,x1001_05_SETPOINT_OUT,0.16571937512123447,0.2272965056575366,-0.06157713053630213,2
P1_PP04,P1_TIT01,0.1656588878339247,0.23886132075310634,0.07320243291918163,2
P1_FCV01Z,P4_ST_LD,0.16551272435390785,0.1957029344708843,-0.16551272435390785,2
P1_LCV01D,P3_LCP01D,0.1653068800115504,0.21243621645341748,-0.1653068800115504,2
P1_FCV02D,P1_PP04D,0.16454107176748872,0.20454273386261732,0.0400016620951286,2
P1_FCV02D,P1_LCV01Z,0.1638398867333561,0.19771276050120304,-0.033872873767846964,2
P1_FT03Z,P1_LCV01Z,0.16309465954519464,0.21869108281874178,0.16309465954519464,2
P1_TIT01,P2_AutoSD,0.1629682454708996,0.23557641423747377,0.07260816876657418,2
P1_FT03,P2_VIBTR01,0.16282562067501202,0.2859373591691217,-0.16282562067501202,2
P1_FT03Z,P2_VIBTR02,0.16261260472295433,0.2966573082624485,-0.1340447035394942,2
P1_FT02,P1_PCV02D,0.16258553963417496,0.16258553963417496,0.16258553963417496,1
P4_ST_PT01,x1003_24_SUM_OUT,0.16208971626085758,0.2846197932190546,-0.16208971626085758,2
P1_FCV03D,P1_PIT01,0.162086892560019,0.3010905055119111,-0.13900361295189206,2
P1_TIT02,x1003_24_SUM_OUT,0.16201612026505924,0.20148801201400238,0.03947189174894315,2
P2_AutoSD,P4_ST_TT01,0.16175462021207843,0.23464043306721366,0.07288581285513523,2
P2_SIT01,P2_VIBTR02,0.1615446730543058,0.3125006570779868,-0.1615446730543058,2
P2_VIBTR01,x1003_24_SUM_OUT,0.161297698069348,0.2827796454277218,-0.161297698069348,2
P1_LCV01D,P3_PIT01,0.16078819838900674,0.20230580257669384,-0.16078819838900674,2
P1_FT03Z,x1003_24_SUM_OUT,0.16040532433407584,0.2967757596940795,-0.16040532433407584,2
P1_FT02,P4_ST_LD,0.16024538191466126,0.19016121853200793,-0.16024538191466126,2
P1_FT02Z,P1_PCV02Z,0.16007337050087309,0.19147739072313227,0.16007337050087309,2
P1_PCV02Z,x1003_10_SETPOINT_OUT,0.15991466810090058,0.19127680861994217,0.15991466810090058,2
P1_FCV03D,P4_ST_PT01,0.1598440125624372,0.28877940744217667,-0.12893539487973948,2
P1_FT01,P1_TIT01,0.15939495080038557,0.2477092013230073,0.08831425052262172,2
P2_SIT01,x1002_07_SETPOINT_OUT,0.15906228413304008,0.19422785685170313,0.035165572718663066,2
P1_TIT03,x1003_18_SETPOINT_OUT,0.1589156788824874,0.1698257376129476,-0.01091005873046022,2
P1_FT01,P4_ST_TT01,0.15855451338840126,0.24765639600008704,0.08910188261168579,2
P1_FCV02Z,P1_PP04D,0.15832128662326767,0.19337460394517675,0.0350533173219091,2
P2_VIBTR01,x1003_18_SETPOINT_OUT,0.15832039646364074,0.2983291845192807,-0.15832039646364074,2
P1_PP04SP,P2_AutoGO,0.15780280885812945,0.15780280885812945,0.15780280885812945,1
P1_PP04SP,P2_ATSW_Lamp,0.15780280885812945,0.15780280885812945,0.15780280885812945,1
P1_PP04SP,P2_MASW,0.15780280885812925,0.15780280885812925,-0.15780280885812925,1
P1_PP04SP,P2_MASW_Lamp,0.15780280885812925,0.15780280885812925,-0.15780280885812925,1
P1_PP04SP,P2_ManualGO,0.15780280885812925,0.15780280885812925,-0.15780280885812925,1
P2_AutoSD,P3_FIT01,0.1576281076938792,0.21545861026783353,0.1576281076938792,2
P1_FCV03Z,P1_PCV02Z,0.1574977357685811,0.27567314881907257,0.1574977357685811,2
P1_FCV03Z,x1002_08_SETPOINT_OUT,0.1574443572236871,0.277933486706055,-0.1574443572236871,2
P1_FCV02D,P1_LCV01D,0.1574434944139038,0.18350026056236704,-0.02605676614846325,2
P2_MASW,P4_ST_PS,0.15720602234667128,0.15720602234667128,-0.15720602234667128,1
P2_ManualGO,P4_ST_PS,0.15720602234667128,0.15720602234667128,-0.15720602234667128,1
P2_MASW_Lamp,P4_ST_PS,0.15720602234667128,0.15720602234667128,-0.15720602234667128,1
P2_AutoGO,P4_ST_PS,0.15720602234666875,0.15720602234666875,0.15720602234666875,1
P2_ATSW_Lamp,P4_ST_PS,0.15720602234666875,0.15720602234666875,0.15720602234666875,1
P1_FCV03D,x1002_08_SETPOINT_OUT,0.15672700296322326,0.2815090922314828,-0.15672700296322326,2
P2_SCO,x1002_07_SETPOINT_OUT,0.15659032043037732,0.2561634789866481,0.09957315855627077,2
P1_FCV01Z,P1_LCV01D,0.15643650831637207,0.2637184877647825,0.15643650831637207,2
P1_FT03,P1_PCV02Z,0.15637819333311104,0.20403633807865443,-0.047658144745543404,2
P1_FT01Z,P1_FT02,0.15622209069288084,0.2092355394994769,0.05301344880659607,2
P1_LCV01Z,P3_LCP01D,0.15591712515933506,0.19259190960509473,-0.15591712515933506,2
P1_PCV01D,P1_TIT03,0.15585593750808766,0.2588310222454253,0.10297508473733766,2
P4_ST_LD,x1003_10_SETPOINT_OUT,0.1556382962319673,0.19610550087438558,-0.1556382962319673,2
P3_LIT01,P3_PIT01,0.15554479016691194,0.21945064919607282,0.06390585902916088,2
P2_ManualSD,P4_ST_TT01,0.1554697993286078,0.1554697993286078,-0.1554697993286078,1
P4_ST_TT01,x1003_18_SETPOINT_OUT,0.15540580333727835,0.24041482218385424,0.08500901884657588,2
P1_LCV01D,P4_HT_PS,0.1551344557331524,0.2921854550530566,-0.1551344557331524,2
P1_FT02Z,P4_ST_LD,0.1550194776828079,0.1953872707966587,-0.1550194776828079,2
P2_MASW_Lamp,x1003_18_SETPOINT_OUT,0.1549938514571867,0.1549938514571867,-0.1549938514571867,1
P2_MASW,x1003_18_SETPOINT_OUT,0.1549938514571867,0.1549938514571867,-0.1549938514571867,1
P2_ManualGO,x1003_18_SETPOINT_OUT,0.1549938514571867,0.1549938514571867,-0.1549938514571867,1
P2_AutoGO,x1003_18_SETPOINT_OUT,0.15499385145718353,0.15499385145718353,0.15499385145718353,1
P2_ATSW_Lamp,x1003_18_SETPOINT_OUT,0.15499385145718353,0.15499385145718353,0.15499385145718353,1
P1_TIT01,P2_ManualSD,0.15488801070573371,0.15488801070573371,-0.15488801070573371,1
P1_LCV01D,P4_ST_GOV,0.1548390390661186,0.16957001966663268,0.1548390390661186,2
P1_LCV01Z,P4_HT_PS,0.15454920529627073,0.2997938999786911,-0.15454920529627073,2
P1_FCV01D,P1_LCV01D,0.15397614555106207,0.26266831291065573,0.15397614555106207,2
P2_VIBTR04,x1003_18_SETPOINT_OUT,0.1539250221849911,0.29650463473283006,-0.14257961254783896,2
P2_SCO,x1001_05_SETPOINT_OUT,0.15385441868811384,0.2310358818647098,-0.07718146317659597,2
P1_TIT01,x1003_18_SETPOINT_OUT,0.1536920664489393,0.2368364226514309,0.08314435620249161,2
P1_FT01,P2_ManualSD,0.1536473092968606,0.1536473092968606,-0.1536473092968606,1
P1_FCV01Z,P1_LCV01Z,0.1533487040479499,0.2657648677386911,0.1533487040479499,2
P1_LIT01,P1_PCV02Z,0.1528889624675855,0.20245746086124464,0.04956849839365915,2
P1_LIT01,P1_PIT02,0.15221110475252353,0.2272026361269682,-0.07499153137444467,2
P1_PP04SP,P1_TIT03,0.15211750200646101,0.15211750200646101,-0.15211750200646101,1
P3_LCP01D,P3_LIT01,0.15151945960043625,0.2416415820819512,0.09012212248151494,2
P1_FCV01D,P1_LCV01Z,0.15129759094450979,0.2651015930825276,0.15129759094450979,2
P1_FT02,P2_VIBTR03,0.15112644037331052,0.2755919898309286,-0.15112644037331052,2
P1_FT03Z,P2_VIBTR01,0.15088348622873915,0.26899274607399104,-0.15088348622873915,2
P1_LCV01Z,P2_AutoSD,0.1508829756864312,0.29270590076774683,-0.14182292508131564,2
P1_FT02Z,P1_PCV02D,0.15069267603268605,0.15069267603268605,0.15069267603268605,1
P1_PCV02D,x1003_10_SETPOINT_OUT,0.15067365416098072,0.15067365416098072,0.15067365416098072,1
P1_LCV01Z,P4_ST_GOV,0.15051625737850804,0.15614239471814906,0.15051625737850804,2
P2_VIBTR04,P4_ST_TT01,0.1505057023133532,0.20304303972724203,-0.05253733741388884,2
P4_ST_PS,x1001_05_SETPOINT_OUT,0.15048911668729817,0.2985406445177591,0.1480515278304609,2
P1_LCV01Z,P3_PIT01,0.15030797859586642,0.19459648398017243,-0.15030797859586642,2
P1_FCV01Z,P2_VIBTR01,0.1502658026260939,0.19825461629800636,-0.1502658026260939,2
P1_FT02,x1002_08_SETPOINT_OUT,0.15024952346992476,0.23241523867974412,-0.08216571520981936,2
P2_AutoGO,P3_LIT01,0.15007792078673082,0.15007792078673082,0.15007792078673082,1
P2_ATSW_Lamp,P3_LIT01,0.15007792078673082,0.15007792078673082,0.15007792078673082,1
P2_MASW,P3_LIT01,0.1500779207867306,0.1500779207867306,-0.1500779207867306,1
P2_ManualGO,P3_LIT01,0.1500779207867306,0.1500779207867306,-0.1500779207867306,1
P2_MASW_Lamp,P3_LIT01,0.1500779207867306,0.1500779207867306,-0.1500779207867306,1
P1_PIT02,P1_TIT02,0.14947702504807484,0.1679101809195302,0.01843315587145536,2
P1_PCV01Z,x1001_05_SETPOINT_OUT,0.14905726932031826,0.1550004302842164,-0.14905726932031826,2
P2_AutoSD,x1002_07_SETPOINT_OUT,0.14879990219386985,0.25647808382612597,0.14879990219386985,2
P2_SCST,P3_LIT01,0.14862871372823416,0.24636818514807843,0.09773947141984428,2
P1_FCV01D,P2_VIBTR01,0.1483356714466782,0.19979935892373718,-0.1483356714466782,2
P1_TIT01,P2_VIBTR04,0.14832897220163455,0.20303516710042313,-0.05470619489878859,2
P1_PCV01D,x1001_05_SETPOINT_OUT,0.14807635271767577,0.15236512999070054,-0.14807635271767577,2
P2_ATSW_Lamp,P2_SCST,0.14751809821185352,0.14751809821185352,-0.14751809821185352,1
P2_AutoGO,P2_SCST,0.14751809821185352,0.14751809821185352,-0.14751809821185352,1
P2_ManualGO,P2_SCST,0.1475180982118534,0.1475180982118534,0.1475180982118534,1
P2_MASW,P2_SCST,0.1475180982118534,0.1475180982118534,0.1475180982118534,1
P2_MASW_Lamp,P2_SCST,0.1475180982118534,0.1475180982118534,0.1475180982118534,1
P1_LCV01D,P2_AutoSD,0.14742665855935966,0.2871482985181577,-0.13972163995879805,2
P1_LCV01D,P4_HT_PO,0.1471170920046042,0.1890773090686783,0.1471170920046042,2
P1_FCV02D,P2_SIT01,0.14675596570411087,0.1832682201560322,0.14675596570411087,2
P1_FCV03Z,P2_VIBTR02,0.1461875007779924,0.28905283470382637,-0.1461875007779924,2
P1_FT01,P1_PCV02D,0.14615235529088894,0.14615235529088894,-0.14615235529088894,1
P1_LCV01D,P3_LCV01D,0.14609341193069558,0.18741686150444142,0.14609341193069558,2
P1_FCV01D,x1002_07_SETPOINT_OUT,0.14596272531064694,0.16985510019411487,0.02389237488346793,2
P1_TIT03,x1002_08_SETPOINT_OUT,0.14587688980330474,0.2857051234655047,0.14587688980330474,2
P1_PP04,P4_HT_PO,0.14551110903125825,0.25351555372646595,0.14551110903125825,2
P1_FCV01Z,x1002_07_SETPOINT_OUT,0.1455046777532562,0.16900013054711654,0.023495452793860346,2
P1_TIT01,P2_SCO,0.14547127052212283,0.2202702152030919,0.07479894468096907,2
P4_ST_TT01,x1003_24_SUM_OUT,0.14528686853980416,0.20190461818203698,0.05661774964223283,2
P1_PCV01Z,P1_TIT03,0.14513054347032367,0.23453587005341459,0.08940532658309092,2
P1_FCV03D,P1_PIT02,0.14506524088452644,0.24181414569337775,-0.0967489048088513,2
P2_SCO,P4_ST_TT01,0.14474437763983702,0.22037321768028365,0.07562884004044662,2
P1_TIT01,x1003_24_SUM_OUT,0.14468444571906014,0.20051677875659885,0.055832333037538706,2
P1_PP04,P3_LCV01D,0.14442638870948643,0.249808089555598,0.14442638870948643,2
P1_LCV01Z,P4_HT_PO,0.14439341050351778,0.18014686221092974,0.14439341050351778,2
P2_AutoSD,P2_VIBTR04,0.1442239026647322,0.15700577529499704,0.01278187263026484,2
P4_HT_PS,x1002_08_SETPOINT_OUT,0.1442177875887899,0.15829454772214907,-0.014076760133359165,2
P1_FCV03D,P2_VIBTR02,0.1441607735052495,0.2855697959596625,-0.1441607735052495,2
P1_LIT01,P1_TIT03,0.14361200708675592,0.1760001191218342,-0.03238811203507827,2
P1_LCV01Z,P3_LCV01D,0.14344461768812794,0.17748515897607314,0.14344461768812794,2
P1_FCV02Z,P2_SIT01,0.14343115432321452,0.18960286782084806,0.14343115432321452,2
P1_TIT03,P3_LCV01D,0.14322503446806453,0.18328344126662527,0.14322503446806453,2
P1_PCV02Z,P4_HT_PS,0.1430150298771353,0.18349376461628797,0.1430150298771353,2
P1_TIT03,P4_HT_PO,0.14292707331881216,0.1851639520330956,0.14292707331881216,2
P1_PIT02,P2_AutoSD,0.1428850849243164,0.22182861124659975,0.1428850849243164,2
P1_FT01,P1_TIT03,0.14284956845402305,0.1707153460045738,-0.027865777550550745,2
P2_VIBTR04,x1003_24_SUM_OUT,0.14270211642075628,0.2563681596053731,-0.11366604318461684,2
P1_FT02Z,P1_LCV01D,0.14248250475346944,0.23782822491472838,0.14248250475346944,2
P1_FCV02Z,P1_PIT02,0.1424130912198441,0.1471728961926882,0.004759804972844089,2
P1_FT02Z,P1_LCV01Z,0.14237502114671116,0.24427753253091092,0.14237502114671116,2
P1_PP04D,x1002_08_SETPOINT_OUT,0.14232307346455908,0.1829504363272476,-0.14232307346455908,2
P2_VIBTR03,x1003_10_SETPOINT_OUT,0.14199781909810683,0.26223831275587484,-0.14199781909810683,2
P1_LCV01D,x1003_10_SETPOINT_OUT,0.1419157359448181,0.23777494800775997,0.1419157359448181,2
P1_FT02Z,P2_VIBTR03,0.14183168444535268,0.2616010642950092,-0.14183168444535268,2
P1_LCV01Z,x1003_10_SETPOINT_OUT,0.141778802436614,0.24425407965615684,0.141778802436614,2
P1_PIT02,P1_PP04,0.14177232664645456,0.2266884614391948,-0.08491613479274025,2
P2_VIBTR03,x1002_07_SETPOINT_OUT,0.14172028504924034,0.25595318556017077,-0.11423290051093044,2
x1002_07_SETPOINT_OUT,x1003_18_SETPOINT_OUT,0.1417044066668633,0.16146826145025336,-0.1417044066668633,2
P1_PCV02Z,P2_VIBTR03,0.14167842502647876,0.21469512763807722,0.14167842502647876,2
P1_LIT01,P2_ManualGO,0.14131194115001214,0.14131194115001214,-0.14131194115001214,1
P1_LIT01,P2_MASW,0.14131194115001214,0.14131194115001214,-0.14131194115001214,1
P1_LIT01,P2_MASW_Lamp,0.14131194115001214,0.14131194115001214,-0.14131194115001214,1
P1_LIT01,P2_ATSW_Lamp,0.14131194115001183,0.14131194115001183,0.14131194115001183,1
P1_LIT01,P2_AutoGO,0.14131194115001183,0.14131194115001183,0.14131194115001183,1
P1_TIT03,P2_VIBTR04,0.14122024324568244,0.263557695674935,0.12233745242925254,2
P1_PP04,P3_LCP01D,0.14121291503856315,0.2392720976529705,-0.09805918261440735,2
P1_FT01Z,P1_PCV01D,0.14111730495567532,0.23347255274999212,-0.14111730495567532,2
P1_LIT01,P2_SIT01,0.14099336956555605,0.2508188865259095,0.14099336956555605,2
P1_FT01Z,P1_TIT03,0.14038571668235167,0.15917550919008966,-0.018789792507738004,2
P1_FCV03Z,P1_TIT03,0.1403506315534428,0.2028640499573881,0.1403506315534428,2
P1_TIT02,x1001_05_SETPOINT_OUT,0.1399609357342442,0.24793112617523005,-0.1399609357342442,2
P3_FIT01,P3_LIT01,0.13976384804448005,0.2023874627215249,0.06262361467704484,2
P3_LIT01,x1003_24_SUM_OUT,0.1396300533607039,0.17138343340588413,0.03175338004518025,2
P1_PCV02Z,P1_PP04,0.13955885587616648,0.22556610368137425,-0.13955885587616648,2
P2_ManualSD,x1001_15_ASSIGN_OUT,0.13904429811614047,0.13904429811614047,-0.13904429811614047,1
P1_PP04,P2_SCST,0.1384818827352875,0.23701174112680998,0.09852985839152248,2
P1_FT01Z,x1002_07_SETPOINT_OUT,0.13778819988028979,0.25117791861309435,0.13778819988028979,2
P1_PP04D,P3_LCP01D,0.1375331081067762,0.22906779960805143,-0.09153469150127524,2
x1002_07_SETPOINT_OUT,x1002_08_SETPOINT_OUT,0.13735675576018952,0.25013712430972446,0.13735675576018952,2
P1_FCV01D,P2_VT01,0.13709663324877727,0.19089315089510805,-0.13709663324877727,2
P1_FT01,P1_LCV01Z,0.13664380461863507,0.16773327393408832,0.031089469315453255,2
P1_LCV01Z,P2_ManualSD,0.1364067204507204,0.1364067204507204,-0.1364067204507204,1
P2_ManualSD,P2_VIBTR02,0.13640061314987562,0.13640061314987562,0.13640061314987562,1
P2_SIT01,x1001_05_SETPOINT_OUT,0.13617294357223123,0.22885899350296984,-0.13617294357223123,2
P1_TIT03,x1001_05_SETPOINT_OUT,0.13596701828026883,0.2281043309927591,-0.13596701828026883,2
P1_FCV01Z,P2_VT01,0.135883574326898,0.1885396098666347,-0.135883574326898,2
P1_TIT02,P2_VT01,0.13572060825615767,0.20986057909769917,0.13572060825615767,2
P1_PP04SP,P4_ST_TT01,0.1354607437091449,0.1354607437091449,-0.1354607437091449,1
P3_LIT01,P4_HT_PS,0.13537114377858644,0.21363426910144284,-0.13537114377858644,2
P1_PP04SP,P1_TIT01,0.13526541124860492,0.13526541124860492,-0.13526541124860492,1
P1_FT02,P2_VIBTR01,0.1343604430562941,0.19659778850219475,-0.1343604430562941,2
P1_FCV03Z,P1_LCV01D,0.13373291970509127,0.13521703761025128,0.13373291970509127,2
P1_FCV03D,P1_PP04SP,0.13324121664095023,0.13324121664095023,-0.13324121664095023,1
P1_PP04,P2_VIBTR02,0.13290610274648074,0.159200686124405,0.13290610274648074,2
P1_PP04D,P2_VIBTR02,0.13287481196701934,0.16716019605949042,0.13287481196701934,2
P1_LCV01Z,x1003_24_SUM_OUT,0.13285230661978575,0.14884360603807523,0.13285230661978575,2
P2_ManualSD,P2_SCST,0.13282965478319647,0.13282965478319647,0.13282965478319647,1
P1_TIT02,P4_ST_GOV,0.13224132131676708,0.1964764874809128,0.13224132131676708,2
P1_LIT01,P2_SCST,0.13189753420111572,0.259847227293231,-0.13189753420111572,2
P1_FCV01D,P1_TIT02,0.13179482267657383,0.17338832372900703,-0.0415935010524332,2
P1_FCV03Z,P1_PIT02,0.13120682700121583,0.2045920845689502,-0.07338525756773438,2
P1_PP04D,P4_HT_PO,0.1312015782545477,0.25304743870235386,0.1312015782545477,2
P1_FCV01Z,P1_TIT02,0.13072458836459544,0.17332998649241538,-0.04260539812781994,2
P1_TIT03,P3_LCP01D,0.1306741096175966,0.21203098788410718,-0.08135687826651058,2
P1_PP04D,P3_LCV01D,0.1305863706100467,0.2501577979008446,0.1305863706100467,2
P1_PCV02D,P4_ST_TT01,0.1305784583267495,0.1305784583267495,0.1305784583267495,1
P1_PCV02D,P1_TIT01,0.1305230216119568,0.1305230216119568,0.1305230216119568,1
P2_AutoSD,P3_LCP01D,0.13050106586622573,0.18121754327491163,0.13050106586622573,2
P2_VT01,x1003_24_SUM_OUT,0.13006889960983953,0.23656638931469948,-0.13006889960983953,2
P1_FCV02Z,P4_ST_GOV,0.12984460528260935,0.19955078509034427,0.12984460528260935,2
P1_FCV02D,P2_VT01,0.1297903856914715,0.1600782718111522,0.1297903856914715,2
P2_VIBTR02,P2_VIBTR04,0.12970432587917113,0.25638731626020483,0.12970432587917113,2
P1_FCV03D,P1_PCV02D,0.12962413498826453,0.12962413498826453,0.12962413498826453,1
P1_FCV01D,P4_LD,0.12921786063062493,0.15326875223667352,-0.12921786063062493,2
P1_PCV01D,P4_HT_PS,0.12900288107800537,0.1974344289665841,0.12900288107800537,2
P2_MASW_Lamp,x1003_24_SUM_OUT,0.12888821722622953,0.12888821722622953,-0.12888821722622953,1
P2_ManualGO,x1003_24_SUM_OUT,0.12888821722622953,0.12888821722622953,-0.12888821722622953,1
P2_MASW,x1003_24_SUM_OUT,0.12888821722622953,0.12888821722622953,-0.12888821722622953,1
P2_AutoGO,x1003_24_SUM_OUT,0.1288882172262264,0.1288882172262264,0.1288882172262264,1
P2_ATSW_Lamp,x1003_24_SUM_OUT,0.1288882172262264,0.1288882172262264,0.1288882172262264,1
P1_FCV02D,P4_ST_GOV,0.12844053051695337,0.1910860948520226,0.12844053051695337,2
P1_FT03,P1_LCV01D,0.1283705517670986,0.21217528497206634,0.1283705517670986,2
P1_FT03Z,P1_TIT03,0.12811456870868088,0.2231601066529801,0.09504553794429922,2
P1_FCV01Z,P4_LD,0.12807314295326036,0.1517851957562268,-0.12807314295326036,2
P2_VIBTR01,x1003_10_SETPOINT_OUT,0.12803501898149894,0.18761642017864877,-0.12803501898149894,2
P1_FT02Z,P2_VIBTR01,0.12779235630963967,0.1867169344038589,-0.12779235630963967,2
P1_FCV03Z,P1_PP04SP,0.1277478069311474,0.1277478069311474,-0.1277478069311474,1
P1_FT01,P1_PCV01D,0.12766603137285923,0.23556913398576002,-0.10790310261290079,2
P1_FT02Z,P2_VT01,0.12766328863843354,0.1925450278508536,-0.12766328863843354,2
P2_VT01,x1003_10_SETPOINT_OUT,0.12750093864485268,0.19222025946079213,-0.12750093864485268,2
P1_LCV01D,x1003_24_SUM_OUT,0.1269460195261175,0.14506487733339246,0.1269460195261175,2
P1_PIT02,P1_TIT01,0.1266882996429808,0.1535009777606855,0.026812678117704686,2
P1_PIT02,P4_ST_TT01,0.1263630901335619,0.15177455882306704,0.025411468689505154,2
P1_FT03,P1_TIT03,0.1261397300858352,0.22059500536087068,0.09445527527503547,2
P1_FT01,x1002_07_SETPOINT_OUT,0.12502389408368908,0.24926652131906074,0.12502389408368908,2
P1_FT01,P2_SIT01,0.1248264651167018,0.21338123130306896,-0.08855476618636716,2
P1_PP04SP,P3_LCV01D,0.12461006461816122,0.12461006461816122,0.12461006461816122,1
P1_FT01,x1003_18_SETPOINT_OUT,0.12455344788885114,0.1341358904637684,0.009582442574917242,2
P1_FT03,P1_PP04D,0.1244998145959678,0.16040655724647904,-0.1244998145959678,2
P1_PCV02Z,x1002_07_SETPOINT_OUT,0.12448799092960738,0.20817666513980138,-0.08368867421019399,2
P2_SCO,P2_VIBTR02,0.12411990193637182,0.1768927904093851,-0.12411990193637182,2
P1_PP04SP,P4_HT_PO,0.12346632881038254,0.12346632881038254,0.12346632881038254,1
P1_PP04,P2_AutoGO,0.12345881492499432,0.12345881492499432,-0.12345881492499432,1
P1_PP04,P2_ATSW_Lamp,0.12345881492499432,0.12345881492499432,-0.12345881492499432,1
P1_PP04,P2_ManualGO,0.1234588149249938,0.1234588149249938,0.1234588149249938,1
P1_PP04,P2_MASW_Lamp,0.1234588149249938,0.1234588149249938,0.1234588149249938,1
P1_PP04,P2_MASW,0.1234588149249938,0.1234588149249938,0.1234588149249938,1
P2_VT01,x1003_18_SETPOINT_OUT,0.1232546085984006,0.2308684086488333,-0.1232546085984006,2
P1_FT01Z,P2_SIT01,0.12285359723037953,0.21268358622139139,-0.08982998899101186,2
P1_FT01,P2_SCO,0.12269897538151628,0.2181653767217719,-0.09546640134025561,2
P2_SCO,x1001_15_ASSIGN_OUT,0.12267892358324788,0.1671581538488085,-0.044479230265560624,2
P1_FCV03Z,x1003_24_SUM_OUT,0.12226422073971979,0.2440098623536189,-0.12226422073971979,2
P1_PP04SP,P4_ST_PS,0.1222110932777456,0.1222110932777456,0.1222110932777456,1
P1_TIT02,P4_ST_LD,0.12206554564424213,0.17006829292671982,0.12206554564424213,2
P1_FT01Z,P1_PCV01Z,0.12202017532443826,0.20991946408283313,-0.12202017532443826,2
P1_FT02,P2_VT01,0.12194236276899037,0.19146386622736308,-0.12194236276899037,2
P1_PCV01Z,P4_HT_PS,0.12185326601653869,0.18547919817198938,0.12185326601653869,2
P1_TIT02,P4_ST_PO,0.12172599300453457,0.17997999232751807,0.12172599300453457,2
P1_FCV03D,P2_VT01,0.12149265346012397,0.18947758292970887,-0.0679849294695849,2
P1_FCV02Z,P2_VIBTR04,0.12144631051861642,0.19191579133464745,0.12144631051861642,2
P1_FT02,P4_LD,0.12118871230447598,0.138621239102915,-0.12118871230447598,2
P1_LCV01D,P4_LD,0.12082619878807399,0.13041003976493334,0.12082619878807399,2
P1_FT01,x1001_05_SETPOINT_OUT,0.1207891511984189,0.18420546045651198,0.1207891511984189,2
P1_FCV03D,x1003_24_SUM_OUT,0.12076442251055142,0.23968624001391894,-0.11892181750336753,2
P1_FCV02D,P4_ST_PO,0.12049558329818207,0.17620549968773844,0.12049558329818207,2
P1_FCV02Z,P1_PCV02D,0.12046399028223512,0.12046399028223512,-0.12046399028223512,1
P1_LCV01D,P4_ST_PO,0.12029081285983642,0.12784446071820527,0.12029081285983642,2
P1_FT03Z,P1_PP04D,0.12016313582442424,0.15725317529518182,-0.12016313582442424,2
P1_FT01,P1_PCV01Z,0.1201573275818085,0.21023732326557415,-0.09007999568376565,2
P1_PCV02D,x1001_05_SETPOINT_OUT,0.11978807270380713,0.11978807270380713,0.11978807270380713,1
P1_FCV02Z,P4_ST_PO,0.11971051944092907,0.1809327979702771,0.11971051944092907,2
P1_FCV02Z,P4_ST_PT01,0.11956025035257883,0.22444836227032816,-0.10488811191774933,2
P4_LD,x1003_10_SETPOINT_OUT,0.11918438440908195,0.1546199388840956,-0.11918438440908195,2
P1_LIT01,P1_PP04D,0.11892601239534228,0.1623265266609816,-0.043400514265639324,2
P1_FT01Z,P2_SCO,0.1187687974731541,0.2183921039307492,-0.09962330645759511,2
P1_FT02Z,P4_LD,0.11874106395335969,0.154453526990237,-0.11874106395335969,2
P2_VIBTR03,P3_LIT01,0.11844810013788462,0.13797091692858854,0.019522816790703917,2
P1_LCV01Z,P4_LD,0.11839506266543076,0.13189538568176684,0.11839506266543076,2
P1_LCV01D,P2_ManualSD,0.11834606341067129,0.11834606341067129,-0.11834606341067129,1
P1_FCV02Z,P4_ST_LD,0.11811275636201765,0.17825477005368973,0.11811275636201765,2
P1_FCV02Z,P2_VT01,0.11798823172452857,0.16069751836485807,0.11798823172452857,2
P1_FT03Z,P1_LCV01D,0.11796599318246503,0.21576879073787197,0.11796599318246503,2
P1_FCV03Z,P2_VT01,0.11699994776957105,0.1802701143351509,-0.06327016656557984,2
P2_SCO,P3_FIT01,0.11697105465135751,0.2077304324348009,0.11697105465135751,2
P1_PCV02Z,P2_SCST,0.11657545166447388,0.23200970956844222,-0.11657545166447388,2
P2_SCST,P2_VIBTR03,0.11632110824371011,0.12609288892642279,-0.009771780682712672,2
P1_PCV02Z,P2_VIBTR01,0.11627508473603584,0.19263372624488118,0.11627508473603584,2
P2_SIT01,x1003_24_SUM_OUT,0.11595818908220659,0.1533910910882776,0.037432902006071,2
P2_SCST,P4_ST_GOV,0.11575645232576393,0.12103954242919727,0.11575645232576393,2
P4_ST_PS,x1002_08_SETPOINT_OUT,0.11529754822423036,0.2224802595317317,-0.10718271130750134,2
P1_FCV01Z,P2_VIBTR02,0.11486201507020799,0.13951822859200275,-0.11486201507020799,2
P1_FCV02D,P4_ST_LD,0.11482480094772868,0.1723178411518237,0.11482480094772868,2
P1_FT01Z,P1_LCV01Z,0.11440730431288532,0.12223013364484236,0.007822829331957049,2
P1_FCV01D,P2_VIBTR02,0.11392976543501593,0.13666163484148738,-0.11392976543501593,2
P1_FCV03D,P1_LCV01Z,0.11330062784794395,0.16143710278287973,0.04813647493493578,2
P1_TIT01,P1_TIT02,0.11319764635148985,0.2203555304991915,-0.11319764635148985,2
P1_PIT02,P2_SCO,0.1131610319731763,0.2219585719041024,0.1087975399309261,2
P1_PCV02Z,P2_VIBTR02,0.11286984069385622,0.20257843241933066,0.08970859172547443,2
P1_LCV01Z,P4_ST_PO,0.11284812389675584,0.14313972065802358,0.11284812389675584,2
P1_TIT02,P4_ST_TT01,0.11264034425227751,0.21982870930753917,-0.11264034425227751,2
P1_PCV01Z,x1003_18_SETPOINT_OUT,0.1125729586659013,0.21598972217247508,0.10341676350657379,2
P1_FT01,P1_PIT02,0.11235083121359389,0.17898692817211198,-0.11235083121359389,2
P1_FCV02Z,P1_PIT01,0.11232350804367895,0.21861422170591285,-0.1062907136622339,2
P2_VIBTR02,P3_LIT01,0.11196624399322277,0.13458241259506565,0.022616168601842873,2
P1_FCV01D,P4_ST_PS,0.11170664797097132,0.20469393381181056,0.11170664797097132,2
P1_FCV02Z,P4_ST_PS,0.11167867771806061,0.14949953613854353,-0.037820858420482904,2
P1_TIT03,P4_ST_TT01,0.11146150086137019,0.128171920603336,-0.0167104197419658,2
P1_TIT01,P1_TIT03,0.11139410986286034,0.12772103603447646,-0.016326926171616116,2
P1_PCV02Z,P2_AutoSD,0.11137750192871598,0.16328730932475582,-0.11137750192871598,2
P1_PP04D,x1003_24_SUM_OUT,0.11133061187120057,0.222539897830151,0.11133061187120057,2
P3_PIT01,x1002_08_SETPOINT_OUT,0.11121474993096198,0.15923440120228544,-0.04801965127132346,2
P1_PCV01D,x1003_18_SETPOINT_OUT,0.11102998022446683,0.21228485195526858,0.10125487173080175,2
P1_FT01Z,P2_AutoSD,0.11062044937073182,0.21550737357054003,-0.10488692419980822,2
P1_TIT02,x1003_18_SETPOINT_OUT,0.11034999367760885,0.14507813723075547,-0.034728143553146615,2
P1_LCV01Z,P2_SIT01,0.11024010193452996,0.15552494490198351,-0.04528484296745356,2
P2_SCST,P4_ST_PO,0.11023472154007304,0.11213593270158237,0.11023472154007304,2
P1_FT01,P2_AutoSD,0.10998851189662165,0.2151453707415342,-0.10515685884491255,2
P1_PP04D,x1001_05_SETPOINT_OUT,0.1099848372179844,0.2138876663557484,-0.10390282913776401,2
P2_VIBTR01,P3_LIT01,0.10968527610357512,0.1270930272082588,0.017407751104683677,2
P1_TIT03,x1002_07_SETPOINT_OUT,0.10961646809183731,0.21221105923405653,-0.10259459114221922,2
P1_FCV03D,P1_LCV01D,0.10936031032807603,0.12784501886214428,0.10936031032807603,2
P1_FCV02D,P2_VIBTR04,0.10899130128338273,0.17202255136640934,0.10899130128338273,2
P1_FCV01Z,P4_ST_PS,0.10898287695875714,0.2065283322743753,0.10898287695875714,2
P1_PP04,P3_FIT01,0.1089798435711277,0.14865488103346094,-0.03967503746233326,2
P1_TIT01,P4_ST_GOV,0.10897721363524278,0.1163874220342196,-0.007410208398976825,2
P3_FIT01,x1002_08_SETPOINT_OUT,0.10882160837664102,0.13594167707616292,-0.027120068699521896,2
P4_ST_GOV,P4_ST_TT01,0.10857068635315775,0.11599200124260559,-0.00742131488944784,2
P1_TIT02,P2_VIBTR03,0.1085474904650158,0.19871108271138604,0.09016359224637024,2
P1_LCV01D,P1_TIT03,0.10845261236585048,0.17012829709815025,-0.10845261236585048,2
P1_FT01Z,P1_PIT02,0.10807482058849331,0.17587109840318912,-0.10807482058849331,2
P1_PP04,x1003_24_SUM_OUT,0.10785259160572627,0.19992863360658986,0.09207604200086358,2
P4_ST_PT01,x1002_07_SETPOINT_OUT,0.10773154677623625,0.20289930512717078,-0.10773154677623625,2
P1_PP04D,P2_VT01,0.10763572823400486,0.10862594082243446,-0.000990212588429601,2
P1_FCV01Z,P2_SCST,0.1070130990745212,0.19652371567560012,-0.1070130990745212,2
P3_LCP01D,x1002_08_SETPOINT_OUT,0.10656062609565735,0.18587431490328699,-0.07931368880762964,2
P1_FCV02D,P2_SCST,0.1065582088204039,0.15511366415796557,0.1065582088204039,2
P3_LIT01,x1003_18_SETPOINT_OUT,0.1064674880939165,0.12322363491530078,-0.01675614682138428,2
P1_LCV01D,P2_SIT01,0.10615519770355802,0.14904400352509073,-0.04288880582153271,2
P1_FT02,P2_SCST,0.10548012706929814,0.1758080180578433,-0.07032789098854515,2
P2_SIT01,x1001_15_ASSIGN_OUT,0.10491790716181822,0.12126436960912232,-0.016346462447304103,2
P2_VIBTR01,P2_VIBTR03,0.10481950997361328,0.19113060536434712,0.08631109539073384,2
P1_PCV02D,P3_LIT01,0.10405870542805483,0.10405870542805483,0.10405870542805483,1
P1_LIT01,P1_PP04SP,0.10392822628531087,0.10392822628531087,-0.10392822628531087,1
P1_PP04SP,P2_VIBTR03,0.10392659533178719,0.10392659533178719,-0.10392659533178719,1
P1_FT03,P2_VT01,0.10388612706268918,0.16285423498980872,-0.10388612706268918,2
P2_SCST,P3_PIT01,0.10381229226741356,0.148936726077395,-0.10381229226741356,2
P1_FCV01D,P2_SCST,0.1036839775456044,0.19233704251873462,-0.1036839775456044,2
P1_TIT01,P3_LIT01,0.10367371242755949,0.15839936980800115,-0.10367371242755949,2
x1001_05_SETPOINT_OUT,x1002_08_SETPOINT_OUT,0.10353030392728718,0.17703185102055574,-0.10353030392728718,2
P3_LIT01,P4_ST_TT01,0.10347720720858686,0.1601017700702389,-0.10347720720858686,2
P1_PIT01,P4_HT_PS,0.103375696477329,0.1523051330976505,0.103375696477329,2
P1_FT02,P4_ST_PT01,0.10306193841216554,0.13990443410866377,-0.10306193841216554,2
P2_AutoSD,P3_LCV01D,0.10300286343879464,0.10513546705056234,-0.10300286343879464,2
P1_PP04,P2_VT01,0.10271489335906875,0.11278106375422857,-0.010066170395159814,2
P1_FT01,x1003_24_SUM_OUT,0.1023217586475034,0.10800672293754819,-0.005684964290044801,2
P1_LCV01Z,P1_TIT03,0.10217836238342799,0.17107581841383282,-0.10217836238342799,2
P2_SCST,P4_HT_PS,0.1017161711832381,0.16874150046519398,0.06702532928195588,2
P1_PP04D,P3_PIT01,0.10153829311468181,0.18147655178719235,-0.07993825867251055,2
P1_FCV02D,P1_PCV02D,0.1014551318012007,0.1014551318012007,-0.1014551318012007,1
P1_FT01Z,P1_TIT02,0.10130703325185782,0.16669677990190024,0.06538974665004242,2
P2_AutoSD,P4_HT_PO,0.10112084891455127,0.10416864016038496,-0.10112084891455127,2
P2_SCST,P4_ST_LD,0.10110533298638737,0.11087880166697292,0.10110533298638737,2
P1_FCV02D,P1_PCV01D,0.10089644638555376,0.10265848619730121,-0.001762039811747454,2
P1_FCV02Z,P2_VIBTR03,0.1007666222218302,0.1935139552315627,0.1007666222218302,2
x1002_07_SETPOINT_OUT,x1003_24_SUM_OUT,0.10058063720394558,0.13208825908727356,-0.10058063720394558,2
P1_FCV03Z,P1_LCV01Z,0.10001299383293114,0.17891780015925351,0.07890480632632238,2
P3_LIT01,P4_ST_PO,0.10000350152998663,0.1642809815746446,0.06427748004465797,2
P1_PIT01,x1002_07_SETPOINT_OUT,0.09995273961185139,0.18783606492814042,-0.09995273961185139,2
P1_PIT02,P4_LD,0.09990560706147161,0.11180236730693711,-0.011896760245465494,2
P1_FCV03Z,P1_PCV02D,0.09989698064578857,0.09989698064578857,0.09989698064578857,1
P1_FT03Z,P2_VT01,0.09955400305529827,0.15864169937635894,-0.09955400305529827,2
P1_FT01Z,x1001_05_SETPOINT_OUT,0.09954842206187439,0.18161069671788038,0.09954842206187439,2
P1_PIT02,P1_PP04D,0.09930768689593553,0.16382517480918055,-0.09930768689593553,2
P2_SIT01,x1003_18_SETPOINT_OUT,0.09922121284803599,0.11931990390541905,0.02009869105738306,2
P2_VT01,x1002_07_SETPOINT_OUT,0.09899365395944221,0.19655147039163853,-0.09899365395944221,2
P1_PCV02D,x1002_07_SETPOINT_OUT,0.09879631104117735,0.09879631104117735,-0.09879631104117735,1
P2_VIBTR03,P4_ST_TT01,0.09874307366508822,0.11657402585110935,0.017830952186021126,2
P1_FT01,P2_SCST,0.09862338957949424,0.1359211347608696,-0.09862338957949424,2
P1_TIT01,P2_VIBTR03,0.09846502683977133,0.11508965976857885,0.016624632928807517,2
P4_HT_PS,P4_ST_PT01,0.0984631161468644,0.14507620926359047,0.0984631161468644,2
P1_FT02,P1_PIT01,0.09839248225491708,0.14477063361755085,-0.09839248225491708,2
P3_LIT01,P4_ST_PS,0.09827595009169414,0.14863028367924094,0.09827595009169414,2
P1_FCV02Z,P1_PCV02Z,0.09817572855673087,0.10335445283917793,-0.09817572855673087,2
P1_PIT02,P3_LCV01D,0.09814013984686937,0.09864824440349854,0.0005081045566291756,2
P1_PIT02,P4_HT_PO,0.0980549556457263,0.09937110729846194,0.001316151652735624,2
P1_FCV02D,P4_ST_PT01,0.09795966864088791,0.16627994864552278,-0.06832028000463487,2
P2_SIT01,P4_ST_PT01,0.09794044741410124,0.1280754633538259,0.030135015939724674,2
P1_FT01Z,P4_ST_PO,0.09778220857625254,0.15658129950345026,-0.09778220857625254,2
P1_FCV02Z,P4_LD,0.09751396073835125,0.16601329521947547,0.09751396073835125,2
P1_FCV02Z,P2_SCST,0.09744708814646455,0.14494872135870318,0.09744708814646455,2
P1_TIT03,P3_FIT01,0.09742240282335315,0.1193661282181192,-0.021943725394766057,2
P1_TIT01,P4_LD,0.09686902768176364,0.11148294278398135,0.014613915102217705,2
P1_FT02,P4_ST_PS,0.09670961372307049,0.1803063019523939,0.0835966882293234,2
P1_FCV03D,P2_AutoSD,0.09662768378171856,0.14904582480220385,-0.09662768378171856,2
P1_PIT01,P2_SIT01,0.09648128686403847,0.1278514999788326,0.03137021311479414,2
P3_LCV01D,x1002_08_SETPOINT_OUT,0.09646596245661851,0.18191165670523063,0.08544569424861212,2
P1_PP04,x1002_08_SETPOINT_OUT,0.09642850253246399,0.09793516836475694,-0.09642850253246399,2
P2_VIBTR01,x1002_07_SETPOINT_OUT,0.09642511990032852,0.1364548491189732,-0.040029729218644686,2
P2_VIBTR03,x1002_08_SETPOINT_OUT,0.09630349858825382,0.09716943742222378,-0.09630349858825382,2
P4_LD,P4_ST_TT01,0.09624782831885915,0.11089060138573179,0.01464277306687263,2
P1_LCV01Z,P2_VIBTR04,0.0961333092678185,0.18000375582273456,-0.0961333092678185,2
P1_FCV02D,P2_VIBTR03,0.09608338209436865,0.1795612904110372,0.09608338209436865,2
P1_PCV02D,P4_ST_GOV,0.09600425487975026,0.09600425487975026,-0.09600425487975026,1
P2_AutoGO,P3_PIT01,0.09594341186996802,0.09594341186996802,-0.09594341186996802,1
P2_ATSW_Lamp,P3_PIT01,0.09594341186996802,0.09594341186996802,-0.09594341186996802,1
P2_MASW_Lamp,P3_PIT01,0.09594341186996792,0.09594341186996792,0.09594341186996792,1
P2_ManualGO,P3_PIT01,0.09594341186996792,0.09594341186996792,0.09594341186996792,1
P2_MASW,P3_PIT01,0.09594341186996792,0.09594341186996792,0.09594341186996792,1
P2_SCST,x1003_10_SETPOINT_OUT,0.095711106462118,0.17859203041076402,-0.08288092394864602,2
P4_HT_PO,x1002_08_SETPOINT_OUT,0.09567109451396276,0.18131196427390392,0.08564086975994116,2
P1_PP04,P3_PIT01,0.09560148091465401,0.18102559720495678,-0.08542411629030278,2
P1_FT02Z,P2_SCST,0.09522711996110227,0.17815733768191386,-0.08293021772081159,2
P2_ManualSD,P4_HT_PO,0.09518940821484961,0.09518940821484961,-0.09518940821484961,1
P2_ManualSD,P3_LCV01D,0.09516764916206405,0.09516764916206405,-0.09516764916206405,1
P1_PCV02D,P1_PP04D,0.09508293878758659,0.09508293878758659,-0.09508293878758659,1
P3_LCV01D,P3_LIT01,0.09503532689036293,0.13204192889759173,-0.03700660200722881,2
P4_HT_PS,x1003_18_SETPOINT_OUT,0.09491972294259836,0.13314691558945793,0.09491972294259836,2
P1_LCV01D,P4_ST_LD,0.09488054353265736,0.11797536153268881,0.09488054353265736,2
P3_LIT01,P4_HT_PO,0.09487144426806056,0.1318822379811698,-0.03701079371310924,2
P1_FCV03Z,P1_PP04D,0.0944026919250246,0.16958475158753245,-0.0944026919250246,2
P1_FCV02D,P1_PCV02Z,0.09405213993879717,0.11194077128680091,-0.09405213993879717,2
P1_FT02,P1_TIT02,0.09390031251857317,0.15283686862359847,-0.058936556105025295,2
P1_LCV01Z,P4_ST_LD,0.09385810601733177,0.1429938780358987,0.09385810601733177,2
P1_FCV02D,P1_PCV01Z,0.09367020554394043,0.10734414197103595,-0.013673936427095516,2
P4_ST_PS,x1002_07_SETPOINT_OUT,0.09366554857366624,0.17680276348171264,-0.09366554857366624,2
P2_AutoSD,x1003_18_SETPOINT_OUT,0.09348233236107528,0.1501437365493254,-0.05666140418825011,2
P1_FT03,P2_AutoSD,0.09343388395851804,0.15129715864296964,0.0578632746844516,2
P1_PCV02Z,P1_PP04D,0.09333840121360369,0.10249630777694485,-0.09333840121360369,2
P2_SCST,P3_LCP01D,0.0931551233370319,0.0973909223052826,-0.0931551233370319,2
P1_LIT01,P2_VIBTR03,0.0931294563984442,0.12125722996734291,-0.028127773568898708,2
P1_FT01,P1_TIT02,0.09307631348414591,0.1624479040084441,0.0693715905242982,2
P1_PIT02,P1_PP04SP,0.09285273253207518,0.09285273253207518,0.09285273253207518,1
P1_TIT01,P4_ST_PO,0.09255088932589997,0.11945009714639736,-0.026899207820497394,2
P1_FCV02D,P4_LD,0.09233656398731163,0.16200983632201676,0.09233656398731163,2
P1_TIT03,P2_VT01,0.09230610632085838,0.10081229572479186,0.09230610632085838,2
P4_ST_PO,P4_ST_TT01,0.0922035411666634,0.11911415119170089,-0.02691061002503748,2
P2_AutoGO,x1001_15_ASSIGN_OUT,0.0921855273102736,0.0921855273102736,-0.0921855273102736,1
P2_ATSW_Lamp,x1001_15_ASSIGN_OUT,0.0921855273102736,0.0921855273102736,-0.0921855273102736,1
P2_MASW_Lamp,x1001_15_ASSIGN_OUT,0.09218552731027344,0.09218552731027344,0.09218552731027344,1
P2_ManualGO,x1001_15_ASSIGN_OUT,0.09218552731027344,0.09218552731027344,0.09218552731027344,1
P2_MASW,x1001_15_ASSIGN_OUT,0.09218552731027344,0.09218552731027344,0.09218552731027344,1
P1_PP04D,P3_FIT01,0.09193129055910561,0.1508370964275982,-0.0589058058684926,2
P2_ManualSD,P3_LIT01,0.09181408028428226,0.09181408028428226,0.09181408028428226,1
P2_SCO,P3_LCP01D,0.09169618964136345,0.17225381177307586,0.09169618964136345,2
P1_FCV01D,P3_LCP01D,0.09165845929417768,0.10794674885043035,0.016288289556252666,2
P1_FT02,P2_VIBTR02,0.09147361004690394,0.10602640892558268,-0.09147361004690394,2
P2_VIBTR02,x1003_10_SETPOINT_OUT,0.09144425769887829,0.11900398310770532,-0.09144425769887829,2
P1_PIT02,P3_FIT01,0.09134789423490552,0.1368899294049737,0.09134789423490552,2
P1_FT01,P4_ST_PO,0.0911956574449248,0.13853039177473517,-0.0911956574449248,2
P1_FT02Z,P2_VIBTR02,0.09113106241348443,0.11871608514558582,-0.09113106241348443,2
P1_FCV02Z,P2_VIBTR01,0.0910431153876801,0.13709163781117734,0.0910431153876801,2
P1_FT01Z,P2_ManualSD,0.09102666571716825,0.09102666571716825,-0.09102666571716825,1
P1_PCV01Z,P2_SCO,0.09099826691591409,0.16096048868425705,0.06996222176834296,2
P1_TIT02,P2_ManualSD,0.09086017883905599,0.09086017883905599,0.09086017883905599,1
P1_FCV03Z,P2_AutoSD,0.09081740686282369,0.13581084246344527,-0.09081740686282369,2
P2_VIBTR02,P4_ST_TT01,0.09077869970303495,0.12613194125791938,-0.035353241554884424,2
P1_FCV02D,P1_FT02,0.09069869134085101,0.09076596751636845,-0.09069869134085101,2
P2_AutoSD,x1001_15_ASSIGN_OUT,0.09047292662415231,0.10537673264182361,-0.0149038060176713,2
P1_PIT01,x1003_18_SETPOINT_OUT,0.09046390834885774,0.11461048208655555,0.02414657373769781,2
P2_24Vdc,P2_VIBTR03,0.09040887478598908,0.14826703029074034,-0.09040887478598908,2
P1_FCV03D,P1_PP04D,0.09030066432386426,0.16953647992138798,-0.09030066432386426,2
P1_FCV01Z,P3_LCP01D,0.08999890525378246,0.10554974338541123,0.015550838131628775,2
P1_TIT01,P4_HT_PO,0.08990108317788337,0.1471519259213912,0.057250842743507835,2
P1_TIT01,P2_VIBTR02,0.08988626978260691,0.12622111273766998,-0.036334842955063056,2
P2_SCST,P2_VIBTR01,0.08981834752318565,0.09827196358003899,0.008453616056853346,2
P1_FCV02D,P2_VIBTR01,0.08974987201952757,0.13124630464519343,0.08974987201952757,2
P3_LCP01D,x1003_18_SETPOINT_OUT,0.08969239726362413,0.10142539738539856,-0.08969239726362413,2
P4_HT_PO,P4_ST_TT01,0.08969032189379708,0.14745200472821332,0.05776168283441623,2
P1_LCV01Z,P2_MASW_Lamp,0.08968701039435886,0.08968701039435886,-0.08968701039435886,1
P1_LCV01Z,P2_ManualGO,0.08968701039435886,0.08968701039435886,-0.08968701039435886,1
P1_LCV01Z,P2_MASW,0.08968701039435886,0.08968701039435886,-0.08968701039435886,1
P1_LCV01Z,P2_ATSW_Lamp,0.08968701039435838,0.08968701039435838,0.08968701039435838,1
P1_LCV01Z,P2_AutoGO,0.08968701039435838,0.08968701039435838,0.08968701039435838,1
P1_PP04,P4_HT_PS,0.08955382419610713,0.09689647960770127,0.007342655411594137,2
P1_FCV01D,P3_FIT01,0.08939305781995395,0.12122794528167422,-0.031834887461720265,2
P1_FCV01Z,P3_FIT01,0.08938858419118464,0.12125851505727495,-0.0318699308660903,2
P1_PCV02Z,P2_SCO,0.08924469658661932,0.1202468853930337,0.031002188806414373,2
P1_TIT03,P2_ManualSD,0.08920139013008094,0.08920139013008094,0.08920139013008094,1
P2_SCST,P2_VT01,0.08919216001164779,0.10218515314875001,-0.012992993137102227,2
P1_TIT01,P3_LCV01D,0.08917127111923626,0.1469068544554364,0.05773558333620013,2
P3_LIT01,P4_ST_GOV,0.08911411717888224,0.15020742560142109,0.06109330842253885,2
P1_TIT02,P4_ST_PT01,0.08905601667443924,0.15908430334550813,-0.08905601667443924,2
P3_LCV01D,P4_ST_TT01,0.08893735874718234,0.14713677145343235,0.058199412706250016,2
P1_FT03Z,P2_AutoSD,0.0887978417349771,0.14130101328691919,0.05250317155194209,2
P1_PIT01,P1_TIT02,0.08873060071139376,0.1533472520032378,-0.08873060071139376,2
P1_FCV02Z,P1_FT02,0.08859950326102856,0.10705516813756866,-0.08859950326102856,2
P1_PP04,P2_VIBTR03,0.08853107763763444,0.16360968013758448,-0.08853107763763444,2
P1_LCV01D,P2_VIBTR04,0.08846664276988822,0.16398903586085417,-0.08846664276988822,2
P2_SCST,P4_LD,0.08830083927239829,0.11143268977069296,0.08830083927239829,2
P1_PP04D,P2_VIBTR03,0.0880137024741568,0.16573227351281275,-0.0880137024741568,2
P1_FT01Z,x1003_18_SETPOINT_OUT,0.08797278980822112,0.11350377834946128,-0.02553098854124016,2
P4_HT_PO,x1003_18_SETPOINT_OUT,0.08792783880590076,0.1199214637470203,0.08792783880590076,2
P1_FCV02D,P1_PIT01,0.08783878407136328,0.15373260573402056,-0.06589382166265728,2
P3_LCV01D,x1003_18_SETPOINT_OUT,0.08757569255744714,0.12008251783417234,0.08757569255744714,2
P1_FT01,P4_HT_PS,0.08712880295483744,0.1545807630383949,-0.06745196008355747,2
P1_FCV03D,P2_SIT01,0.08699493329087289,0.15234349179789813,-0.06534855850702524,2
P1_FT02,P3_FIT01,0.08686000712482543,0.12235795523397529,-0.03549794810914986,2
P1_FT01Z,P2_VIBTR04,0.08672795201948409,0.17154855494316296,-0.08672795201948409,2
P1_TIT02,P4_LD,0.08663127588891108,0.140416635034367,0.08663127588891108,2
P1_FT02,P3_LCP01D,0.0860621621761091,0.09456610618271599,0.008503944006606895,2
P1_TIT02,P2_VIBTR04,0.08599656962251243,0.16714299438006525,0.08599656962251243,2
P1_FT03,P1_PP04,0.08583195457961282,0.09375442216792167,-0.08583195457961282,2
P1_FT01,P2_VIBTR04,0.0857313806981738,0.17016122835960767,-0.08442984766143387,2
P1_FCV02D,P1_PIT02,0.08565614923880938,0.10924046675476973,0.02358431751596035,2
P2_SIT01,P2_VIBTR04,0.0852850522109858,0.14007308390334586,-0.0852850522109858,2
P1_PCV01D,P2_SCO,0.0852003305552089,0.1529696743805632,0.0677693438253543,2
P1_FT02,P1_TIT01,0.084383830536089,0.1348704836656025,0.050486653129513503,2
P3_LIT01,x1002_07_SETPOINT_OUT,0.08431551826008726,0.09394097791549824,-0.08431551826008726,2
P2_AutoSD,P4_ST_PO,0.08417894335754988,0.10465506716142893,-0.020476123803879046,2
P1_TIT02,P2_VIBTR01,0.08415211956950742,0.1487272569027014,0.08415211956950742,2
P1_FT02,P4_ST_TT01,0.08412513220067074,0.13515775037771643,0.0510326181770457,2
P1_FT03,P2_SCST,0.08410057375001703,0.1603494282997123,-0.08410057375001703,2
P1_PCV01Z,P2_AutoSD,0.08407382580950033,0.16266743883841728,0.07859361302891694,2
P1_LCV01D,P1_PIT01,0.08405888528894595,0.1424068943312009,0.08405888528894595,2
P1_PCV02D,P3_FIT01,0.08387117147464278,0.08387117147464278,-0.08387117147464278,1
P2_SCO,x1003_18_SETPOINT_OUT,0.08383659832374588,0.12803577905201696,-0.08383659832374588,2
P2_ManualGO,P4_ST_GOV,0.08366198281995922,0.08366198281995922,0.08366198281995922,1
P2_MASW,P4_ST_GOV,0.08366198281995922,0.08366198281995922,0.08366198281995922,1
P2_MASW_Lamp,P4_ST_GOV,0.08366198281995922,0.08366198281995922,0.08366198281995922,1
P2_ATSW_Lamp,P4_ST_GOV,0.08366198281995893,0.08366198281995893,-0.08366198281995893,1
P2_AutoGO,P4_ST_GOV,0.08366198281995893,0.08366198281995893,-0.08366198281995893,1
P1_FT03Z,P1_PP04,0.08356926030288911,0.09119637089437173,-0.08356926030288911,2
P2_AutoGO,P4_ST_PO,0.08355491778354979,0.08355491778354979,-0.08355491778354979,1
P2_ATSW_Lamp,P4_ST_PO,0.08355491778354979,0.08355491778354979,-0.08355491778354979,1
P2_MASW,P4_ST_PO,0.08355491778354933,0.08355491778354933,0.08355491778354933,1
P2_MASW_Lamp,P4_ST_PO,0.08355491778354933,0.08355491778354933,0.08355491778354933,1
P2_ManualGO,P4_ST_PO,0.08355491778354933,0.08355491778354933,0.08355491778354933,1
x1001_15_ASSIGN_OUT,x1003_18_SETPOINT_OUT,0.08353247173251903,0.13598244023038963,0.08353247173251903,2
P1_TIT03,P4_ST_PS,0.08350096101446623,0.15212214745098251,0.08350096101446623,2
P2_SCO,P3_LCV01D,0.08329198700088722,0.09774119735111587,-0.08329198700088722,2
P2_AutoSD,P2_VIBTR02,0.08325379107891995,0.0898016097647045,-0.08325379107891995,2
x1001_05_SETPOINT_OUT,x1001_15_ASSIGN_OUT,0.08313102286903827,0.16598257768568672,-0.08285155481664845,2
P1_FT02Z,P1_TIT02,0.0830998940998206,0.09942227206481424,-0.01632237796499364,2
P1_TIT03,P3_PIT01,0.08297948608877706,0.1511037585749126,-0.06812427248613553,2
P1_TIT02,x1003_10_SETPOINT_OUT,0.08281102736638091,0.0991888180305387,-0.016377790664157788,2
P1_FT03,P2_SCO,0.08272623187880095,0.1409905730971478,0.05826434121834685,2
P1_FT01Z,P2_VIBTR02,0.08270114823165145,0.15673229168762387,-0.08270114823165145,2
P2_VIBTR02,x1003_18_SETPOINT_OUT,0.08246949115478758,0.13611973067428645,-0.05365023951949888,2
P1_FT01Z,P4_HT_PS,0.08241913575560723,0.160696226784911,-0.07827709102930376,2
P4_LD,x1002_08_SETPOINT_OUT,0.08186870644559675,0.13537104714222387,0.08186870644559675,2
P1_TIT03,P2_VIBTR02,0.08176990384057899,0.15661160304554067,0.08176990384057899,2
P2_SCST,P3_FIT01,0.08158915466019376,0.09423967548930418,-0.08158915466019376,2
P1_FT01,P2_VIBTR02,0.08154148238681239,0.1553252150965868,-0.08154148238681239,2
P2_SCO,P4_HT_PO,0.08150366692989236,0.09492693259194146,-0.08150366692989236,2
P1_FCV03Z,P2_SIT01,0.0813385799605738,0.1449238491640587,-0.06358526920348491,2
P2_MASW_Lamp,P2_ManualSD,0.08122710770438724,0.08122710770438724,0.08122710770438724,1
P2_ManualGO,P2_ManualSD,0.08122710770438724,0.08122710770438724,0.08122710770438724,1
P2_MASW,P2_ManualSD,0.08122710770438724,0.08122710770438724,0.08122710770438724,1
P2_ATSW_Lamp,P2_ManualSD,0.0812271077043844,0.0812271077043844,-0.0812271077043844,1
P2_AutoGO,P2_ManualSD,0.0812271077043844,0.0812271077043844,-0.0812271077043844,1
x1001_05_SETPOINT_OUT,x1002_07_SETPOINT_OUT,0.08110313984438991,0.14075748839881214,0.08110313984438991,2
P2_VIBTR04,P4_HT_PS,0.08098804739374474,0.1338059925810157,0.08098804739374474,2
P1_FCV02Z,P1_PCV01D,0.08055489827645425,0.10024465548854469,-0.019689757212090448,2
P1_PP04D,P4_HT_PS,0.0804539863050358,0.14883672678295337,0.06838274047791758,2
P1_LCV01Z,P4_ST_PT01,0.08020420608998818,0.10206453598349985,0.021860329893511665,2
P1_FCV03Z,P2_SCST,0.08015091454762086,0.1068618253433652,0.026710910795744343,2
P2_AutoSD,P3_PIT01,0.0801144152634226,0.09923431074997474,0.0801144152634226,2
P1_PIT02,P4_ST_LD,0.07959668708173917,0.0918881398988481,-0.01229145281710893,2
P1_LCV01Z,P1_PIT01,0.07959128739199361,0.11495630898081677,0.03536502158882315,2
P1_FCV01D,x1001_15_ASSIGN_OUT,0.07931515713986104,0.12224190340028168,-0.07931515713986104,2
P4_ST_PT01,x1003_18_SETPOINT_OUT,0.07923340165456691,0.10656633956039446,0.027332937905827553,2
P1_FT03Z,P1_PP04SP,0.07923200269004732,0.07923200269004732,-0.07923200269004732,1
P1_FT03,P1_PP04SP,0.07855907991508629,0.07855907991508629,-0.07855907991508629,1
P1_PIT02,P2_SIT01,0.07853478424502998,0.14638774635702567,0.07853478424502998,2
P2_ManualSD,P3_LCP01D,0.07846280359526556,0.07846280359526556,0.07846280359526556,1
P3_FIT01,P4_ST_PO,0.07836406412828781,0.07960670725827373,0.0012426431299859264,2
P1_PCV01D,P2_AutoSD,0.07832675837127531,0.15417148318508148,0.07584472481380616,2
P4_ST_GOV,x1002_08_SETPOINT_OUT,0.07823253490262985,0.08179591664828995,0.07823253490262985,2
P1_LCV01D,P2_SCST,0.0778914927146885,0.13714027066925466,-0.0778914927146885,2
P1_TIT01,P4_ST_LD,0.07788582427478868,0.1041388334173993,-0.026253009142610615,2
P3_FIT01,x1003_10_SETPOINT_OUT,0.07772687809104789,0.09425081051183572,-0.016523932420787823,2
P1_FCV03D,P2_SCO,0.07742819778509852,0.15206210433594064,-0.07742819778509852,2
P3_PIT01,x1003_18_SETPOINT_OUT,0.07730264979465074,0.12052625656312378,-0.07730264979465074,2
P4_ST_LD,P4_ST_TT01,0.07716646880045012,0.10368602527012387,-0.026519556469673744,2
P1_FT02Z,P3_FIT01,0.0771662058332052,0.09383960622387325,-0.016673400390668044,2
P1_FT01Z,P4_ST_LD,0.07706674293019065,0.12544612966163177,-0.04837938673144111,2
P2_24Vdc,P2_VIBTR01,0.07685689004792608,0.12697801390924138,-0.07685689004792608,2
P1_FCV03D,P2_SCST,0.07662667301342274,0.0897791216632896,0.013152448649866859,2
P1_FCV01Z,x1001_15_ASSIGN_OUT,0.07653575041423397,0.11856193956738428,-0.07653575041423397,2
P2_VIBTR03,x1001_05_SETPOINT_OUT,0.0764945458871711,0.1394193876947814,0.0764945458871711,2
P1_FCV02D,P4_ST_PS,0.07647923317654569,0.1237895510582494,-0.047310317881703715,2
P2_AutoSD,P4_LD,0.07636872632803443,0.11106378035164602,-0.07636872632803443,2
P1_LIT01,P4_ST_GOV,0.07613197714793632,0.1366114657220253,-0.07613197714793632,2
P3_LIT01,P4_ST_LD,0.07599312921327848,0.14813868003537778,0.0721455508220993,2
P1_PP04SP,x1002_08_SETPOINT_OUT,0.07583178037270821,0.07583178037270821,-0.07583178037270821,1
P1_PIT01,P2_ManualSD,0.07576096415755533,0.07576096415755533,-0.07576096415755533,1
P2_VIBTR03,P4_HT_PS,0.07571334882213124,0.08394399931746607,0.008230650495334842,2
P1_PCV02D,P4_ST_PO,0.07541359805916237,0.07541359805916237,-0.07541359805916237,1
P1_TIT02,x1001_15_ASSIGN_OUT,0.0752259923955539,0.10200518824872307,0.0752259923955539,2
P3_FIT01,P4_ST_GOV,0.07512504019482155,0.077149888371705,0.002024848176883448,2
P1_FT03Z,P2_SCST,0.07511400032488096,0.14867844556642182,-0.07511400032488096,2
P1_PP04SP,P2_ManualSD,0.07504046406528542,0.07504046406528542,-0.07504046406528542,1
P1_PCV02Z,P3_PIT01,0.0748352397130803,0.1045005261090592,-0.0748352397130803,2
P1_PCV02Z,P1_PIT02,0.07481134717848772,0.12378249724195814,-0.07481134717848772,2
P1_LCV01D,P2_MASW,0.07471199027874348,0.07471199027874348,-0.07471199027874348,1
P1_LCV01D,P2_MASW_Lamp,0.07471199027874348,0.07471199027874348,-0.07471199027874348,1
P1_LCV01D,P2_ManualGO,0.07471199027874348,0.07471199027874348,-0.07471199027874348,1
P1_LCV01D,P2_ATSW_Lamp,0.07471199027874309,0.07471199027874309,0.07471199027874309,1
P1_LCV01D,P2_AutoGO,0.07471199027874309,0.07471199027874309,0.07471199027874309,1
P1_PCV02Z,x1001_15_ASSIGN_OUT,0.07464410275537053,0.12288582497987681,-0.07464410275537053,2
P2_AutoSD,P4_ST_GOV,0.0746346104464698,0.10356594914505741,-0.028931338698587623,2
P1_LCV01Z,P2_SCST,0.07439165985129564,0.12738601670600425,-0.07439165985129564,2
P1_LCV01D,P4_ST_PT01,0.07379087544669688,0.1305609028272957,0.07379087544669688,2
P1_FT01,P1_LCV01D,0.07365139861944375,0.11408319491618935,-0.04043179629674559,2
P1_LCV01D,P1_TIT02,0.0735590167159452,0.13932115107208248,0.06576213435613729,2
P1_PIT02,P3_LCP01D,0.07351412830549395,0.10720407208593581,0.033689943780441864,2
P1_FCV03Z,P2_SCO,0.07338903373693995,0.13850679202121063,-0.07338903373693995,2
P1_TIT02,P2_SCST,0.07329858101306475,0.11096388036849403,-0.03766529935542928,2
P1_PP04D,P2_VIBTR01,0.0730764758032651,0.11289928016410075,-0.039822804360835656,2
P2_VT01,P3_LIT01,0.07303845781252909,0.09110436814838416,-0.01806591033585507,2
P1_LIT01,P3_FIT01,0.07272403301890681,0.11365249548170658,-0.040928462462799776,2
P4_HT_PS,x1003_24_SUM_OUT,0.07261636010187424,0.07926223447452896,0.07261636010187424,2
P1_PP04,P2_VIBTR01,0.07231764507936524,0.10402661011757808,-0.03170896503821284,2
P2_24Vdc,P4_ST_GOV,0.0721786464798829,0.09302701822885305,0.020848371748970154,2
P1_PIT02,x1003_18_SETPOINT_OUT,0.07188150614734837,0.08353497247579508,-0.07188150614734837,2
P1_PP04,x1003_18_SETPOINT_OUT,0.0717499613188227,0.11360232642083214,-0.04185236510200943,2
P4_HT_FD,P4_ST_FD,0.07174209652800274,0.10398751215596885,0.03224541562796611,2
P1_LCV01Z,P1_TIT02,0.07171656404807752,0.1416612246377209,0.07171656404807752,2
P4_ST_PO,x1002_08_SETPOINT_OUT,0.07157117135270746,0.07654455126037348,0.07157117135270746,2
P1_FCV02Z,P2_VIBTR02,0.07147654618214457,0.11510075274229672,0.07147654618214457,2
P1_PCV02Z,P2_SIT01,0.07143292510028251,0.11883957528129598,0.04740665018101347,2
P4_ST_LD,x1001_05_SETPOINT_OUT,0.07130409885357925,0.07925983354240057,-0.07130409885357925,2
P1_PCV02Z,P4_HT_PO,0.07129576329330134,0.08734964081440408,0.016053877521102742,2
P1_FT03Z,P2_SCO,0.07091424985859066,0.1318356327207255,0.06092138286213483,2
P1_PIT02,P2_VIBTR04,0.07089991782451491,0.08708858014108158,0.016188662316566675,2
P1_PIT02,P4_ST_GOV,0.07082457672199871,0.07748282344002186,-0.0066582467180231406,2
P1_LIT01,P3_LIT01,0.0708229959431411,0.13345830108658535,0.0708229959431411,2
P1_PCV02D,P1_PP04,0.07075885709076526,0.07075885709076526,-0.07075885709076526,1
P2_SIT01,P4_HT_PS,0.07067095567630102,0.10762907522186099,0.03695811954555997,2
P2_24Vdc,P4_ST_PO,0.07061455042417873,0.09042263192888059,0.01980808150470186,2
P1_LCV01Z,P2_VIBTR02,0.07052964500839627,0.12040950965054359,-0.07052964500839627,2
P1_FT02,x1001_15_ASSIGN_OUT,0.07035576188048379,0.1220906515457499,-0.07035576188048379,2
P2_AutoGO,x1002_08_SETPOINT_OUT,0.07034587801761435,0.07034587801761435,-0.07034587801761435,1
P2_ATSW_Lamp,x1002_08_SETPOINT_OUT,0.07034587801761435,0.07034587801761435,-0.07034587801761435,1
P2_MASW_Lamp,x1002_08_SETPOINT_OUT,0.0703458780176137,0.0703458780176137,0.0703458780176137,1
P2_ManualGO,x1002_08_SETPOINT_OUT,0.0703458780176137,0.0703458780176137,0.0703458780176137,1
P2_MASW,x1002_08_SETPOINT_OUT,0.0703458780176137,0.0703458780176137,0.0703458780176137,1
P2_24Vdc,P2_VT01,0.07029796745426575,0.1320748377441524,-0.061776870289886654,2
P2_SCO,P4_ST_PO,0.07027493984379628,0.07085729328055443,-0.0005823534367581512,2
P1_FT02Z,P1_TIT03,0.07010694952277191,0.09461436919772925,0.07010694952277191,2
P1_FCV02Z,P1_PCV01Z,0.07010338439745589,0.10294558237882086,-0.032842197981364965,2
P1_TIT03,P2_SCST,0.07001903187258193,0.12427254873467235,0.054253516862090415,2
P2_SIT01,P4_ST_PO,0.0699878571862684,0.11481627460969965,0.04482841742343125,2
P1_TIT03,x1003_10_SETPOINT_OUT,0.06991714059853382,0.09408846789749259,0.06991714059853382,2
P1_PIT01,P2_VIBTR03,0.06987266157631207,0.07604485080370217,0.006172189227390101,2
P1_TIT02,P1_TIT03,0.06981867449698054,0.09869459353420018,-0.028875919037219644,2
P1_PCV02Z,P2_VT01,0.0697993326577836,0.07564879362299093,0.0697993326577836,2
P1_LCV01Z,x1003_18_SETPOINT_OUT,0.06969764948933854,0.09964144741305528,0.029943797923716743,2
P2_24Vdc,P4_ST_LD,0.06957439585142043,0.08618766898005528,0.016613273128634854,2
P2_ManualSD,P4_LD,0.06956490468760954,0.06956490468760954,-0.06956490468760954,1
P1_PP04SP,P4_LD,0.0695468095554998,0.0695468095554998,0.0695468095554998,1
P2_AutoSD,P2_SCST,0.069509643347315,0.07272486552925872,0.003215222181943714,2
P2_VIBTR03,P4_ST_PT01,0.0694692776870178,0.07625643217919827,0.0067871544921804736,2
P2_VT01,P3_LCV01D,0.06944679795768571,0.07637440191265699,-0.06944679795768571,2
P1_PIT02,x1003_24_SUM_OUT,0.06943235507620163,0.09673018588038584,-0.06943235507620163,2
P1_FT01Z,P2_SCST,0.06913216858146526,0.13316716368389156,-0.0640349951024263,2
P2_VT01,P4_HT_PO,0.06911895963056729,0.07509807678270239,-0.06911895963056729,2
P3_LCV01D,P4_ST_PS,0.06907138210967513,0.08378437298584775,-0.06907138210967513,2
x1001_15_ASSIGN_OUT,x1003_10_SETPOINT_OUT,0.06873801272106342,0.11518404092749598,-0.06873801272106342,2
P1_FCV03D,P1_PP04,0.06868110597957862,0.12530847069030132,-0.056627364710722695,2
P1_FCV03Z,P2_ATSW_Lamp,0.06856484695065906,0.06856484695065906,-0.06856484695065906,1
P1_FCV03Z,P2_AutoGO,0.06856484695065906,0.06856484695065906,-0.06856484695065906,1
P1_FCV03Z,P2_MASW,0.06856484695065888,0.06856484695065888,0.06856484695065888,1
P1_FCV03Z,P2_MASW_Lamp,0.06856484695065888,0.06856484695065888,0.06856484695065888,1
P1_FCV03Z,P2_ManualGO,0.06856484695065888,0.06856484695065888,0.06856484695065888,1
P1_FT02Z,x1001_15_ASSIGN_OUT,0.06848093294747873,0.11510252369726762,-0.06848093294747873,2
P1_FCV02D,P2_VIBTR02,0.06842269500281206,0.1110572921312403,0.06842269500281206,2
P4_ST_PS,x1003_10_SETPOINT_OUT,0.06839881064820713,0.09718432370984718,0.06839881064820713,2
P4_HT_PO,P4_ST_PS,0.06834396984624834,0.0811598664083092,-0.06834396984624834,2
P1_FT01,P1_FT03Z,0.06825000341288104,0.06886678359221227,0.06825000341288104,2
P1_FT01,P4_ST_LD,0.06819922420120586,0.11407570811490847,-0.045876483913702616,2
P1_FT03,x1001_15_ASSIGN_OUT,0.06812240304243353,0.12420806921685837,0.06812240304243353,2
P4_ST_LD,x1002_08_SETPOINT_OUT,0.06800448610723639,0.0772109989160162,0.06800448610723639,2
P1_FT02Z,P4_ST_PS,0.06797774220749991,0.09779857573783338,0.06797774220749991,2
P1_PCV02Z,P3_LCV01D,0.06793876041741775,0.0815653635464795,0.013626603129061745,2
P2_ManualSD,P4_ST_PT01,0.06788648263621372,0.06788648263621372,-0.06788648263621372,1
P3_LCP01D,x1003_10_SETPOINT_OUT,0.06783629224925056,0.08554107754221402,0.017704785292963467,2
P4_LD,x1003_18_SETPOINT_OUT,0.067626986536799,0.06822077238547831,0.067626986536799,2
P1_PCV02D,P2_MASW,0.0675121175553194,0.0675121175553194,-0.0675121175553194,1
P1_PCV02D,P2_MASW_Lamp,0.0675121175553194,0.0675121175553194,-0.0675121175553194,1
P1_PCV02D,P2_ManualGO,0.0675121175553194,0.0675121175553194,-0.0675121175553194,1
P1_PCV02D,P2_AutoGO,0.06751211755531919,0.06751211755531919,0.06751211755531919,1
P1_PCV02D,P2_ATSW_Lamp,0.06751211755531919,0.06751211755531919,0.06751211755531919,1
P1_FT02Z,P3_LCP01D,0.0672281260296508,0.08483483476225503,0.017606708732604236,2
P1_FT01,P1_FT03,0.06708038769884414,0.08149361805651567,0.06708038769884414,2
P2_SCST,P2_SIT01,0.06705868017913039,0.10287234235417558,-0.0358136621750452,2
P1_FCV03Z,P1_PP04,0.06661943455364734,0.12725770477505474,-0.060638270221407393,2
P2_ManualSD,P3_PIT01,0.0666043965229207,0.0666043965229207,0.0666043965229207,1
P1_PCV02D,x1002_08_SETPOINT_OUT,0.06657148402935763,0.06657148402935763,-0.06657148402935763,1
P2_24Vdc,x1003_24_SUM_OUT,0.06655722784926883,0.08309571708036892,0.016538489231100087,2
P1_FCV01D,P4_HT_PO,0.0660788571986067,0.06797310900312142,-0.0660788571986067,2
P2_SCO,P2_VIBTR04,0.06602676747562805,0.12337368315298125,-0.06602676747562805,2
P1_FCV01D,P3_LCV01D,0.06594091317084022,0.0708136273967055,-0.06594091317084022,2
P1_LCV01D,P2_VIBTR02,0.06548535146109394,0.10346781736140978,-0.06548535146109394,2
P2_VIBTR02,x1003_24_SUM_OUT,0.0654123488853263,0.11806566295130255,-0.05265331406597626,2
P1_FCV01Z,P4_HT_PO,0.06511380357143184,0.06734572169001132,-0.06511380357143184,2
P1_TIT03,P2_VIBTR01,0.06509298910306799,0.10153262891277344,0.06509298910306799,2
P2_SCST,x1002_08_SETPOINT_OUT,0.06505042416848085,0.10315092586345956,-0.06505042416848085,2
P1_FT01Z,P3_PIT01,0.06504500049774613,0.11240968419150475,0.06504500049774613,2
P1_PCV02Z,P3_LCP01D,0.0649997411819752,0.12218830245971278,-0.0649997411819752,2
P1_FCV01Z,P3_LCV01D,0.06493625115225758,0.07016060238517617,-0.06493625115225758,2
P1_FT03Z,x1001_15_ASSIGN_OUT,0.06492297905330613,0.12172482022356812,0.06492297905330613,2
P1_FCV01Z,P1_FCV02D,0.06490646525034155,0.09305250169098522,-0.06490646525034155,2
P1_FCV02D,P1_TIT01,0.06486506610489853,0.0656998569633303,-0.06486506610489853,2
P1_FCV02D,P4_ST_TT01,0.06483649065756472,0.06549462445694015,-0.06483649065756472,2
P2_AutoGO,P4_ST_LD,0.06448471104765449,0.06448471104765449,-0.06448471104765449,1
P2_ATSW_Lamp,P4_ST_LD,0.06448471104765449,0.06448471104765449,-0.06448471104765449,1
P2_ManualGO,P4_ST_LD,0.06448471104765395,0.06448471104765395,0.06448471104765395,1
P2_MASW_Lamp,P4_ST_LD,0.06448471104765395,0.06448471104765395,0.06448471104765395,1
P2_MASW,P4_ST_LD,0.06448471104765395,0.06448471104765395,0.06448471104765395,1
P2_SIT01,P4_ST_GOV,0.06448117995855351,0.10629807396038765,0.04181689400183413,2
P2_SCST,P2_VIBTR04,0.06435618185626898,0.10443114236934481,0.04007496051307583,2
P1_FT01Z,P4_ST_GOV,0.06427095393370136,0.08695541435111663,-0.06427095393370136,2
P1_FCV02Z,P1_TIT02,0.06397333072037725,0.07313790691407718,-0.009164576193699925,2
P2_VIBTR02,P4_HT_PS,0.06391560886523981,0.09651265164686566,0.06391560886523981,2
P1_PIT02,P4_ST_PO,0.06381200614915139,0.0749859478131524,0.01117394166400101,2
P3_FIT01,P4_LD,0.06372248792331575,0.07776772504599161,-0.014045237122675858,2
P1_FCV01D,P1_FCV02D,0.06330950197430996,0.09662610615813794,-0.06330950197430996,2
P1_FT02Z,P4_ST_TT01,0.06318345011541482,0.11959464347418569,0.06318345011541482,2
P1_FT02Z,P1_TIT01,0.06274633256898796,0.11921636319529622,0.06274633256898796,2
P4_HT_PO,x1002_07_SETPOINT_OUT,0.06270278991497016,0.07620235210731512,0.06270278991497016,2
x1001_15_ASSIGN_OUT,x1002_07_SETPOINT_OUT,0.06265462688049009,0.11478088031884816,0.05212625343835806,2
P3_LCV01D,x1002_07_SETPOINT_OUT,0.062295935761685337,0.07533223444630015,0.062295935761685337,2
P4_ST_TT01,x1003_10_SETPOINT_OUT,0.06220536385436429,0.11899544433235143,0.06220536385436429,2
P1_TIT02,P3_LCP01D,0.0621061100897472,0.06802182796322624,-0.00591571787347904,2
P1_FT01Z,x1003_24_SUM_OUT,0.062066074267914856,0.10317809653892124,-0.04111202227100638,2
P3_FIT01,P3_LCV01D,0.062040664335503204,0.10680614424692858,-0.044765479911425377,2
P4_ST_GOV,x1001_05_SETPOINT_OUT,0.06191922297684732,0.09378053839424831,-0.06191922297684732,2
P1_PCV02D,P4_LD,0.061876739534321365,0.061876739534321365,-0.061876739534321365,1
P1_FCV01D,P1_FCV02Z,0.0618550374855949,0.11302908928724409,-0.0618550374855949,2
P1_TIT01,x1003_10_SETPOINT_OUT,0.06178771750922757,0.11864905657846042,0.06178771750922757,2
P1_PP04D,x1003_18_SETPOINT_OUT,0.061762484396786686,0.08453330841445132,-0.022770824017664636,2
P1_FCV01Z,P1_FCV02Z,0.06172575357302357,0.11219635372022319,-0.06172575357302357,2
P4_ST_PO,x1001_05_SETPOINT_OUT,0.06164540061164156,0.09747339961394524,-0.06164540061164156,2
P1_FT01,P4_ST_GOV,0.06156070769603794,0.07638681173056519,-0.06156070769603794,2
P3_FIT01,P4_ST_LD,0.06153940210299952,0.07644436876983235,0.01490496666683283,2
P3_FIT01,P4_HT_PO,0.061263088442886415,0.10549728225238597,-0.044234193809499556,2
P4_HT_PO,x1003_10_SETPOINT_OUT,0.06098341501715106,0.0734078849155342,-0.06098341501715106,2
P1_PCV02D,x1001_15_ASSIGN_OUT,0.06095288053764621,0.06095288053764621,-0.06095288053764621,1
P1_FCV03D,P3_FIT01,0.06087779888294989,0.0706490654280746,0.009771266545124706,2
P1_FT02Z,P4_HT_PO,0.060780930510858575,0.07377784197897914,-0.060780930510858575,2
P1_FCV03D,P2_ATSW_Lamp,0.06072028218117502,0.06072028218117502,-0.06072028218117502,1
P1_FCV03D,P2_AutoGO,0.06072028218117502,0.06072028218117502,-0.06072028218117502,1
P1_FCV03D,P2_MASW,0.06072028218117477,0.06072028218117477,0.06072028218117477,1
P1_FCV03D,P2_MASW_Lamp,0.06072028218117477,0.06072028218117477,0.06072028218117477,1
P1_FCV03D,P2_ManualGO,0.06072028218117477,0.06072028218117477,0.06072028218117477,1
P3_LCV01D,x1003_10_SETPOINT_OUT,0.06065720622055973,0.07594664155356759,-0.06065720622055973,2
P1_FT01,P3_PIT01,0.060615297143000284,0.11098312521343166,0.05036782807043138,2
P1_FT01Z,P3_FIT01,0.0605487441251928,0.11641630704287287,0.0605487441251928,2
P2_SCO,P4_ST_GOV,0.06049602657381942,0.06880363499945275,-0.008307608425633325,2
P1_FCV02D,P3_LCV01D,0.06048234016625903,0.1145921339189224,0.054109793752663365,2
P1_FT02Z,P3_LCV01D,0.06046351753624439,0.0763396211160666,-0.06046351753624439,2
P2_24Vdc,P4_LD,0.06038701781311635,0.07420765283660505,0.013820635023488698,2
P1_FCV02Z,P1_TIT03,0.06033117585606296,0.11117485637505331,-0.06033117585606296,2
P1_FCV02Z,P3_FIT01,0.06023716286792628,0.08189654051050617,-0.021659377642579882,2
P1_PIT02,P2_VIBTR03,0.060170046267731404,0.09260019854229946,0.060170046267731404,2
P1_FT01Z,P1_LCV01D,0.060085224775524804,0.11842094623716404,-0.060085224775524804,2
P1_TIT02,P3_FIT01,0.06001410557187424,0.06244516272237308,-0.0024310571504988394,2
P2_ManualGO,P2_VT01,0.05999376294476571,0.05999376294476571,0.05999376294476571,1
P2_MASW,P2_VT01,0.05999376294476571,0.05999376294476571,0.05999376294476571,1
P2_MASW_Lamp,P2_VT01,0.05999376294476571,0.05999376294476571,0.05999376294476571,1
P2_ATSW_Lamp,P2_VT01,0.0599937629447657,0.0599937629447657,-0.0599937629447657,1
P2_AutoGO,P2_VT01,0.0599937629447657,0.0599937629447657,-0.0599937629447657,1
P1_FT02,P4_HT_PO,0.059966731576579085,0.07119004181984166,-0.059966731576579085,2
P1_LCV01D,x1003_18_SETPOINT_OUT,0.05992713359734803,0.08672126812639536,0.026794134529047324,2
P1_FT02,P3_LCV01D,0.05980923893236075,0.06780260960264271,-0.05980923893236075,2
P1_PIT01,P3_FIT01,0.059788608336269054,0.10794958626182367,0.059788608336269054,2
P2_MASW_Lamp,P4_ST_PT01,0.05958910265207409,0.05958910265207409,0.05958910265207409,1
P2_MASW,P4_ST_PT01,0.05958910265207409,0.05958910265207409,0.05958910265207409,1
P2_ManualGO,P4_ST_PT01,0.05958910265207409,0.05958910265207409,0.05958910265207409,1
P2_ATSW_Lamp,P4_ST_PT01,0.05958910265207389,0.05958910265207389,-0.05958910265207389,1
P2_AutoGO,P4_ST_PT01,0.05958910265207389,0.05958910265207389,-0.05958910265207389,1
P1_TIT03,P4_ST_PT01,0.059441228613471286,0.11067944518798697,0.059441228613471286,2
P1_FT01,P2_ManualGO,0.059340365108533,0.059340365108533,-0.059340365108533,1
P1_FT01,P2_MASW,0.059340365108533,0.059340365108533,-0.059340365108533,1
P1_FT01,P2_MASW_Lamp,0.059340365108533,0.059340365108533,-0.059340365108533,1
P1_FT01,P2_AutoGO,0.05934036510853243,0.05934036510853243,0.05934036510853243,1
P1_FT01,P2_ATSW_Lamp,0.05934036510853243,0.05934036510853243,0.05934036510853243,1
P3_PIT01,P4_HT_PO,0.0591077294708538,0.09938047384255855,-0.04027274437170475,2
P1_PCV02D,P4_ST_LD,0.058940166989047395,0.058940166989047395,-0.058940166989047395,1
P1_PCV02Z,P2_24Vdc,0.05873464762161625,0.11699414547387112,0.05873464762161625,2
P3_LCV01D,P3_PIT01,0.05854299661246948,0.0987911787875998,-0.04024818217513032,2
P1_FCV02Z,P3_LCV01D,0.05811503747534226,0.11437515364861162,0.056260116173269356,2
P3_FIT01,x1003_24_SUM_OUT,0.0580243101875416,0.08499709982694692,-0.026972789639405317,2
P1_FCV02D,P4_HT_PO,0.05788911585511294,0.11267277187861789,0.054783656023504955,2
P2_ManualGO,P2_VIBTR03,0.05750723201051979,0.05750723201051979,-0.05750723201051979,1
P2_MASW,P2_VIBTR03,0.05750723201051979,0.05750723201051979,-0.05750723201051979,1
P2_MASW_Lamp,P2_VIBTR03,0.05750723201051979,0.05750723201051979,-0.05750723201051979,1
P2_AutoGO,P2_VIBTR03,0.05750723201051877,0.05750723201051877,0.05750723201051877,1
P2_ATSW_Lamp,P2_VIBTR03,0.05750723201051877,0.05750723201051877,0.05750723201051877,1
P1_PCV01D,P1_TIT02,0.05749449252654632,0.08017393075285695,0.05749449252654632,2
P1_FT03Z,P2_AutoGO,0.05742696829867284,0.05742696829867284,-0.05742696829867284,1
P1_FT03Z,P2_ATSW_Lamp,0.05742696829867284,0.05742696829867284,-0.05742696829867284,1
P1_FT03Z,P2_MASW,0.0574269682986715,0.0574269682986715,0.0574269682986715,1
P1_FT03Z,P2_MASW_Lamp,0.0574269682986715,0.0574269682986715,0.0574269682986715,1
P1_FT03Z,P2_ManualGO,0.0574269682986715,0.0574269682986715,0.0574269682986715,1
P3_FIT01,x1001_15_ASSIGN_OUT,0.057410941488587025,0.06650289936930132,-0.009091957880714291,2
P4_ST_PO,P4_ST_PS,0.056866434196168034,0.06476945299625013,0.007903018800082099,2
P2_24Vdc,x1001_15_ASSIGN_OUT,0.056792146444374254,0.08940002106636216,0.03260787462198791,2
P2_VIBTR03,P3_PIT01,0.056560231330938224,0.07151825842144136,-0.014958027090503128,2
P1_FCV02Z,P4_HT_PO,0.05650168195122471,0.11288199181247947,0.05650168195122471,2
P3_LCV01D,P4_ST_PO,0.05646728483121466,0.05782031520995823,0.0013530303787435694,2
P1_FT03,P2_AutoGO,0.05642922854645463,0.05642922854645463,-0.05642922854645463,1
P1_FT03,P2_ATSW_Lamp,0.05642922854645463,0.05642922854645463,-0.05642922854645463,1
P1_FT03,P2_MASW_Lamp,0.05642922854645368,0.05642922854645368,0.05642922854645368,1
P1_FT03,P2_MASW,0.05642922854645368,0.05642922854645368,0.05642922854645368,1
P1_FT03,P2_ManualGO,0.05642922854645368,0.05642922854645368,0.05642922854645368,1
P4_HT_PO,P4_ST_PO,0.05639831840355647,0.05763410103318045,0.0012357826296239827,2
P3_FIT01,x1002_07_SETPOINT_OUT,0.05639228803040179,0.07718657775693165,-0.020794289726529858,2
P1_PCV02Z,P1_PP04SP,0.05630531683932698,0.05630531683932698,0.05630531683932698,1
P1_FCV02D,P1_TIT03,0.055853078783822896,0.10095813672880971,-0.055853078783822896,2
P2_AutoSD,P4_ST_LD,0.05584322134274876,0.07329179127782565,-0.017448569935076888,2
P1_PCV02D,P4_HT_PO,0.055670324062549126,0.055670324062549126,-0.055670324062549126,1
P1_FCV01D,P3_PIT01,0.05555561588168903,0.09514875943737364,0.03959314355568461,2
P1_PIT01,P1_TIT03,0.05538714690974269,0.10122851900431616,0.05538714690974269,2
P1_PCV02Z,P4_ST_GOV,0.055378013644813665,0.10019123747734628,-0.04481322383253261,2
P1_PCV02D,P3_LCV01D,0.05534929076280719,0.05534929076280719,-0.05534929076280719,1
P2_AutoGO,P3_FIT01,0.05514814832263192,0.05514814832263192,-0.05514814832263192,1
P2_ATSW_Lamp,P3_FIT01,0.05514814832263192,0.05514814832263192,-0.05514814832263192,1
P2_MASW,P3_FIT01,0.05514814832263189,0.05514814832263189,0.05514814832263189,1
P2_ManualGO,P3_FIT01,0.05514814832263189,0.05514814832263189,0.05514814832263189,1
P2_MASW_Lamp,P3_FIT01,0.05514814832263189,0.05514814832263189,0.05514814832263189,1
P1_FT03Z,P3_FIT01,0.05502424197716234,0.07346741651479756,0.018443174537635224,2
P4_ST_LD,P4_ST_PS,0.054780621510377575,0.07316569944012231,0.018385077929744736,2
P1_PP04D,P1_PP04SP,0.054748330833163286,0.054748330833163286,0.054748330833163286,1
P1_PCV02D,P3_PIT01,0.05464478048426555,0.05464478048426555,-0.05464478048426555,1
P2_AutoSD,x1002_08_SETPOINT_OUT,0.0546130070460175,0.06476680611553655,-0.0546130070460175,2
P2_SCO,P4_LD,0.05416761614512282,0.07120231447721372,-0.05416761614512282,2
P1_LIT01,P4_ST_PO,0.05413349070039829,0.08549644047397004,-0.05413349070039829,2
P1_FT01Z,P4_HT_PO,0.05413110917780612,0.06341516066707951,-0.05413110917780612,2
P2_AutoSD,P4_HT_PS,0.0540372475333437,0.09407384347991782,-0.0540372475333437,2
P2_VT01,P4_LD,0.05402397129625786,0.06629742841976946,-0.05402397129625786,2
P2_SIT01,P3_LCV01D,0.05396150890298012,0.07288066091703949,-0.05396150890298012,2
P1_FT01Z,P4_LD,0.053947992984991346,0.10720624257267834,-0.053947992984991346,2
P2_VIBTR01,P4_ST_TT01,0.05390597464578291,0.09683770236441908,0.04293172771863617,2
P3_LCP01D,P4_ST_TT01,0.05376938285104216,0.0994736964586456,-0.05376938285104216,2
P1_PIT02,P3_PIT01,0.053607528303132576,0.062173766834797486,0.008566238531664914,2
P1_LIT01,P3_LCP01D,0.053490414260121424,0.08100287644694722,0.027512462186825792,2
P1_PCV02Z,P1_TIT02,0.05334411485951665,0.057391197906696445,-0.004047083047179798,2
P1_TIT01,P3_LCP01D,0.05332722790361602,0.09945329896788613,-0.05332722790361602,2
P1_TIT01,P2_VIBTR01,0.053216680670072014,0.09482894107777708,0.04161226040770506,2
P1_LIT01,P2_VIBTR01,0.05320246573955628,0.06980463379052784,0.016602168050971564,2
P1_LCV01Z,P2_VIBTR03,0.05319799637721154,0.05439819259471294,0.0012001962175013994,2
P3_FIT01,P4_ST_PT01,0.05315449019757872,0.09457704852968243,0.05315449019757872,2
P1_LIT01,P3_PIT01,0.05277820472378475,0.07108127775961454,0.05277820472378475,2
P1_FCV02Z,x1001_15_ASSIGN_OUT,0.05275160864629245,0.08241369598221837,0.05275160864629245,2
P4_HT_PO,x1003_24_SUM_OUT,0.052749257257604834,0.05878359714944226,0.052749257257604834,2
P1_PCV01D,x1002_07_SETPOINT_OUT,0.05268474717762112,0.0954796507962144,-0.05268474717762112,2
P4_ST_GOV,P4_ST_PS,0.05255504477679531,0.05393052254927634,-0.0013754777724810305,2
P1_PCV02Z,P1_TIT03,0.05242202665037071,0.08804599917236273,-0.03562397252199202,2
P2_SIT01,P4_HT_PO,0.052377244249779034,0.07157549301654394,-0.052377244249779034,2
P2_SCST,P4_HT_PO,0.052272430384404774,0.09284084020160122,0.052272430384404774,2
P2_VIBTR01,P4_ST_PS,0.05221445803958097,0.058668636403492624,-0.05221445803958097,2
P1_FCV01Z,P3_PIT01,0.0521684559532343,0.09201999097530605,0.039851535022071755,2
P3_LCV01D,x1003_24_SUM_OUT,0.05202280824541097,0.057816281665619806,0.05202280824541097,2
P1_FCV02D,P3_FIT01,0.051992784125474895,0.0653360162459387,-0.013343232120463806,2
P1_FCV02D,P1_FT02Z,0.05195234835440643,0.06380855831052001,-0.05195234835440643,2
P3_FIT01,x1003_18_SETPOINT_OUT,0.051792050177575946,0.06852363091202109,-0.051792050177575946,2
P2_SCST,P3_LCV01D,0.051785979788617965,0.09132552658879568,0.051785979788617965,2
P2_AutoSD,x1001_05_SETPOINT_OUT,0.05172474143187987,0.08695618649237925,0.05172474143187987,2
P1_PIT01,P2_MASW,0.05167911246619629,0.05167911246619629,0.05167911246619629,1
P1_PIT01,P2_MASW_Lamp,0.05167911246619629,0.05167911246619629,0.05167911246619629,1
P1_PIT01,P2_ManualGO,0.05167911246619629,0.05167911246619629,0.05167911246619629,1
P1_PIT01,P2_ATSW_Lamp,0.05167911246619625,0.05167911246619625,-0.05167911246619625,1
P1_PIT01,P2_AutoGO,0.05167911246619625,0.05167911246619625,-0.05167911246619625,1
P4_HT_PO,x1001_05_SETPOINT_OUT,0.05162926789213902,0.08366076173731202,0.032031493845172995,2
P1_FT01Z,P3_LCV01D,0.05156054088235352,0.05678624714361992,-0.05156054088235352,2
P1_LIT01,P1_PP04,0.051492411293539105,0.06297381497010801,-0.011481403676568906,2
P1_FCV02D,x1003_10_SETPOINT_OUT,0.05128587724275002,0.06300653751443908,-0.05128587724275002,2
P1_FT03,P4_ST_GOV,0.0512216832568993,0.08905893754952217,0.0512216832568993,2
P2_SCST,P2_VIBTR02,0.051179750969387275,0.0861061900077269,0.03492643903833963,2
P1_FCV03D,P2_24Vdc,0.05116115312692474,0.07319377639949623,-0.022032623272571487,2
P1_FT03Z,P4_ST_GOV,0.051127509045382116,0.08373998944588482,0.051127509045382116,2
P1_TIT02,P3_PIT01,0.05100195238524498,0.06396053497163945,-0.012958582586394471,2
P1_FT01Z,P3_LCP01D,0.05089887714696645,0.06741002184894418,0.05089887714696645,2
P3_LCV01D,x1001_05_SETPOINT_OUT,0.05084083832902677,0.08469530625279209,0.03385446792376532,2
P1_TIT01,P3_FIT01,0.0505098118944207,0.09407632990551269,-0.043566518011091994,2
P1_PP04SP,x1002_07_SETPOINT_OUT,0.0504768135946177,0.0504768135946177,-0.0504768135946177,1
P4_HT_PO,x1001_15_ASSIGN_OUT,0.05041400110609684,0.08276681505172101,0.03235281394562417,2
P1_FT01Z,P1_FT03Z,0.05029132842826195,0.07160663294046904,0.05029132842826195,2
P1_FT01,P3_FIT01,0.050076949848650805,0.08971425030731699,0.050076949848650805,2
P3_FIT01,P4_ST_TT01,0.05005962781619816,0.09363448786491119,-0.04357486004871303,2
P1_LIT01,P4_LD,0.050013056377173015,0.06874772017446246,-0.01873466379728944,2
P1_FCV03D,P1_FCV03Z,0.04998308639342197,0.08899841233617733,0.04998308639342197,2
P1_FT03,P3_FIT01,0.049971552004707376,0.06464429630690093,0.01467274430219355,2
P3_LCV01D,P4_ST_GOV,0.04990099586995611,0.053104898990129934,0.0032039031201738233,2
P3_LCV01D,x1001_15_ASSIGN_OUT,0.049839853948924095,0.08267917113386203,0.03283931718493793,2
P2_VIBTR04,P3_LCV01D,0.0497408536590979,0.055525266613531354,-0.005784412954433455,2
P4_HT_PO,P4_ST_GOV,0.049729928965522585,0.052881257464370335,0.0031513284988477497,2
P1_FCV03Z,P3_LCP01D,0.04961543972819198,0.07375254357661207,-0.04961543972819198,2
P2_VIBTR03,P4_ST_PS,0.0493726735405918,0.058267122183072895,-0.0493726735405918,2
P1_PCV01D,P2_VIBTR04,0.049309494355996235,0.06335157703587245,0.049309494355996235,2
P2_VIBTR04,x1002_08_SETPOINT_OUT,0.049302858720916026,0.08409020540072126,-0.03478734667980524,2
P3_LCP01D,x1002_07_SETPOINT_OUT,0.04920497940674044,0.05340752458005752,-0.04920497940674044,2
P2_SIT01,x1002_08_SETPOINT_OUT,0.04907181775448639,0.0852738273162483,-0.036202009561761915,2
P1_LCV01D,P2_VIBTR03,0.049005219842909585,0.050047662528446134,-0.0010424426855365487,2
P1_FCV02Z,P1_TIT01,0.04899691940564241,0.06603376103125747,-0.04899691940564241,2
P1_FCV02Z,P4_ST_TT01,0.04891735080633866,0.06568815976336995,-0.04891735080633866,2
P1_FT01Z,P2_VT01,0.04820783672473844,0.08743850990500288,-0.04820783672473844,2
P1_FT03,P4_LD,0.048172605183557204,0.05025319244120289,0.048172605183557204,2
P1_FCV02D,x1001_15_ASSIGN_OUT,0.0481201284483966,0.07841432871370532,0.0481201284483966,2
P1_PCV01Z,P2_VIBTR04,0.048098878855566435,0.06381276306808768,0.048098878855566435,2
P1_TIT02,P2_VIBTR02,0.04798250989817172,0.08321444938298882,0.0352319394848171,2
P2_VIBTR04,P4_HT_PO,0.047850907849081734,0.05292977539000177,-0.005078867540920039,2
P3_LCP01D,P4_ST_PS,0.047769333916767416,0.06525605488950914,0.047769333916767416,2
P1_FT01,P2_VT01,0.04771829793624004,0.08583820196947706,-0.03811990403323702,2
P1_LCV01D,P1_LCV01Z,0.04751375263841162,0.09304299461723053,-0.04751375263841162,2
P3_FIT01,P4_ST_PS,0.04742635280528604,0.09219012357153353,0.04476377076624749,2
P2_24Vdc,P2_VIBTR04,0.04686663291988079,0.09080940850411262,-0.04686663291988079,2
P2_VIBTR04,P4_ST_LD,0.046866163383524076,0.04843243494726292,0.046866163383524076,2
P1_FCV03D,P4_ST_GOV,0.04683012193386773,0.08985743564752205,0.04683012193386773,2
P1_FT03,P3_LCV01D,0.04674265388629534,0.051107925132175464,0.04674265388629534,2
P1_PCV01D,P2_SIT01,0.04674133542209512,0.08115192124507904,0.04674133542209512,2
P1_FT03Z,P4_LD,0.046676897977010516,0.051197178127166475,0.046676897977010516,2
P1_PIT02,P4_ST_FD,0.04660795857302605,0.06083534181927994,0.04660795857302605,2
P2_VIBTR01,x1002_08_SETPOINT_OUT,0.046544562455144156,0.06515339917194937,-0.046544562455144156,2
P1_PCV01D,P4_ST_FD,0.04653615837046511,0.05874327499560175,-0.04653615837046511,2
P2_SIT01,P4_ST_PS,0.0464185008479938,0.04789143820544475,-0.0464185008479938,2
P1_FT03,P4_HT_PO,0.04625986492292412,0.04879943568116625,0.04625986492292412,2
P1_FCV01D,P1_TIT03,0.04616747738245852,0.08267236709346082,0.04616747738245852,2
P1_FCV01Z,P1_TIT03,0.04612653695188679,0.08352891924674555,0.04612653695188679,2
P1_PCV01Z,x1002_07_SETPOINT_OUT,0.04608646370338721,0.08375146338956989,-0.04608646370338721,2
P2_SCO,P2_SCST,0.046067260079747006,0.07374985646060761,0.027682596380860604,2
P1_FCV03Z,P4_ST_GOV,0.04606328427553233,0.08712405159547065,0.04606328427553233,2
P2_24Vdc,P2_SIT01,0.045743371289027515,0.07301310399558479,-0.045743371289027515,2
P1_PCV02Z,P4_ST_PO,0.045721213522710386,0.08469094082913363,-0.045721213522710386,2
P1_PCV02Z,P3_FIT01,0.045684617120255,0.06920378274732653,-0.045684617120255,2
P1_FT01Z,P1_FT03,0.045649270377597,0.0538591353459586,0.045649270377597,2
P2_SCO,P3_PIT01,0.04561346475599759,0.0867766227920154,0.041163158036017805,2
P1_TIT03,P2_VIBTR03,0.04507498967901078,0.07207015888296274,0.02699516920395196,2
P2_VT01,P4_ST_PS,0.04492921068860162,0.07970951507950652,-0.04492921068860162,2
P2_24Vdc,P2_SCO,0.044869352950605,0.062411769736823865,-0.044869352950605,2
P1_FT02Z,P4_ST_PT01,0.04483729062393116,0.05539323427878771,-0.04483729062393116,2
P1_FCV03D,P3_LCP01D,0.04479173658512274,0.08104180211352323,-0.04479173658512274,2
P1_PP04,P1_PP04SP,0.04477903845999368,0.04477903845999368,0.04477903845999368,1
P1_PCV01D,P2_VIBTR03,0.044761883335690554,0.05904577011815337,0.014283886782462821,2
P1_PCV01Z,P2_VIBTR03,0.044760700194410086,0.057876537333579385,0.013115837139169303,2
P1_FT01,P4_LD,0.04467940386901868,0.08287732634980921,-0.04467940386901868,2
P1_TIT02,P3_LCV01D,0.04460712220560627,0.07626883544264387,0.031661713237037606,2
P4_ST_PT01,x1003_10_SETPOINT_OUT,0.04440772304000269,0.055557271505221086,-0.04440772304000269,2
P1_LIT01,P3_LCV01D,0.044194016269095776,0.04675574282608645,-0.0025617265569906796,2
P2_SCST,x1001_15_ASSIGN_OUT,0.04415770508414202,0.061635457754280976,0.04415770508414202,2
P2_SCO,P4_ST_LD,0.04415083175891174,0.04528882159652374,-0.001137989837611996,2
P1_PP04SP,P2_VIBTR01,0.044138505776133964,0.044138505776133964,-0.044138505776133964,1
P1_TIT02,P4_HT_PO,0.04403478724450556,0.07527179217898208,0.031237004934476526,2
P4_ST_PO,x1003_24_SUM_OUT,0.04373637193762439,0.08084303645193819,-0.04373637193762439,2
P2_ATSW_Lamp,P4_LD,0.04359032784065674,0.04359032784065674,-0.04359032784065674,1
P2_AutoGO,P4_LD,0.04359032784065674,0.04359032784065674,-0.04359032784065674,1
P2_ManualGO,P4_LD,0.043590327840656536,0.043590327840656536,0.043590327840656536,1
P2_MASW,P4_LD,0.043590327840656536,0.043590327840656536,0.043590327840656536,1
P2_MASW_Lamp,P4_LD,0.043590327840656536,0.043590327840656536,0.043590327840656536,1
P1_FT03Z,P3_LCV01D,0.04348681987400843,0.05410510806712876,0.04348681987400843,2
P2_VIBTR04,P4_ST_GOV,0.043456493882810684,0.06016465248248708,0.043456493882810684,2
P1_LIT01,P4_HT_PO,0.04315258629433735,0.047067028563508986,-0.0039144422691716335,2
P4_HT_PO,P4_HT_PS,0.04308997847396273,0.07219027409963111,0.029100295625668376,2
P1_FT01Z,x1001_15_ASSIGN_OUT,0.04292065913027969,0.08062070727872886,-0.03770004814844917,2
P1_FT03Z,P4_HT_PO,0.04286498754071938,0.05156529072765512,0.04286498754071938,2
P3_LCV01D,P4_HT_PS,0.04277115034984123,0.07158583745172331,0.028814687101882078,2
P1_LCV01Z,P2_VT01,0.04255721551007898,0.06927422511617398,-0.026717009606095,2
P1_PIT02,P2_ManualGO,0.04252748878725665,0.04252748878725665,0.04252748878725665,1
P1_PIT02,P2_MASW_Lamp,0.04252748878725665,0.04252748878725665,0.04252748878725665,1
P1_PIT02,P2_MASW,0.04252748878725665,0.04252748878725665,0.04252748878725665,1
P1_PIT02,P2_ATSW_Lamp,0.04252748878725646,0.04252748878725646,-0.04252748878725646,1
P1_PIT02,P2_AutoGO,0.04252748878725646,0.04252748878725646,-0.04252748878725646,1
P1_PCV02Z,P4_ST_LD,0.04248995554472021,0.06307475348335823,-0.04248995554472021,2
P1_PIT02,P2_VIBTR01,0.042383152199406034,0.06763581038111896,0.042383152199406034,2
P1_FCV02Z,x1003_10_SETPOINT_OUT,0.04237256884417878,0.05391529147024621,-0.04237256884417878,2
P1_FCV02Z,P1_FT02Z,0.04236322194316072,0.05399580849392771,-0.04236322194316072,2
P1_FT01Z,P2_ManualGO,0.042247674193385557,0.042247674193385557,-0.042247674193385557,1
P1_FT01Z,P2_MASW_Lamp,0.042247674193385557,0.042247674193385557,-0.042247674193385557,1
P1_FT01Z,P2_MASW,0.042247674193385557,0.042247674193385557,-0.042247674193385557,1
P1_FT01Z,P2_AutoGO,0.04224767419338516,0.04224767419338516,0.04224767419338516,1
P1_FT01Z,P2_ATSW_Lamp,0.04224767419338516,0.04224767419338516,0.04224767419338516,1
P2_VIBTR04,P4_ST_PO,0.04219284579421877,0.05859879708079991,0.04219284579421877,2
P1_PCV01Z,P2_SIT01,0.04218739570647197,0.07835072428631128,0.04218739570647197,2
P1_PP04SP,P2_SCST,0.04211013644977231,0.04211013644977231,-0.04211013644977231,1
P2_24Vdc,P4_HT_PO,0.042109354177764395,0.04970183766904443,0.007592483491280035,2
P4_ST_GOV,x1003_24_SUM_OUT,0.04209871930988196,0.08107457278927843,-0.04209871930988196,2
P1_FT02,P3_PIT01,0.04192318676561341,0.07225363463736291,0.030330447871749502,2
P2_SIT01,P4_ST_LD,0.04182034784375267,0.08081530659013869,0.03899495874638602,2
P2_24Vdc,P3_LCV01D,0.04166604500240901,0.04985598992945535,0.00818994492704634,2
P2_VT01,x1001_15_ASSIGN_OUT,0.041466323553465315,0.06033867721448861,-0.041466323553465315,2
P1_FT03Z,P4_ST_LD,0.04123694133399236,0.04866882783876762,0.04123694133399236,2
P2_VIBTR04,P3_PIT01,0.041086261691347985,0.06281493172218458,-0.041086261691347985,2
P2_VIBTR02,P3_LCV01D,0.04102571649423266,0.05097121514903376,-0.0099454986548011,2
P1_FCV02D,P1_TIT02,0.040822164015872076,0.047760984461253875,-0.006938820445381799,2
P2_AutoSD,P2_ManualSD,0.04081683494908739,0.04081683494908739,0.04081683494908739,1
P1_FCV03Z,P3_FIT01,0.04079580427183206,0.04264103443228549,-0.001845230160453435,2
P1_FT03,P4_ST_LD,0.04076850387604136,0.05321810942724395,0.04076850387604136,2
P1_LCV01D,P2_VT01,0.040729470562869616,0.06032694559994976,-0.019597475037080148,2
P2_VIBTR01,P3_PIT01,0.0406288530056014,0.05026019862221702,-0.009631345616615617,2
P1_PCV02D,P2_VT01,0.04055426284723201,0.04055426284723201,0.04055426284723201,1
P1_FT02Z,P1_PIT01,0.04048212522021709,0.0419876117856753,-0.04048212522021709,2
P1_FT03Z,P2_24Vdc,0.040438663343982884,0.04446266556647371,-0.00402400222249082,2
P1_FT01,P1_PP04,0.04032617272459092,0.07059844357925034,-0.030272270854659417,2
P2_VIBTR04,P3_FIT01,0.04030973247199057,0.04688702410372535,-0.04030973247199057,2
x1003_18_SETPOINT_OUT,x1003_24_SUM_OUT,0.04011862432205676,0.04978360106837554,0.04011862432205676,2
P1_PIT01,x1003_10_SETPOINT_OUT,0.04001741884214214,0.0421837398182938,-0.04001741884214214,2
P1_PP04SP,P3_PIT01,0.03990875534993344,0.03990875534993344,0.03990875534993344,1
P4_ST_LD,x1003_24_SUM_OUT,0.039906513719962344,0.07979272224090828,-0.039906513719962344,2
P2_VIBTR02,P4_HT_PO,0.039864799049984745,0.048957774586677986,-0.009092975536693242,2
P1_PCV01Z,P1_TIT02,0.03979687386744975,0.051732579289957545,0.03979687386744975,2
P1_PIT02,P2_VIBTR02,0.03975957645457785,0.040463346376228664,0.0007037699216508146,2
P2_VIBTR03,P3_LCP01D,0.039698273437103415,0.05642845831856627,-0.016730184881462853,2
P1_FT03,P2_24Vdc,0.0396911547573372,0.044589874831738804,-0.004898720074401605,2
P2_24Vdc,P2_AutoSD,0.03960150512065118,0.04981623882441301,-0.03960150512065118,2
P2_24Vdc,P4_ST_TT01,0.03959712925475587,0.053639450799988754,0.014042321545232885,2
P2_VIBTR04,x1001_15_ASSIGN_OUT,0.039520094661822776,0.07303634855422499,0.039520094661822776,2
P1_PP04SP,P2_SCO,0.03939763054421649,0.03939763054421649,0.03939763054421649,1
P2_24Vdc,x1002_08_SETPOINT_OUT,0.03937274565212707,0.0489123410734747,0.03937274565212707,2
P1_PCV02D,P2_AutoSD,0.03933118378003802,0.03933118378003802,-0.03933118378003802,1
P1_FT02,P1_TIT03,0.03928882439370174,0.05263825738670802,0.03928882439370174,2
P2_ManualGO,P3_LCP01D,0.03924722762532181,0.03924722762532181,0.03924722762532181,1
P2_MASW_Lamp,P3_LCP01D,0.03924722762532181,0.03924722762532181,0.03924722762532181,1
P2_MASW,P3_LCP01D,0.03924722762532181,0.03924722762532181,0.03924722762532181,1
P2_AutoGO,P3_LCP01D,0.03924722762532151,0.03924722762532151,-0.03924722762532151,1
P2_ATSW_Lamp,P3_LCP01D,0.03924722762532151,0.03924722762532151,-0.03924722762532151,1
P4_HT_PS,x1001_05_SETPOINT_OUT,0.039241585131094665,0.04056268462452546,-0.039241585131094665,2
P1_PIT01,P1_PP04SP,0.03915870843319424,0.03915870843319424,0.03915870843319424,1
P2_VIBTR02,x1002_07_SETPOINT_OUT,0.0390514230273376,0.04042267232890506,0.0013712493015674634,2
P1_FCV01D,P4_ST_PT01,0.0388992190008408,0.05218314009939997,-0.0388992190008408,2
P4_ST_FD,P4_ST_PO,0.038818554411910754,0.04132457109969351,0.002506016687782754,2
P4_ST_PO,x1002_07_SETPOINT_OUT,0.03870009729412301,0.05270184278681335,0.014001745492690334,2
P1_TIT01,P2_24Vdc,0.03868018965726046,0.05185302962258112,0.013172839965320662,2
P2_24Vdc,P3_LCP01D,0.038421490095637764,0.04387871438076285,-0.005457224285125087,2
x1002_08_SETPOINT_OUT,x1003_24_SUM_OUT,0.03836791222719177,0.059773865068638854,0.03836791222719177,2
P1_FCV03Z,P4_LD,0.03834128955780823,0.04927295300393664,0.03834128955780823,2
P2_VIBTR02,x1002_08_SETPOINT_OUT,0.03832071145561847,0.05088911428127224,-0.012568402825653772,2
P1_FCV01Z,P4_ST_PT01,0.03830285137825839,0.05127398882382,-0.03830285137825839,2
P1_LIT01,x1001_15_ASSIGN_OUT,0.03826645676111846,0.04325826330373006,-0.03826645676111846,2
P2_VT01,P3_LCP01D,0.03823423753991532,0.057181034966736356,0.03823423753991532,2
P1_FT01Z,P1_PP04SP,0.038069164403719685,0.038069164403719685,-0.038069164403719685,1
P4_LD,x1002_07_SETPOINT_OUT,0.03790985976903669,0.061487473649418305,0.03790985976903669,2
P2_VT01,P4_ST_PO,0.03777202044082591,0.05510903044392071,-0.03777202044082591,2
P1_FCV02D,P3_LCP01D,0.03772468706370075,0.0588379256758701,-0.02111323861216935,2
x1001_15_ASSIGN_OUT,x1003_24_SUM_OUT,0.03768858878720424,0.05546014910024316,0.01777156031303892,2
P1_PIT01,P2_SCST,0.03763454335928241,0.03822824514043445,-0.0005937017811520409,2
P4_ST_FD,P4_ST_GOV,0.03760478625603584,0.03835554530780057,0.0007507590517647281,2
P1_FT01,P4_HT_PO,0.037513534418959465,0.06618226462246425,-0.037513534418959465,2
P2_SIT01,P4_LD,0.03744811841156174,0.051038503756435386,-0.013590385344873649,2
P1_PP04SP,P4_ST_PT01,0.0374402368737128,0.0374402368737128,0.0374402368737128,1
P4_ST_GOV,x1002_07_SETPOINT_OUT,0.03720598703022233,0.06048381232372037,0.02327782529349804,2
P1_FCV02Z,P3_LCP01D,0.037193389435879944,0.06618010163869936,-0.02898671220281942,2
P2_SIT01,P3_PIT01,0.03719335304270261,0.055730491613147665,-0.03719335304270261,2
P1_PIT02,P3_LIT01,0.03705801120260287,0.05033017311669824,-0.03705801120260287,2
P2_24Vdc,x1001_05_SETPOINT_OUT,0.036979671802612184,0.06255775716126122,0.036979671802612184,2
P2_SCST,P4_ST_PT01,0.036917375143866095,0.04374768835197895,-0.006830313208112858,2
P2_VT01,P4_ST_GOV,0.03689992431381121,0.053435296761296436,-0.03689992431381121,2
P4_ST_FD,x1001_15_ASSIGN_OUT,0.03689018073429907,0.04895261253871483,0.012062431804415762,2
P1_LIT01,P4_ST_LD,0.03677378463841388,0.07082889441694912,-0.03677378463841388,2
P1_PCV02Z,P4_LD,0.03666395976868042,0.06282669465124777,-0.02616273488256735,2
P2_VIBTR04,P4_ST_PT01,0.036553110927805076,0.0429251050676174,0.036553110927805076,2
P1_FT01Z,P2_VIBTR03,0.03643417424156339,0.04727807146489755,-0.03643417424156339,2
P1_PIT02,P2_SCST,0.036335132371989765,0.04482153989162794,-0.00848640751963817,2
P3_LIT01,x1001_15_ASSIGN_OUT,0.03625989698404597,0.06095986530805733,0.024699968324011362,2
P1_FCV03Z,x1001_15_ASSIGN_OUT,0.036179086811536525,0.04638595878919652,0.010206871977659994,2
P1_FCV03D,P4_ST_LD,0.035990398141891686,0.047896173903833925,0.035990398141891686,2
P4_ST_LD,x1003_18_SETPOINT_OUT,0.03597610664413093,0.06689147573687368,0.03597610664413093,2
P2_SCO,x1003_24_SUM_OUT,0.035924395559058915,0.05640192216910614,-0.035924395559058915,2
P1_FCV03Z,P3_PIT01,0.03562802036412336,0.04774875137759234,-0.03562802036412336,2
P1_FCV01Z,P2_MASW,0.035611754432470194,0.035611754432470194,-0.035611754432470194,1
P1_FCV01Z,P2_MASW_Lamp,0.035611754432470194,0.035611754432470194,-0.035611754432470194,1
P1_FCV01Z,P2_ManualGO,0.035611754432470194,0.035611754432470194,-0.035611754432470194,1
P1_FCV01Z,P2_ATSW_Lamp,0.03561175443246802,0.03561175443246802,0.03561175443246802,1
P1_FCV01Z,P2_AutoGO,0.03561175443246802,0.03561175443246802,0.03561175443246802,1
P1_FCV03D,P4_LD,0.035574945434691696,0.05498813075612856,0.035574945434691696,2
P2_VIBTR04,P3_LCP01D,0.03517809101485246,0.04890342662899067,-0.03517809101485246,2
P1_FT03Z,P4_ST_PO,0.03513776443690085,0.061293385411057895,0.03513776443690085,2
P2_VIBTR02,P4_ST_PS,0.03512048828820944,0.048496188868123374,0.013375700579913932,2
P1_FT01,P3_LCV01D,0.03510924978127074,0.05969057391223462,-0.03510924978127074,2
P2_VIBTR01,P4_ST_PT01,0.03510290642936749,0.03702149989891255,-0.0019185934695450553,2
P3_PIT01,P4_ST_FD,0.03509260952064067,0.04843267907165509,-0.03509260952064067,2
P1_PIT01,P2_VIBTR04,0.03496223086007601,0.043578068526037614,0.03496223086007601,2
P1_LCV01D,P1_PP04SP,0.0349242850579807,0.0349242850579807,-0.0349242850579807,1
P2_SIT01,P3_FIT01,0.03488989509806946,0.05714055475529728,0.03488989509806946,2
P1_FT01,P3_LCP01D,0.03483724525256698,0.0696144139795803,0.03483724525256698,2
P1_FCV01Z,P1_TIT01,0.034698979524688964,0.06852138980956801,0.03382241028487905,2
P1_FCV01Z,P4_ST_TT01,0.03455210826986385,0.06892840630111274,0.03455210826986385,2
P3_LIT01,P4_ST_FD,0.034508686179399305,0.047129947629405915,0.012621261450006612,2
P1_FT03,P4_ST_PO,0.03440874608412624,0.06468633427937126,0.03440874608412624,2
P4_HT_PO,P4_ST_FD,0.034387724959392865,0.05478118886004492,0.020393463900652057,2
P1_FCV03D,P3_PIT01,0.03437041734692392,0.05915525710088495,-0.03437041734692392,2
P2_SCO,x1002_08_SETPOINT_OUT,0.0343534137769725,0.06678961856062056,-0.03243620478364806,2
P3_LCV01D,P4_ST_LD,0.03430753415188581,0.03860997294676427,-0.00430243879487846,2
P1_LCV01D,P3_FIT01,0.0342314027760799,0.05142731347509769,0.017195910699017786,2
P1_FCV01D,P1_PIT01,0.034139475653044725,0.038464983471203175,-0.034139475653044725,2
P1_FCV01D,P2_ManualGO,0.034073680640269416,0.034073680640269416,-0.034073680640269416,1
P1_FCV01D,P2_MASW,0.034073680640269416,0.034073680640269416,-0.034073680640269416,1
P1_FCV01D,P2_MASW_Lamp,0.034073680640269416,0.034073680640269416,-0.034073680640269416,1
P1_FCV01D,P2_AutoGO,0.03407368064026739,0.03407368064026739,0.03407368064026739,1
P1_FCV01D,P2_ATSW_Lamp,0.03407368064026739,0.03407368064026739,0.03407368064026739,1
P4_ST_PS,x1001_15_ASSIGN_OUT,0.03403624575083094,0.04058762013832602,0.03403624575083094,2
P1_FCV03Z,P2_24Vdc,0.0337728207373841,0.04162052520819754,-0.007847704470813443,2
P2_VIBTR01,P4_HT_PS,0.033717261342569534,0.05790266692919256,0.024185405586623025,2
P2_VIBTR03,P3_LCV01D,0.033632417543504003,0.046177828443192986,0.012545410899688985,2
P4_LD,P4_ST_FD,0.03343656033762422,0.04167741784755287,0.008240857509928652,2
P3_LCP01D,P3_LCV01D,0.03340102687913715,0.055684999446851235,-0.022283972567714083,2
P1_PCV01D,P2_MASW_Lamp,0.03332969471846708,0.03332969471846708,-0.03332969471846708,1
P1_PCV01D,P2_MASW,0.03332969471846708,0.03332969471846708,-0.03332969471846708,1
P1_PCV01D,P2_ManualGO,0.03332969471846708,0.03332969471846708,-0.03332969471846708,1
P1_PCV01D,P2_ATSW_Lamp,0.03332969471846649,0.03332969471846649,0.03332969471846649,1
P1_PCV01D,P2_AutoGO,0.03332969471846649,0.03332969471846649,0.03332969471846649,1
P3_LCV01D,P4_ST_FD,0.03323728040103793,0.05348916295804067,0.020251882557002734,2
P2_ManualSD,P4_ST_LD,0.0331288656682655,0.0331288656682655,-0.0331288656682655,1
P3_LCP01D,P4_HT_PO,0.03310706869524588,0.05529641118976192,-0.02218934249451604,2
P1_FCV01Z,P1_PIT01,0.03309892890843495,0.037424542863579185,-0.03309892890843495,2
P1_FCV02Z,P3_PIT01,0.032977322401035424,0.048997764355567894,-0.032977322401035424,2
P4_HT_PO,P4_ST_LD,0.03286110933877537,0.03859199904020533,-0.005730889701429959,2
P1_FT01,P1_PP04D,0.03284447699048272,0.05880724793960258,-0.03284447699048272,2
P2_24Vdc,P4_ST_PS,0.0328167594254017,0.04025317264121724,-0.0328167594254017,2
P1_FT02,P2_MASW,0.032783363182887756,0.032783363182887756,-0.032783363182887756,1
P1_FT02,P2_ManualGO,0.032783363182887756,0.032783363182887756,-0.032783363182887756,1
P1_FT02,P2_MASW_Lamp,0.032783363182887756,0.032783363182887756,-0.032783363182887756,1
P1_FT02,P2_ATSW_Lamp,0.03278336318288586,0.03278336318288586,0.03278336318288586,1
P1_FT02,P2_AutoGO,0.03278336318288586,0.03278336318288586,0.03278336318288586,1
P1_FT01,P2_VIBTR01,0.03269553614415302,0.05010278124899072,-0.017407245104837706,2
P1_PP04SP,x1001_05_SETPOINT_OUT,0.03254756001395413,0.03254756001395413,-0.03254756001395413,1
P1_LIT01,x1003_18_SETPOINT_OUT,0.03250014140963722,0.044854575505241474,-0.012354434095604248,2
P2_VIBTR03,P4_HT_PO,0.032282396936152494,0.04471642354696052,0.01243402661080802,2
P2_VT01,P4_ST_TT01,0.032260494603745665,0.043164672822699424,0.032260494603745665,2
P4_HT_PS,P4_LD,0.032254772286181496,0.03905052473095139,0.032254772286181496,2
P1_LIT01,P2_VT01,0.03220395817647618,0.05300254583074446,-0.02079858765426828,2
P2_24Vdc,P2_VIBTR02,0.03210413212592522,0.03341906398746906,-0.0013149318615438312,2
P2_24Vdc,P4_ST_FD,0.03206883758063342,0.05008820522076368,0.03206883758063342,2
P2_VIBTR03,P3_FIT01,0.03201797804082529,0.04148455519856395,-0.00946657715773866,2
P2_VIBTR04,P4_LD,0.03185446086591523,0.05340767017359886,0.021553209307683632,2
P1_PIT01,P2_VIBTR01,0.03168117615374663,0.03224371620940194,0.0005625400556553087,2
P1_FCV01D,P1_TIT01,0.03165279785133443,0.06258926039228319,0.030936462540948756,2
P4_LD,x1001_05_SETPOINT_OUT,0.03165027833319251,0.05616576630541066,-0.02451548797221815,2
P1_FCV01D,P4_ST_TT01,0.03164144857140347,0.06292935690483098,0.03164144857140347,2
P1_LIT01,P4_ST_FD,0.03159788581645864,0.04627262262947769,-0.03159788581645864,2
P1_FCV03D,x1001_15_ASSIGN_OUT,0.031571548648823784,0.03927293423806899,0.007701385589245206,2
P1_TIT01,P2_VT01,0.03140653793664216,0.04344925413339685,0.03140653793664216,2
P1_FT03Z,P2_ManualSD,0.03132403776182732,0.03132403776182732,0.03132403776182732,1
P2_VT01,P4_ST_FD,0.03131288012541464,0.03171648288013849,-0.03131288012541464,2
P4_ST_FD,x1003_24_SUM_OUT,0.03105289802712004,0.031567768832971826,0.0005148708058517852,2
P1_FT03Z,P4_HT_FD,0.031050779578005207,0.045200056615848756,0.01414927703784355,2
P2_ManualSD,P4_ST_PO,0.031010769182933606,0.031010769182933606,-0.031010769182933606,1
P1_FT02Z,P3_PIT01,0.030984015627083444,0.060930574242782004,0.030984015627083444,2
P1_PCV01Z,P2_ManualGO,0.03092866678282933,0.03092866678282933,-0.03092866678282933,1
P1_PCV01Z,P2_MASW,0.03092866678282933,0.03092866678282933,-0.03092866678282933,1
P1_PCV01Z,P2_MASW_Lamp,0.03092866678282933,0.03092866678282933,-0.03092866678282933,1
P1_PCV01Z,P2_ATSW_Lamp,0.030928666782828716,0.030928666782828716,0.030928666782828716,1
P1_PCV01Z,P2_AutoGO,0.030928666782828716,0.030928666782828716,0.030928666782828716,1
P1_PCV01D,P2_VIBTR01,0.030888603120531287,0.04591780614992472,0.01502920302939343,2
P1_FCV01D,P2_24Vdc,0.03085999218600879,0.03614561562349002,-0.03085999218600879,2
P3_PIT01,x1003_10_SETPOINT_OUT,0.03083048715427905,0.06126719350357315,0.03083048715427905,2
P1_FCV03Z,P4_ST_LD,0.0307875783238485,0.04148782372531144,0.0307875783238485,2
P1_FCV01Z,P2_24Vdc,0.030681274599608517,0.036529702632117314,-0.030681274599608517,2
P1_PCV01D,P4_HT_FD,0.03054073371387641,0.04688856466823191,-0.03054073371387641,2
P2_ManualSD,P3_FIT01,0.030504890905110965,0.030504890905110965,0.030504890905110965,1
P1_FCV03Z,P3_LCV01D,0.030461021905485934,0.04041810877827753,0.030461021905485934,2
P3_LCP01D,x1001_05_SETPOINT_OUT,0.030407835515384396,0.031871640689984326,0.001463805174599932,2
P4_ST_GOV,x1003_18_SETPOINT_OUT,0.030361706081085137,0.052035447555000364,0.030361706081085137,2
P1_FT03,P4_HT_FD,0.030299563281956664,0.045187083973272195,0.01488752069131553,2
P2_VIBTR01,x1001_05_SETPOINT_OUT,0.03025683985252562,0.05264564402851511,0.022388804175989492,2
P2_VIBTR02,P3_FIT01,0.030255780399274197,0.0342951456205268,-0.030255780399274197,2
P1_FT03,P2_ManualSD,0.02999061547720236,0.02999061547720236,0.02999061547720236,1
P4_ST_FD,x1002_07_SETPOINT_OUT,0.029971663393332085,0.036634022542109686,-0.029971663393332085,2
P1_PCV01Z,P4_ST_FD,0.029948893065105234,0.03648768582884962,-0.029948893065105234,2
P1_FT01,x1001_15_ASSIGN_OUT,0.029926949088921073,0.05823848548418217,-0.0283115363952611,2
P1_FT03,P3_LCP01D,0.02991229688061809,0.03456591957717227,-0.02991229688061809,2
P4_ST_LD,x1002_07_SETPOINT_OUT,0.029856456999058173,0.03811636378281211,0.008259906783753934,2
P2_VIBTR03,P4_LD,0.029775400271601807,0.036651865415815596,0.0068764651442137885,2
P2_MASW,P4_ST_FD,0.029574826862353725,0.029574826862353725,-0.029574826862353725,1
P2_ManualGO,P4_ST_FD,0.029574826862353725,0.029574826862353725,-0.029574826862353725,1
P2_MASW_Lamp,P4_ST_FD,0.029574826862353725,0.029574826862353725,-0.029574826862353725,1
P2_AutoGO,P4_ST_FD,0.02957482686235372,0.02957482686235372,0.02957482686235372,1
P2_ATSW_Lamp,P4_ST_FD,0.02957482686235372,0.02957482686235372,0.02957482686235372,1
P4_ST_FD,P4_ST_LD,0.02950944464911162,0.034636653335881076,-0.005127208686769455,2
P2_VIBTR03,P4_ST_FD,0.029489962222290243,0.0390984506621512,0.009608488439860957,2
P4_HT_FD,x1003_24_SUM_OUT,0.02948164423606461,0.03968927252153077,0.02948164423606461,2
P2_24Vdc,P3_FIT01,0.029459939782023672,0.04333815679751063,-0.013878217015486957,2
P1_FT01Z,P2_VIBTR01,0.029303272287837034,0.05290396069166123,-0.023600688403824194,2
P2_24Vdc,P2_MASW_Lamp,0.02929533736050546,0.02929533736050546,-0.02929533736050546,1
P2_24Vdc,P2_ManualGO,0.02929533736050546,0.02929533736050546,-0.02929533736050546,1
P2_24Vdc,P2_MASW,0.02929533736050546,0.02929533736050546,-0.02929533736050546,1
P2_24Vdc,P2_AutoGO,0.029295337360505342,0.029295337360505342,0.029295337360505342,1
P2_24Vdc,P2_ATSW_Lamp,0.029295337360505342,0.029295337360505342,0.029295337360505342,1
P1_TIT01,P3_PIT01,0.029013075126763807,0.05292239613577518,-0.023909321009011372,2
P1_TIT01,x1001_15_ASSIGN_OUT,0.02899901434234159,0.03165550707311961,-0.002656492730778018,2
P1_FCV03Z,P4_HT_PO,0.02896311004581214,0.04105582048925842,0.02896311004581214,2
P1_PCV02D,P2_VIBTR02,0.02895190195438037,0.02895190195438037,-0.02895190195438037,1
P2_AutoGO,x1001_05_SETPOINT_OUT,0.02891709452078825,0.02891709452078825,0.02891709452078825,1
P2_ATSW_Lamp,x1001_05_SETPOINT_OUT,0.02891709452078825,0.02891709452078825,0.02891709452078825,1
P2_MASW,x1001_05_SETPOINT_OUT,0.02891709452078778,0.02891709452078778,-0.02891709452078778,1
P2_ManualGO,x1001_05_SETPOINT_OUT,0.02891709452078778,0.02891709452078778,-0.02891709452078778,1
P2_MASW_Lamp,x1001_05_SETPOINT_OUT,0.02891709452078778,0.02891709452078778,-0.02891709452078778,1
P1_PIT02,P2_ManualSD,0.02873178292360177,0.02873178292360177,0.02873178292360177,1
P3_PIT01,P4_ST_TT01,0.02867064737846941,0.05317147160724757,-0.02450082422877816,2
P1_PCV01Z,P2_VIBTR01,0.02858943668471757,0.04678790937697385,0.01819847269225628,2
P1_FCV02Z,P2_ATSW_Lamp,0.028567626345680067,0.028567626345680067,0.028567626345680067,1
P1_FCV02Z,P2_AutoGO,0.028567626345680067,0.028567626345680067,0.028567626345680067,1
P1_FCV02Z,P2_MASW,0.028567626345678672,0.028567626345678672,-0.028567626345678672,1
P1_FCV02Z,P2_MASW_Lamp,0.028567626345678672,0.028567626345678672,-0.028567626345678672,1
P1_FCV02Z,P2_ManualGO,0.028567626345678672,0.028567626345678672,-0.028567626345678672,1
P4_HT_PS,P4_ST_LD,0.02845001661253809,0.05031308776600558,0.02845001661253809,2
P1_LCV01Z,P3_FIT01,0.028446696595297714,0.0318259423283119,0.028446696595297714,2
P4_ST_TT01,x1001_15_ASSIGN_OUT,0.02833452286986371,0.031862082451906,-0.003527559582042289,2
P1_TIT02,P2_24Vdc,0.028332626785051183,0.038305850098888386,0.009973223313837203,2
P4_ST_PO,x1003_18_SETPOINT_OUT,0.028313955959309876,0.046182578437874336,0.028313955959309876,2
P1_FT01,P4_ST_FD,0.028292571363076245,0.02954809627348238,-0.028292571363076245,2
P2_VT01,P3_PIT01,0.02828463803347015,0.05453941643553138,0.02625477840206123,2
P2_VIBTR02,P3_PIT01,0.02825251043021706,0.029644094396832465,-0.02825251043021706,2
P4_HT_FD,x1003_18_SETPOINT_OUT,0.028237387110209556,0.0325513622362352,0.028237387110209556,2
P2_ManualSD,P4_HT_PS,0.028158017720372908,0.028158017720372908,-0.028158017720372908,1
P1_PP04SP,P2_VIBTR04,0.02810803751373753,0.02810803751373753,-0.02810803751373753,1
P1_FT03Z,P3_PIT01,0.028062892989176733,0.03324295516598211,0.005180062176805375,2
P1_FCV02D,P1_FCV02Z,0.02795899376948724,0.0444962272934154,0.016537233523928163,2
P1_PIT02,P4_HT_FD,0.027720798392898975,0.03363050956371525,-0.005909711170816276,2
P1_FCV03D,P4_ST_PO,0.027649197563702866,0.054440861008794465,0.0267916634450916,2
P2_ManualSD,P4_ST_GOV,0.02760311753121778,0.02760311753121778,-0.02760311753121778,1
P1_FT01,P2_VIBTR03,0.027534755750032947,0.04491568948676737,-0.027534755750032947,2
P1_FCV02D,P2_AutoGO,0.027448161379146054,0.027448161379146054,0.027448161379146054,1
P1_FCV02D,P2_ATSW_Lamp,0.027448161379146054,0.027448161379146054,0.027448161379146054,1
P1_FCV02D,P2_MASW_Lamp,0.027448161379144857,0.027448161379144857,-0.027448161379144857,1
P1_FCV02D,P2_MASW,0.027448161379144857,0.027448161379144857,-0.027448161379144857,1
P1_FCV02D,P2_ManualGO,0.027448161379144857,0.027448161379144857,-0.027448161379144857,1
P2_ManualGO,P4_HT_PS,0.02726860325325747,0.02726860325325747,-0.02726860325325747,1
P2_MASW_Lamp,P4_HT_PS,0.02726860325325747,0.02726860325325747,-0.02726860325325747,1
P2_MASW,P4_HT_PS,0.02726860325325747,0.02726860325325747,-0.02726860325325747,1
P2_AutoGO,P4_HT_PS,0.02726860325325684,0.02726860325325684,0.02726860325325684,1
P2_ATSW_Lamp,P4_HT_PS,0.02726860325325684,0.02726860325325684,0.02726860325325684,1
P1_FCV02D,P3_PIT01,0.02722660648942834,0.0364917129109786,-0.009265106421550264,2
P1_FT02Z,P2_MASW_Lamp,0.02704445655689811,0.02704445655689811,-0.02704445655689811,1
P1_FT02Z,P2_ManualGO,0.02704445655689811,0.02704445655689811,-0.02704445655689811,1
P1_FT02Z,P2_MASW,0.02704445655689811,0.02704445655689811,-0.02704445655689811,1
P1_FT02Z,P2_ATSW_Lamp,0.02704445655689651,0.02704445655689651,0.02704445655689651,1
P1_FT02Z,P2_AutoGO,0.02704445655689651,0.02704445655689651,0.02704445655689651,1
P1_TIT03,P2_24Vdc,0.02702778921415492,0.05328622087732789,0.026258431663172974,2
P2_ManualGO,x1003_10_SETPOINT_OUT,0.026961108366467222,0.026961108366467222,-0.026961108366467222,1
P2_MASW_Lamp,x1003_10_SETPOINT_OUT,0.026961108366467222,0.026961108366467222,-0.026961108366467222,1
P2_MASW,x1003_10_SETPOINT_OUT,0.026961108366467222,0.026961108366467222,-0.026961108366467222,1
P2_ATSW_Lamp,x1003_10_SETPOINT_OUT,0.026961108366465716,0.026961108366465716,0.026961108366465716,1
P2_AutoGO,x1003_10_SETPOINT_OUT,0.026961108366465716,0.026961108366465716,0.026961108366465716,1
P4_HT_FD,x1002_08_SETPOINT_OUT,0.02695818841679473,0.042435732324262884,0.015477543907468153,2
P2_VIBTR02,P4_LD,0.02683996354654676,0.030094428329059335,-0.003254464782512574,2
P2_VT01,P3_FIT01,0.02677831771809848,0.051861498359562046,0.02677831771809848,2
x1001_15_ASSIGN_OUT,x1002_08_SETPOINT_OUT,0.026688154100117094,0.052564658340606044,0.026688154100117094,2
P1_LIT01,x1003_24_SUM_OUT,0.026648215450998304,0.03714690097263508,-0.026648215450998304,2
P2_VIBTR02,x1001_15_ASSIGN_OUT,0.026559073951539947,0.03394161731597127,0.007382543364431324,2
P1_PCV01Z,P4_HT_FD,0.026416864813969848,0.048218600701845395,-0.026416864813969848,2
P2_VT01,x1002_08_SETPOINT_OUT,0.02641531866731523,0.028786430389071246,-0.02641531866731523,2
P3_LCP01D,P4_ST_LD,0.0259105836692802,0.033313326931649345,0.0259105836692802,2
P2_VIBTR01,x1001_15_ASSIGN_OUT,0.025821987405069316,0.04423170407603976,-0.018409716670970445,2
P2_ATSW_Lamp,P2_VIBTR04,0.025644788020654556,0.025644788020654556,-0.025644788020654556,1
P2_AutoGO,P2_VIBTR04,0.025644788020654556,0.025644788020654556,-0.025644788020654556,1
P2_ManualGO,P2_VIBTR04,0.02564478802065403,0.02564478802065403,0.02564478802065403,1
P2_MASW_Lamp,P2_VIBTR04,0.02564478802065403,0.02564478802065403,0.02564478802065403,1
P2_MASW,P2_VIBTR04,0.02564478802065403,0.02564478802065403,0.02564478802065403,1
P1_FT03Z,P3_LCP01D,0.025624368326174297,0.039589676799418945,-0.025624368326174297,2
P4_ST_LD,x1001_15_ASSIGN_OUT,0.025504442490823676,0.027097099776755673,-0.0015926572859319976,2
P1_FT01Z,P4_ST_FD,0.025469247787306512,0.030149327691999073,-0.025469247787306512,2
P4_LD,P4_ST_PS,0.025443535195422425,0.04792278053289649,-0.025443535195422425,2
P3_PIT01,x1003_24_SUM_OUT,0.02523240265941333,0.0384928179601714,-0.013260415300758069,2
P1_LIT01,P2_VIBTR04,0.025202010377052716,0.027940551089807503,0.002738540712754787,2
P2_VIBTR01,P3_LCP01D,0.025089603150072266,0.033022467590331714,-0.007932864440259448,2
P1_PCV02Z,P4_ST_FD,0.024933071159775284,0.033812392808925285,-0.024933071159775284,2
P1_FCV03Z,P4_ST_PO,0.02471985497946884,0.04891330366370906,0.02419344868424022,2
P2_VIBTR01,P4_ST_PO,0.024493165588732803,0.03421061428583094,-0.024493165588732803,2
P2_24Vdc,P4_HT_FD,0.024400094429541407,0.03825471365128253,0.013854619221741124,2
P3_LIT01,P4_LD,0.02420334742050561,0.026585134363973348,0.02420334742050561,2
P2_SCST,x1002_07_SETPOINT_OUT,0.023745652665470032,0.030835433046932856,-0.023745652665470032,2
P2_VIBTR01,P3_FIT01,0.023325160451867177,0.03156868434099439,-0.008243523889127215,2
P1_FCV03D,P4_HT_PO,0.023194996683762435,0.04314428590705763,0.019949289223295193,2
P2_VIBTR01,P4_ST_GOV,0.022882863605572207,0.03269110881141773,-0.022882863605572207,2
P1_PCV01D,P1_PCV01Z,0.022649299086807295,0.023607089142854254,0.022649299086807295,2
P3_PIT01,P4_ST_LD,0.022620564295462414,0.037249818656695355,0.01462925436123294,2
P2_SIT01,P4_ST_FD,0.022576806638002128,0.038214655578195124,0.022576806638002128,2
P1_PP04D,P2_24Vdc,0.022338798868630105,0.028356805840542672,0.022338798868630105,2
P1_FCV02D,P2_24Vdc,0.022269218145307083,0.03755518683073102,0.01528596868542394,2
P2_VIBTR04,x1001_05_SETPOINT_OUT,0.022260517449300965,0.03516373785754229,0.012903220408241323,2
P1_PP04,P2_24Vdc,0.02214551025573308,0.02747337538219132,0.02214551025573308,2
P2_24Vdc,P4_HT_PS,0.022139975927312226,0.031136756451050584,0.00899678052373836,2
P1_PP04SP,P2_24Vdc,0.022104362928097296,0.022104362928097296,0.022104362928097296,1
P2_VIBTR02,x1001_05_SETPOINT_OUT,0.02200078023390483,0.02606853226850056,-0.004067752034595728,2
P1_FCV02Z,P2_24Vdc,0.021875633364535827,0.04161556722957517,0.021875633364535827,2
P1_FCV03D,P4_HT_FD,0.02158457408458681,0.029752911495766997,-0.02158457408458681,2
P1_FT01Z,P1_PP04,0.021549969910236052,0.0303037175035496,-0.008753747593313547,2
P2_VIBTR03,x1001_15_ASSIGN_OUT,0.021549917296051425,0.04025982511338193,0.018709907817330503,2
P1_FCV03D,P3_LCV01D,0.021479524993043883,0.04281989429423329,0.021479524993043883,2
P2_AutoSD,P4_ST_FD,0.02144632505594085,0.02453269221563384,-0.0030863671596929876,2
P2_VIBTR02,P4_HT_FD,0.02141094493050441,0.02658113581476919,-0.02141094493050441,2
P2_VIBTR02,P3_LCP01D,0.021310868777687914,0.037926052384237824,-0.021310868777687914,2
P1_PP04SP,P3_FIT01,0.021272376879286032,0.021272376879286032,-0.021272376879286032,1
P1_FCV02D,P4_ST_FD,0.021190578490680678,0.022310830246050215,0.001120251755369537,2
P4_LD,x1003_24_SUM_OUT,0.02100620774273662,0.021397844053826776,-0.0003916363110901544,2
P2_24Vdc,P2_ManualSD,0.020992644307918987,0.020992644307918987,0.020992644307918987,1
P2_SCO,P2_SIT01,0.020893118448851,0.040848187529382796,-0.020893118448851,2
P4_HT_FD,x1001_05_SETPOINT_OUT,0.02077990032842788,0.02273939650599204,-0.02077990032842788,2
P1_PIT02,P2_VT01,0.02074448625276865,0.028574660457308325,-0.02074448625276865,2
P2_ManualSD,P4_ST_FD,0.020577680919027206,0.020577680919027206,-0.020577680919027206,1
P1_PCV02D,P1_TIT03,0.020517329146749898,0.020517329146749898,-0.020517329146749898,1
P2_VIBTR04,P4_HT_FD,0.020355490421068045,0.035793329866417034,-0.020355490421068045,2
P3_LCP01D,x1003_24_SUM_OUT,0.020295552936829914,0.026625493831658353,-0.020295552936829914,2
P1_LCV01Z,P1_PP04SP,0.020259354126157925,0.020259354126157925,-0.020259354126157925,1
P1_LCV01D,P2_VIBTR01,0.02025089207741626,0.02370944554880891,0.003458553471392652,2
P1_PCV01Z,P2_VIBTR02,0.020000380166414627,0.024179260921380837,-0.0041788807549662105,2
P2_24Vdc,x1003_18_SETPOINT_OUT,0.01987142898769529,0.03762457093109926,-0.017753141943403973,2
P2_VIBTR04,P4_ST_PS,0.019847245054923864,0.025341624512134852,-0.00549437945721099,2
P2_VIBTR03,P4_HT_FD,0.01984441719437252,0.02620518817981383,0.01984441719437252,2
P4_ST_GOV,x1001_15_ASSIGN_OUT,0.01975300881079789,0.02918194491739512,0.00942893610659723,2
P1_PP04SP,x1003_18_SETPOINT_OUT,0.01964233327813425,0.01964233327813425,-0.01964233327813425,1
P2_VIBTR02,P4_ST_FD,0.019617725089480054,0.019806028505596922,0.019617725089480054,2
P1_LCV01Z,P2_VIBTR01,0.019531687685185373,0.02266534640186809,0.0031336587166827176,2
P2_VIBTR01,P4_HT_FD,0.019442364090345155,0.02733202426986506,0.007889660179519906,2
P4_ST_FD,P4_ST_TT01,0.01930994447215313,0.020432000909146028,0.0011220564369928965,2
P4_ST_FD,x1001_05_SETPOINT_OUT,0.019158202462948293,0.03383606769790687,0.014677865234958575,2
P1_TIT03,P2_ManualGO,0.019157980142094203,0.019157980142094203,-0.019157980142094203,1
P1_TIT03,P2_MASW,0.019157980142094203,0.019157980142094203,-0.019157980142094203,1
P1_TIT03,P2_MASW_Lamp,0.019157980142094203,0.019157980142094203,-0.019157980142094203,1
P1_TIT03,P2_ATSW_Lamp,0.019157980142093817,0.019157980142093817,0.019157980142093817,1
P1_TIT03,P2_AutoGO,0.019157980142093817,0.019157980142093817,0.019157980142093817,1
P1_PCV02D,P2_SCO,0.01910055376292561,0.01910055376292561,0.01910055376292561,1
P2_ATSW_Lamp,P2_AutoSD,0.019071843732481192,0.019071843732481192,0.019071843732481192,1
P2_AutoGO,P2_AutoSD,0.019071843732481192,0.019071843732481192,0.019071843732481192,1
P2_AutoSD,P2_ManualGO,0.01907184373247989,0.01907184373247989,-0.01907184373247989,1
P2_AutoSD,P2_MASW,0.01907184373247989,0.01907184373247989,-0.01907184373247989,1
P2_AutoSD,P2_MASW_Lamp,0.01907184373247989,0.01907184373247989,-0.01907184373247989,1
P1_PCV02D,P1_TIT02,0.0190253421894627,0.0190253421894627,0.0190253421894627,1
P1_TIT01,P4_ST_FD,0.018932919280225592,0.01929329052109268,0.0003603712408670884,2
P1_FT03,P2_SIT01,0.01864255591744917,0.02237177310651209,-0.01864255591744917,2
P4_LD,P4_ST_PO,0.018621220892941714,0.020270951192154163,-0.0016497302992124485,2
P3_PIT01,x1002_07_SETPOINT_OUT,0.01855196496463872,0.025689566227861838,-0.01855196496463872,2
P1_PP04SP,P3_LCP01D,0.018209228429369607,0.018209228429369607,-0.018209228429369607,1
P4_HT_FD,P4_ST_PT01,0.0180880946867204,0.024626451977364613,-0.0180880946867204,2
x1002_08_SETPOINT_OUT,x1003_18_SETPOINT_OUT,0.018025062868168157,0.02695462956869077,-0.018025062868168157,2
P1_LIT01,P2_VIBTR02,0.017801140870063594,0.02910651323563196,-0.017801140870063594,2
P3_LCP01D,P4_ST_FD,0.01775556772179654,0.0352384941663209,-0.01775556772179654,2
P1_FT03,P3_PIT01,0.017636844879328928,0.018891893866273986,0.0012550489869450586,2
P4_HT_FD,x1001_15_ASSIGN_OUT,0.01762468681746895,0.022630095719766007,0.005005408902297056,2
P1_FT02Z,P2_24Vdc,0.017586799054399343,0.0179263683511882,-0.017586799054399343,2
P1_FCV02Z,P4_ST_FD,0.017563378254183595,0.025355777192153574,-0.017563378254183595,2
P1_LIT01,P4_HT_FD,0.01751050194453354,0.01771089335700905,0.01751050194453354,2
P3_LCP01D,P4_ST_PO,0.01740591440367867,0.02459889260140169,0.01740591440367867,2
P2_SCST,P4_ST_FD,0.01732064496006193,0.02407564857564412,0.00675500361558219,2
P4_HT_FD,P4_ST_PS,0.01730768019275704,0.027293824036042514,-0.009986143843285476,2
P2_AutoSD,x1003_24_SUM_OUT,0.017259788145163185,0.03180298738097426,-0.017259788145163185,2
P1_LCV01Z,P4_ST_FD,0.017145790330786635,0.025965217407113814,-0.017145790330786635,2
P1_PCV01D,P2_VIBTR02,0.017077099658009305,0.01940603548687069,-0.0023289358288613874,2
P1_PP04SP,P4_HT_FD,0.01703725865350103,0.01703725865350103,0.01703725865350103,1
P2_VT01,P4_ST_LD,0.01702417933304312,0.02576133397160636,-0.01702417933304312,2
P2_24Vdc,x1003_10_SETPOINT_OUT,0.01691899811190464,0.017251894250956377,-0.01691899811190464,2
P4_LD,P4_ST_GOV,0.01687489190473157,0.019004608400470024,-0.002129716495738454,2
P2_VIBTR04,P4_ST_FD,0.01680039589794788,0.027217290789402764,-0.010416894891454887,2
P1_PP04SP,P2_VT01,0.016782674433622864,0.016782674433622864,-0.016782674433622864,1
P2_SIT01,P3_LCP01D,0.016745837573317206,0.03188015205180558,0.015134314478488377,2
P1_PIT01,P2_VT01,0.016685561635016492,0.018402709459206777,-0.0017171478241902825,2
P4_HT_FD,P4_ST_PO,0.016496732943307935,0.02636397382953338,0.009867240886225443,2
P1_FCV02D,P4_HT_FD,0.01621716648001702,0.023696522577723783,0.0074793560977067615,2
P2_VIBTR01,P4_ST_FD,0.016212306590980007,0.02712556030686797,-0.016212306590980007,2
P1_PP04SP,P2_VIBTR02,0.0161338551035881,0.0161338551035881,0.0161338551035881,1
P3_LCP01D,P3_PIT01,0.016087989631276944,0.022013384499897426,-0.005925394868620482,2
P2_ATSW_Lamp,P2_VIBTR02,0.015993538525082632,0.015993538525082632,-0.015993538525082632,1
P2_AutoGO,P2_VIBTR02,0.015993538525082632,0.015993538525082632,-0.015993538525082632,1
P2_MASW,P2_VIBTR02,0.01599353852508227,0.01599353852508227,0.01599353852508227,1
P2_MASW_Lamp,P2_VIBTR02,0.01599353852508227,0.01599353852508227,0.01599353852508227,1
P2_ManualGO,P2_VIBTR02,0.01599353852508227,0.01599353852508227,0.01599353852508227,1
P4_ST_PO,x1001_15_ASSIGN_OUT,0.015939282724902637,0.022532750287922787,0.00659346756302015,2
P1_PCV02D,P2_SIT01,0.01589632305559458,0.01589632305559458,0.01589632305559458,1
P2_SCO,P4_HT_FD,0.015862285837431565,0.018734641127725826,-0.015862285837431565,2
P4_LD,x1001_15_ASSIGN_OUT,0.015764683857205475,0.016673960288779877,0.015764683857205475,2
P1_PCV01D,P2_24Vdc,0.01575979868246009,0.025233670006140376,0.01575979868246009,2
P4_HT_FD,P4_ST_GOV,0.015644927512115145,0.024392109817817507,0.008747182305702362,2
P4_HT_PS,P4_ST_PO,0.015392032969247483,0.025886810783858533,0.01049477781461105,2
P1_PIT01,P4_ST_PT01,0.015356231732140069,0.017160261001083588,0.015356231732140069,2
P1_LCV01D,P2_24Vdc,0.015229933611004194,0.020414572550005755,0.015229933611004194,2
P1_PCV02D,P3_LCP01D,0.015176204210835233,0.015176204210835233,-0.015176204210835233,1
P1_PIT01,P4_HT_FD,0.014913927731376116,0.02603798555230913,-0.014913927731376116,2
P2_VIBTR01,P4_ST_LD,0.01480101962590042,0.016357925598443807,-0.01480101962590042,2
P1_TIT02,P4_ST_FD,0.014719349679044865,0.016610359021491942,-0.014719349679044865,2
P1_LCV01Z,P2_24Vdc,0.01468861987856254,0.018651842659493344,0.01468861987856254,2
P2_VIBTR01,P4_LD,0.014674031006758672,0.021328845382305773,-0.014674031006758672,2
P1_TIT01,P4_HT_FD,0.014664244802189726,0.016415176312094784,0.0017509315099050581,2
P3_FIT01,x1001_05_SETPOINT_OUT,0.01452645472694263,0.020819609150522774,0.01452645472694263,2
P2_ATSW_Lamp,P4_HT_PO,0.014340114645643158,0.014340114645643158,-0.014340114645643158,1
P2_AutoGO,P4_HT_PO,0.014340114645643158,0.014340114645643158,-0.014340114645643158,1
P2_MASW,P4_HT_PO,0.014340114645642856,0.014340114645642856,0.014340114645642856,1
P2_ManualGO,P4_HT_PO,0.014340114645642856,0.014340114645642856,0.014340114645642856,1
P2_MASW_Lamp,P4_HT_PO,0.014340114645642856,0.014340114645642856,0.014340114645642856,1
P2_VIBTR02,P4_ST_PO,0.014327736528395254,0.024927631828614193,0.01059989530021894,2
P1_FCV02Z,P4_HT_FD,0.01431061093841741,0.016460103027685573,-0.0021494920892681634,2
P1_PIT01,P2_VIBTR02,0.014254808490780986,0.02452701146583902,0.010272202975058035,2
P1_PP04D,P4_ST_FD,0.014230051766474048,0.020647899381569315,-0.006417847615095267,2
P3_FIT01,P3_LCP01D,0.014210953722732012,0.026534172759651087,0.012323219036919075,2
P1_PP04,P4_HT_FD,0.014154864810867257,0.021853417188905412,0.0076985523780381555,2
P1_FT01Z,P4_HT_FD,0.014147117417959272,0.027129186663894883,-0.014147117417959272,2
P1_FT03,P4_ST_FD,0.014113711196126574,0.026843641680572843,-0.014113711196126574,2
P3_PIT01,P4_HT_FD,0.013994583638848028,0.021048648316509766,0.013994583638848028,2
P1_PCV01Z,P1_PP04SP,0.013973746852841931,0.013973746852841931,-0.013973746852841931,1
P3_FIT01,P4_ST_FD,0.013954455543515144,0.014234688997306635,0.00028023345379149175,2
P2_VIBTR02,P4_ST_GOV,0.013743632479086883,0.024739135313688973,0.01099550283460209,2
P4_HT_FD,P4_ST_TT01,0.013596558410920485,0.016236611721704614,0.002640053310784129,2
P1_FT02,P2_24Vdc,0.01358881411199098,0.02140283076635855,-0.01358881411199098,2
P2_24Vdc,P3_PIT01,0.013403103978038568,0.02166769373565461,0.013403103978038568,2
P3_LCV01D,P4_HT_FD,0.013344320225365913,0.01890572086787118,0.013344320225365913,2
P2_VT01,P4_ST_PT01,0.013341270468101768,0.0134572558495951,0.00011598538149333246,2
P1_LCV01D,P4_HT_FD,0.01327966086972682,0.016306778733005543,-0.003027117863278723,2
P2_VIBTR02,P4_ST_PT01,0.013213668642666496,0.024811766734479285,0.013213668642666496,2
P2_24Vdc,P2_SCST,0.013100952650934578,0.025952529579001963,-0.012851576928067385,2
P4_HT_FD,P4_HT_PO,0.013088350563207257,0.01659421874756359,0.013088350563207257,2
P2_SCO,P4_ST_FD,0.013068467572510997,0.01802088418529349,0.013068467572510997,2
P1_PP04D,P4_HT_FD,0.013035800206466955,0.01702465011134035,0.003988849904873393,2
P1_PCV01D,P1_PP04SP,0.012950540924692507,0.012950540924692507,-0.012950540924692507,1
P3_PIT01,x1001_15_ASSIGN_OUT,0.012887714121269406,0.020741039405781425,-0.00785332528451202,2
P2_AutoGO,P3_LCV01D,0.012722987433806008,0.012722987433806008,-0.012722987433806008,1
P2_ATSW_Lamp,P3_LCV01D,0.012722987433806008,0.012722987433806008,-0.012722987433806008,1
P2_MASW_Lamp,P3_LCV01D,0.012722987433805606,0.012722987433805606,0.012722987433805606,1
P2_ManualGO,P3_LCV01D,0.012722987433805606,0.012722987433805606,0.012722987433805606,1
P2_MASW,P3_LCV01D,0.012722987433805606,0.012722987433805606,0.012722987433805606,1
P2_ATSW_Lamp,P4_HT_FD,0.012684959213177614,0.012684959213177614,-0.012684959213177614,1
P2_AutoGO,P4_HT_FD,0.012684959213177614,0.012684959213177614,-0.012684959213177614,1
P2_MASW,P4_HT_FD,0.01268495921317758,0.01268495921317758,0.01268495921317758,1
P2_MASW_Lamp,P4_HT_FD,0.01268495921317758,0.01268495921317758,0.01268495921317758,1
P2_ManualGO,P4_HT_FD,0.01268495921317758,0.01268495921317758,0.01268495921317758,1
P3_LCP01D,P4_ST_GOV,0.012633573040182644,0.014700114216200322,0.012633573040182644,2
P3_PIT01,P4_ST_PO,0.01254801337584549,0.013260769856219656,0.01254801337584549,2
P1_PCV02Z,P4_HT_FD,0.012464093293089002,0.019991019318169025,-0.007526926025080023,2
P3_FIT01,P4_HT_PS,0.012291327531616143,0.015035778220689638,0.002744450689073495,2
P1_FCV03D,P4_ST_FD,0.012053594666837114,0.01728359441016567,0.012053594666837114,2
P2_SCST,P4_HT_FD,0.012033426368359353,0.020253216892010102,0.012033426368359353,2
P1_FCV01D,P1_FT02Z,0.011969877187226474,0.012548146736388044,0.0005782695491615697,2
P3_FIT01,P3_PIT01,0.011947527724152557,0.01700534733165171,-0.005057819607499153,2
P2_VT01,P4_HT_FD,0.011879064734171801,0.02055272876584448,-0.011879064734171801,2
P1_FCV01D,x1003_10_SETPOINT_OUT,0.011868777633955052,0.01228088932256255,0.00041211168860749714,2
P2_VT01,x1001_05_SETPOINT_OUT,0.011868609803989096,0.017478271986535114,-0.005609662182546018,2
P1_LIT01,P2_24Vdc,0.011525760688049972,0.021212251251993074,-0.009686490563943101,2
P1_FT03Z,P2_SIT01,0.011426739577930747,0.021109563174494445,-0.009682823596563698,2
P1_FCV01Z,P1_FT02Z,0.011249279678021529,0.011660505901727403,-0.0004112262237058739,2
P3_FIT01,P4_HT_FD,0.011190261809597632,0.01634395686583537,0.0051536950562377365,2
P1_FCV01Z,x1003_10_SETPOINT_OUT,0.011146219092302623,0.011267185208304165,-0.00012096611600154183,2
P2_AutoSD,P4_HT_FD,0.011024530888533376,0.013015612650264111,-0.0019910817617307336,2
P2_VIBTR01,P4_HT_PO,0.01099928053120458,0.017607240861448176,-0.006607960330243597,2
P2_VIBTR01,P3_LCV01D,0.010986058738315096,0.01773173497531411,-0.006745676236999013,2
P2_24Vdc,P3_LIT01,0.01090966626477733,0.018980867615134966,-0.01090966626477733,2
P1_PCV01Z,P2_24Vdc,0.010895273997650095,0.01812254963324607,0.010895273997650095,2
P4_HT_FD,P4_HT_PS,0.010769491410062481,0.016709803213822674,0.005940311803760192,2
P1_FT02,x1003_10_SETPOINT_OUT,0.01075263490226519,0.011176761809242208,0.01075263490226519,2
P1_PCV02D,P4_HT_PS,0.010613984125125374,0.010613984125125374,0.010613984125125374,1
P3_LCV01D,P4_LD,0.010594051417832429,0.012984926921683182,-0.0023908755038507534,2
P1_FT03Z,P4_ST_FD,0.010569017564473714,0.018902670727394384,-0.010569017564473714,2
P1_PCV01Z,P2_SCST,0.010496799312713766,0.020091360747636594,-0.010496799312713766,2
P4_HT_PS,P4_ST_GOV,0.010397486100999545,0.020194398330014515,0.00979691222901497,2
P1_FT02,P1_FT02Z,0.0103845469788163,0.010748192491341624,0.0103845469788163,2
P1_TIT03,P4_ST_FD,0.010260949940214939,0.01609053336106421,0.005829583420849271,2
P4_HT_PS,P4_ST_FD,0.010258178854801896,0.010679001841071822,0.0004208229862699272,2
P1_PP04,P4_ST_FD,0.010167513031669599,0.01676251781284151,0.006595004781171912,2
P3_PIT01,P4_LD,0.010126763569898334,0.01907546696691853,-0.010126763569898334,2
P4_HT_PO,P4_LD,0.010032409853992563,0.013633689546129535,-0.0036012796921369716,2
P4_LD,P4_ST_LD,0.010028585691936154,0.011106100326182977,-0.0010775146342468234,2
P1_PCV02D,P2_VIBTR03,0.010026183936540152,0.010026183936540152,0.010026183936540152,1
P1_LCV01D,P4_ST_FD,0.0095949142488873,0.018422197308833405,-0.008827283059946105,2
P3_PIT01,P4_ST_PS,0.009476303859514461,0.011161298472875121,0.0016849946133606596,2
P1_FT01,P2_24Vdc,0.009160584047771557,0.010093062429400015,-0.0009324783816284576,2
P1_FT02,P4_HT_FD,0.009075521106469444,0.013984153208157159,0.009075521106469444,2
P2_VIBTR03,P4_ST_LD,0.009005118308669551,0.009032420895528942,2.7302586859390826e-05,2
P1_FT01,P1_FT01Z,0.008947171452471925,0.01771757345652425,0.008947171452471925,2
P3_PIT01,x1001_05_SETPOINT_OUT,0.008840674165634239,0.01004044117317515,-0.0011997670075409106,2
P1_FCV01D,P4_HT_FD,0.00876802181520011,0.00917965889726216,0.00876802181520011,2
P1_FT01Z,P1_PP04D,0.008727183488755744,0.011837322808036004,-0.008727183488755744,2
P1_FCV01Z,P4_HT_FD,0.008671775255198143,0.008776581943578596,0.008671775255198143,2
P1_PCV01D,P2_SCST,0.008661144523408017,0.012319032797362843,0.0036578882739548256,2
P1_FCV03Z,P4_HT_FD,0.008578213158926658,0.01475946726240857,-0.006181254103481914,2
P1_FT02,P4_ST_FD,0.008339010332126586,0.011212465425850492,-0.008339010332126586,2
P3_LCP01D,x1001_15_ASSIGN_OUT,0.008278900584662074,0.012901966976734514,-0.008278900584662074,2
P1_PCV02D,P2_24Vdc,0.008211515872592057,0.008211515872592057,0.008211515872592057,1
P2_VIBTR02,P4_ST_LD,0.008183024970267754,0.00978462115055024,0.008183024970267754,2
P1_PIT01,P2_24Vdc,0.008137104094754937,0.014996777595246306,-0.008137104094754937,2
P2_VIBTR03,P4_ST_PO,0.008083069628661418,0.014891318561228606,-0.008083069628661418,2
P3_LCP01D,P4_HT_FD,0.00800362932908412,0.013930377959800289,0.005926748630716169,2
P1_PCV02D,P1_PIT02,0.007813521542992646,0.007813521542992646,0.007813521542992646,1
P2_SCO,P4_HT_PS,0.0076792722523277845,0.013161624753669277,-0.0076792722523277845,2
P2_ManualSD,x1002_08_SETPOINT_OUT,0.007607421817391796,0.007607421817391796,-0.007607421817391796,1
P1_PCV01Z,P2_VT01,0.007591809913449883,0.008006299481608154,0.0004144895681582714,2
P2_VIBTR03,P4_ST_GOV,0.007583812523397036,0.013696128956424018,-0.006112316433026982,2
P2_VT01,P4_HT_PS,0.007426159386756557,0.013050276191806584,0.007426159386756557,2
P4_HT_FD,P4_ST_LD,0.007384950416064648,0.012451231892657275,-0.007384950416064648,2
P1_FT01,P4_HT_FD,0.0071536800648590824,0.011825109304776947,-0.0071536800648590824,2
P3_PIT01,P4_HT_PS,0.007109486131379114,0.00878072312891707,-0.007109486131379114,2
P1_PP04SP,P2_SIT01,0.006953675529801627,0.006953675529801627,0.006953675529801627,1
P3_PIT01,P4_ST_GOV,0.0068601095531342915,0.011903171389204714,0.0068601095531342915,2
P2_24Vdc,P4_ST_PT01,0.006791010531019882,0.01155598868952249,-0.006791010531019882,2
P1_LIT01,P1_PCV01Z,0.006772534927490165,0.012169227945913352,-0.005396693018423188,2
P1_PIT02,P2_24Vdc,0.006652109332992078,0.008107519809362012,-0.0014554104763699342,2
P2_AutoGO,P2_VIBTR01,0.006573434505860815,0.006573434505860815,-0.006573434505860815,1
P2_ATSW_Lamp,P2_VIBTR01,0.006573434505860815,0.006573434505860815,-0.006573434505860815,1
P2_ManualGO,P2_VIBTR01,0.006573434505860454,0.006573434505860454,0.006573434505860454,1
P2_MASW_Lamp,P2_VIBTR01,0.006573434505860454,0.006573434505860454,0.006573434505860454,1
P2_MASW,P2_VIBTR01,0.006573434505860454,0.006573434505860454,0.006573434505860454,1
P2_24Vdc,x1002_07_SETPOINT_OUT,0.006528973752987634,0.00971813063499182,0.003189156882004186,2
P1_TIT03,P4_HT_FD,0.006310763398615957,0.010775060445497427,0.00446429704688147,2
P1_FCV03Z,P4_ST_FD,0.006220793695695709,0.010761927888283722,0.006220793695695709,2
P1_PP04,P1_PP04D,0.0062002151434948916,0.011079379252072474,-0.0062002151434948916,2
P1_FT01,P1_PP04SP,0.006120085430104061,0.006120085430104061,-0.006120085430104061,1
P1_TIT02,P4_HT_FD,0.0060309742894167784,0.0072066920415754425,0.0060309742894167784,2
P1_FT03,P1_FT03Z,0.005999442421081802,0.009060554556584055,-0.005999442421081802,2
P4_ST_FD,x1002_08_SETPOINT_OUT,0.005856282809700929,0.009854064107419661,-0.005856282809700929,2
P1_FT02Z,P4_HT_FD,0.005820241042858758,0.007791534870297467,0.005820241042858758,2
P4_HT_FD,x1003_10_SETPOINT_OUT,0.005786002305195561,0.007784668514750723,0.005786002305195561,2
P3_LCP01D,P4_HT_PS,0.005773388542951858,0.010752856902132991,0.0049794683591811335,2
P1_FT01Z,P2_24Vdc,0.005678902044734991,0.010639034852585993,0.005678902044734991,2
P1_FCV01D,P4_ST_FD,0.005445262145526283,0.010287306781518823,-0.005445262145526283,2
P4_ST_GOV,P4_ST_LD,0.005017876510601427,0.005831632773725115,-0.005017876510601427,2
P1_PP04SP,x1003_24_SUM_OUT,0.0048918678080552835,0.0048918678080552835,-0.0048918678080552835,1
P2_SIT01,P4_HT_FD,0.004866394486956084,0.009570572387448552,-0.004704177900492467,2
P3_LCP01D,P4_LD,0.004741369627830783,0.009381178681057145,0.004741369627830783,2
P2_VIBTR04,x1002_07_SETPOINT_OUT,0.0045544254763942565,0.0050059503877000165,0.0045544254763942565,2
P4_ST_FD,x1003_18_SETPOINT_OUT,0.004482685391361768,0.006109907577088287,-0.001627222185726519,2
P1_PIT02,x1001_15_ASSIGN_OUT,0.004187509716484654,0.005529403996370728,-0.004187509716484654,2
P1_PCV02D,P4_HT_FD,0.004180765487354137,0.004180765487354137,-0.004180765487354137,1
P4_HT_FD,P4_LD,0.004084992631096962,0.0058212120968025305,0.004084992631096962,2
P4_HT_PS,x1001_15_ASSIGN_OUT,0.004036693811404479,0.006795816209988273,-0.004036693811404479,2
P4_HT_FD,x1002_07_SETPOINT_OUT,0.0038029144810487287,0.0055286143550300985,0.0017256998739813697,2
P3_LIT01,P4_HT_FD,0.0037673495937921133,0.0065876005263406714,0.002820250932548558,2
P1_FT02Z,P4_ST_FD,0.003674459246400844,0.00505346973955011,-0.001379010493149266,2
P1_PP04SP,P4_ST_GOV,0.0036732293990750023,0.0036732293990750023,0.0036732293990750023,1
P1_FCV01Z,P4_ST_FD,0.0036444870623785672,0.006596496189941687,-0.0036444870623785672,2
P4_ST_FD,x1003_10_SETPOINT_OUT,0.0035557473412386863,0.005745377222403767,-0.0021896298811650804,2
P1_PP04SP,P4_ST_LD,0.003451592988857055,0.003451592988857055,0.003451592988857055,1
P2_ManualSD,x1002_07_SETPOINT_OUT,0.0033813946797918507,0.0033813946797918507,0.0033813946797918507,1
P1_TIT02,P2_ATSW_Lamp,0.0033676060576165318,0.0033676060576165318,0.0033676060576165318,1
P1_TIT02,P2_AutoGO,0.0033676060576165318,0.0033676060576165318,0.0033676060576165318,1
P1_TIT02,P2_MASW,0.003367606057615543,0.003367606057615543,-0.003367606057615543,1
P1_TIT02,P2_MASW_Lamp,0.003367606057615543,0.003367606057615543,-0.003367606057615543,1
P1_TIT02,P2_ManualGO,0.003367606057615543,0.003367606057615543,-0.003367606057615543,1
P1_PP04SP,x1001_15_ASSIGN_OUT,0.003277589448516041,0.003277589448516041,-0.003277589448516041,1
P2_MASW,x1002_07_SETPOINT_OUT,0.003247397207856842,0.003247397207856842,-0.003247397207856842,1
P2_MASW_Lamp,x1002_07_SETPOINT_OUT,0.003247397207856842,0.003247397207856842,-0.003247397207856842,1
P2_ManualGO,x1002_07_SETPOINT_OUT,0.003247397207856842,0.003247397207856842,-0.003247397207856842,1
P2_AutoGO,x1002_07_SETPOINT_OUT,0.0032473972078566754,0.0032473972078566754,0.0032473972078566754,1
P2_ATSW_Lamp,x1002_07_SETPOINT_OUT,0.0032473972078566754,0.0032473972078566754,0.0032473972078566754,1
P4_ST_GOV,P4_ST_PO,0.0032364397792987165,0.005168821738070095,-0.0032364397792987165,2
P1_PIT01,P4_ST_FD,0.0030438153345941116,0.004197250595911542,-0.0030438153345941116,2
P4_ST_LD,P4_ST_PO,0.0029550810488286894,0.00487394357983173,-0.0029550810488286894,2
P1_PCV02D,P2_VIBTR01,0.002597471775536306,0.002597471775536306,-0.002597471775536306,1
P1_LIT01,P1_PCV01D,0.0024162822892505043,0.004057720677540344,-0.0016414383882898398,2
P2_ManualSD,P4_HT_FD,0.002200466816176935,0.002200466816176935,-0.002200466816176935,1
P1_PCV01D,P2_VT01,0.0020350846120036426,0.0034511783534153877,-0.0014160937414117454,2
P1_PCV02D,P2_VIBTR04,0.0019799238004968127,0.0019799238004968127,-0.0019799238004968127,1
P1_PCV02D,P4_ST_FD,0.0019540210105919503,0.0019540210105919503,0.0019540210105919503,1
P1_FCV01Z,P1_FT02,0.0017201848859461633,0.003346019345784157,-0.0017201848859461633,2
P1_LCV01Z,P4_HT_FD,0.001636487855004391,0.002313570355145036,0.0006770825001406449,2
P1_PP04SP,P4_ST_PO,0.0014528013688434246,0.0014528013688434246,-0.0014528013688434246,1
P1_PCV02D,P1_PP04SP,0.0012387218292935764,0.0012387218292935764,-0.0012387218292935764,1
P1_FCV01D,P1_FT02,0.0010117522739431783,0.0016115457296029811,-0.0005997934556598028,2
P4_ST_FD,P4_ST_PS,0.000746223808550564,0.0008211335529187645,-0.000746223808550564,2
P1_FCV01D,P1_FCV01Z,0.0007100820753809245,0.0011608609342340648,0.0007100820753809245,2
P1_PP04SP,P4_ST_FD,0.000694992145575125,0.000694992145575125,-0.000694992145575125,1
P4_ST_FD,P4_ST_PT01,0.0006628428300600947,0.0012796570079211967,-0.000616814177861102,2
P1_PP04SP,P3_LIT01,0.0004518173111263818,0.0004518173111263818,0.0004518173111263818,1
P1_PP04SP,P2_AutoSD,0.00032764234185966856,0.00032764234185966856,-0.00032764234185966856,1
P1_FT02Z,x1003_10_SETPOINT_OUT,0.00018566594609326081,0.0001917870760890228,0.00018566594609326081,2
P3_LCV01D,P4_HT_PO,0.00010917807079108277,0.00010931216205112282,-0.00010917807079108277,2
P1_TIT01,P4_ST_TT01,7.494321290058004e-05,0.00011452096655606425,-3.9577753655484216e-05,2
P2_ATSW_Lamp,P2_MASW,2.220446049250313e-16,2.220446049250313e-16,2.220446049250313e-16,1
P2_ATSW_Lamp,P2_MASW_Lamp,2.220446049250313e-16,2.220446049250313e-16,2.220446049250313e-16,1
P2_ATSW_Lamp,P2_ManualGO,2.220446049250313e-16,2.220446049250313e-16,2.220446049250313e-16,1
P2_AutoGO,P2_MASW,2.220446049250313e-16,2.220446049250313e-16,2.220446049250313e-16,1
P2_AutoGO,P2_MASW_Lamp,2.220446049250313e-16,2.220446049250313e-16,2.220446049250313e-16,1
P2_AutoGO,P2_ManualGO,2.220446049250313e-16,2.220446049250313e-16,2.220446049250313e-16,1
P2_MASW,P2_ManualGO,0.0,0.0,0.0,1
P2_MASW_Lamp,P2_ManualGO,0.0,0.0,0.0,1
P2_ATSW_Lamp,P2_AutoGO,0.0,0.0,0.0,1
P2_MASW,P2_MASW_Lamp,0.0,0.0,0.0,1
