source_file,event_number,feature,threshold_defined,response_rule,pre_event_median,pre_event_mode,pre_event_window_samples,file_normal_std,file_normal_constant,reaction_threshold_sigma,reaction_sustain_samples,response_detected,preexisting_excursion,reaction_delay_seconds,peak_abs_deviation_from_pre_median_sd,recovery_threshold_sigma,recovery_sustain_samples,recovery_search_seconds,recovery_search_actual_samples,recovery_detected,recovery_not_observed_within_horizon,recovery_right_censored,recovery_delay_seconds
hai-test1.csv,1,P1_FCV01D,True,3_sigma_from_pre_median,13.801435,6.30596,300,22.84270615719168,False,3.0,3,False,False,,0.4164749541728375,1.0,10,600,600,False,False,False,
hai-test1.csv,1,P1_FCV01Z,True,3_sigma_from_pre_median,14.00146,14.95514,300,23.169097266768347,False,3.0,3,False,False,,0.4356527094595722,1.0,10,600,600,False,False,False,
hai-test1.csv,1,P1_FCV02D,True,3_sigma_from_pre_median,100.0,100.0,300,40.896481276676205,False,3.0,3,False,False,,0.0,1.0,10,600,600,False,False,False,
hai-test1.csv,1,P1_FCV02Z,True,3_sigma_from_pre_median,64.87808,97.32208,300,37.76975658121236,False,3.0,3,False,False,,0.8596001917616239,1.0,10,600,600,False,False,False,
hai-test1.csv,1,P1_FCV03D,True,3_sigma_from_pre_median,52.43064,52.44542,300,1.0646258364164685,False,3.0,3,False,False,,1.9589793227450354,1.0,10,600,600,False,False,False,
hai-test1.csv,1,P1_FCV03Z,True,3_sigma_from_pre_median,53.05634,53.05634,300,1.0746685930744746,False,3.0,3,False,False,,2.087192288352804,1.0,10,600,600,False,False,False,
hai-test1.csv,1,P1_FT01,True,3_sigma_from_pre_median,57.8308,57.06784,300,7.122921026465356,False,3.0,3,True,False,34.0,4.900298609280076,1.0,10,600,600,True,False,False,8.0
hai-test1.csv,1,P1_FT01Z,True,3_sigma_from_pre_median,301.10565,297.13321,300,37.09807579445848,False,3.0,3,True,False,35.0,4.898793430875105,1.0,10,600,600,True,False,False,9.0
hai-test1.csv,1,P1_FT02,True,3_sigma_from_pre_median,58.87984,4.99723,300,1002.1838417006109,False,3.0,3,False,False,,0.05452649277129798,1.0,10,600,600,False,False,False,
hai-test1.csv,1,P1_FT02Z,True,3_sigma_from_pre_median,314.015795,26.01891,300,1257.579495817021,False,3.0,3,False,False,,0.23216770468280745,1.0,10,600,600,False,False,False,
hai-test1.csv,1,P1_FT03,True,3_sigma_from_pre_median,238.64743,239.21962,300,5.620080284055158,False,3.0,3,False,False,,1.527214837900309,1.0,10,600,600,False,False,False,
hai-test1.csv,1,P1_FT03Z,True,3_sigma_from_pre_median,983.11615,984.42072,300,12.806775531386771,False,3.0,3,False,False,,1.5280505191989506,1.0,10,600,600,False,False,False,
hai-test1.csv,1,P1_LCV01D,True,3_sigma_from_pre_median,14.50155,13.82238,300,2.8352305438964307,False,3.0,3,False,False,,2.908839289190892,1.0,10,600,600,False,False,False,
hai-test1.csv,1,P1_LCV01Z,True,3_sigma_from_pre_median,14.56604,13.49792,300,2.849341018598587,False,3.0,3,True,False,155.0,3.0363968172034546,1.0,10,600,600,True,False,False,112.0
hai-test1.csv,1,P1_LIT01,True,3_sigma_from_pre_median,352.20596,354.30173,300,19.13774319643267,False,3.0,3,False,False,,2.0433177307598727,1.0,10,600,600,False,False,False,
hai-test1.csv,1,P1_PCV01D,True,3_sigma_from_pre_median,26.551475,22.26209,300,2.175029666301921,False,3.0,3,True,False,47.0,6.544276255413678,1.0,10,600,600,True,False,False,36.0
hai-test1.csv,1,P1_PCV01Z,True,3_sigma_from_pre_median,26.86462,27.81067,300,2.2021074236267753,False,3.0,3,True,False,51.0,6.800989742514169,1.0,10,600,600,True,False,False,40.0
hai-test1.csv,1,P1_PCV02D,True,3_sigma_from_pre_median,12.0,12.0,300,0.01098679314249775,False,3.0,3,True,False,167.0,352.2802286163816,1.0,10,600,600,True,False,False,11.0
hai-test1.csv,1,P1_PCV02Z,True,3_sigma_from_pre_median,11.68976,11.68976,300,0.027697809725893457,False,3.0,3,True,False,180.0,153.42621102733858,1.0,10,600,600,False,True,True,
hai-test1.csv,1,P1_PIT01,True,3_sigma_from_pre_median,1.07857,1.11938,300,0.10108042861225783,False,3.0,3,True,False,85.0,4.728709667758931,1.0,10,600,600,True,False,False,88.0
hai-test1.csv,1,P1_PIT01_HH,True,change_from_pre_mode,524320.0,524320.0,300,0.0,True,3.0,3,False,False,,,1.0,10,600,600,False,False,False,
hai-test1.csv,1,P1_PIT02,True,3_sigma_from_pre_median,0.369035,0.32211,300,0.3585321787147921,False,3.0,3,False,False,,0.12873321486916167,1.0,10,600,600,False,False,False,
hai-test1.csv,1,P1_PP01AD,True,change_from_pre_mode,0.0,0.0,300,0.0,True,3.0,3,False,False,,,1.0,10,600,600,False,False,False,
hai-test1.csv,1,P1_PP01AR,True,change_from_pre_mode,0.0,0.0,300,0.0,True,3.0,3,False,False,,,1.0,10,600,600,False,False,False,
hai-test1.csv,1,P1_PP01BD,True,change_from_pre_mode,1.0,1.0,300,0.0,True,3.0,3,False,False,,,1.0,10,600,600,False,False,False,
hai-test1.csv,1,P1_PP01BR,True,change_from_pre_mode,1.0,1.0,300,0.0,True,3.0,3,False,False,,,1.0,10,600,600,False,False,False,
hai-test1.csv,1,P1_PP02D,True,change_from_pre_mode,1.0,1.0,300,0.0,True,3.0,3,False,False,,,1.0,10,600,600,False,False,False,
hai-test1.csv,1,P1_PP02R,True,change_from_pre_mode,1.0,1.0,300,0.0,True,3.0,3,False,False,,,1.0,10,600,600,False,False,False,
hai-test1.csv,1,P1_PP04,True,3_sigma_from_pre_median,5.551145,0.0,300,16.788267124760022,False,3.0,3,False,False,,2.349787188090379,1.0,10,600,600,False,False,False,
hai-test1.csv,1,P1_PP04D,True,3_sigma_from_pre_median,0.0,0.0,300,0.4864033183195398,False,3.0,3,False,False,,2.0559070268164903,1.0,10,600,600,False,False,False,
hai-test1.csv,1,P1_PP04SP,True,change_from_pre_mode,27.48882,27.48882,300,0.0,True,3.0,3,False,False,,,1.0,10,600,600,False,False,False,
hai-test1.csv,1,P1_SOL01D,True,change_from_pre_mode,524320.0,524320.0,300,0.0,True,3.0,3,False,False,,,1.0,10,600,600,False,False,False,
hai-test1.csv,1,P1_SOL03D,True,change_from_pre_mode,524320.0,524320.0,300,0.0,True,3.0,3,False,False,,,1.0,10,600,600,False,False,False,
hai-test1.csv,1,P1_STSP,True,change_from_pre_mode,1.0,1.0,300,0.0,True,3.0,3,False,False,,,1.0,10,600,600,False,False,False,
hai-test1.csv,1,P1_TIT01,True,3_sigma_from_pre_median,32.225035000000005,32.2937,300,1.1985492880384954,False,3.0,3,False,False,,0.13368244560240222,1.0,10,600,600,False,False,False,
hai-test1.csv,1,P1_TIT02,True,3_sigma_from_pre_median,37.23754,36.44409,300,2.055402597486634,False,3.0,3,False,False,,0.6532929371802692,1.0,10,600,600,False,False,False,
hai-test1.csv,1,P1_TIT03,True,3_sigma_from_pre_median,28.39069,28.39069,300,1.1772378238837553,False,3.0,3,False,False,,0.7066881331211358,1.0,10,600,600,False,False,False,
hai-test1.csv,1,P2_24Vdc,True,3_sigma_from_pre_median,28.03601,28.03689,300,0.003477435961533257,False,3.0,3,False,False,,3.499704993742465,1.0,10,600,600,False,False,False,
hai-test1.csv,1,P2_ATSW_Lamp,True,change_from_pre_mode,1.0,1.0,300,0.0,True,3.0,3,False,False,,,1.0,10,600,600,False,False,False,
hai-test1.csv,1,P2_AutoGO,True,change_from_pre_mode,1.0,1.0,300,0.0,True,3.0,3,False,False,,,1.0,10,600,600,False,False,False,
hai-test1.csv,1,P2_AutoSD,True,3_sigma_from_pre_median,119.04872,119.04872,300,4.841791207141232,False,3.0,3,False,False,,0.0,1.0,10,600,600,False,False,False,
hai-test1.csv,1,P2_Emerg,True,change_from_pre_mode,0.0,0.0,300,0.0,True,3.0,3,False,False,,,1.0,10,600,600,False,False,False,
hai-test1.csv,1,P2_MASW,True,change_from_pre_mode,0.0,0.0,300,0.0,True,3.0,3,False,False,,,1.0,10,600,600,False,False,False,
hai-test1.csv,1,P2_MASW_Lamp,True,change_from_pre_mode,0.0,0.0,300,0.0,True,3.0,3,False,False,,,1.0,10,600,600,False,False,False,
hai-test1.csv,1,P2_ManualGO,True,change_from_pre_mode,0.0,0.0,300,0.0,True,3.0,3,False,False,,,1.0,10,600,600,False,False,False,
hai-test1.csv,1,P2_ManualSD,True,change_from_pre_mode,12.92742,12.92742,300,0.0,True,3.0,3,False,False,,,1.0,10,600,600,False,False,False,
hai-test1.csv,1,P2_OnOff,True,change_from_pre_mode,1.0,1.0,300,0.0,True,3.0,3,False,False,,,1.0,10,600,600,False,False,False,
hai-test1.csv,1,P2_RTR,True,change_from_pre_mode,2880.0,2880.0,300,0.0,True,3.0,3,False,False,,,1.0,10,600,600,False,False,False,
hai-test1.csv,1,P2_SCO,True,3_sigma_from_pre_median,54777.0,54777.0,300,25.815834015187235,False,3.0,3,False,False,,0.07747183371350377,1.0,10,600,600,False,False,False,
hai-test1.csv,1,P2_SCST,True,3_sigma_from_pre_median,720.4803449999999,720.44318,300,0.2849730368572045,False,3.0,3,False,False,,1.3326348492061535,1.0,10,600,600,False,False,False,
hai-test1.csv,1,P2_SIT01,True,3_sigma_from_pre_median,919.0,919.0,300,8.22603153950541,False,3.0,3,False,False,,0.9725224078682538,1.0,10,600,600,False,False,False,
hai-test1.csv,1,P2_TripEx,True,change_from_pre_mode,1.0,1.0,300,0.0,True,3.0,3,False,False,,,1.0,10,600,600,False,False,False,
hai-test1.csv,1,P2_VIBTR01,True,3_sigma_from_pre_median,6.9911,7.044,300,0.3676899605355175,False,3.0,3,False,False,,1.8659742545070819,1.0,10,600,600,False,False,False,
hai-test1.csv,1,P2_VIBTR02,True,3_sigma_from_pre_median,-3.00135,-3.3898,300,0.348930030020079,False,3.0,3,False,False,,1.951537389776441,1.0,10,600,600,False,False,False,
hai-test1.csv,1,P2_VIBTR03,True,3_sigma_from_pre_median,9.908100000000001,9.624,300,0.23660338683141197,False,3.0,3,False,False,,2.7087524341173674,1.0,10,600,600,False,False,False,
hai-test1.csv,1,P2_VIBTR04,True,3_sigma_from_pre_median,-0.9855,-1.2481,300,0.24479515001020077,False,3.0,3,False,False,,2.480849804314724,1.0,10,600,600,False,False,False,
hai-test1.csv,1,P2_VT01,True,3_sigma_from_pre_median,11.972385,11.92346,300,0.04211469636210724,False,3.0,3,False,False,,1.5743910256387277,1.0,10,600,600,False,False,False,
hai-test1.csv,1,P2_VTR01,True,change_from_pre_mode,50.0,50.0,300,0.0,True,3.0,3,False,False,,,1.0,10,600,600,False,False,False,
hai-test1.csv,1,P2_VTR02,True,change_from_pre_mode,50.0,50.0,300,0.0,True,3.0,3,False,False,,,1.0,10,600,600,False,False,False,
hai-test1.csv,1,P2_VTR03,True,change_from_pre_mode,50.0,50.0,300,0.0,True,3.0,3,False,False,,,1.0,10,600,600,False,False,False,
hai-test1.csv,1,P2_VTR04,True,change_from_pre_mode,50.0,50.0,300,0.0,True,3.0,3,False,False,,,1.0,10,600,600,False,False,False,
hai-test1.csv,1,P3_FIT01,True,3_sigma_from_pre_median,33.0,29.0,300,1697.784997187767,False,3.0,3,False,False,,1.7475711028867478,1.0,10,600,600,False,False,False,
hai-test1.csv,1,P3_LCP01D,True,3_sigma_from_pre_median,1004.0,-8.0,300,5136.8956074100415,False,3.0,3,False,False,,2.490998645474048,1.0,10,600,600,False,False,False,
hai-test1.csv,1,P3_LCV01D,True,3_sigma_from_pre_median,13544.0,-144.0,300,6816.085890450855,False,3.0,3,False,False,,2.008190656631323,1.0,10,600,600,False,False,False,
hai-test1.csv,1,P3_LH01,True,change_from_pre_mode,70.0,70.0,300,0.0,True,3.0,3,False,False,,,1.0,10,600,600,False,False,False,
hai-test1.csv,1,P3_LIT01,True,3_sigma_from_pre_median,16221.5,15008.0,300,3056.888907585003,False,3.0,3,False,False,,1.060718952512289,1.0,10,600,600,False,False,False,
hai-test1.csv,1,P3_LL01,True,change_from_pre_mode,30.0,30.0,300,0.0,True,3.0,3,False,False,,,1.0,10,600,600,False,False,False,
hai-test1.csv,1,P3_PIT01,True,3_sigma_from_pre_median,24.0,24.0,300,1342.210771459746,False,3.0,3,False,False,,3.029330479577322,1.0,10,600,600,False,False,False,
hai-test1.csv,1,P4_HT_FD,True,3_sigma_from_pre_median,-0.00022,-0.00036,300,0.002094857275730677,False,3.0,3,False,False,,13.222857862876774,1.0,10,600,600,False,False,False,
hai-test1.csv,1,P4_HT_PO,True,3_sigma_from_pre_median,62.599485,0.01807,300,31.352937628143213,False,3.0,3,False,False,,1.9960303478492967,1.0,10,600,600,False,False,False,
hai-test1.csv,1,P4_HT_PS,True,3_sigma_from_pre_median,7.94045,7.94045,300,1.8602580474440873,False,3.0,3,False,False,,0.0,1.0,10,600,600,False,False,False,
hai-test1.csv,1,P4_LD,True,3_sigma_from_pre_median,396.08651499999996,269.54932,300,61.64805357478487,False,3.0,3,False,False,,1.9176320766817094,1.0,10,600,600,False,False,False,
hai-test1.csv,1,P4_ST_FD,True,3_sigma_from_pre_median,-0.00029,7e-05,300,0.0016600255351600075,False,3.0,3,False,False,,3.662594262090045,1.0,10,600,600,False,False,False,
hai-test1.csv,1,P4_ST_GOV,True,3_sigma_from_pre_median,18476.0,18930.0,300,1720.1717180299972,False,3.0,3,False,False,,1.9166691124161972,1.0,10,600,600,False,False,False,
hai-test1.csv,1,P4_ST_LD,True,3_sigma_from_pre_median,337.14914,271.73755,300,35.6527960419603,False,3.0,3,False,False,,1.7276549622505646,1.0,10,600,600,False,False,False,
hai-test1.csv,1,P4_ST_PO,True,3_sigma_from_pre_median,338.586885,327.03998,300,31.82679025985116,False,3.0,3,False,False,,1.9504023023743737,1.0,10,600,600,False,False,False,
hai-test1.csv,1,P4_ST_PS,True,3_sigma_from_pre_median,20.16145,20.16145,300,2.3221340099168533,False,3.0,3,False,False,,0.0,1.0,10,600,600,False,False,False,
hai-test1.csv,1,P4_ST_PT01,True,3_sigma_from_pre_median,9970.0,9970.0,300,28.696066979387986,False,3.0,3,True,False,208.0,4.8438693741494925,1.0,10,600,600,True,False,False,88.0
hai-test1.csv,1,P4_ST_TT01,True,3_sigma_from_pre_median,27284.0,27278.0,300,115.90000290990808,False,3.0,3,False,False,,0.13805003967460805,1.0,10,600,600,False,False,False,
hai-test1.csv,1,x1001_05_SETPOINT_OUT,True,3_sigma_from_pre_median,0.05148,0.05148,300,0.030634948508867832,False,3.0,3,False,False,,0.0,1.0,10,600,600,False,False,False,
hai-test1.csv,1,x1001_15_ASSIGN_OUT,True,3_sigma_from_pre_median,1.05515,1.02036,300,0.0991220108490534,False,3.0,3,False,False,,1.8299669109440015,1.0,10,600,600,False,False,False,
hai-test1.csv,1,x1002_07_SETPOINT_OUT,True,3_sigma_from_pre_median,348.79922,348.79922,300,17.571010784651346,False,3.0,3,False,False,,0.0,1.0,10,600,600,False,False,False,
hai-test1.csv,1,x1002_08_SETPOINT_OUT,True,3_sigma_from_pre_median,982.02313,982.02313,300,12.08195744085597,False,3.0,3,False,False,,0.0,1.0,10,600,600,False,False,False,
hai-test1.csv,1,x1003_10_SETPOINT_OUT,True,3_sigma_from_pre_median,326.429445,26.01891,300,1257.5776996314432,False,3.0,3,False,False,,0.24203911622256433,1.0,10,600,600,False,False,False,
hai-test1.csv,1,x1003_18_SETPOINT_OUT,True,3_sigma_from_pre_median,26.47805,26.47805,300,0.1657230121219866,False,3.0,3,False,False,,0.0,1.0,10,600,600,False,False,False,
hai-test1.csv,1,x1003_24_SUM_OUT,True,3_sigma_from_pre_median,30.32362,30.3755,300,0.35208254333579925,False,3.0,3,False,False,,1.7172961609270412,1.0,10,600,600,False,False,False,
hai-test1.csv,2,P1_FCV01D,True,3_sigma_from_pre_median,3.875365,2.82108,300,22.84270615719168,False,3.0,3,False,False,,0.10565013546961895,1.0,10,600,600,False,False,False,
hai-test1.csv,2,P1_FCV01Z,True,3_sigma_from_pre_median,3.43475,3.43475,300,23.169097266768347,False,3.0,3,False,False,,0.13369230420741582,1.0,10,600,600,False,False,False,
hai-test1.csv,2,P1_FCV02D,True,3_sigma_from_pre_median,100.0,100.0,300,40.896481276676205,False,3.0,3,False,False,,0.0,1.0,10,600,600,False,False,False,
hai-test1.csv,2,P1_FCV02Z,True,3_sigma_from_pre_median,97.34497,97.34497,300,37.76975658121236,False,3.0,3,False,False,,0.00040376219971670124,1.0,10,600,600,False,False,False,
hai-test1.csv,2,P1_FCV03D,True,3_sigma_from_pre_median,52.165594999999996,51.56974,300,1.0646258364164685,False,3.0,3,False,False,,1.457878389673829,1.0,10,600,600,False,False,False,
hai-test1.csv,2,P1_FCV03Z,True,3_sigma_from_pre_median,53.05634,53.17078,300,1.0746685930744746,False,3.0,3,False,False,,1.6825373065263578,1.0,10,600,600,False,False,False,
hai-test1.csv,2,P1_FT01,True,3_sigma_from_pre_median,60.40572,62.59917,300,7.122921026465356,False,3.0,3,True,False,138.0,3.119589550051019,1.0,10,600,600,True,False,False,54.0
hai-test1.csv,2,P1_FT01Z,True,3_sigma_from_pre_median,314.01599,301.10565,300,37.09807579445848,False,3.0,3,True,False,147.0,3.105249464642255,1.0,10,600,600,True,False,False,55.0
hai-test1.csv,2,P1_FT02,True,3_sigma_from_pre_median,4.80653,4.80653,300,1002.1838417006109,False,3.0,3,False,False,,0.0011419461703333735,1.0,10,600,600,False,False,False,
hai-test1.csv,2,P1_FT02Z,True,3_sigma_from_pre_median,25.02598,25.02598,300,1257.579495817021,False,3.0,3,False,False,,0.004738221336957131,1.0,10,600,600,False,False,False,
hai-test1.csv,2,P1_FT03,True,3_sigma_from_pre_median,234.64203,232.73463,300,5.620080284055158,False,3.0,3,False,False,,0.8484522923148344,1.0,10,600,600,False,False,False,
hai-test1.csv,2,P1_FT03Z,True,3_sigma_from_pre_median,973.98383,970.9397,300,12.806775531386771,False,3.0,3,False,False,,0.8489170418701603,1.0,10,600,600,False,False,False,
hai-test1.csv,2,P1_LCV01D,True,3_sigma_from_pre_median,17.699065,16.29439,300,2.8352305438964307,False,3.0,3,True,False,93.0,4.090416923930981,1.0,10,600,600,True,False,False,46.0
hai-test1.csv,2,P1_LCV01Z,True,3_sigma_from_pre_median,17.64831,17.64831,300,2.849341018598587,False,3.0,3,True,False,97.0,4.083337137975306,1.0,10,600,600,True,False,False,49.0
hai-test1.csv,2,P1_LIT01,True,3_sigma_from_pre_median,346.710875,343.61832,300,19.13774319643267,False,3.0,3,False,False,,1.336837093977149,1.0,10,600,600,False,False,False,
hai-test1.csv,2,P1_PCV01D,True,3_sigma_from_pre_median,24.950585,22.60942,300,2.175029666301921,False,3.0,3,True,False,35.0,9.500452026078992,1.0,10,600,600,True,False,False,1.0
hai-test1.csv,2,P1_PCV01Z,True,3_sigma_from_pre_median,24.84284,26.02539,300,2.2021074236267753,False,3.0,3,True,False,36.0,9.86021379658183,1.0,10,600,600,True,False,False,1.0
hai-test1.csv,2,P1_PCV02D,True,3_sigma_from_pre_median,12.0,12.0,300,0.01098679314249775,False,3.0,3,False,False,,0.0,1.0,10,600,600,False,False,False,
hai-test1.csv,2,P1_PCV02Z,True,3_sigma_from_pre_median,11.81183,11.81183,300,0.027697809725893457,False,3.0,3,False,False,,0.5509460910815445,1.0,10,600,600,False,False,False,
hai-test1.csv,2,P1_PIT01,True,3_sigma_from_pre_median,0.96527,0.96832,300,0.10108042861225783,False,3.0,3,True,False,158.0,4.438148968687673,1.0,10,600,600,True,False,False,17.0
hai-test1.csv,2,P1_PIT01_HH,True,change_from_pre_mode,524320.0,524320.0,300,0.0,True,3.0,3,False,False,,,1.0,10,600,600,False,False,False,
hai-test1.csv,2,P1_PIT02,True,3_sigma_from_pre_median,0.3717,0.36942,300,0.3585321787147921,False,3.0,3,False,False,,0.04682982727013818,1.0,10,600,600,False,False,False,
hai-test1.csv,2,P1_PP01AD,True,change_from_pre_mode,0.0,0.0,300,0.0,True,3.0,3,False,False,,,1.0,10,600,600,False,False,False,
hai-test1.csv,2,P1_PP01AR,True,change_from_pre_mode,0.0,0.0,300,0.0,True,3.0,3,False,False,,,1.0,10,600,600,False,False,False,
hai-test1.csv,2,P1_PP01BD,True,change_from_pre_mode,1.0,1.0,300,0.0,True,3.0,3,False,False,,,1.0,10,600,600,False,False,False,
hai-test1.csv,2,P1_PP01BR,True,change_from_pre_mode,1.0,1.0,300,0.0,True,3.0,3,False,False,,,1.0,10,600,600,False,False,False,
hai-test1.csv,2,P1_PP02D,True,change_from_pre_mode,1.0,1.0,300,0.0,True,3.0,3,False,False,,,1.0,10,600,600,False,False,False,
hai-test1.csv,2,P1_PP02R,True,change_from_pre_mode,1.0,1.0,300,0.0,True,3.0,3,False,False,,,1.0,10,600,600,False,False,False,
hai-test1.csv,2,P1_PP04,True,3_sigma_from_pre_median,36.542015000000006,40.0,300,16.788267124760022,False,3.0,3,False,False,,0.20597629131716733,1.0,10,600,600,False,False,False,
hai-test1.csv,2,P1_PP04D,True,3_sigma_from_pre_median,1.0,1.0,300,0.4864033183195398,False,3.0,3,False,False,,0.0,1.0,10,600,600,False,False,False,
hai-test1.csv,2,P1_PP04SP,True,change_from_pre_mode,27.48882,27.48882,300,0.0,True,3.0,3,False,False,,,1.0,10,600,600,False,False,False,
hai-test1.csv,2,P1_SOL01D,True,change_from_pre_mode,524320.0,524320.0,300,0.0,True,3.0,3,False,False,,,1.0,10,600,600,False,False,False,
hai-test1.csv,2,P1_SOL03D,True,change_from_pre_mode,524320.0,524320.0,300,0.0,True,3.0,3,False,False,,,1.0,10,600,600,False,False,False,
hai-test1.csv,2,P1_STSP,True,change_from_pre_mode,1.0,1.0,300,0.0,True,3.0,3,False,False,,,1.0,10,600,600,False,False,False,
hai-test1.csv,2,P1_TIT01,True,3_sigma_from_pre_median,31.843564999999998,32.33947,300,1.1985492880384954,False,3.0,3,False,False,,1.4959042718503637,1.0,10,600,600,False,False,False,
hai-test1.csv,2,P1_TIT02,True,3_sigma_from_pre_median,38.39721,38.39721,300,2.055402597486634,False,3.0,3,False,False,,0.08166283345425854,1.0,10,600,600,False,False,False,
hai-test1.csv,2,P1_TIT03,True,3_sigma_from_pre_median,29.65018,29.65018,300,1.1772378238837553,False,3.0,3,False,False,,0.11825987678573366,1.0,10,600,600,False,False,False,
hai-test1.csv,2,P2_24Vdc,True,3_sigma_from_pre_median,28.03514,28.03514,300,0.003477435961533257,False,3.0,3,False,False,,3.235142249762702,1.0,10,600,600,False,False,False,
hai-test1.csv,2,P2_ATSW_Lamp,True,change_from_pre_mode,1.0,1.0,300,0.0,True,3.0,3,False,False,,,1.0,10,600,600,False,False,False,
hai-test1.csv,2,P2_AutoGO,True,change_from_pre_mode,1.0,1.0,300,0.0,True,3.0,3,False,False,,,1.0,10,600,600,False,False,False,
hai-test1.csv,2,P2_AutoSD,True,3_sigma_from_pre_median,119.04872,119.04872,300,4.841791207141232,False,3.0,3,False,False,,0.9703640241798136,1.0,10,600,600,False,False,False,
hai-test1.csv,2,P2_Emerg,True,change_from_pre_mode,0.0,0.0,300,0.0,True,3.0,3,False,False,,,1.0,10,600,600,False,False,False,
hai-test1.csv,2,P2_MASW,True,change_from_pre_mode,0.0,0.0,300,0.0,True,3.0,3,False,False,,,1.0,10,600,600,False,False,False,
hai-test1.csv,2,P2_MASW_Lamp,True,change_from_pre_mode,0.0,0.0,300,0.0,True,3.0,3,False,False,,,1.0,10,600,600,False,False,False,
hai-test1.csv,2,P2_ManualGO,True,change_from_pre_mode,0.0,0.0,300,0.0,True,3.0,3,False,False,,,1.0,10,600,600,False,False,False,
hai-test1.csv,2,P2_ManualSD,True,change_from_pre_mode,12.92742,12.92742,300,0.0,True,3.0,3,False,False,,,1.0,10,600,600,False,False,False,
hai-test1.csv,2,P2_OnOff,True,change_from_pre_mode,1.0,1.0,300,0.0,True,3.0,3,False,False,,,1.0,10,600,600,False,False,False,
hai-test1.csv,2,P2_RTR,True,change_from_pre_mode,2880.0,2880.0,300,0.0,True,3.0,3,False,False,,,1.0,10,600,600,False,False,False,
hai-test1.csv,2,P2_SCO,True,3_sigma_from_pre_median,54776.5,54776.0,300,25.815834015187235,False,3.0,3,False,False,,1.026501796703925,1.0,10,600,600,False,False,False,
hai-test1.csv,2,P2_SCST,True,3_sigma_from_pre_median,720.4948750000001,720.40131,300,0.2849730368572045,False,3.0,3,False,False,,1.203254187769716,1.0,10,600,600,False,False,False,
hai-test1.csv,2,P2_SIT01,True,3_sigma_from_pre_median,918.0,918.0,300,8.22603153950541,False,3.0,3,False,False,,1.337218310818849,1.0,10,600,600,False,False,False,
hai-test1.csv,2,P2_TripEx,True,change_from_pre_mode,1.0,1.0,300,0.0,True,3.0,3,False,False,,,1.0,10,600,600,False,False,False,
hai-test1.csv,2,P2_VIBTR01,True,3_sigma_from_pre_median,6.931,6.4252,300,0.3676899605355175,False,3.0,3,False,False,,1.8385054599136954,1.0,10,600,600,False,False,False,
hai-test1.csv,2,P2_VIBTR02,True,3_sigma_from_pre_median,-3.02625,-3.3995,300,0.348930030020079,False,3.0,3,False,False,,1.9352017364660279,1.0,10,600,600,False,False,False,
hai-test1.csv,2,P2_VIBTR03,True,3_sigma_from_pre_median,9.82845,9.595,300,0.23660338683141197,False,3.0,3,False,False,,2.5496253797492647,1.0,10,600,600,False,False,False,
hai-test1.csv,2,P2_VIBTR04,True,3_sigma_from_pre_median,-1.036,-1.1353,300,0.24479515001020077,False,3.0,3,False,False,,2.717374098188958,1.0,10,600,600,False,False,False,
hai-test1.csv,2,P2_VT01,True,3_sigma_from_pre_median,11.97621,11.92349,300,0.04211469636210724,False,3.0,3,False,False,,1.4106714551420576,1.0,10,600,600,False,False,False,
hai-test1.csv,2,P2_VTR01,True,change_from_pre_mode,50.0,50.0,300,0.0,True,3.0,3,False,False,,,1.0,10,600,600,False,False,False,
hai-test1.csv,2,P2_VTR02,True,change_from_pre_mode,50.0,50.0,300,0.0,True,3.0,3,False,False,,,1.0,10,600,600,False,False,False,
hai-test1.csv,2,P2_VTR03,True,change_from_pre_mode,50.0,50.0,300,0.0,True,3.0,3,False,False,,,1.0,10,600,600,False,False,False,
hai-test1.csv,2,P2_VTR04,True,change_from_pre_mode,50.0,50.0,300,0.0,True,3.0,3,False,False,,,1.0,10,600,600,False,False,False,
hai-test1.csv,2,P3_FIT01,True,3_sigma_from_pre_median,268.5,28.0,300,1697.784997187767,False,3.0,3,False,False,,2.8875858887436068,1.0,10,600,600,False,False,False,
hai-test1.csv,2,P3_LCP01D,True,3_sigma_from_pre_median,9732.0,13808.0,300,5136.8956074100415,False,3.0,3,False,False,,1.8664969531732707,1.0,10,600,600,False,False,False,
hai-test1.csv,2,P3_LCV01D,True,3_sigma_from_pre_median,-128.0,-144.0,300,6816.085890450855,False,3.0,3,False,False,,2.204197576360973,1.0,10,600,600,False,False,False,
hai-test1.csv,2,P3_LH01,True,change_from_pre_mode,70.0,70.0,300,0.0,True,3.0,3,False,False,,,1.0,10,600,600,False,False,False,
hai-test1.csv,2,P3_LIT01,True,3_sigma_from_pre_median,19118.0,19210.0,300,3056.888907585003,False,3.0,3,False,False,,0.255488512540354,1.0,10,600,600,False,False,False,
hai-test1.csv,2,P3_LL01,True,change_from_pre_mode,30.0,30.0,300,0.0,True,3.0,3,False,False,,,1.0,10,600,600,False,False,False,
hai-test1.csv,2,P3_PIT01,True,3_sigma_from_pre_median,1262.5,24.0,300,1342.210771459746,False,3.0,3,False,False,,1.8041130733636217,1.0,10,600,600,False,False,False,
hai-test1.csv,2,P4_HT_FD,True,3_sigma_from_pre_median,-0.00014,-7e-05,300,0.002094857275730677,False,3.0,3,True,False,85.0,11.704854685838935,1.0,10,600,600,True,False,False,5.0
hai-test1.csv,2,P4_HT_PO,True,3_sigma_from_pre_median,0.05423,0.05423,300,31.352937628143213,False,3.0,3,False,False,,2.2045439830798195,1.0,10,600,600,False,False,False,
hai-test1.csv,2,P4_HT_PS,True,3_sigma_from_pre_median,7.94045,7.94045,300,1.8602580474440873,False,3.0,3,False,False,,0.0,1.0,10,600,600,False,False,False,
hai-test1.csv,2,P4_LD,True,3_sigma_from_pre_median,318.567325,238.73334,300,61.64805357478487,False,3.0,3,False,False,,1.7746246419164706,1.0,10,600,600,False,False,False,
hai-test1.csv,2,P4_ST_FD,True,3_sigma_from_pre_median,0.0,0.0008,300,0.0016600255351600075,False,3.0,3,False,False,,3.0059778565508757,1.0,10,600,600,False,False,False,
hai-test1.csv,2,P4_ST_GOV,True,3_sigma_from_pre_median,17035.5,16258.0,300,1720.1717180299972,False,3.0,3,False,False,,1.3524812526649326,1.0,10,600,600,False,False,False,
hai-test1.csv,2,P4_ST_LD,True,3_sigma_from_pre_median,312.40051,316.37006,300,35.6527960419603,False,3.0,3,False,False,,1.423060618872302,1.0,10,600,600,False,False,False,
hai-test1.csv,2,P4_ST_PO,True,3_sigma_from_pre_median,311.09848,244.44806,300,31.82679025985116,False,3.0,3,False,False,,1.3310446844977617,1.0,10,600,600,False,False,False,
hai-test1.csv,2,P4_ST_PS,True,3_sigma_from_pre_median,20.16145,20.16145,300,2.3221340099168533,False,3.0,3,False,False,,0.0,1.0,10,600,600,False,False,False,
hai-test1.csv,2,P4_ST_PT01,True,3_sigma_from_pre_median,9942.0,9913.0,300,28.696066979387986,False,3.0,3,True,False,158.0,3.7984299408798177,1.0,10,600,600,True,False,False,1.0
hai-test1.csv,2,P4_ST_TT01,True,3_sigma_from_pre_median,27248.5,27294.0,300,115.90000290990808,False,3.0,3,False,False,,1.5314926276401832,1.0,10,600,600,False,False,False,
hai-test1.csv,2,x1001_05_SETPOINT_OUT,True,3_sigma_from_pre_median,0.05148,0.05148,300,0.030634948508867832,False,3.0,3,False,False,,0.0,1.0,10,600,600,False,False,False,
hai-test1.csv,2,x1001_15_ASSIGN_OUT,True,3_sigma_from_pre_median,0.975665,1.00697,300,0.0991220108490534,False,3.0,3,False,False,,1.2971387373869845,1.0,10,600,600,False,False,False,
hai-test1.csv,2,x1002_07_SETPOINT_OUT,True,3_sigma_from_pre_median,348.79922,348.79922,300,17.571010784651346,False,3.0,3,False,False,,0.0,1.0,10,600,600,False,False,False,
hai-test1.csv,2,x1002_08_SETPOINT_OUT,True,3_sigma_from_pre_median,974.17908,974.17908,300,12.08195744085597,False,3.0,3,False,False,,0.0,1.0,10,600,600,False,False,False,
hai-test1.csv,2,x1003_10_SETPOINT_OUT,True,3_sigma_from_pre_median,25.02598,25.02598,300,1257.5776996314432,False,3.0,3,False,False,,0.004738228104511003,1.0,10,600,600,False,False,False,
hai-test1.csv,2,x1003_18_SETPOINT_OUT,True,3_sigma_from_pre_median,26.47805,26.47805,300,0.1657230121219866,False,3.0,3,False,False,,0.0,1.0,10,600,600,False,False,False,
hai-test1.csv,2,x1003_24_SUM_OUT,True,3_sigma_from_pre_median,30.062885,30.16302,300,0.35208254333579925,False,3.0,3,False,False,,1.205356550708734,1.0,10,600,600,False,False,False,
hai-test1.csv,3,P1_FCV01D,True,3_sigma_from_pre_median,6.18513,5.05048,300,22.84270615719168,False,3.0,3,False,False,,0.10294183113937554,1.0,10,600,600,False,False,False,
hai-test1.csv,3,P1_FCV01Z,True,3_sigma_from_pre_median,5.40695,5.3421,300,23.169097266768347,False,3.0,3,False,False,,0.05482690954135658,1.0,10,600,600,False,False,False,
hai-test1.csv,3,P1_FCV02D,True,3_sigma_from_pre_median,100.0,100.0,300,40.896481276676205,False,3.0,3,False,False,,0.0,1.0,10,600,600,False,False,False,
hai-test1.csv,3,P1_FCV02Z,True,3_sigma_from_pre_median,97.32971,97.32971,300,37.76975658121236,False,3.0,3,False,False,,0.00040402696181496023,1.0,10,600,600,False,False,False,
hai-test1.csv,3,P1_FCV03D,True,3_sigma_from_pre_median,52.386714999999995,52.34699,300,1.0646258364164685,False,3.0,3,False,False,,1.2268958307423874,1.0,10,600,600,False,False,False,
hai-test1.csv,3,P1_FCV03Z,True,3_sigma_from_pre_median,52.69775,52.69775,300,1.0746685930744746,False,3.0,3,False,False,,1.2068836926642388,1.0,10,600,600,False,False,False,
hai-test1.csv,3,P1_FT01,True,3_sigma_from_pre_median,59.16594,60.50107,300,7.122921026465356,False,3.0,3,True,False,33.0,8.542055959055483,1.0,10,600,600,True,False,False,1.0
hai-test1.csv,3,P1_FT01Z,True,3_sigma_from_pre_median,309.0506,315.00891,300,37.09807579445848,False,3.0,3,True,False,33.0,8.51265606738485,1.0,10,600,600,True,False,False,1.0
hai-test1.csv,3,P1_FT02,True,3_sigma_from_pre_median,8.14437,6.52314,300,1002.1838417006109,False,3.0,3,False,False,,0.004091864016727043,1.0,10,600,600,False,False,False,
hai-test1.csv,3,P1_FT02Z,True,3_sigma_from_pre_median,47.86707,33.96383,300,1257.579495817021,False,3.0,3,False,False,,0.02132155469231775,1.0,10,600,600,False,False,False,
hai-test1.csv,3,P1_FT03,True,3_sigma_from_pre_median,234.45125,234.26054,300,5.620080284055158,False,3.0,3,False,False,,1.4254049043975179,1.0,10,600,600,False,False,False,
hai-test1.csv,3,P1_FT03Z,True,3_sigma_from_pre_median,973.54883,973.11401,300,12.806775531386771,False,3.0,3,False,False,,1.426184909326843,1.0,10,600,600,False,False,False,
hai-test1.csv,3,P1_LCV01D,True,3_sigma_from_pre_median,14.317865,13.56536,300,2.8352305438964307,False,3.0,3,True,False,74.0,3.078245266081901,1.0,10,600,600,True,False,False,91.0
hai-test1.csv,3,P1_LCV01Z,True,3_sigma_from_pre_median,14.44397,14.55841,300,2.849341018598587,False,3.0,3,False,False,,2.7927369690251322,1.0,10,600,600,False,False,False,
hai-test1.csv,3,P1_LIT01,True,3_sigma_from_pre_median,350.2124,350.41687,300,19.13774319643267,False,3.0,3,False,False,,1.447681668398829,1.0,10,600,600,False,False,False,
hai-test1.csv,3,P1_PCV01D,True,3_sigma_from_pre_median,27.18475,25.65216,300,2.175029666301921,False,3.0,3,True,False,22.0,13.101573022886926,1.0,10,600,600,True,False,False,20.0
hai-test1.csv,3,P1_PCV01Z,True,3_sigma_from_pre_median,27.81067,28.04718,300,2.2021074236267753,False,3.0,3,True,False,25.0,12.818974995101948,1.0,10,600,600,True,False,False,21.0
hai-test1.csv,3,P1_PCV02D,True,3_sigma_from_pre_median,12.0,12.0,300,0.01098679314249775,False,3.0,3,True,False,23.0,244.7875340072692,1.0,10,600,600,True,False,False,1.0
hai-test1.csv,3,P1_PCV02Z,True,3_sigma_from_pre_median,11.8042,11.8042,300,0.027697809725893457,False,3.0,3,True,False,27.0,98.3359343917271,1.0,10,600,600,True,False,False,1.0
hai-test1.csv,3,P1_PIT01,True,3_sigma_from_pre_median,1.11938,1.11786,300,0.10108042861225783,False,3.0,3,True,False,29.0,4.589018926496208,1.0,10,600,600,True,False,False,50.0
hai-test1.csv,3,P1_PIT01_HH,True,change_from_pre_mode,524320.0,524320.0,300,0.0,True,3.0,3,False,False,,,1.0,10,600,600,False,False,False,
hai-test1.csv,3,P1_PIT02,True,3_sigma_from_pre_median,0.3595,0.36179,300,0.3585321787147921,False,3.0,3,False,False,,0.06596339576764541,1.0,10,600,600,False,False,False,
hai-test1.csv,3,P1_PP01AD,True,change_from_pre_mode,0.0,0.0,300,0.0,True,3.0,3,False,False,,,1.0,10,600,600,False,False,False,
hai-test1.csv,3,P1_PP01AR,True,change_from_pre_mode,0.0,0.0,300,0.0,True,3.0,3,False,False,,,1.0,10,600,600,False,False,False,
hai-test1.csv,3,P1_PP01BD,True,change_from_pre_mode,1.0,1.0,300,0.0,True,3.0,3,False,False,,,1.0,10,600,600,False,False,False,
hai-test1.csv,3,P1_PP01BR,True,change_from_pre_mode,1.0,1.0,300,0.0,True,3.0,3,False,False,,,1.0,10,600,600,False,False,False,
hai-test1.csv,3,P1_PP02D,True,change_from_pre_mode,1.0,1.0,300,0.0,True,3.0,3,False,False,,,1.0,10,600,600,False,False,False,
hai-test1.csv,3,P1_PP02R,True,change_from_pre_mode,1.0,1.0,300,0.0,True,3.0,3,False,False,,,1.0,10,600,600,False,False,False,
hai-test1.csv,3,P1_PP04,True,3_sigma_from_pre_median,12.269200000000001,45.0,300,16.788267124760022,False,3.0,3,False,False,,1.9496234934055392,1.0,10,600,600,False,False,False,
hai-test1.csv,3,P1_PP04D,True,3_sigma_from_pre_median,0.0,0.0,300,0.4864033183195398,False,3.0,3,False,False,,2.0559070268164903,1.0,10,600,600,False,False,False,
hai-test1.csv,3,P1_PP04SP,True,change_from_pre_mode,27.48882,27.48882,300,0.0,True,3.0,3,False,False,,,1.0,10,600,600,False,False,False,
hai-test1.csv,3,P1_SOL01D,True,change_from_pre_mode,524320.0,524320.0,300,0.0,True,3.0,3,False,False,,,1.0,10,600,600,False,False,False,
hai-test1.csv,3,P1_SOL03D,True,change_from_pre_mode,524320.0,524320.0,300,0.0,True,3.0,3,False,False,,,1.0,10,600,600,False,False,False,
hai-test1.csv,3,P1_STSP,True,change_from_pre_mode,1.0,1.0,300,0.0,True,3.0,3,False,False,,,1.0,10,600,600,False,False,False,
hai-test1.csv,3,P1_TIT01,True,3_sigma_from_pre_median,32.27843,32.27843,300,1.1985492880384954,False,3.0,3,False,False,,0.343732213694968,1.0,10,600,600,False,False,False,
hai-test1.csv,3,P1_TIT02,True,3_sigma_from_pre_median,38.48876,38.5498,300,2.055402597486634,False,3.0,3,False,False,,0.029692479748070006,1.0,10,600,600,False,False,False,
hai-test1.csv,3,P1_TIT03,True,3_sigma_from_pre_median,28.45825,28.45825,300,1.1772378238837553,False,3.0,3,False,False,,0.7317043188081059,1.0,10,600,600,False,False,False,
hai-test1.csv,3,P2_24Vdc,True,3_sigma_from_pre_median,28.03429,28.03429,300,0.003477435961533257,False,3.0,3,False,False,,2.7405249457993364,1.0,10,600,600,False,False,False,
hai-test1.csv,3,P2_ATSW_Lamp,True,change_from_pre_mode,1.0,1.0,300,0.0,True,3.0,3,False,False,,,1.0,10,600,600,False,False,False,
hai-test1.csv,3,P2_AutoGO,True,change_from_pre_mode,1.0,1.0,300,0.0,True,3.0,3,False,False,,,1.0,10,600,600,False,False,False,
hai-test1.csv,3,P2_AutoSD,True,3_sigma_from_pre_median,123.74702,123.74702,300,4.841791207141232,False,3.0,3,False,False,,0.0,1.0,10,600,600,False,False,False,
hai-test1.csv,3,P2_Emerg,True,change_from_pre_mode,0.0,0.0,300,0.0,True,3.0,3,False,False,,,1.0,10,600,600,False,False,False,
hai-test1.csv,3,P2_MASW,True,change_from_pre_mode,0.0,0.0,300,0.0,True,3.0,3,False,False,,,1.0,10,600,600,False,False,False,
hai-test1.csv,3,P2_MASW_Lamp,True,change_from_pre_mode,0.0,0.0,300,0.0,True,3.0,3,False,False,,,1.0,10,600,600,False,False,False,
hai-test1.csv,3,P2_ManualGO,True,change_from_pre_mode,0.0,0.0,300,0.0,True,3.0,3,False,False,,,1.0,10,600,600,False,False,False,
hai-test1.csv,3,P2_ManualSD,True,change_from_pre_mode,12.92742,12.92742,300,0.0,True,3.0,3,False,False,,,1.0,10,600,600,False,False,False,
hai-test1.csv,3,P2_OnOff,True,change_from_pre_mode,1.0,1.0,300,0.0,True,3.0,3,False,False,,,1.0,10,600,600,False,False,False,
hai-test1.csv,3,P2_RTR,True,change_from_pre_mode,2880.0,2880.0,300,0.0,True,3.0,3,False,False,,,1.0,10,600,600,False,False,False,
hai-test1.csv,3,P2_SCO,True,3_sigma_from_pre_median,54802.0,54801.0,300,25.815834015187235,False,3.0,3,False,False,,0.07747183371350377,1.0,10,600,600,False,False,False,
hai-test1.csv,3,P2_SCST,True,3_sigma_from_pre_median,720.61041,720.46802,300,0.2849730368572045,False,3.0,3,False,False,,1.4842456839588916,1.0,10,600,600,False,False,False,
hai-test1.csv,3,P2_SIT01,True,3_sigma_from_pre_median,926.0,925.0,300,8.22603153950541,False,3.0,3,False,False,,0.4862612039341269,1.0,10,600,600,False,False,False,
hai-test1.csv,3,P2_TripEx,True,change_from_pre_mode,1.0,1.0,300,0.0,True,3.0,3,False,False,,,1.0,10,600,600,False,False,False,
hai-test1.csv,3,P2_VIBTR01,True,3_sigma_from_pre_median,7.0105,7.3819,300,0.3676899605355175,False,3.0,3,False,False,,1.8083169826873022,1.0,10,600,600,False,False,False,
hai-test1.csv,3,P2_VIBTR02,True,3_sigma_from_pre_median,-3.01135,-2.5564,300,0.348930030020079,False,3.0,3,False,False,,1.8314560084244578,1.0,10,600,600,False,False,False,
hai-test1.csv,3,P2_VIBTR03,True,3_sigma_from_pre_median,9.8599,9.4379,300,0.23660338683141197,False,3.0,3,False,False,,2.0768933470514512,1.0,10,600,600,False,False,False,
hai-test1.csv,3,P2_VIBTR04,True,3_sigma_from_pre_median,-0.949,-1.2287,300,0.24479515001020077,False,3.0,3,False,False,,1.8529778877608405,1.0,10,600,600,False,False,False,
hai-test1.csv,3,P2_VT01,True,3_sigma_from_pre_median,11.97086,11.92348,300,0.04211469636210724,False,3.0,3,False,False,,1.5263080480816702,1.0,10,600,600,False,False,False,
hai-test1.csv,3,P2_VTR01,True,change_from_pre_mode,50.0,50.0,300,0.0,True,3.0,3,False,False,,,1.0,10,600,600,False,False,False,
hai-test1.csv,3,P2_VTR02,True,change_from_pre_mode,50.0,50.0,300,0.0,True,3.0,3,False,False,,,1.0,10,600,600,False,False,False,
hai-test1.csv,3,P2_VTR03,True,change_from_pre_mode,50.0,50.0,300,0.0,True,3.0,3,False,False,,,1.0,10,600,600,False,False,False,
hai-test1.csv,3,P2_VTR04,True,change_from_pre_mode,50.0,50.0,300,0.0,True,3.0,3,False,False,,,1.0,10,600,600,False,False,False,
hai-test1.csv,3,P3_FIT01,True,3_sigma_from_pre_median,779.0,29.0,300,1697.784997187767,False,3.0,3,False,False,,2.601625062841512,1.0,10,600,600,False,False,False,
hai-test1.csv,3,P3_LCP01D,True,3_sigma_from_pre_median,9504.0,136.0,300,5136.8956074100415,False,3.0,3,False,False,,1.8376857778426863,1.0,10,600,600,False,False,False,
hai-test1.csv,3,P3_LCV01D,True,3_sigma_from_pre_median,184.0,-144.0,300,6816.085890450855,False,3.0,3,False,False,,2.3462145661052105,1.0,10,600,600,False,False,False,
hai-test1.csv,3,P3_LH01,True,change_from_pre_mode,70.0,70.0,300,0.0,True,3.0,3,False,False,,,1.0,10,600,600,False,False,False,
hai-test1.csv,3,P3_LIT01,True,3_sigma_from_pre_median,17482.0,17219.0,300,3056.888907585003,False,3.0,3,False,False,,0.3814335539334862,1.0,10,600,600,False,False,False,
hai-test1.csv,3,P3_LL01,True,change_from_pre_mode,30.0,30.0,300,0.0,True,3.0,3,False,False,,,1.0,10,600,600,False,False,False,
hai-test1.csv,3,P3_PIT01,True,3_sigma_from_pre_median,972.0,25.0,300,1342.210771459746,False,3.0,3,False,False,,0.7062974162910235,1.0,10,600,600,False,False,False,
hai-test1.csv,3,P4_HT_FD,True,3_sigma_from_pre_median,-0.00029,-0.00014,300,0.002094857275730677,False,3.0,3,False,False,,12.502045033528617,1.0,10,600,600,False,False,False,
hai-test1.csv,3,P4_HT_PO,True,3_sigma_from_pre_median,1.4377,0.01807,300,31.352937628143213,False,3.0,3,False,False,,2.355953718789524,1.0,10,600,600,False,False,False,
hai-test1.csv,3,P4_HT_PS,True,3_sigma_from_pre_median,7.94045,7.94045,300,1.8602580474440873,False,3.0,3,False,False,,0.0,1.0,10,600,600,False,False,False,
hai-test1.csv,3,P4_LD,True,3_sigma_from_pre_median,339.27411,295.37396,300,61.64805357478487,False,3.0,3,False,False,,2.0756014599029706,1.0,10,600,600,False,False,False,
hai-test1.csv,3,P4_ST_FD,True,3_sigma_from_pre_median,-0.00014,-0.00043,300,0.0016600255351600075,False,3.0,3,False,False,,4.403546719716814,1.0,10,600,600,False,False,False,
hai-test1.csv,3,P4_ST_GOV,True,3_sigma_from_pre_median,17925.0,16712.0,300,1720.1717180299972,False,3.0,3,False,False,,1.593445567829177,1.0,10,600,600,False,False,False,
hai-test1.csv,3,P4_ST_LD,True,3_sigma_from_pre_median,327.46490500000004,309.35327,300,35.6527960419603,False,3.0,3,False,False,,1.773559777067161,1.0,10,600,600,False,False,False,
hai-test1.csv,3,P4_ST_PO,True,3_sigma_from_pre_median,328.65851,309.91394,300,31.82679025985116,False,3.0,3,False,False,,1.6037891217824223,1.0,10,600,600,False,False,False,
hai-test1.csv,3,P4_ST_PS,True,3_sigma_from_pre_median,20.16145,20.16145,300,2.3221340099168533,False,3.0,3,False,False,,0.0,1.0,10,600,600,False,False,False,
hai-test1.csv,3,P4_ST_PT01,True,3_sigma_from_pre_median,9970.0,9970.0,300,28.696066979387986,False,3.0,3,True,False,34.0,4.11206177086072,1.0,10,600,600,True,False,False,50.0
hai-test1.csv,3,P4_ST_TT01,True,3_sigma_from_pre_median,27291.0,27291.0,300,115.90000290990808,False,3.0,3,False,False,,0.39689386406449817,1.0,10,600,600,False,False,False,
hai-test1.csv,3,x1001_05_SETPOINT_OUT,True,3_sigma_from_pre_median,0.1527,0.1527,300,0.030634948508867832,False,3.0,3,False,False,,0.0,1.0,10,600,600,False,False,False,
hai-test1.csv,3,x1001_15_ASSIGN_OUT,True,3_sigma_from_pre_median,1.126965,1.1296,300,0.0991220108490534,False,3.0,3,False,False,,1.4882163783444757,1.0,10,600,600,False,False,False,
hai-test1.csv,3,x1002_07_SETPOINT_OUT,True,3_sigma_from_pre_median,348.79922,348.79922,300,17.571010784651346,False,3.0,3,False,False,,0.0,1.0,10,600,600,False,False,False,
hai-test1.csv,3,x1002_08_SETPOINT_OUT,True,3_sigma_from_pre_median,974.17908,974.17908,300,12.08195744085597,False,3.0,3,False,False,,0.0,1.0,10,600,600,False,False,False,
hai-test1.csv,3,x1003_10_SETPOINT_OUT,True,3_sigma_from_pre_median,46.377305,33.96383,300,1257.5776996314432,False,3.0,3,False,False,,0.020136954565448808,1.0,10,600,600,False,False,False,
hai-test1.csv,3,x1003_18_SETPOINT_OUT,True,3_sigma_from_pre_median,26.47805,26.47805,300,0.1657230121219866,False,3.0,3,False,False,,0.0,1.0,10,600,600,False,False,False,
hai-test1.csv,3,x1003_24_SUM_OUT,True,3_sigma_from_pre_median,30.224435,30.03561,300,0.35208254333579925,False,3.0,3,False,False,,1.399856395407628,1.0,10,600,600,False,False,False,
hai-test1.csv,4,P1_FCV01D,True,3_sigma_from_pre_median,68.619035,65.27134,300,22.84270615719168,False,3.0,3,False,False,,1.0828981833315812,1.0,10,600,600,False,False,False,
hai-test1.csv,4,P1_FCV01Z,True,3_sigma_from_pre_median,69.02466,69.02466,300,23.169097266768347,False,3.0,3,False,False,,1.0767842921434543,1.0,10,600,600,False,False,False,
hai-test1.csv,4,P1_FCV02D,True,3_sigma_from_pre_median,15.0,15.0,300,40.896481276676205,False,3.0,3,False,False,,0.0,1.0,10,600,600,False,False,False,
hai-test1.csv,4,P1_FCV02Z,True,3_sigma_from_pre_median,12.44507,12.44507,300,37.76975658121236,False,3.0,3,False,False,,0.0004040269618150073,1.0,10,600,600,False,False,False,
hai-test1.csv,4,P1_FCV03D,True,3_sigma_from_pre_median,53.909475,53.48375,300,1.0646258364164685,False,3.0,3,False,False,,2.0953042127068655,1.0,10,600,600,False,False,False,
hai-test1.csv,4,P1_FCV03Z,True,3_sigma_from_pre_median,54.70428,54.70428,300,1.0746685930744746,False,3.0,3,False,False,,2.0375025511220666,1.0,10,600,600,False,False,False,
hai-test1.csv,4,P1_FT01,True,3_sigma_from_pre_median,58.307625,54.58834,300,7.122921026465356,False,3.0,3,True,False,40.0,8.3947842153281,1.0,10,600,600,True,False,False,139.0
hai-test1.csv,4,P1_FT01Z,True,3_sigma_from_pre_median,303.58835,284.22327,300,37.09807579445848,False,3.0,3,True,False,41.0,8.392203997990254,1.0,10,600,600,True,False,False,140.0
hai-test1.csv,4,P1_FT02,True,3_sigma_from_pre_median,2446.59399,2444.30542,300,1002.1838417006109,False,3.0,3,False,False,,0.5903699055814056,1.0,10,600,600,False,False,False,
hai-test1.csv,4,P1_FT02Z,True,3_sigma_from_pre_median,3154.84082,3153.46436,300,1257.579495817021,False,3.0,3,False,False,,0.324916946689351,1.0,10,600,600,False,False,False,
hai-test1.csv,4,P1_FT03,True,3_sigma_from_pre_median,235.11885,235.59569,300,5.620080284055158,False,3.0,3,False,False,,1.408428278588327,1.0,10,600,600,False,False,False,
hai-test1.csv,4,P1_FT03Z,True,3_sigma_from_pre_median,974.85358,976.15814,300,12.806775531386771,False,3.0,3,False,False,,1.426175539286762,1.0,10,600,600,False,False,False,
hai-test1.csv,4,P1_LCV01D,True,3_sigma_from_pre_median,13.18973,10.80613,300,2.8352305438964307,False,3.0,3,True,False,75.0,3.8692726500200743,1.0,10,600,600,True,False,False,112.0
hai-test1.csv,4,P1_LCV01Z,True,3_sigma_from_pre_median,13.13171,11.11755,300,2.849341018598587,False,3.0,3,True,False,79.0,3.767383380905266,1.0,10,600,600,True,False,False,120.0
hai-test1.csv,4,P1_LIT01,True,3_sigma_from_pre_median,315.8107,323.98941,300,19.13774319643267,False,3.0,3,False,False,,1.287421392747745,1.0,10,600,600,False,False,False,
hai-test1.csv,4,P1_PCV01D,True,3_sigma_from_pre_median,27.545915,25.95285,300,2.175029666301921,False,3.0,3,True,False,29.0,5.80767480816813,1.0,10,600,600,True,False,False,16.0
hai-test1.csv,4,P1_PCV01Z,True,3_sigma_from_pre_median,28.16925,27.21557,300,2.2021074236267753,False,3.0,3,True,False,32.0,5.986806028875377,1.0,10,600,600,True,False,False,34.0
hai-test1.csv,4,P1_PCV02D,True,3_sigma_from_pre_median,12.0,12.0,300,0.01098679314249775,False,3.0,3,True,False,31.0,300.8948978216987,1.0,10,600,600,True,False,False,1.0
hai-test1.csv,4,P1_PCV02Z,True,3_sigma_from_pre_median,11.81183,11.81183,300,0.027697809725893457,False,3.0,3,True,False,35.0,110.73149936230438,1.0,10,600,600,True,False,False,1.0
hai-test1.csv,4,P1_PIT01,True,3_sigma_from_pre_median,1.17584,1.18958,300,0.10108042861225783,False,3.0,3,False,False,,1.675596377313549,1.0,10,600,600,False,False,False,
hai-test1.csv,4,P1_PIT01_HH,True,change_from_pre_mode,524320.0,524320.0,300,0.0,True,3.0,3,False,False,,,1.0,10,600,600,False,False,False,
hai-test1.csv,4,P1_PIT02,True,3_sigma_from_pre_median,0.38391,0.38391,300,0.3585321787147921,False,3.0,3,False,False,,0.6958371237256734,1.0,10,600,600,False,False,False,
hai-test1.csv,4,P1_PP01AD,True,change_from_pre_mode,0.0,0.0,300,0.0,True,3.0,3,False,False,,,1.0,10,600,600,False,False,False,
hai-test1.csv,4,P1_PP01AR,True,change_from_pre_mode,0.0,0.0,300,0.0,True,3.0,3,False,False,,,1.0,10,600,600,False,False,False,
hai-test1.csv,4,P1_PP01BD,True,change_from_pre_mode,1.0,1.0,300,0.0,True,3.0,3,False,False,,,1.0,10,600,600,False,False,False,
hai-test1.csv,4,P1_PP01BR,True,change_from_pre_mode,1.0,1.0,300,0.0,True,3.0,3,False,False,,,1.0,10,600,600,False,False,False,
hai-test1.csv,4,P1_PP02D,True,change_from_pre_mode,1.0,1.0,300,0.0,True,3.0,3,False,False,,,1.0,10,600,600,False,False,False,
hai-test1.csv,4,P1_PP02R,True,change_from_pre_mode,1.0,1.0,300,0.0,True,3.0,3,False,False,,,1.0,10,600,600,False,False,False,
hai-test1.csv,4,P1_PP04,True,3_sigma_from_pre_median,0.0,0.0,300,16.788267124760022,False,3.0,3,False,False,,0.0,1.0,10,600,600,False,False,False,
hai-test1.csv,4,P1_PP04D,True,3_sigma_from_pre_median,0.0,0.0,300,0.4864033183195398,False,3.0,3,False,False,,0.0,1.0,10,600,600,False,False,False,
hai-test1.csv,4,P1_PP04SP,True,change_from_pre_mode,27.48882,27.48882,300,0.0,True,3.0,3,False,False,,,1.0,10,600,600,False,False,False,
hai-test1.csv,4,P1_SOL01D,True,change_from_pre_mode,524320.0,524320.0,300,0.0,True,3.0,3,False,False,,,1.0,10,600,600,False,False,False,
hai-test1.csv,4,P1_SOL03D,True,change_from_pre_mode,524320.0,524320.0,300,0.0,True,3.0,3,False,False,,,1.0,10,600,600,False,False,False,
hai-test1.csv,4,P1_STSP,True,change_from_pre_mode,1.0,1.0,300,0.0,True,3.0,3,False,False,,,1.0,10,600,600,False,False,False,
hai-test1.csv,4,P1_TIT01,True,3_sigma_from_pre_median,30.424495,29.82178,300,1.1985492880384954,False,3.0,3,False,False,,0.9866636372838247,1.0,10,600,600,False,False,False,
hai-test1.csv,4,P1_TIT02,True,3_sigma_from_pre_median,34.93347,34.67406,300,2.055402597486634,False,3.0,3,False,False,,0.4676942615405314,1.0,10,600,600,False,False,False,
hai-test1.csv,4,P1_TIT03,True,3_sigma_from_pre_median,26.32007,26.32007,300,1.1772378238837553,False,3.0,3,False,False,,0.6999944983770501,1.0,10,600,600,False,False,False,
hai-test1.csv,4,P2_24Vdc,True,3_sigma_from_pre_median,28.034305,28.03257,300,0.003477435961533257,False,3.0,3,False,False,,2.4946541348169826,1.0,10,600,600,False,False,False,
hai-test1.csv,4,P2_ATSW_Lamp,True,change_from_pre_mode,1.0,1.0,300,0.0,True,3.0,3,False,False,,,1.0,10,600,600,False,False,False,
hai-test1.csv,4,P2_AutoGO,True,change_from_pre_mode,1.0,1.0,300,0.0,True,3.0,3,False,False,,,1.0,10,600,600,False,False,False,
hai-test1.csv,4,P2_AutoSD,True,3_sigma_from_pre_median,123.74702,123.74702,300,4.841791207141232,False,3.0,3,False,False,,0.0,1.0,10,600,600,False,False,False,
hai-test1.csv,4,P2_Emerg,True,change_from_pre_mode,0.0,0.0,300,0.0,True,3.0,3,False,False,,,1.0,10,600,600,False,False,False,
hai-test1.csv,4,P2_MASW,True,change_from_pre_mode,0.0,0.0,300,0.0,True,3.0,3,False,False,,,1.0,10,600,600,False,False,False,
hai-test1.csv,4,P2_MASW_Lamp,True,change_from_pre_mode,0.0,0.0,300,0.0,True,3.0,3,False,False,,,1.0,10,600,600,False,False,False,
hai-test1.csv,4,P2_ManualGO,True,change_from_pre_mode,0.0,0.0,300,0.0,True,3.0,3,False,False,,,1.0,10,600,600,False,False,False,
hai-test1.csv,4,P2_ManualSD,True,change_from_pre_mode,12.92742,12.92742,300,0.0,True,3.0,3,False,False,,,1.0,10,600,600,False,False,False,
hai-test1.csv,4,P2_OnOff,True,change_from_pre_mode,1.0,1.0,300,0.0,True,3.0,3,False,False,,,1.0,10,600,600,False,False,False,
hai-test1.csv,4,P2_RTR,True,change_from_pre_mode,2880.0,2880.0,300,0.0,True,3.0,3,False,False,,,1.0,10,600,600,False,False,False,
hai-test1.csv,4,P2_SCO,True,3_sigma_from_pre_median,54801.0,54801.0,300,25.815834015187235,False,3.0,3,False,False,,0.03873591685675189,1.0,10,600,600,False,False,False,
hai-test1.csv,4,P2_SCST,True,3_sigma_from_pre_median,720.5434849999999,720.47589,300,0.2849730368572045,False,3.0,3,False,False,,0.8398864771192003,1.0,10,600,600,False,False,False,
hai-test1.csv,4,P2_SIT01,True,3_sigma_from_pre_median,925.0,924.0,300,8.22603153950541,False,3.0,3,False,False,,0.3646959029505952,1.0,10,600,600,False,False,False,
hai-test1.csv,4,P2_TripEx,True,change_from_pre_mode,1.0,1.0,300,0.0,True,3.0,3,False,False,,,1.0,10,600,600,False,False,False,
hai-test1.csv,4,P2_VIBTR01,True,3_sigma_from_pre_median,7.0653,6.4694,300,0.3676899605355175,False,3.0,3,False,False,,1.6483996438664053,1.0,10,600,600,False,False,False,
hai-test1.csv,4,P2_VIBTR02,True,3_sigma_from_pre_median,-3.0696,-2.7357,300,0.348930030020079,False,3.0,3,False,False,,1.3552860439463674,1.0,10,600,600,False,False,False,
hai-test1.csv,4,P2_VIBTR03,True,3_sigma_from_pre_median,9.8824,10.0719,300,0.23660338683141197,False,3.0,3,False,False,,1.3220436283225314,1.0,10,600,600,False,False,False,
hai-test1.csv,4,P2_VIBTR04,True,3_sigma_from_pre_median,-1.0335,-1.2286,300,0.24479515001020077,False,3.0,3,False,False,,1.3321342354471117,1.0,10,600,600,False,False,False,
hai-test1.csv,4,P2_VT01,True,3_sigma_from_pre_median,11.96995,11.91938,300,0.04211469636210724,False,3.0,3,False,False,,1.5206093248156154,1.0,10,600,600,False,False,False,
hai-test1.csv,4,P2_VTR01,True,change_from_pre_mode,50.0,50.0,300,0.0,True,3.0,3,False,False,,,1.0,10,600,600,False,False,False,
hai-test1.csv,4,P2_VTR02,True,change_from_pre_mode,50.0,50.0,300,0.0,True,3.0,3,False,False,,,1.0,10,600,600,False,False,False,
hai-test1.csv,4,P2_VTR03,True,change_from_pre_mode,50.0,50.0,300,0.0,True,3.0,3,False,False,,,1.0,10,600,600,False,False,False,
hai-test1.csv,4,P2_VTR04,True,change_from_pre_mode,50.0,50.0,300,0.0,True,3.0,3,False,False,,,1.0,10,600,600,False,False,False,
hai-test1.csv,4,P3_FIT01,True,3_sigma_from_pre_median,30.0,29.0,300,1697.784997187767,False,3.0,3,False,False,,0.08010437141644682,1.0,10,600,600,False,False,False,
hai-test1.csv,4,P3_LCP01D,True,3_sigma_from_pre_median,2508.0,0.0,300,5136.8956074100415,False,3.0,3,False,False,,0.4897899806199363,1.0,10,600,600,False,False,False,
hai-test1.csv,4,P3_LCV01D,True,3_sigma_from_pre_median,10128.0,16048.0,300,6816.085890450855,False,3.0,3,False,False,,0.8380176089040121,1.0,10,600,600,False,False,False,
hai-test1.csv,4,P3_LH01,True,change_from_pre_mode,70.0,70.0,300,0.0,True,3.0,3,False,False,,,1.0,10,600,600,False,False,False,
hai-test1.csv,4,P3_LIT01,True,3_sigma_from_pre_median,14030.0,14068.0,300,3056.888907585003,False,3.0,3,False,False,,1.0828002260032927,1.0,10,600,600,False,False,False,
hai-test1.csv,4,P3_LL01,True,change_from_pre_mode,30.0,30.0,300,0.0,True,3.0,3,False,False,,,1.0,10,600,600,False,False,False,
hai-test1.csv,4,P3_PIT01,True,3_sigma_from_pre_median,25.0,25.0,300,1342.210771459746,False,3.0,3,False,False,,0.0007450394686614171,1.0,10,600,600,False,False,False,
hai-test1.csv,4,P4_HT_FD,True,3_sigma_from_pre_median,-0.00014,-0.00036,300,0.002094857275730677,False,3.0,3,False,False,,0.3150572631587968,1.0,10,600,600,False,False,False,
hai-test1.csv,4,P4_HT_PO,True,3_sigma_from_pre_median,46.74838,74.47192,300,31.352937628143213,False,3.0,3,False,False,,0.8571327611699625,1.0,10,600,600,False,False,False,
hai-test1.csv,4,P4_HT_PS,True,3_sigma_from_pre_median,7.94045,7.94045,300,1.8602580474440873,False,3.0,3,False,False,,0.0,1.0,10,600,600,False,False,False,
hai-test1.csv,4,P4_LD,True,3_sigma_from_pre_median,369.647,377.4776,300,61.64805357478487,False,3.0,3,False,False,,1.277247786979701,1.0,10,600,600,False,False,False,
hai-test1.csv,4,P4_ST_FD,True,3_sigma_from_pre_median,0.0,0.0013,300,0.0016600255351600075,False,3.0,3,False,False,,2.5722495886717915,1.0,10,600,600,False,False,False,
hai-test1.csv,4,P4_ST_GOV,True,3_sigma_from_pre_median,18454.0,16815.0,300,1720.1717180299972,False,3.0,3,False,False,,0.977809356106777,1.0,10,600,600,False,False,False,
hai-test1.csv,4,P4_ST_LD,True,3_sigma_from_pre_median,338.704435,325.5932,300,35.6527960419603,False,3.0,3,False,False,,1.0504919433505586,1.0,10,600,600,False,False,False,
hai-test1.csv,4,P4_ST_PO,True,3_sigma_from_pre_median,338.56876,309.93201,300,31.82679025985116,False,3.0,3,False,False,,0.9645458982624897,1.0,10,600,600,False,False,False,
hai-test1.csv,4,P4_ST_PS,True,3_sigma_from_pre_median,20.16145,20.16145,300,2.3221340099168533,False,3.0,3,False,False,,0.0,1.0,10,600,600,False,False,False,
hai-test1.csv,4,P4_ST_PT01,True,3_sigma_from_pre_median,9996.0,9970.0,300,28.696066979387986,False,3.0,3,False,False,,1.2196793388146203,1.0,10,600,600,False,False,False,
hai-test1.csv,4,P4_ST_TT01,True,3_sigma_from_pre_median,27110.0,27146.0,300,115.90000290990808,False,3.0,3,False,False,,1.0094909151205713,1.0,10,600,600,False,False,False,
hai-test1.csv,4,x1001_05_SETPOINT_OUT,True,3_sigma_from_pre_median,0.1527,0.1527,300,0.030634948508867832,False,3.0,3,False,False,,0.0,1.0,10,600,600,False,False,False,
hai-test1.csv,4,x1001_15_ASSIGN_OUT,True,3_sigma_from_pre_median,1.1564299999999998,1.25617,300,0.0991220108490534,False,3.0,3,False,False,,0.926534875688279,1.0,10,600,600,False,False,False,
hai-test1.csv,4,x1002_07_SETPOINT_OUT,True,3_sigma_from_pre_median,316.05908,316.05908,300,17.571010784651346,False,3.0,3,False,False,,0.0,1.0,10,600,600,False,False,False,
hai-test1.csv,4,x1002_08_SETPOINT_OUT,True,3_sigma_from_pre_median,974.17908,974.17908,300,12.08195744085597,False,3.0,3,False,False,,0.0,1.0,10,600,600,False,False,False,
hai-test1.csv,4,x1003_10_SETPOINT_OUT,True,3_sigma_from_pre_median,3154.7781999999997,3150.58643,300,1257.5776996314432,False,3.0,3,False,False,,0.32486761662498626,1.0,10,600,600,False,False,False,
hai-test1.csv,4,x1003_18_SETPOINT_OUT,True,3_sigma_from_pre_median,26.47805,26.47805,300,0.1657230121219866,False,3.0,3,False,False,,0.0,1.0,10,600,600,False,False,False,
hai-test1.csv,4,x1003_24_SUM_OUT,True,3_sigma_from_pre_median,30.32038,30.30111,300,0.35208254333579925,False,3.0,3,False,False,,0.8770670567029024,1.0,10,600,600,False,False,False,
hai-test1.csv,5,P1_FCV01D,True,3_sigma_from_pre_median,2.40863,1.40443,300,22.84270615719168,False,3.0,3,False,False,,0.09618869081797654,1.0,10,600,600,False,False,False,
hai-test1.csv,5,P1_FCV01Z,True,3_sigma_from_pre_median,0.34485,0.33722,300,23.169097266768347,False,3.0,3,False,False,,0.15147417957598794,1.0,10,600,600,False,False,False,
hai-test1.csv,5,P1_FCV02D,True,3_sigma_from_pre_median,100.0,100.0,300,40.896481276676205,False,3.0,3,False,False,,0.0,1.0,10,600,600,False,False,False,
hai-test1.csv,5,P1_FCV02Z,True,3_sigma_from_pre_median,97.34497,97.34497,300,37.76975658121236,False,3.0,3,False,False,,0.000202013480907292,1.0,10,600,600,False,False,False,
hai-test1.csv,5,P1_FCV03D,True,3_sigma_from_pre_median,52.635270000000006,53.0777,300,1.0646258364164685,False,3.0,3,False,False,,1.1727500472866392,1.0,10,600,600,False,False,False,
hai-test1.csv,5,P1_FCV03Z,True,3_sigma_from_pre_median,53.86505,53.87268,300,1.0746685930744746,False,3.0,3,False,False,,0.9868065437420878,1.0,10,600,600,False,False,False,
hai-test1.csv,5,P1_FT01,True,3_sigma_from_pre_median,60.11959,62.78987,300,7.122921026465356,False,3.0,3,False,False,,2.4367615386314467,1.0,10,600,600,False,False,False,
hai-test1.csv,5,P1_FT01Z,True,3_sigma_from_pre_median,313.02267,326.9259,300,37.09807579445848,False,3.0,3,False,False,,2.4360136763076863,1.0,10,600,600,False,False,False,
hai-test1.csv,5,P1_FT02,True,3_sigma_from_pre_median,4.42505,4.42505,300,1002.1838417006109,False,3.0,3,False,False,,0.0007612974468889159,1.0,10,600,600,False,False,False,
hai-test1.csv,5,P1_FT02Z,True,3_sigma_from_pre_median,23.03975,23.03975,300,1257.579495817021,False,3.0,3,False,False,,0.003158822176421677,1.0,10,600,600,False,False,False,
hai-test1.csv,5,P1_FT03,True,3_sigma_from_pre_median,224.91451,225.29599,300,5.620080284055158,False,3.0,3,False,False,,0.882385971259077,1.0,10,600,600,False,False,False,
hai-test1.csv,5,P1_FT03Z,True,3_sigma_from_pre_median,951.80505,952.67487,300,12.806775531386771,False,3.0,3,False,False,,0.8828686012563972,1.0,10,600,600,False,False,False,
hai-test1.csv,5,P1_LCV01D,True,3_sigma_from_pre_median,14.180055,8.41693,300,2.8352305438964307,False,3.0,3,False,False,,2.161078228079297,1.0,10,600,600,False,False,False,
hai-test1.csv,5,P1_LCV01Z,True,3_sigma_from_pre_median,13.97095,16.80908,300,2.849341018598587,False,3.0,3,False,False,,1.8796767270188683,1.0,10,600,600,False,False,False,
hai-test1.csv,5,P1_LIT01,True,3_sigma_from_pre_median,316.06628,326.95416,300,19.13774319643267,False,3.0,3,False,False,,0.6837760265504699,1.0,10,600,600,False,False,False,
hai-test1.csv,5,P1_PCV01D,True,3_sigma_from_pre_median,27.35467,24.81376,300,2.175029666301921,False,3.0,3,True,False,42.0,8.095705669127062,1.0,10,600,600,True,False,False,49.0
hai-test1.csv,5,P1_PCV01Z,True,3_sigma_from_pre_median,27.80304,26.84937,300,2.2021074236267753,False,3.0,3,False,False,,2.4217483410581595,1.0,10,600,600,False,False,False,
hai-test1.csv,5,P1_PCV02D,True,3_sigma_from_pre_median,12.0,12.0,300,0.01098679314249775,False,3.0,3,False,False,,0.0,1.0,10,600,600,False,False,False,
hai-test1.csv,5,P1_PCV02Z,True,3_sigma_from_pre_median,11.8042,11.8042,300,0.027697809725893457,False,3.0,3,False,False,,0.5509460910814803,1.0,10,600,600,False,False,False,
hai-test1.csv,5,P1_PIT01,True,3_sigma_from_pre_median,1.1064150000000001,1.02249,300,0.10108042861225783,False,3.0,3,False,False,,1.2000839496370057,1.0,10,600,600,False,False,False,
hai-test1.csv,5,P1_PIT01_HH,True,change_from_pre_mode,524320.0,524320.0,300,0.0,True,3.0,3,False,False,,,1.0,10,600,600,False,False,False,
hai-test1.csv,5,P1_PIT02,True,3_sigma_from_pre_median,0.37628,0.37399,300,0.3585321787147921,False,3.0,3,False,False,,0.04256242788221008,1.0,10,600,600,False,False,False,
hai-test1.csv,5,P1_PP01AD,True,change_from_pre_mode,0.0,0.0,300,0.0,True,3.0,3,False,False,,,1.0,10,600,600,False,False,False,
hai-test1.csv,5,P1_PP01AR,True,change_from_pre_mode,0.0,0.0,300,0.0,True,3.0,3,False,False,,,1.0,10,600,600,False,False,False,
hai-test1.csv,5,P1_PP01BD,True,change_from_pre_mode,1.0,1.0,300,0.0,True,3.0,3,False,False,,,1.0,10,600,600,False,False,False,
hai-test1.csv,5,P1_PP01BR,True,change_from_pre_mode,1.0,1.0,300,0.0,True,3.0,3,False,False,,,1.0,10,600,600,False,False,False,
hai-test1.csv,5,P1_PP02D,True,change_from_pre_mode,1.0,1.0,300,0.0,True,3.0,3,False,False,,,1.0,10,600,600,False,False,False,
hai-test1.csv,5,P1_PP02R,True,change_from_pre_mode,1.0,1.0,300,0.0,True,3.0,3,False,False,,,1.0,10,600,600,False,False,False,
hai-test1.csv,5,P1_PP04,True,3_sigma_from_pre_median,37.97795,40.0,300,16.788267124760022,False,3.0,3,False,False,,0.1204442355469671,1.0,10,600,600,False,False,False,
hai-test1.csv,5,P1_PP04D,True,3_sigma_from_pre_median,1.0,1.0,300,0.4864033183195398,False,3.0,3,False,False,,0.0,1.0,10,600,600,False,False,False,
hai-test1.csv,5,P1_PP04SP,True,change_from_pre_mode,27.48882,27.48882,300,0.0,True,3.0,3,False,False,,,1.0,10,600,600,False,False,False,
hai-test1.csv,5,P1_SOL01D,True,change_from_pre_mode,524320.0,524320.0,300,0.0,True,3.0,3,False,False,,,1.0,10,600,600,False,False,False,
hai-test1.csv,5,P1_SOL03D,True,change_from_pre_mode,524320.0,524320.0,300,0.0,True,3.0,3,False,False,,,1.0,10,600,600,False,False,False,
hai-test1.csv,5,P1_STSP,True,change_from_pre_mode,1.0,1.0,300,0.0,True,3.0,3,False,False,,,1.0,10,600,600,False,False,False,
hai-test1.csv,5,P1_TIT01,True,3_sigma_from_pre_median,31.019585,31.68334,300,1.1985492880384954,False,3.0,3,False,False,,1.2412714394372193,1.0,10,600,600,False,False,False,
hai-test1.csv,5,P1_TIT02,True,3_sigma_from_pre_median,38.74817,38.68713,300,2.055402597486634,False,3.0,3,False,False,,0.11877964944606878,1.0,10,600,600,False,False,False,
hai-test1.csv,5,P1_TIT03,True,3_sigma_from_pre_median,29.28949,29.28949,300,1.1772378238837553,False,3.0,3,False,False,,0.24906607148646506,1.0,10,600,600,False,False,False,
hai-test1.csv,5,P2_24Vdc,True,3_sigma_from_pre_median,28.03423,28.03514,300,0.003477435961533257,False,3.0,3,False,False,,2.496091975816312,1.0,10,600,600,False,False,False,
hai-test1.csv,5,P2_ATSW_Lamp,True,change_from_pre_mode,1.0,1.0,300,0.0,True,3.0,3,False,False,,,1.0,10,600,600,False,False,False,
hai-test1.csv,5,P2_AutoGO,True,change_from_pre_mode,1.0,1.0,300,0.0,True,3.0,3,False,False,,,1.0,10,600,600,False,False,False,
hai-test1.csv,5,P2_AutoSD,True,3_sigma_from_pre_median,123.74702,123.74702,300,4.841791207141232,False,3.0,3,False,False,,0.0,1.0,10,600,600,False,False,False,
hai-test1.csv,5,P2_Emerg,True,change_from_pre_mode,0.0,0.0,300,0.0,True,3.0,3,False,False,,,1.0,10,600,600,False,False,False,
hai-test1.csv,5,P2_MASW,True,change_from_pre_mode,0.0,0.0,300,0.0,True,3.0,3,False,False,,,1.0,10,600,600,False,False,False,
hai-test1.csv,5,P2_MASW_Lamp,True,change_from_pre_mode,0.0,0.0,300,0.0,True,3.0,3,False,False,,,1.0,10,600,600,False,False,False,
hai-test1.csv,5,P2_ManualGO,True,change_from_pre_mode,0.0,0.0,300,0.0,True,3.0,3,False,False,,,1.0,10,600,600,False,False,False,
hai-test1.csv,5,P2_ManualSD,True,change_from_pre_mode,12.92742,12.92742,300,0.0,True,3.0,3,False,False,,,1.0,10,600,600,False,False,False,
hai-test1.csv,5,P2_OnOff,True,change_from_pre_mode,1.0,1.0,300,0.0,True,3.0,3,False,False,,,1.0,10,600,600,False,False,False,
hai-test1.csv,5,P2_RTR,True,change_from_pre_mode,2880.0,2880.0,300,0.0,True,3.0,3,False,False,,,1.0,10,600,600,False,False,False,
hai-test1.csv,5,P2_SCO,True,3_sigma_from_pre_median,54798.0,54798.0,300,25.815834015187235,False,3.0,3,False,False,,0.15494366742700755,1.0,10,600,600,False,False,False,
hai-test1.csv,5,P2_SCST,True,3_sigma_from_pre_median,719.89697,719.96735,300,0.2849730368572045,False,3.0,3,False,False,,2.6399690591672234,1.0,10,600,600,False,False,False,
hai-test1.csv,5,P2_SIT01,True,3_sigma_from_pre_median,911.0,911.0,300,8.22603153950541,False,3.0,3,False,False,,2.552871320654166,1.0,10,600,600,False,False,False,
hai-test1.csv,5,P2_TripEx,True,change_from_pre_mode,1.0,1.0,300,0.0,True,3.0,3,False,False,,,1.0,10,600,600,False,False,False,
hai-test1.csv,5,P2_VIBTR01,True,3_sigma_from_pre_median,6.7311499999999995,6.6132,300,0.3676899605355175,False,3.0,3,False,False,,1.770377409956834,1.0,10,600,600,False,False,False,
hai-test1.csv,5,P2_VIBTR02,True,3_sigma_from_pre_median,-3.25015,-3.548,300,0.348930030020079,False,3.0,3,False,False,,1.7337286789709345,1.0,10,600,600,False,False,False,
hai-test1.csv,5,P2_VIBTR03,True,3_sigma_from_pre_median,9.6211,9.4237,300,0.23660338683141197,False,3.0,3,False,False,,2.103097536615388,1.0,10,600,600,False,False,False,
hai-test1.csv,5,P2_VIBTR04,True,3_sigma_from_pre_median,-1.2263,-1.4269,300,0.24479515001020077,False,3.0,3,False,False,,1.878305186932175,1.0,10,600,600,False,False,False,
hai-test1.csv,5,P2_VT01,True,3_sigma_from_pre_median,11.9464,11.9004,300,0.04211469636210724,False,3.0,3,False,False,,1.7127037882409775,1.0,10,600,600,False,False,False,
hai-test1.csv,5,P2_VTR01,True,change_from_pre_mode,50.0,50.0,300,0.0,True,3.0,3,False,False,,,1.0,10,600,600,False,False,False,
hai-test1.csv,5,P2_VTR02,True,change_from_pre_mode,50.0,50.0,300,0.0,True,3.0,3,False,False,,,1.0,10,600,600,False,False,False,
hai-test1.csv,5,P2_VTR03,True,change_from_pre_mode,50.0,50.0,300,0.0,True,3.0,3,False,False,,,1.0,10,600,600,False,False,False,
hai-test1.csv,5,P2_VTR04,True,change_from_pre_mode,50.0,50.0,300,0.0,True,3.0,3,False,False,,,1.0,10,600,600,False,False,False,
hai-test1.csv,5,P3_FIT01,True,3_sigma_from_pre_median,45.0,23.0,300,1697.784997187767,False,3.0,3,True,False,9.0,3.0910863323052418,1.0,10,600,600,True,False,False,1.0
hai-test1.csv,5,P3_LCP01D,True,3_sigma_from_pre_median,5452.0,13816.0,300,5136.8956074100415,False,3.0,3,False,False,,1.6033029731263098,1.0,10,600,600,False,False,False,
hai-test1.csv,5,P3_LCV01D,True,3_sigma_from_pre_median,16.0,0.0,300,6816.085890450855,False,3.0,3,False,False,,2.5516110388758015,1.0,10,600,600,False,False,False,
hai-test1.csv,5,P3_LH01,True,change_from_pre_mode,70.0,70.0,300,0.0,True,3.0,3,False,False,,,1.0,10,600,600,False,False,False,
hai-test1.csv,5,P3_LIT01,True,3_sigma_from_pre_median,17987.5,17359.0,300,3056.888907585003,False,3.0,3,False,False,,0.45978118357934383,1.0,10,600,600,False,False,False,
hai-test1.csv,5,P3_LL01,True,change_from_pre_mode,30.0,30.0,300,0.0,True,3.0,3,False,False,,,1.0,10,600,600,False,False,False,
hai-test1.csv,5,P3_PIT01,True,3_sigma_from_pre_median,151.5,19.0,300,1342.210771459746,False,3.0,3,False,False,,2.820346908617795,1.0,10,600,600,False,False,False,
hai-test1.csv,5,P4_HT_FD,True,3_sigma_from_pre_median,7e-05,7e-05,300,0.002094857275730677,False,3.0,3,False,False,,5.007501046266332,1.0,10,600,600,False,False,False,
hai-test1.csv,5,P4_HT_PO,True,3_sigma_from_pre_median,0.09042,0.09042,300,31.352937628143213,False,3.0,3,False,False,,2.5708139682467595,1.0,10,600,600,False,False,False,
hai-test1.csv,5,P4_HT_PS,True,3_sigma_from_pre_median,7.94045,7.94045,300,1.8602580474440873,False,3.0,3,False,False,,0.0,1.0,10,600,600,False,False,False,
hai-test1.csv,5,P4_LD,True,3_sigma_from_pre_median,339.20175,284.93921,300,61.64805357478487,False,3.0,3,False,False,,2.47455874360965,1.0,10,600,600,False,False,False,
hai-test1.csv,5,P4_ST_FD,True,3_sigma_from_pre_median,0.0,-0.00065,300,0.0016600255351600075,False,3.0,3,False,False,,3.180673964446618,1.0,10,600,600,False,False,False,
hai-test1.csv,5,P4_ST_GOV,True,3_sigma_from_pre_median,18425.5,18471.0,300,1720.1717180299972,False,3.0,3,False,False,,2.1401933082681923,1.0,10,600,600,False,False,False,
hai-test1.csv,5,P4_ST_LD,True,3_sigma_from_pre_median,338.03528,390.04633,300,35.6527960419603,False,3.0,3,False,False,,2.019827839456054,1.0,10,600,600,False,False,False,
hai-test1.csv,5,P4_ST_PO,True,3_sigma_from_pre_median,338.30655,338.68634,300,31.82679025985116,False,3.0,3,False,False,,2.0541015750014155,1.0,10,600,600,False,False,False,
hai-test1.csv,5,P4_ST_PS,True,3_sigma_from_pre_median,20.16145,20.16145,300,2.3221340099168533,False,3.0,3,False,False,,0.0,1.0,10,600,600,False,False,False,
hai-test1.csv,5,P4_ST_PT01,True,3_sigma_from_pre_median,9970.0,9970.0,300,28.696066979387986,False,3.0,3,False,False,,0.9757434710516963,1.0,10,600,600,False,False,False,
hai-test1.csv,5,P4_ST_TT01,True,3_sigma_from_pre_median,27171.0,27223.0,300,115.90000290990808,False,3.0,3,False,False,,1.3114753769087766,1.0,10,600,600,False,False,False,
hai-test1.csv,5,x1001_05_SETPOINT_OUT,True,3_sigma_from_pre_median,0.1527,0.1527,300,0.030634948508867832,False,3.0,3,False,False,,0.0,1.0,10,600,600,False,False,False,
hai-test1.csv,5,x1001_15_ASSIGN_OUT,True,3_sigma_from_pre_median,1.154315,1.15889,300,0.0991220108490534,False,3.0,3,False,False,,1.99274609451576,1.0,10,600,600,False,False,False,
hai-test1.csv,5,x1002_07_SETPOINT_OUT,True,3_sigma_from_pre_median,316.05908,316.05908,300,17.571010784651346,False,3.0,3,False,False,,0.0,1.0,10,600,600,False,False,False,
hai-test1.csv,5,x1002_08_SETPOINT_OUT,True,3_sigma_from_pre_median,951.08258,951.08258,300,12.08195744085597,False,3.0,3,False,False,,0.0,1.0,10,600,600,False,False,False,
hai-test1.csv,5,x1003_10_SETPOINT_OUT,True,3_sigma_from_pre_median,23.03975,23.03975,300,1257.5776996314432,False,3.0,3,False,False,,0.0031588266881356153,1.0,10,600,600,False,False,False,
hai-test1.csv,5,x1003_18_SETPOINT_OUT,True,3_sigma_from_pre_median,26.09698,26.09698,300,0.1657230121219866,False,3.0,3,False,False,,0.0,1.0,10,600,600,False,False,False,
hai-test1.csv,5,x1003_24_SUM_OUT,True,3_sigma_from_pre_median,29.93415,29.95093,300,0.35208254333579925,False,3.0,3,False,False,,1.874390004535339,1.0,10,600,600,False,False,False,
hai-test1.csv,6,P1_FCV01D,True,3_sigma_from_pre_median,5.6359449999999995,4.59341,300,22.84270615719168,False,3.0,3,False,False,,0.10274986614320454,1.0,10,600,600,False,False,False,
hai-test1.csv,6,P1_FCV01Z,True,3_sigma_from_pre_median,4.86145,4.86145,300,23.169097266768347,False,3.0,3,False,False,,0.047088584740193194,1.0,10,600,600,False,False,False,
hai-test1.csv,6,P1_FCV02D,True,3_sigma_from_pre_median,100.0,100.0,300,40.896481276676205,False,3.0,3,False,False,,0.0,1.0,10,600,600,False,False,False,
hai-test1.csv,6,P1_FCV02Z,True,3_sigma_from_pre_median,97.32971,97.32971,300,37.76975658121236,False,3.0,3,False,False,,0.0006060404427222523,1.0,10,600,600,False,False,False,
hai-test1.csv,6,P1_FCV03D,True,3_sigma_from_pre_median,52.53255,52.47586,300,1.0646258364164685,False,3.0,3,False,False,,1.349816950560876,1.0,10,600,600,False,False,False,
hai-test1.csv,6,P1_FCV03Z,True,3_sigma_from_pre_median,52.81219,52.69012,300,1.0746685930744746,False,3.0,3,False,False,,1.2565734298949758,1.0,10,600,600,False,False,False,
hai-test1.csv,6,P1_FT01,True,3_sigma_from_pre_median,58.97523,62.78987,300,7.122921026465356,False,3.0,3,True,False,153.0,5.542966130510704,1.0,10,600,600,True,False,False,38.0
hai-test1.csv,6,P1_FT01Z,True,3_sigma_from_pre_median,307.06436,326.9259,300,37.09807579445848,False,3.0,3,True,False,154.0,5.541262601838423,1.0,10,600,600,True,False,False,39.0
hai-test1.csv,6,P1_FT02,True,3_sigma_from_pre_median,4.80653,4.80653,300,1002.1838417006109,False,3.0,3,False,False,,0.0007612974468889159,1.0,10,600,600,False,False,False,
hai-test1.csv,6,P1_FT02Z,True,3_sigma_from_pre_median,25.02598,25.02598,300,1257.579495817021,False,3.0,3,False,False,,0.0031588142246380883,1.0,10,600,600,False,False,False,
hai-test1.csv,6,P1_FT03,True,3_sigma_from_pre_median,224.53302,224.15163,300,5.620080284055158,False,3.0,3,False,False,,1.7987305321385687,1.0,10,600,600,False,False,False,
hai-test1.csv,6,P1_FT03Z,True,3_sigma_from_pre_median,950.9353,950.06573,300,12.806775531386771,False,3.0,3,False,False,,1.7997137486725543,1.0,10,600,600,False,False,False,
hai-test1.csv,6,P1_LCV01D,True,3_sigma_from_pre_median,12.836535000000001,9.80695,300,2.8352305438964307,False,3.0,3,False,False,,2.4847697183447623,1.0,10,600,600,False,False,False,
hai-test1.csv,6,P1_LCV01Z,True,3_sigma_from_pre_median,13.08212,15.74096,300,2.849341018598587,False,3.0,3,False,False,,2.6494827929417233,1.0,10,600,600,False,False,False,
hai-test1.csv,6,P1_LIT01,True,3_sigma_from_pre_median,318.18761,325.42068,300,19.13774319643267,False,3.0,3,False,False,,0.7038076465834653,1.0,10,600,600,False,False,False,
hai-test1.csv,6,P1_PCV01D,True,3_sigma_from_pre_median,27.532985,25.08037,300,2.175029666301921,False,3.0,3,True,False,49.0,7.32024268297491,1.0,10,600,600,True,False,False,47.0
hai-test1.csv,6,P1_PCV01Z,True,3_sigma_from_pre_median,28.16162,28.16162,300,2.2021074236267753,False,3.0,3,True,False,54.0,7.071221790967067,1.0,10,600,600,True,False,False,54.0
hai-test1.csv,6,P1_PCV02D,True,3_sigma_from_pre_median,12.0,12.0,300,0.01098679314249775,False,3.0,3,False,False,,0.0,1.0,10,600,600,False,False,False,
hai-test1.csv,6,P1_PCV02Z,True,3_sigma_from_pre_median,11.8042,11.8042,300,0.027697809725893457,False,3.0,3,False,False,,0.27547304554077223,1.0,10,600,600,False,False,False,
hai-test1.csv,6,P1_PIT01,True,3_sigma_from_pre_median,1.15486,1.08505,300,0.10108042861225783,False,3.0,3,True,False,157.0,5.1816163345441595,1.0,10,600,600,True,False,False,117.0
hai-test1.csv,6,P1_PIT01_HH,True,change_from_pre_mode,524320.0,524320.0,300,0.0,True,3.0,3,False,False,,,1.0,10,600,600,False,False,False,
hai-test1.csv,6,P1_PIT02,True,3_sigma_from_pre_median,0.36865,0.36865,300,0.3585321787147921,False,3.0,3,False,False,,0.04468218182654044,1.0,10,600,600,False,False,False,
hai-test1.csv,6,P1_PP01AD,True,change_from_pre_mode,0.0,0.0,300,0.0,True,3.0,3,False,False,,,1.0,10,600,600,False,False,False,
hai-test1.csv,6,P1_PP01AR,True,change_from_pre_mode,0.0,0.0,300,0.0,True,3.0,3,False,False,,,1.0,10,600,600,False,False,False,
hai-test1.csv,6,P1_PP01BD,True,change_from_pre_mode,1.0,1.0,300,0.0,True,3.0,3,False,False,,,1.0,10,600,600,False,False,False,
hai-test1.csv,6,P1_PP01BR,True,change_from_pre_mode,1.0,1.0,300,0.0,True,3.0,3,False,False,,,1.0,10,600,600,False,False,False,
hai-test1.csv,6,P1_PP02D,True,change_from_pre_mode,1.0,1.0,300,0.0,True,3.0,3,False,False,,,1.0,10,600,600,False,False,False,
hai-test1.csv,6,P1_PP02R,True,change_from_pre_mode,1.0,1.0,300,0.0,True,3.0,3,False,False,,,1.0,10,600,600,False,False,False,
hai-test1.csv,6,P1_PP04,True,3_sigma_from_pre_median,14.810545000000001,45.0,300,16.788267124760022,False,3.0,3,False,False,,1.7982472387203894,1.0,10,600,600,False,False,False,
hai-test1.csv,6,P1_PP04D,True,3_sigma_from_pre_median,0.0,0.0,300,0.4864033183195398,False,3.0,3,False,False,,2.0559070268164903,1.0,10,600,600,False,False,False,
hai-test1.csv,6,P1_PP04SP,True,change_from_pre_mode,27.48882,27.48882,300,0.0,True,3.0,3,False,False,,,1.0,10,600,600,False,False,False,
hai-test1.csv,6,P1_SOL01D,True,change_from_pre_mode,524320.0,524320.0,300,0.0,True,3.0,3,False,False,,,1.0,10,600,600,False,False,False,
hai-test1.csv,6,P1_SOL03D,True,change_from_pre_mode,524320.0,524320.0,300,0.0,True,3.0,3,False,False,,,1.0,10,600,600,False,False,False,
hai-test1.csv,6,P1_STSP,True,change_from_pre_mode,1.0,1.0,300,0.0,True,3.0,3,False,False,,,1.0,10,600,600,False,False,False,
hai-test1.csv,6,P1_TIT01,True,3_sigma_from_pre_median,31.88171,31.89697,300,1.1985492880384954,False,3.0,3,False,False,,0.4965085757748907,1.0,10,600,600,False,False,False,
hai-test1.csv,6,P1_TIT02,True,3_sigma_from_pre_median,38.62609,38.65661,300,2.055402597486634,False,3.0,3,False,False,,0.037126546445602454,1.0,10,600,600,False,False,False,
hai-test1.csv,6,P1_TIT03,True,3_sigma_from_pre_median,28.60657,28.60657,300,1.1772378238837553,False,3.0,3,False,False,,0.6498092267170772,1.0,10,600,600,False,False,False,
hai-test1.csv,6,P2_24Vdc,True,3_sigma_from_pre_median,28.03426,28.03426,300,0.003477435961533257,False,3.0,3,False,False,,2.993584961780379,1.0,10,600,600,False,False,False,
hai-test1.csv,6,P2_ATSW_Lamp,True,change_from_pre_mode,1.0,1.0,300,0.0,True,3.0,3,False,False,,,1.0,10,600,600,False,False,False,
hai-test1.csv,6,P2_AutoGO,True,change_from_pre_mode,1.0,1.0,300,0.0,True,3.0,3,False,False,,,1.0,10,600,600,False,False,False,
hai-test1.csv,6,P2_AutoSD,True,3_sigma_from_pre_median,123.74702,123.74702,300,4.841791207141232,False,3.0,3,False,False,,0.0,1.0,10,600,600,False,False,False,
hai-test1.csv,6,P2_Emerg,True,change_from_pre_mode,0.0,0.0,300,0.0,True,3.0,3,False,False,,,1.0,10,600,600,False,False,False,
hai-test1.csv,6,P2_MASW,True,change_from_pre_mode,0.0,0.0,300,0.0,True,3.0,3,False,False,,,1.0,10,600,600,False,False,False,
hai-test1.csv,6,P2_MASW_Lamp,True,change_from_pre_mode,0.0,0.0,300,0.0,True,3.0,3,False,False,,,1.0,10,600,600,False,False,False,
hai-test1.csv,6,P2_ManualGO,True,change_from_pre_mode,0.0,0.0,300,0.0,True,3.0,3,False,False,,,1.0,10,600,600,False,False,False,
hai-test1.csv,6,P2_ManualSD,True,change_from_pre_mode,12.92742,12.92742,300,0.0,True,3.0,3,False,False,,,1.0,10,600,600,False,False,False,
hai-test1.csv,6,P2_OnOff,True,change_from_pre_mode,1.0,1.0,300,0.0,True,3.0,3,False,False,,,1.0,10,600,600,False,False,False,
hai-test1.csv,6,P2_RTR,True,change_from_pre_mode,2880.0,2880.0,300,0.0,True,3.0,3,False,False,,,1.0,10,600,600,False,False,False,
hai-test1.csv,6,P2_SCO,True,3_sigma_from_pre_median,54801.0,54801.0,300,25.815834015187235,False,3.0,3,False,False,,0.07747183371350377,1.0,10,600,600,False,False,False,
hai-test1.csv,6,P2_SCST,True,3_sigma_from_pre_median,720.49152,720.49261,300,0.2849730368572045,False,3.0,3,False,False,,1.2071317475990682,1.0,10,600,600,False,False,False,
hai-test1.csv,6,P2_SIT01,True,3_sigma_from_pre_median,923.0,923.0,300,8.22603153950541,False,3.0,3,False,False,,0.6078265049176587,1.0,10,600,600,False,False,False,
hai-test1.csv,6,P2_TripEx,True,change_from_pre_mode,1.0,1.0,300,0.0,True,3.0,3,False,False,,,1.0,10,600,600,False,False,False,
hai-test1.csv,6,P2_VIBTR01,True,3_sigma_from_pre_median,6.7849,6.2929,300,0.3676899605355175,False,3.0,3,False,False,,1.8773969215657171,1.0,10,600,600,False,False,False,
hai-test1.csv,6,P2_VIBTR02,True,3_sigma_from_pre_median,-3.2484,-3.6521,300,0.348930030020079,False,3.0,3,False,False,,1.5599115959399619,1.0,10,600,600,False,False,False,
hai-test1.csv,6,P2_VIBTR03,True,3_sigma_from_pre_median,9.71895,9.4895,300,0.23660338683141197,False,3.0,3,False,False,,2.2102388600743894,1.0,10,600,600,False,False,False,
hai-test1.csv,6,P2_VIBTR04,True,3_sigma_from_pre_median,-1.2915999999999999,-1.2945,300,0.24479515001020077,False,3.0,3,False,False,,2.4003743537219355,1.0,10,600,600,False,False,False,
hai-test1.csv,6,P2_VT01,True,3_sigma_from_pre_median,11.95688,11.98304,300,0.04211469636210724,False,3.0,3,False,False,,1.4750195386875147,1.0,10,600,600,False,False,False,
hai-test1.csv,6,P2_VTR01,True,change_from_pre_mode,50.0,50.0,300,0.0,True,3.0,3,False,False,,,1.0,10,600,600,False,False,False,
hai-test1.csv,6,P2_VTR02,True,change_from_pre_mode,50.0,50.0,300,0.0,True,3.0,3,False,False,,,1.0,10,600,600,False,False,False,
hai-test1.csv,6,P2_VTR03,True,change_from_pre_mode,50.0,50.0,300,0.0,True,3.0,3,False,False,,,1.0,10,600,600,False,False,False,
hai-test1.csv,6,P2_VTR04,True,change_from_pre_mode,50.0,50.0,300,0.0,True,3.0,3,False,False,,,1.0,10,600,600,False,False,False,
hai-test1.csv,6,P3_FIT01,True,3_sigma_from_pre_median,29.0,28.0,300,1697.784997187767,False,3.0,3,False,False,,2.9762307997596014,1.0,10,600,600,False,False,False,
hai-test1.csv,6,P3_LCP01D,True,3_sigma_from_pre_median,2316.0,72.0,300,5136.8956074100415,False,3.0,3,False,False,,2.2122310571402846,1.0,10,600,600,False,False,False,
hai-test1.csv,6,P3_LCV01D,True,3_sigma_from_pre_median,12560.0,15312.0,300,6816.085890450855,False,3.0,3,False,False,,1.8638262786268505,1.0,10,600,600,False,False,False,
hai-test1.csv,6,P3_LH01,True,change_from_pre_mode,70.0,70.0,300,0.0,True,3.0,3,False,False,,,1.0,10,600,600,False,False,False,
hai-test1.csv,6,P3_LIT01,True,3_sigma_from_pre_median,16150.0,15386.0,300,3056.888907585003,False,3.0,3,False,False,,0.47597411747274654,1.0,10,600,600,False,False,False,
hai-test1.csv,6,P3_LL01,True,change_from_pre_mode,30.0,30.0,300,0.0,True,3.0,3,False,False,,,1.0,10,600,600,False,False,False,
hai-test1.csv,6,P3_PIT01,True,3_sigma_from_pre_median,24.0,24.0,300,1342.210771459746,False,3.0,3,False,False,,2.977177716771023,1.0,10,600,600,False,False,False,
hai-test1.csv,6,P4_HT_FD,True,3_sigma_from_pre_median,-0.00014,-0.00014,300,0.002094857275730677,False,3.0,3,False,False,,10.392116089343949,1.0,10,600,600,False,False,False,
hai-test1.csv,6,P4_HT_PO,True,3_sigma_from_pre_median,58.684205,68.19659,300,31.352937628143213,False,3.0,3,False,False,,1.8711527352173771,1.0,10,600,600,False,False,False,
hai-test1.csv,6,P4_HT_PS,True,3_sigma_from_pre_median,7.94045,7.94045,300,1.8602580474440873,False,3.0,3,False,False,,0.0,1.0,10,600,600,False,False,False,
hai-test1.csv,6,P4_LD,True,3_sigma_from_pre_median,394.10623,429.72369,300,61.64805357478487,False,3.0,3,False,False,,1.546691005975248,1.0,10,600,600,False,False,False,
hai-test1.csv,6,P4_ST_FD,True,3_sigma_from_pre_median,7e-05,0.00152,300,0.0016600255351600075,False,3.0,3,False,False,,3.0903139086384757,1.0,10,600,600,False,False,False,
hai-test1.csv,6,P4_ST_GOV,True,3_sigma_from_pre_median,18501.0,15642.0,300,1720.1717180299972,False,3.0,3,False,False,,1.842839273994342,1.0,10,600,600,False,False,False,
hai-test1.csv,6,P4_ST_LD,True,3_sigma_from_pre_median,344.28351,359.06757,300,35.6527960419603,False,3.0,3,False,False,,1.7329816132031712,1.0,10,600,600,False,False,False,
hai-test1.csv,6,P4_ST_PO,True,3_sigma_from_pre_median,339.12942499999997,356.8432,300,31.82679025985116,False,3.0,3,False,False,,1.8356203853109898,1.0,10,600,600,False,False,False,
hai-test1.csv,6,P4_ST_PS,True,3_sigma_from_pre_median,20.16145,20.16145,300,2.3221340099168533,False,3.0,3,False,False,,0.0,1.0,10,600,600,False,False,False,
hai-test1.csv,6,P4_ST_PT01,True,3_sigma_from_pre_median,9988.0,9970.0,300,28.696066979387986,False,3.0,3,True,False,159.0,5.1226532230214055,1.0,10,600,600,True,False,False,119.0
hai-test1.csv,6,P4_ST_TT01,True,3_sigma_from_pre_median,27252.0,27253.0,300,115.90000290990808,False,3.0,3,False,False,,0.5090595213001172,1.0,10,600,600,False,False,False,
hai-test1.csv,6,x1001_05_SETPOINT_OUT,True,3_sigma_from_pre_median,0.13675,0.13675,300,0.030634948508867832,False,3.0,3,False,False,,0.0,1.0,10,600,600,False,False,False,
hai-test1.csv,6,x1001_15_ASSIGN_OUT,True,3_sigma_from_pre_median,1.13985,1.13985,300,0.0991220108490534,False,3.0,3,False,False,,1.761768133073218,1.0,10,600,600,False,False,False,
hai-test1.csv,6,x1002_07_SETPOINT_OUT,True,3_sigma_from_pre_median,316.05908,316.05908,300,17.571010784651346,False,3.0,3,False,False,,0.0,1.0,10,600,600,False,False,False,
hai-test1.csv,6,x1002_08_SETPOINT_OUT,True,3_sigma_from_pre_median,951.08258,951.08258,300,12.08195744085597,False,3.0,3,False,False,,0.0,1.0,10,600,600,False,False,False,
hai-test1.csv,6,x1003_10_SETPOINT_OUT,True,3_sigma_from_pre_median,25.02598,25.02598,300,1257.5776996314432,False,3.0,3,False,False,,0.0031588187363406697,1.0,10,600,600,False,False,False,
hai-test1.csv,6,x1003_18_SETPOINT_OUT,True,3_sigma_from_pre_median,26.09698,26.09698,300,0.1657230121219866,False,3.0,3,False,False,,0.0,1.0,10,600,600,False,False,False,
hai-test1.csv,6,x1003_24_SUM_OUT,True,3_sigma_from_pre_median,29.94063,29.94063,300,0.35208254333579925,False,3.0,3,False,False,,1.6533906920934605,1.0,10,600,600,False,False,False,
hai-test1.csv,7,P1_FCV01D,True,3_sigma_from_pre_median,1.2846250000000001,0.66208,300,22.84270615719168,False,3.0,3,False,False,,0.7427200123860367,1.0,10,600,600,False,False,False,
hai-test1.csv,7,P1_FCV01Z,True,3_sigma_from_pre_median,0.33722,0.33722,300,23.169097266768347,False,3.0,3,False,False,,0.7679086412019546,1.0,10,600,600,False,False,False,
hai-test1.csv,7,P1_FCV02D,True,3_sigma_from_pre_median,100.0,100.0,300,40.896481276676205,False,3.0,3,False,False,,2.078418420033525,1.0,10,600,600,False,False,False,
hai-test1.csv,7,P1_FCV02Z,True,3_sigma_from_pre_median,97.34497,97.34497,300,37.76975658121236,False,3.0,3,False,False,,1.8100990365928777,1.0,10,600,600,False,False,False,
hai-test1.csv,7,P1_FCV03D,True,3_sigma_from_pre_median,51.52791499999999,51.68766,300,1.0646258364164685,False,3.0,3,False,False,,1.1068818355625671,1.0,10,600,600,False,False,False,
hai-test1.csv,7,P1_FCV03Z,True,3_sigma_from_pre_median,51.62963,51.62201,300,1.0746685930744746,False,3.0,3,False,False,,1.7535359385620441,1.0,10,600,600,False,False,False,
hai-test1.csv,7,P1_FT01,True,3_sigma_from_pre_median,54.3976,52.29947,300,7.122921026465356,False,3.0,3,False,False,,2.811642853485091,1.0,10,600,600,False,False,False,
hai-test1.csv,7,P1_FT01Z,True,3_sigma_from_pre_median,283.23015,272.30588,300,37.09807579445848,False,3.0,3,False,False,,2.810778127084856,1.0,10,600,600,False,False,False,
hai-test1.csv,7,P1_FT02,True,3_sigma_from_pre_median,4.42505,4.23427,300,1002.1838417006109,False,3.0,3,False,False,,0.2529342017427236,1.0,10,600,600,False,False,False,
hai-test1.csv,7,P1_FT02Z,True,3_sigma_from_pre_median,23.03975,22.04645,300,1257.579495817021,False,3.0,3,False,False,,0.79453304011676,1.0,10,600,600,False,False,False,
hai-test1.csv,7,P1_FT03,True,3_sigma_from_pre_median,225.10529,225.10529,300,5.620080284055158,False,3.0,3,False,False,,1.0520721593204168,1.0,10,600,600,False,False,False,
hai-test1.csv,7,P1_FT03Z,True,3_sigma_from_pre_median,952.24005,952.24005,300,12.806775531386771,False,3.0,3,False,False,,1.0526474807777222,1.0,10,600,600,False,False,False,
hai-test1.csv,7,P1_LCV01D,True,3_sigma_from_pre_median,12.90405,10.04061,300,2.8352305438964307,False,3.0,3,False,False,,2.297961276562065,1.0,10,600,600,False,False,False,
hai-test1.csv,7,P1_LCV01Z,True,3_sigma_from_pre_median,13.00201,10.6369,300,2.849341018598587,False,3.0,3,False,False,,2.407160096046849,1.0,10,600,600,False,False,False,
hai-test1.csv,7,P1_LIT01,True,3_sigma_from_pre_median,337.63761999999997,329.76562,300,19.13774319643267,False,3.0,3,False,False,,0.8039704494973081,1.0,10,600,600,False,False,False,
hai-test1.csv,7,P1_PCV01D,True,3_sigma_from_pre_median,26.865850000000002,25.16637,300,2.175029666301921,False,3.0,3,True,False,8.0,11.583000632278663,1.0,10,600,600,True,False,False,75.0
hai-test1.csv,7,P1_PCV01Z,True,3_sigma_from_pre_median,27.20795,26.13983,300,2.2021074236267753,False,3.0,3,True,False,12.0,11.69298087992101,1.0,10,600,600,True,False,False,82.0
hai-test1.csv,7,P1_PCV02D,True,3_sigma_from_pre_median,12.0,12.0,300,0.01098679314249775,False,3.0,3,False,False,,0.0,1.0,10,600,600,False,False,False,
hai-test1.csv,7,P1_PCV02Z,True,3_sigma_from_pre_median,11.8042,11.8042,300,0.027697809725893457,False,3.0,3,False,False,,0.27547304554077223,1.0,10,600,600,False,False,False,
hai-test1.csv,7,P1_PIT01,True,3_sigma_from_pre_median,1.1636350000000002,1.11786,300,0.10108042861225783,False,3.0,3,True,False,110.0,4.173953413062954,1.0,10,600,600,True,False,False,94.0
hai-test1.csv,7,P1_PIT01_HH,True,change_from_pre_mode,524320.0,524320.0,300,0.0,True,3.0,3,False,False,,,1.0,10,600,600,False,False,False,
hai-test1.csv,7,P1_PIT02,True,3_sigma_from_pre_median,0.37399,0.37094,300,0.3585321787147921,False,3.0,3,False,False,,1.8279251874943663,1.0,10,600,600,False,False,False,
hai-test1.csv,7,P1_PP01AD,True,change_from_pre_mode,0.0,0.0,300,0.0,True,3.0,3,False,False,,,1.0,10,600,600,False,False,False,
hai-test1.csv,7,P1_PP01AR,True,change_from_pre_mode,0.0,0.0,300,0.0,True,3.0,3,False,False,,,1.0,10,600,600,False,False,False,
hai-test1.csv,7,P1_PP01BD,True,change_from_pre_mode,1.0,1.0,300,0.0,True,3.0,3,False,False,,,1.0,10,600,600,False,False,False,
hai-test1.csv,7,P1_PP01BR,True,change_from_pre_mode,1.0,1.0,300,0.0,True,3.0,3,False,False,,,1.0,10,600,600,False,False,False,
hai-test1.csv,7,P1_PP02D,True,change_from_pre_mode,1.0,1.0,300,0.0,True,3.0,3,False,False,,,1.0,10,600,600,False,False,False,
hai-test1.csv,7,P1_PP02R,True,change_from_pre_mode,1.0,1.0,300,0.0,True,3.0,3,False,False,,,1.0,10,600,600,False,False,False,
hai-test1.csv,7,P1_PP04,True,3_sigma_from_pre_median,40.0,40.0,300,16.788267124760022,False,3.0,3,False,False,,0.0,1.0,10,600,600,False,False,False,
hai-test1.csv,7,P1_PP04D,True,3_sigma_from_pre_median,1.0,1.0,300,0.4864033183195398,False,3.0,3,False,False,,0.0,1.0,10,600,600,False,False,False,
hai-test1.csv,7,P1_PP04SP,True,change_from_pre_mode,27.48882,27.48882,300,0.0,True,3.0,3,False,False,,,1.0,10,600,600,False,False,False,
hai-test1.csv,7,P1_SOL01D,True,change_from_pre_mode,524320.0,524320.0,300,0.0,True,3.0,3,False,False,,,1.0,10,600,600,False,False,False,
hai-test1.csv,7,P1_SOL03D,True,change_from_pre_mode,524320.0,524320.0,300,0.0,True,3.0,3,False,False,,,1.0,10,600,600,False,False,False,
hai-test1.csv,7,P1_STSP,True,change_from_pre_mode,1.0,1.0,300,0.0,True,3.0,3,False,False,,,1.0,10,600,600,False,False,False,
hai-test1.csv,7,P1_TIT01,True,3_sigma_from_pre_median,30.195619999999998,30.06591,300,1.1985492880384954,False,3.0,3,False,False,,0.8720792798689022,1.0,10,600,600,False,False,False,
hai-test1.csv,7,P1_TIT02,True,3_sigma_from_pre_median,38.74817,38.68713,300,2.055402597486634,False,3.0,3,False,False,,1.6480712849843664,1.0,10,600,600,False,False,False,
hai-test1.csv,7,P1_TIT03,True,3_sigma_from_pre_median,29.68967,29.68967,300,1.1772378238837553,False,3.0,3,False,False,,1.7903519214551824,1.0,10,600,600,False,False,False,
hai-test1.csv,7,P2_24Vdc,True,3_sigma_from_pre_median,28.03426,28.03426,300,0.003477435961533257,False,3.0,3,False,False,,3.2178881577636,1.0,10,600,600,False,False,False,
hai-test1.csv,7,P2_ATSW_Lamp,True,change_from_pre_mode,1.0,1.0,300,0.0,True,3.0,3,False,False,,,1.0,10,600,600,False,False,False,
hai-test1.csv,7,P2_AutoGO,True,change_from_pre_mode,1.0,1.0,300,0.0,True,3.0,3,False,False,,,1.0,10,600,600,False,False,False,
hai-test1.csv,7,P2_AutoSD,True,3_sigma_from_pre_median,123.74702,123.74702,300,4.841791207141232,False,3.0,3,False,False,,0.0,1.0,10,600,600,False,False,False,
hai-test1.csv,7,P2_Emerg,True,change_from_pre_mode,0.0,0.0,300,0.0,True,3.0,3,False,False,,,1.0,10,600,600,False,False,False,
hai-test1.csv,7,P2_MASW,True,change_from_pre_mode,0.0,0.0,300,0.0,True,3.0,3,False,False,,,1.0,10,600,600,False,False,False,
hai-test1.csv,7,P2_MASW_Lamp,True,change_from_pre_mode,0.0,0.0,300,0.0,True,3.0,3,False,False,,,1.0,10,600,600,False,False,False,
hai-test1.csv,7,P2_ManualGO,True,change_from_pre_mode,0.0,0.0,300,0.0,True,3.0,3,False,False,,,1.0,10,600,600,False,False,False,
hai-test1.csv,7,P2_ManualSD,True,change_from_pre_mode,12.92742,12.92742,300,0.0,True,3.0,3,False,False,,,1.0,10,600,600,False,False,False,
hai-test1.csv,7,P2_OnOff,True,change_from_pre_mode,1.0,1.0,300,0.0,True,3.0,3,False,False,,,1.0,10,600,600,False,False,False,
hai-test1.csv,7,P2_RTR,True,change_from_pre_mode,2880.0,2880.0,300,0.0,True,3.0,3,False,False,,,1.0,10,600,600,False,False,False,
hai-test1.csv,7,P2_SCO,True,3_sigma_from_pre_median,54801.0,54801.0,300,25.815834015187235,False,3.0,3,False,False,,0.15494366742700755,1.0,10,600,600,False,False,False,
hai-test1.csv,7,P2_SCST,True,3_sigma_from_pre_median,720.4885899999999,720.42175,300,0.2849730368572045,False,3.0,3,False,False,,2.666743522057102,1.0,10,600,600,False,False,False,
hai-test1.csv,7,P2_SIT01,True,3_sigma_from_pre_median,923.0,923.0,300,8.22603153950541,False,3.0,3,False,False,,1.8234795147529759,1.0,10,600,600,False,False,False,
hai-test1.csv,7,P2_TripEx,True,change_from_pre_mode,1.0,1.0,300,0.0,True,3.0,3,False,False,,,1.0,10,600,600,False,False,False,
hai-test1.csv,7,P2_VIBTR01,True,3_sigma_from_pre_median,6.650499999999999,6.6251,300,0.3676899605355175,False,3.0,3,False,False,,1.898338477839879,1.0,10,600,600,False,False,False,
hai-test1.csv,7,P2_VIBTR02,True,3_sigma_from_pre_median,-3.33135,-3.7336,300,0.348930030020079,False,3.0,3,False,False,,2.056142889044874,1.0,10,600,600,False,False,False,
hai-test1.csv,7,P2_VIBTR03,True,3_sigma_from_pre_median,9.6107,9.418,300,0.23660338683141197,False,3.0,3,False,False,,2.898944132565302,1.0,10,600,600,False,False,False,
hai-test1.csv,7,P2_VIBTR04,True,3_sigma_from_pre_median,-1.3121,-1.5654,300,0.24479515001020077,False,3.0,3,False,False,,2.4481694182871956,1.0,10,600,600,False,False,False,
hai-test1.csv,7,P2_VT01,True,3_sigma_from_pre_median,11.95729,12.01378,300,0.04211469636210724,False,3.0,3,False,False,,1.5367557074027283,1.0,10,600,600,False,False,False,
hai-test1.csv,7,P2_VTR01,True,change_from_pre_mode,50.0,50.0,300,0.0,True,3.0,3,False,False,,,1.0,10,600,600,False,False,False,
hai-test1.csv,7,P2_VTR02,True,change_from_pre_mode,50.0,50.0,300,0.0,True,3.0,3,False,False,,,1.0,10,600,600,False,False,False,
hai-test1.csv,7,P2_VTR03,True,change_from_pre_mode,50.0,50.0,300,0.0,True,3.0,3,False,False,,,1.0,10,600,600,False,False,False,
hai-test1.csv,7,P2_VTR04,True,change_from_pre_mode,50.0,50.0,300,0.0,True,3.0,3,False,False,,,1.0,10,600,600,False,False,False,
hai-test1.csv,7,P3_FIT01,True,3_sigma_from_pre_median,29.0,28.0,300,1697.784997187767,False,3.0,3,True,False,76.0,3.1064004033113273,1.0,10,600,600,True,False,False,34.0
hai-test1.csv,7,P3_LCP01D,True,3_sigma_from_pre_median,6844.0,224.0,300,5136.8956074100415,False,3.0,3,False,False,,1.3463384363940696,1.0,10,600,600,False,False,False,
hai-test1.csv,7,P3_LCV01D,True,3_sigma_from_pre_median,4816.0,-128.0,300,6816.085890450855,False,3.0,3,False,False,,1.8544367255859093,1.0,10,600,600,False,False,False,
hai-test1.csv,7,P3_LH01,True,change_from_pre_mode,70.0,70.0,300,0.0,True,3.0,3,False,False,,,1.0,10,600,600,False,False,False,
hai-test1.csv,7,P3_LIT01,True,3_sigma_from_pre_median,17550.0,17283.0,300,3056.888907585003,False,3.0,3,False,False,,0.6765047937688247,1.0,10,600,600,False,False,False,
hai-test1.csv,7,P3_LL01,True,change_from_pre_mode,30.0,30.0,300,0.0,True,3.0,3,False,False,,,1.0,10,600,600,False,False,False,
hai-test1.csv,7,P3_PIT01,True,3_sigma_from_pre_median,150.5,24.0,300,1342.210771459746,False,3.0,3,False,False,,2.9164570000751175,1.0,10,600,600,False,False,False,
hai-test1.csv,7,P4_HT_FD,True,3_sigma_from_pre_median,-0.00029,-0.00036,300,0.002094857275730677,False,3.0,3,True,False,32.0,12.258591693815001,1.0,10,600,600,True,False,False,1.0
hai-test1.csv,7,P4_HT_PO,True,3_sigma_from_pre_median,21.430145000000003,0.05423,300,31.352937628143213,False,3.0,3,False,False,,1.8959529631648229,1.0,10,600,600,False,False,False,
hai-test1.csv,7,P4_HT_PS,True,3_sigma_from_pre_median,7.94045,7.94045,300,1.8602580474440873,False,3.0,3,False,False,,0.0,1.0,10,600,600,False,False,False,
hai-test1.csv,7,P4_LD,True,3_sigma_from_pre_median,357.75644,339.6629,300,61.64805357478487,False,3.0,3,False,False,,2.20291642841984,1.0,10,600,600,False,False,False,
hai-test1.csv,7,P4_ST_FD,True,3_sigma_from_pre_median,-0.00010499999999999999,-0.00043,300,0.0016600255351600075,False,3.0,3,False,False,,3.0752538993371186,1.0,10,600,600,False,False,False,
hai-test1.csv,7,P4_ST_GOV,True,3_sigma_from_pre_median,18619.0,17976.0,300,1720.1717180299972,False,3.0,3,False,False,,2.5154465421367562,1.0,10,600,600,False,False,False,
hai-test1.csv,7,P4_ST_LD,True,3_sigma_from_pre_median,343.35214,331.34406,300,35.6527960419603,False,3.0,3,False,False,,2.471268449641505,1.0,10,600,600,False,False,False,
hai-test1.csv,7,P4_ST_PO,True,3_sigma_from_pre_median,340.78412,327.88989,300,31.82679025985116,False,3.0,3,False,False,,2.364912684737438,1.0,10,600,600,False,False,False,
hai-test1.csv,7,P4_ST_PS,True,3_sigma_from_pre_median,20.16145,20.16145,300,2.3221340099168533,False,3.0,3,False,False,,0.0,1.0,10,600,600,False,False,False,
hai-test1.csv,7,P4_ST_PT01,True,3_sigma_from_pre_median,9995.0,9998.0,300,28.696066979387986,False,3.0,3,True,False,104.0,3.9726698464247634,1.0,10,600,600,True,False,False,95.0
hai-test1.csv,7,P4_ST_TT01,True,3_sigma_from_pre_median,27089.5,27064.0,300,115.90000290990808,False,3.0,3,False,False,,0.9447799590230989,1.0,10,600,600,False,False,False,
hai-test1.csv,7,x1001_05_SETPOINT_OUT,True,3_sigma_from_pre_median,0.13675,0.13675,300,0.030634948508867832,False,3.0,3,False,False,,0.0,1.0,10,600,600,False,False,False,
hai-test1.csv,7,x1001_15_ASSIGN_OUT,True,3_sigma_from_pre_median,1.148485,1.15152,300,0.0991220108490534,False,3.0,3,False,False,,2.3316213827819765,1.0,10,600,600,False,False,False,
hai-test1.csv,7,x1002_07_SETPOINT_OUT,True,3_sigma_from_pre_median,336.58316,336.58316,300,17.571010784651346,False,3.0,3,False,False,,0.0,1.0,10,600,600,False,False,False,
hai-test1.csv,7,x1002_08_SETPOINT_OUT,True,3_sigma_from_pre_median,951.08258,951.08258,300,12.08195744085597,False,3.0,3,False,False,,0.0,1.0,10,600,600,False,False,False,
hai-test1.csv,7,x1003_10_SETPOINT_OUT,True,3_sigma_from_pre_median,23.03975,22.04645,300,1257.5776996314432,False,3.0,3,False,False,,0.7945342226510782,1.0,10,600,600,False,False,False,
hai-test1.csv,7,x1003_18_SETPOINT_OUT,True,3_sigma_from_pre_median,26.09698,26.09698,300,0.1657230121219866,False,3.0,3,False,False,,0.0,1.0,10,600,600,False,False,False,
hai-test1.csv,7,x1003_24_SUM_OUT,True,3_sigma_from_pre_median,29.96715,29.85099,300,0.35208254333579925,False,3.0,3,False,False,,2.1815622913954975,1.0,10,600,600,False,False,False,
hai-test1.csv,8,P1_FCV01D,True,3_sigma_from_pre_median,8.513950000000001,5.13023,300,22.84270615719168,False,3.0,3,False,False,,0.1420663549085801,1.0,10,600,600,False,False,False,
hai-test1.csv,8,P1_FCV01Z,True,3_sigma_from_pre_median,8.08868,5.2124,300,23.169097266768347,False,3.0,3,False,False,,0.12414294639461312,1.0,10,600,600,False,False,False,
hai-test1.csv,8,P1_FCV02D,True,3_sigma_from_pre_median,100.0,100.0,300,40.896481276676205,False,3.0,3,False,False,,0.0,1.0,10,600,600,False,False,False,
hai-test1.csv,8,P1_FCV02Z,True,3_sigma_from_pre_median,97.32208,97.32971,300,37.76975658121236,False,3.0,3,False,False,,0.00040376219971670124,1.0,10,600,600,False,False,False,
hai-test1.csv,8,P1_FCV03D,True,3_sigma_from_pre_median,51.30486,50.59149,300,1.0646258364164685,False,3.0,3,True,False,72.0,4.350514369997073,1.0,10,600,600,True,False,False,13.0
hai-test1.csv,8,P1_FCV03Z,True,3_sigma_from_pre_median,52.10266,51.98822,300,1.0746685930744746,False,3.0,3,True,False,66.0,3.51415312993918,1.0,10,600,600,True,False,False,21.0
hai-test1.csv,8,P1_FT01,True,3_sigma_from_pre_median,55.7327,48.29405,300,7.122921026465356,False,3.0,3,False,False,,2.865205148866781,1.0,10,600,600,False,False,False,
hai-test1.csv,8,P1_FT01Z,True,3_sigma_from_pre_median,290.67823999999996,251.45102,300,37.09807579445848,False,3.0,3,False,False,,2.850936544148162,1.0,10,600,600,False,False,False,
hai-test1.csv,8,P1_FT02,True,3_sigma_from_pre_median,45.81448,4.80653,300,1002.1838417006109,False,3.0,3,False,False,,0.041679887723113485,1.0,10,600,600,False,False,False,
hai-test1.csv,8,P1_FT02Z,True,3_sigma_from_pre_median,238.54071,25.02598,300,1257.579495817021,False,3.0,3,False,False,,0.17294110688303124,1.0,10,600,600,False,False,False,
hai-test1.csv,8,P1_FT03,True,3_sigma_from_pre_median,224.34232,222.6257,300,5.620080284055158,False,3.0,3,True,False,14.0,5.022837499330453,1.0,10,600,600,True,False,False,21.0
hai-test1.csv,8,P1_FT03Z,True,3_sigma_from_pre_median,950.50049,946.58661,300,12.806775531386771,False,3.0,3,True,False,14.0,5.025587419898402,1.0,10,600,600,True,False,False,21.0
hai-test1.csv,8,P1_LCV01D,True,3_sigma_from_pre_median,12.38302,9.12578,300,2.8352305438964307,False,3.0,3,False,False,,2.9415597324013087,1.0,10,600,600,False,False,False,
hai-test1.csv,8,P1_LCV01Z,True,3_sigma_from_pre_median,11.94916,19.77691,300,2.849341018598587,False,3.0,3,False,False,,2.873064314367801,1.0,10,600,600,False,False,False,
hai-test1.csv,8,P1_LIT01,True,3_sigma_from_pre_median,341.98256,350.57022,300,19.13774319643267,False,3.0,3,False,False,,0.8280098566143238,1.0,10,600,600,False,False,False,
hai-test1.csv,8,P1_PCV01D,True,3_sigma_from_pre_median,26.671325,24.284,300,2.175029666301921,False,3.0,3,False,False,,0.8513837896972155,1.0,10,600,600,False,False,False,
hai-test1.csv,8,P1_PCV01Z,True,3_sigma_from_pre_median,26.90277,27.92511,300,2.2021074236267753,False,3.0,3,False,False,,0.6790586072032785,1.0,10,600,600,False,False,False,
hai-test1.csv,8,P1_PCV02D,True,3_sigma_from_pre_median,12.0,12.0,300,0.01098679314249775,False,3.0,3,False,False,,0.0,1.0,10,600,600,False,False,False,
hai-test1.csv,8,P1_PCV02Z,True,3_sigma_from_pre_median,11.8042,11.8042,300,0.027697809725893457,False,3.0,3,False,False,,0.27547304554077223,1.0,10,600,600,False,False,False,
hai-test1.csv,8,P1_PIT01,True,3_sigma_from_pre_median,1.14304,1.1644,300,0.10108042861225783,False,3.0,3,False,False,,2.1586770356604856,1.0,10,600,600,False,False,False,
hai-test1.csv,8,P1_PIT01_HH,True,change_from_pre_mode,524320.0,524320.0,300,0.0,True,3.0,3,False,False,,,1.0,10,600,600,False,False,False,
hai-test1.csv,8,P1_PIT02,True,3_sigma_from_pre_median,0.35034,0.3183,300,0.3585321787147921,False,3.0,3,False,False,,0.08939225515234826,1.0,10,600,600,False,False,False,
hai-test1.csv,8,P1_PP01AD,True,change_from_pre_mode,0.0,0.0,300,0.0,True,3.0,3,False,False,,,1.0,10,600,600,False,False,False,
hai-test1.csv,8,P1_PP01AR,True,change_from_pre_mode,0.0,0.0,300,0.0,True,3.0,3,False,False,,,1.0,10,600,600,False,False,False,
hai-test1.csv,8,P1_PP01BD,True,change_from_pre_mode,1.0,1.0,300,0.0,True,3.0,3,False,False,,,1.0,10,600,600,False,False,False,
hai-test1.csv,8,P1_PP01BR,True,change_from_pre_mode,1.0,1.0,300,0.0,True,3.0,3,False,False,,,1.0,10,600,600,False,False,False,
hai-test1.csv,8,P1_PP02D,True,change_from_pre_mode,1.0,1.0,300,0.0,True,3.0,3,False,False,,,1.0,10,600,600,False,False,False,
hai-test1.csv,8,P1_PP02R,True,change_from_pre_mode,1.0,1.0,300,0.0,True,3.0,3,False,False,,,1.0,10,600,600,False,False,False,
hai-test1.csv,8,P1_PP04,True,3_sigma_from_pre_median,3.355635,0.0,300,16.788267124760022,False,3.0,3,False,False,,0.5847938281563613,1.0,10,600,600,False,False,False,
hai-test1.csv,8,P1_PP04D,True,3_sigma_from_pre_median,0.0,0.0,300,0.4864033183195398,False,3.0,3,False,False,,0.0,1.0,10,600,600,False,False,False,
hai-test1.csv,8,P1_PP04SP,True,change_from_pre_mode,27.48882,27.48882,300,0.0,True,3.0,3,False,False,,,1.0,10,600,600,False,False,False,
hai-test1.csv,8,P1_SOL01D,True,change_from_pre_mode,524320.0,524320.0,300,0.0,True,3.0,3,False,False,,,1.0,10,600,600,False,False,False,
hai-test1.csv,8,P1_SOL03D,True,change_from_pre_mode,524320.0,524320.0,300,0.0,True,3.0,3,False,False,,,1.0,10,600,600,False,False,False,
hai-test1.csv,8,P1_STSP,True,change_from_pre_mode,1.0,1.0,300,0.0,True,3.0,3,False,False,,,1.0,10,600,600,False,False,False,
hai-test1.csv,8,P1_TIT01,True,3_sigma_from_pre_median,31.83594,32.00378,300,1.1985492880384954,False,3.0,3,False,False,,0.07639235274991915,1.0,10,600,600,False,False,False,
hai-test1.csv,8,P1_TIT02,True,3_sigma_from_pre_median,37.47406,38.61084,300,2.055402597486634,False,3.0,3,False,False,,0.597615280579105,1.0,10,600,600,False,False,False,
hai-test1.csv,8,P1_TIT03,True,3_sigma_from_pre_median,28.02167,28.02167,300,1.1772378238837553,False,3.0,3,False,False,,0.7832402096613622,1.0,10,600,600,False,False,False,
hai-test1.csv,8,P2_24Vdc,True,3_sigma_from_pre_median,28.03345,28.03426,300,0.003477435961533257,False,3.0,3,False,False,,2.0129773998516667,1.0,10,600,600,False,False,False,
hai-test1.csv,8,P2_ATSW_Lamp,True,change_from_pre_mode,1.0,1.0,300,0.0,True,3.0,3,False,False,,,1.0,10,600,600,False,False,False,
hai-test1.csv,8,P2_AutoGO,True,change_from_pre_mode,1.0,1.0,300,0.0,True,3.0,3,False,False,,,1.0,10,600,600,False,False,False,
hai-test1.csv,8,P2_AutoSD,True,3_sigma_from_pre_median,123.74702,123.74702,300,4.841791207141232,False,3.0,3,False,False,,0.0,1.0,10,600,600,False,False,False,
hai-test1.csv,8,P2_Emerg,True,change_from_pre_mode,0.0,0.0,300,0.0,True,3.0,3,False,False,,,1.0,10,600,600,False,False,False,
hai-test1.csv,8,P2_MASW,True,change_from_pre_mode,0.0,0.0,300,0.0,True,3.0,3,False,False,,,1.0,10,600,600,False,False,False,
hai-test1.csv,8,P2_MASW_Lamp,True,change_from_pre_mode,0.0,0.0,300,0.0,True,3.0,3,False,False,,,1.0,10,600,600,False,False,False,
hai-test1.csv,8,P2_ManualGO,True,change_from_pre_mode,0.0,0.0,300,0.0,True,3.0,3,False,False,,,1.0,10,600,600,False,False,False,
hai-test1.csv,8,P2_ManualSD,True,change_from_pre_mode,12.92742,12.92742,300,0.0,True,3.0,3,False,False,,,1.0,10,600,600,False,False,False,
hai-test1.csv,8,P2_OnOff,True,change_from_pre_mode,1.0,1.0,300,0.0,True,3.0,3,False,False,,,1.0,10,600,600,False,False,False,
hai-test1.csv,8,P2_RTR,True,change_from_pre_mode,2880.0,2880.0,300,0.0,True,3.0,3,False,False,,,1.0,10,600,600,False,False,False,
hai-test1.csv,8,P2_SCO,True,3_sigma_from_pre_median,54799.0,54798.0,300,25.815834015187235,False,3.0,3,False,False,,0.15494366742700755,1.0,10,600,600,False,False,False,
hai-test1.csv,8,P2_SCST,True,3_sigma_from_pre_median,720.0362250000001,719.79175,300,0.2849730368572045,False,3.0,3,False,False,,2.449652808205119,1.0,10,600,600,False,False,False,
hai-test1.csv,8,P2_SIT01,True,3_sigma_from_pre_median,915.0,918.0,300,8.22603153950541,False,3.0,3,False,False,,1.5803489127859125,1.0,10,600,600,False,False,False,
hai-test1.csv,8,P2_TripEx,True,change_from_pre_mode,1.0,1.0,300,0.0,True,3.0,3,False,False,,,1.0,10,600,600,False,False,False,
hai-test1.csv,8,P2_VIBTR01,True,3_sigma_from_pre_median,6.6279,7.0152,300,0.3676899605355175,False,3.0,3,False,False,,1.4030842703690445,1.0,10,600,600,False,False,False,
hai-test1.csv,8,P2_VIBTR02,True,3_sigma_from_pre_median,-3.3028,-3.7502,300,0.348930030020079,False,3.0,3,False,False,,1.363883756215005,1.0,10,600,600,False,False,False,
hai-test1.csv,8,P2_VIBTR03,True,3_sigma_from_pre_median,9.586549999999999,9.428,300,0.23660338683141197,False,3.0,3,False,False,,1.5276619867556964,1.0,10,600,600,False,False,False,
hai-test1.csv,8,P2_VIBTR04,True,3_sigma_from_pre_median,-1.37585,-1.3837,300,0.24479515001020077,False,3.0,3,False,False,,1.106435319444497,1.0,10,600,600,False,False,False,
hai-test1.csv,8,P2_VT01,True,3_sigma_from_pre_median,11.954535,11.89302,300,0.04211469636210724,False,3.0,3,False,False,,1.426224220722232,1.0,10,600,600,False,False,False,
hai-test1.csv,8,P2_VTR01,True,change_from_pre_mode,50.0,50.0,300,0.0,True,3.0,3,False,False,,,1.0,10,600,600,False,False,False,
hai-test1.csv,8,P2_VTR02,True,change_from_pre_mode,50.0,50.0,300,0.0,True,3.0,3,False,False,,,1.0,10,600,600,False,False,False,
hai-test1.csv,8,P2_VTR03,True,change_from_pre_mode,50.0,50.0,300,0.0,True,3.0,3,False,False,,,1.0,10,600,600,False,False,False,
hai-test1.csv,8,P2_VTR04,True,change_from_pre_mode,50.0,50.0,300,0.0,True,3.0,3,False,False,,,1.0,10,600,600,False,False,False,
hai-test1.csv,8,P3_FIT01,True,3_sigma_from_pre_median,26.0,23.0,300,1697.784997187767,False,3.0,3,True,False,73.0,3.114646441545373,1.0,10,600,600,True,False,False,14.0
hai-test1.csv,8,P3_LCP01D,True,3_sigma_from_pre_median,624.0,0.0,300,5136.8956074100415,False,3.0,3,False,False,,2.452843305171382,1.0,10,600,600,False,False,False,
hai-test1.csv,8,P3_LCV01D,True,3_sigma_from_pre_median,13400.0,-32.0,300,6816.085890450855,False,3.0,3,False,False,,1.977674609248264,1.0,10,600,600,False,False,False,
hai-test1.csv,8,P3_LH01,True,change_from_pre_mode,70.0,70.0,300,0.0,True,3.0,3,False,False,,,1.0,10,600,600,False,False,False,
hai-test1.csv,8,P3_LIT01,True,3_sigma_from_pre_median,17747.5,16629.0,300,3056.888907585003,False,3.0,3,False,False,,0.7519082536158818,1.0,10,600,600,False,False,False,
hai-test1.csv,8,P3_LL01,True,change_from_pre_mode,30.0,30.0,300,0.0,True,3.0,3,False,False,,,1.0,10,600,600,False,False,False,
hai-test1.csv,8,P3_PIT01,True,3_sigma_from_pre_median,21.0,18.0,300,1342.210771459746,False,3.0,3,False,False,,2.7842124943877162,1.0,10,600,600,False,False,False,
hai-test1.csv,8,P4_HT_FD,True,3_sigma_from_pre_median,-7e-05,-7e-05,300,0.002094857275730677,False,3.0,3,True,False,30.0,11.948308025552551,1.0,10,600,600,True,False,False,1.0
hai-test1.csv,8,P4_HT_PO,True,3_sigma_from_pre_median,61.74948,0.07236,300,31.352937628143213,False,3.0,3,False,False,,1.96257431216802,1.0,10,600,600,False,False,False,
hai-test1.csv,8,P4_HT_PS,True,3_sigma_from_pre_median,7.94045,7.94045,300,1.8602580474440873,False,3.0,3,False,False,,0.0,1.0,10,600,600,False,False,False,
hai-test1.csv,8,P4_LD,True,3_sigma_from_pre_median,378.02008,373.28198,300,61.64805357478487,False,3.0,3,False,False,,1.2502592625491336,1.0,10,600,600,False,False,False,
hai-test1.csv,8,P4_ST_FD,True,3_sigma_from_pre_median,0.0,7e-05,300,0.0016600255351600075,False,3.0,3,False,False,,4.0541545039253295,1.0,10,600,600,False,False,False,
hai-test1.csv,8,P4_ST_GOV,True,3_sigma_from_pre_median,17964.0,17120.0,300,1720.1717180299972,False,3.0,3,False,False,,0.6807459904881308,1.0,10,600,600,False,False,False,
hai-test1.csv,8,P4_ST_LD,True,3_sigma_from_pre_median,329.66223,311.83087,300,35.6527960419603,False,3.0,3,False,False,,0.9744074478510355,1.0,10,600,600,False,False,False,
hai-test1.csv,8,P4_ST_PO,True,3_sigma_from_pre_median,329.85205,318.43176,300,31.82679025985116,False,3.0,3,False,False,,0.7145304259188082,1.0,10,600,600,False,False,False,
hai-test1.csv,8,P4_ST_PS,True,3_sigma_from_pre_median,20.16145,20.16145,300,2.3221340099168533,False,3.0,3,False,False,,0.0,1.0,10,600,600,False,False,False,
hai-test1.csv,8,P4_ST_PT01,True,3_sigma_from_pre_median,9973.0,9998.0,300,28.696066979387986,False,3.0,3,False,False,,2.090878866539349,1.0,10,600,600,False,False,False,
hai-test1.csv,8,P4_ST_TT01,True,3_sigma_from_pre_median,27247.0,27243.0,300,115.90000290990808,False,3.0,3,False,False,,0.10353752975595604,1.0,10,600,600,False,False,False,
hai-test1.csv,8,x1001_05_SETPOINT_OUT,True,3_sigma_from_pre_median,0.13675,0.13675,300,0.030634948508867832,False,3.0,3,False,False,,0.0,1.0,10,600,600,False,False,False,
hai-test1.csv,8,x1001_15_ASSIGN_OUT,True,3_sigma_from_pre_median,1.112495,1.12073,300,0.0991220108490534,False,3.0,3,False,False,,0.6004216368313148,1.0,10,600,600,False,False,False,
hai-test1.csv,8,x1002_07_SETPOINT_OUT,True,3_sigma_from_pre_median,336.58316,336.58316,300,17.571010784651346,False,3.0,3,False,False,,0.0,1.0,10,600,600,False,False,False,
hai-test1.csv,8,x1002_08_SETPOINT_OUT,True,3_sigma_from_pre_median,951.08258,951.08258,300,12.08195744085597,False,3.0,3,False,False,,0.0,1.0,10,600,600,False,False,False,
hai-test1.csv,8,x1003_10_SETPOINT_OUT,True,3_sigma_from_pre_median,238.044245,25.02598,300,1257.5776996314432,False,3.0,3,False,False,,0.1725465751051352,1.0,10,600,600,False,False,False,
hai-test1.csv,8,x1003_18_SETPOINT_OUT,True,3_sigma_from_pre_median,26.09698,26.09698,300,0.1657230121219866,False,3.0,3,False,False,,0.0,1.0,10,600,600,False,False,False,
hai-test1.csv,8,x1003_24_SUM_OUT,True,3_sigma_from_pre_median,29.851945,29.71824,300,0.35208254333579925,False,3.0,3,False,False,,0.5704486172392956,1.0,10,600,600,False,False,False,
hai-test1.csv,9,P1_FCV01D,True,3_sigma_from_pre_median,57.741605,46.19193,300,22.84270615719168,False,3.0,3,False,False,,1.04166489015176,1.0,10,600,600,False,False,False,
hai-test1.csv,9,P1_FCV01Z,True,3_sigma_from_pre_median,58.25958,64.17236,300,23.169097266768347,False,3.0,3,False,False,,1.0494530589620796,1.0,10,600,600,False,False,False,
hai-test1.csv,9,P1_FCV02D,True,3_sigma_from_pre_median,15.0,15.0,300,40.896481276676205,False,3.0,3,False,False,,0.0,1.0,10,600,600,False,False,False,
hai-test1.csv,9,P1_FCV02Z,True,3_sigma_from_pre_median,12.68158,12.68158,300,37.76975658121236,False,3.0,3,False,False,,0.00020201348090752714,1.0,10,600,600,False,False,False,
hai-test1.csv,9,P1_FCV03D,True,3_sigma_from_pre_median,51.418,51.18148,300,1.0646258364164685,False,3.0,3,True,False,28.0,8.32726362328479,1.0,10,600,600,True,False,False,5.0
hai-test1.csv,9,P1_FCV03Z,True,3_sigma_from_pre_median,52.33917,52.33917,300,1.0746685930744746,False,3.0,3,True,False,29.0,8.249380373755493,1.0,10,600,600,True,False,False,1.0
hai-test1.csv,9,P1_FT01,True,3_sigma_from_pre_median,55.92348,54.77904,300,7.122921026465356,False,3.0,3,True,False,50.0,6.158860927560975,1.0,10,600,600,True,False,False,7.0
hai-test1.csv,9,P1_FT01Z,True,3_sigma_from_pre_median,291.1749,285.21619,300,37.09807579445848,False,3.0,3,True,False,51.0,6.156967850988081,1.0,10,600,600,True,False,False,8.0
hai-test1.csv,9,P1_FT02,True,3_sigma_from_pre_median,2372.684325,2409.97314,300,1002.1838417006109,False,3.0,3,False,False,,1.1943482774267031,1.0,10,600,600,False,False,False,
hai-test1.csv,9,P1_FT02Z,True,3_sigma_from_pre_median,3106.731325,3130.94238,300,1257.579495817021,False,3.0,3,False,False,,0.7329441025922339,1.0,10,600,600,False,False,False,
hai-test1.csv,9,P1_FT03,True,3_sigma_from_pre_median,224.34232,223.96085,300,5.620080284055158,False,3.0,3,True,False,70.0,4.7376120365291685,1.0,10,600,600,True,False,False,9.0
hai-test1.csv,9,P1_FT03Z,True,3_sigma_from_pre_median,950.50049,949.19592,300,12.806775531386771,False,3.0,3,True,False,71.0,4.694246405167542,1.0,10,600,600,True,False,False,10.0
hai-test1.csv,9,P1_LCV01D,True,3_sigma_from_pre_median,14.311399999999999,12.99819,300,2.8352305438964307,False,3.0,3,True,False,48.0,3.2412637553525503,1.0,10,600,600,True,False,False,16.0
hai-test1.csv,9,P1_LCV01Z,True,3_sigma_from_pre_median,13.72681,17.64069,300,2.849341018598587,False,3.0,3,False,False,,3.039078138937193,1.0,10,600,600,False,False,False,
hai-test1.csv,9,P1_LIT01,True,3_sigma_from_pre_median,338.45547,342.18704,300,19.13774319643267,False,3.0,3,False,False,,0.3926372050702745,1.0,10,600,600,False,False,False,
hai-test1.csv,9,P1_PCV01D,True,3_sigma_from_pre_median,26.055410000000002,24.84111,300,2.175029666301921,False,3.0,3,False,False,,2.0527352197412454,1.0,10,600,600,False,False,False,
hai-test1.csv,9,P1_PCV01Z,True,3_sigma_from_pre_median,26.84937,26.84937,300,2.2021074236267753,False,3.0,3,False,False,,2.286632316831709,1.0,10,600,600,False,False,False,
hai-test1.csv,9,P1_PCV02D,True,3_sigma_from_pre_median,12.0,12.0,300,0.01098679314249775,False,3.0,3,False,False,,0.0,1.0,10,600,600,False,False,False,
hai-test1.csv,9,P1_PCV02Z,True,3_sigma_from_pre_median,11.8042,11.8042,300,0.027697809725893457,False,3.0,3,False,False,,0.27547304554077223,1.0,10,600,600,False,False,False,
hai-test1.csv,9,P1_PIT01,True,3_sigma_from_pre_median,1.0778050000000001,1.10336,300,0.10108042861225783,False,3.0,3,True,False,51.0,5.943930078736728,1.0,10,600,600,True,False,False,7.0
hai-test1.csv,9,P1_PIT01_HH,True,change_from_pre_mode,524320.0,524320.0,300,0.0,True,3.0,3,False,False,,,1.0,10,600,600,False,False,False,
hai-test1.csv,9,P1_PIT02,True,3_sigma_from_pre_median,0.41252,0.39459,300,0.3585321787147921,False,3.0,3,False,False,,1.5863848038377875,1.0,10,600,600,False,False,False,
hai-test1.csv,9,P1_PP01AD,True,change_from_pre_mode,0.0,0.0,300,0.0,True,3.0,3,False,False,,,1.0,10,600,600,False,False,False,
hai-test1.csv,9,P1_PP01AR,True,change_from_pre_mode,0.0,0.0,300,0.0,True,3.0,3,False,False,,,1.0,10,600,600,False,False,False,
hai-test1.csv,9,P1_PP01BD,True,change_from_pre_mode,1.0,1.0,300,0.0,True,3.0,3,False,False,,,1.0,10,600,600,False,False,False,
hai-test1.csv,9,P1_PP01BR,True,change_from_pre_mode,1.0,1.0,300,0.0,True,3.0,3,False,False,,,1.0,10,600,600,False,False,False,
hai-test1.csv,9,P1_PP02D,True,change_from_pre_mode,1.0,1.0,300,0.0,True,3.0,3,False,False,,,1.0,10,600,600,False,False,False,
hai-test1.csv,9,P1_PP02R,True,change_from_pre_mode,1.0,1.0,300,0.0,True,3.0,3,False,False,,,1.0,10,600,600,False,False,False,
hai-test1.csv,9,P1_PP04,True,3_sigma_from_pre_median,0.0,0.0,300,16.788267124760022,False,3.0,3,False,False,,0.0,1.0,10,600,600,False,False,False,
hai-test1.csv,9,P1_PP04D,True,3_sigma_from_pre_median,0.0,0.0,300,0.4864033183195398,False,3.0,3,False,False,,0.0,1.0,10,600,600,False,False,False,
hai-test1.csv,9,P1_PP04SP,True,change_from_pre_mode,27.48882,27.48882,300,0.0,True,3.0,3,False,False,,,1.0,10,600,600,False,False,False,
hai-test1.csv,9,P1_SOL01D,True,change_from_pre_mode,524320.0,524320.0,300,0.0,True,3.0,3,False,False,,,1.0,10,600,600,False,False,False,
hai-test1.csv,9,P1_SOL03D,True,change_from_pre_mode,524320.0,524320.0,300,0.0,True,3.0,3,False,False,,,1.0,10,600,600,False,False,False,
hai-test1.csv,9,P1_STSP,True,change_from_pre_mode,1.0,1.0,300,0.0,True,3.0,3,False,False,,,1.0,10,600,600,False,False,False,
hai-test1.csv,9,P1_TIT01,True,3_sigma_from_pre_median,30.34057,30.37109,300,1.1985492880384954,False,3.0,3,False,False,,0.9039094268480392,1.0,10,600,600,False,False,False,
hai-test1.csv,9,P1_TIT02,True,3_sigma_from_pre_median,34.71222,34.49097,300,2.055402597486634,False,3.0,3,False,False,,0.47140642966240154,1.0,10,600,600,False,False,False,
hai-test1.csv,9,P1_TIT03,True,3_sigma_from_pre_median,26.34708,26.34708,300,1.1772378238837553,False,3.0,3,False,False,,0.7314155071567132,1.0,10,600,600,False,False,False,
hai-test1.csv,9,P2_24Vdc,True,3_sigma_from_pre_median,28.03426,28.03341,300,0.003477435961533257,False,3.0,3,False,False,,2.4960919758173334,1.0,10,600,600,False,False,False,
hai-test1.csv,9,P2_ATSW_Lamp,True,change_from_pre_mode,1.0,1.0,300,0.0,True,3.0,3,False,False,,,1.0,10,600,600,False,False,False,
hai-test1.csv,9,P2_AutoGO,True,change_from_pre_mode,1.0,1.0,300,0.0,True,3.0,3,False,False,,,1.0,10,600,600,False,False,False,
hai-test1.csv,9,P2_AutoSD,True,3_sigma_from_pre_median,123.74702,123.74702,300,4.841791207141232,False,3.0,3,False,False,,0.0,1.0,10,600,600,False,False,False,
hai-test1.csv,9,P2_Emerg,True,change_from_pre_mode,0.0,0.0,300,0.0,True,3.0,3,False,False,,,1.0,10,600,600,False,False,False,
hai-test1.csv,9,P2_MASW,True,change_from_pre_mode,0.0,0.0,300,0.0,True,3.0,3,False,False,,,1.0,10,600,600,False,False,False,
hai-test1.csv,9,P2_MASW_Lamp,True,change_from_pre_mode,0.0,0.0,300,0.0,True,3.0,3,False,False,,,1.0,10,600,600,False,False,False,
hai-test1.csv,9,P2_ManualGO,True,change_from_pre_mode,0.0,0.0,300,0.0,True,3.0,3,False,False,,,1.0,10,600,600,False,False,False,
hai-test1.csv,9,P2_ManualSD,True,change_from_pre_mode,12.92742,12.92742,300,0.0,True,3.0,3,False,False,,,1.0,10,600,600,False,False,False,
hai-test1.csv,9,P2_OnOff,True,change_from_pre_mode,1.0,1.0,300,0.0,True,3.0,3,False,False,,,1.0,10,600,600,False,False,False,
hai-test1.csv,9,P2_RTR,True,change_from_pre_mode,2880.0,2880.0,300,0.0,True,3.0,3,False,False,,,1.0,10,600,600,False,False,False,
hai-test1.csv,9,P2_SCO,True,3_sigma_from_pre_median,54801.0,54801.0,300,25.815834015187235,False,3.0,3,False,False,,0.07747183371350377,1.0,10,600,600,False,False,False,
hai-test1.csv,9,P2_SCST,True,3_sigma_from_pre_median,720.43146,720.49811,300,0.2849730368572045,False,3.0,3,False,False,,1.0096393791255687,1.0,10,600,600,False,False,False,
hai-test1.csv,9,P2_SIT01,True,3_sigma_from_pre_median,922.0,920.0,300,8.22603153950541,False,3.0,3,False,False,,0.850957106884722,1.0,10,600,600,False,False,False,
hai-test1.csv,9,P2_TripEx,True,change_from_pre_mode,1.0,1.0,300,0.0,True,3.0,3,False,False,,,1.0,10,600,600,False,False,False,
hai-test1.csv,9,P2_VIBTR01,True,3_sigma_from_pre_median,6.6839,7.137,300,0.3676899605355175,False,3.0,3,False,False,,1.3796949997251735,1.0,10,600,600,False,False,False,
hai-test1.csv,9,P2_VIBTR02,True,3_sigma_from_pre_median,-3.2384,-3.1411,300,0.348930030020079,False,3.0,3,False,False,,1.4808126430684883,1.0,10,600,600,False,False,False,
hai-test1.csv,9,P2_VIBTR03,True,3_sigma_from_pre_median,9.61905,9.4234,300,0.23660338683141197,False,3.0,3,False,False,,1.5695041604142346,1.0,10,600,600,False,False,False,
hai-test1.csv,9,P2_VIBTR04,True,3_sigma_from_pre_median,-1.2224,-1.0796,300,0.24479515001020077,False,3.0,3,False,False,,1.4644897988586012,1.0,10,600,600,False,False,False,
hai-test1.csv,9,P2_VT01,True,3_sigma_from_pre_median,11.955615,11.89997,300,0.04211469636210724,False,3.0,3,False,False,,1.391319540717889,1.0,10,600,600,False,False,False,
hai-test1.csv,9,P2_VTR01,True,change_from_pre_mode,50.0,50.0,300,0.0,True,3.0,3,False,False,,,1.0,10,600,600,False,False,False,
hai-test1.csv,9,P2_VTR02,True,change_from_pre_mode,50.0,50.0,300,0.0,True,3.0,3,False,False,,,1.0,10,600,600,False,False,False,
hai-test1.csv,9,P2_VTR03,True,change_from_pre_mode,50.0,50.0,300,0.0,True,3.0,3,False,False,,,1.0,10,600,600,False,False,False,
hai-test1.csv,9,P2_VTR04,True,change_from_pre_mode,50.0,50.0,300,0.0,True,3.0,3,False,False,,,1.0,10,600,600,False,False,False,
hai-test1.csv,9,P3_FIT01,True,3_sigma_from_pre_median,29.0,28.0,300,1697.784997187767,False,3.0,3,False,False,,2.959149720560506,1.0,10,600,600,False,False,False,
hai-test1.csv,9,P3_LCP01D,True,3_sigma_from_pre_median,5704.0,5840.0,300,5136.8956074100415,False,3.0,3,False,False,,1.5386724987360796,1.0,10,600,600,False,False,False,
hai-test1.csv,9,P3_LCV01D,True,3_sigma_from_pre_median,1200.0,-160.0,300,6816.085890450855,False,3.0,3,False,False,,2.14551286985509,1.0,10,600,600,False,False,False,
hai-test1.csv,9,P3_LH01,True,change_from_pre_mode,70.0,70.0,300,0.0,True,3.0,3,False,False,,,1.0,10,600,600,False,False,False,
hai-test1.csv,9,P3_LIT01,True,3_sigma_from_pre_median,19149.5,19248.0,300,3056.888907585003,False,3.0,3,False,False,,0.617784962781637,1.0,10,600,600,False,False,False,
hai-test1.csv,9,P3_LL01,True,change_from_pre_mode,30.0,30.0,300,0.0,True,3.0,3,False,False,,,1.0,10,600,600,False,False,False,
hai-test1.csv,9,P3_PIT01,True,3_sigma_from_pre_median,24.0,24.0,300,1342.210771459746,False,3.0,3,False,False,,2.831895020382047,1.0,10,600,600,False,False,False,
hai-test1.csv,9,P4_HT_FD,True,3_sigma_from_pre_median,-0.00029,-0.00029,300,0.002094857275730677,False,3.0,3,False,False,,10.081832421081497,1.0,10,600,600,False,False,False,
hai-test1.csv,9,P4_HT_PO,True,3_sigma_from_pre_median,6.338625,0.05423,300,31.352937628143213,False,3.0,3,False,False,,2.141959895321527,1.0,10,600,600,False,False,False,
hai-test1.csv,9,P4_HT_PS,True,3_sigma_from_pre_median,7.94045,7.94045,300,1.8602580474440873,False,3.0,3,False,False,,0.0,1.0,10,600,600,False,False,False,
hai-test1.csv,9,P4_LD,True,3_sigma_from_pre_median,327.51919499999997,269.24188,300,61.64805357478487,False,3.0,3,False,False,,2.279773761705347,1.0,10,600,600,False,False,False,
hai-test1.csv,9,P4_ST_FD,True,3_sigma_from_pre_median,-7e-05,7e-05,300,0.0016600255351600075,False,3.0,3,False,False,,4.0541545039253295,1.0,10,600,600,False,False,False,
hai-test1.csv,9,P4_ST_GOV,True,3_sigma_from_pre_median,17317.5,15742.0,300,1720.1717180299972,False,3.0,3,False,False,,1.9803255479059072,1.0,10,600,600,False,False,False,
hai-test1.csv,9,P4_ST_LD,True,3_sigma_from_pre_median,312.04785,271.39398,300,35.6527960419603,False,3.0,3,False,False,,2.237433212983258,1.0,10,600,600,False,False,False,
hai-test1.csv,9,P4_ST_PO,True,3_sigma_from_pre_median,316.59616,298.10474,300,31.82679025985116,False,3.0,3,False,False,,1.97540372392846,1.0,10,600,600,False,False,False,
hai-test1.csv,9,P4_ST_PS,True,3_sigma_from_pre_median,20.16145,20.16145,300,2.3221340099168533,False,3.0,3,False,False,,0.0,1.0,10,600,600,False,False,False,
hai-test1.csv,9,P4_ST_PT01,True,3_sigma_from_pre_median,9970.0,9970.0,300,28.696066979387986,False,3.0,3,True,False,52.0,5.749916882983211,1.0,10,600,600,True,False,False,1.0
hai-test1.csv,9,P4_ST_TT01,True,3_sigma_from_pre_median,27102.0,27090.0,300,115.90000290990808,False,3.0,3,False,False,,0.9059533853646153,1.0,10,600,600,False,False,False,
hai-test1.csv,9,x1001_05_SETPOINT_OUT,True,3_sigma_from_pre_median,0.13675,0.13675,300,0.030634948508867832,False,3.0,3,False,False,,0.0,1.0,10,600,600,False,False,False,
hai-test1.csv,9,x1001_15_ASSIGN_OUT,True,3_sigma_from_pre_median,1.07747,0.98787,300,0.0991220108490534,False,3.0,3,False,False,,1.8634609852829083,1.0,10,600,600,False,False,False,
hai-test1.csv,9,x1002_07_SETPOINT_OUT,True,3_sigma_from_pre_median,336.58316,336.58316,300,17.571010784651346,False,3.0,3,False,False,,0.0,1.0,10,600,600,False,False,False,
hai-test1.csv,9,x1002_08_SETPOINT_OUT,True,3_sigma_from_pre_median,951.08258,951.08258,300,12.08195744085597,False,3.0,3,False,False,,0.0,1.0,10,600,600,False,False,False,
hai-test1.csv,9,x1003_10_SETPOINT_OUT,True,3_sigma_from_pre_median,3107.16919,3130.94238,300,1257.5776996314432,False,3.0,3,False,False,,0.7332933307184601,1.0,10,600,600,False,False,False,
hai-test1.csv,9,x1003_18_SETPOINT_OUT,True,3_sigma_from_pre_median,26.09698,26.09698,300,0.1657230121219866,False,3.0,3,False,False,,0.0,1.0,10,600,600,False,False,False,
hai-test1.csv,9,x1003_24_SUM_OUT,True,3_sigma_from_pre_median,29.73178,29.43404,300,0.35208254333579925,False,3.0,3,False,False,,1.7514074800688968,1.0,10,600,600,False,False,False,
hai-test1.csv,10,P1_FCV01D,True,3_sigma_from_pre_median,17.09562,8.47088,300,22.84270615719168,False,3.0,3,False,False,,0.5207281448242546,1.0,10,600,600,False,False,False,
hai-test1.csv,10,P1_FCV01Z,True,3_sigma_from_pre_median,17.545315000000002,13.87939,300,23.169097266768347,False,3.0,3,False,False,,0.5467888910014074,1.0,10,600,600,False,False,False,
hai-test1.csv,10,P1_FCV02D,True,3_sigma_from_pre_median,15.0,15.0,300,40.896481276676205,False,3.0,3,False,False,,2.078418420033525,1.0,10,600,600,False,False,False,
hai-test1.csv,10,P1_FCV02Z,True,3_sigma_from_pre_median,12.31537,12.31537,300,37.76975658121236,False,3.0,3,False,False,,2.250857503336103,1.0,10,600,600,False,False,False,
hai-test1.csv,10,P1_FCV03D,True,3_sigma_from_pre_median,50.89494,51.09292,300,1.0646258364164685,False,3.0,3,True,False,2.0,6.304872350828635,1.0,10,600,600,True,False,False,15.0
hai-test1.csv,10,P1_FCV03Z,True,3_sigma_from_pre_median,51.38549,51.62201,300,1.0746685930744746,False,3.0,3,True,False,5.0,5.466457322618419,1.0,10,600,600,True,False,False,18.0
hai-test1.csv,10,P1_FT01,True,3_sigma_from_pre_median,56.30488,48.86623,300,7.122921026465356,False,3.0,3,False,False,,2.8384310207680135,1.0,10,600,600,False,False,False,
hai-test1.csv,10,P1_FT01Z,True,3_sigma_from_pre_median,293.16074,254.43018,300,37.09807579445848,False,3.0,3,False,False,,2.8375587613556075,1.0,10,600,600,False,False,False,
hai-test1.csv,10,P1_FT02,True,3_sigma_from_pre_median,401.439635,47.91257,300,1002.1838417006109,False,3.0,3,False,False,,0.39576880857203933,1.0,10,600,600,False,False,False,
hai-test1.csv,10,P1_FT02Z,True,3_sigma_from_pre_median,1266.352965,249.4648,300,1257.579495817021,False,3.0,3,False,False,,0.9870763551162529,1.0,10,600,600,False,False,False,
hai-test1.csv,10,P1_FT03,True,3_sigma_from_pre_median,224.7238,224.53302,300,5.620080284055158,False,3.0,3,True,False,5.0,10.113551253219459,1.0,10,600,600,True,False,False,18.0
hai-test1.csv,10,P1_FT03Z,True,3_sigma_from_pre_median,951.37024,950.9353,300,12.806775531386771,False,3.0,3,True,False,6.0,10.119084205262647,1.0,10,600,600,True,False,False,19.0
hai-test1.csv,10,P1_LCV01D,True,3_sigma_from_pre_median,14.37708,11.64319,300,2.8352305438964307,False,3.0,3,False,False,,2.4312061729297585,1.0,10,600,600,False,False,False,
hai-test1.csv,10,P1_LCV01Z,True,3_sigma_from_pre_median,13.72681,11.35406,300,2.849341018598587,False,3.0,3,False,False,,2.648145641658275,1.0,10,600,600,False,False,False,
hai-test1.csv,10,P1_LIT01,True,3_sigma_from_pre_median,356.141965,351.03024,300,19.13774319643267,False,3.0,3,False,False,,0.22703643556100783,1.0,10,600,600,False,False,False,
hai-test1.csv,10,P1_PCV01D,True,3_sigma_from_pre_median,25.505850000000002,24.22866,300,2.175029666301921,False,3.0,3,False,False,,1.2911272170253605,1.0,10,600,600,False,False,False,
hai-test1.csv,10,P1_PCV01Z,True,3_sigma_from_pre_median,26.01776,26.01776,300,2.2021074236267753,False,3.0,3,False,False,,1.3061488141495354,1.0,10,600,600,False,False,False,
hai-test1.csv,10,P1_PCV02D,True,3_sigma_from_pre_median,12.0,12.0,300,0.01098679314249775,False,3.0,3,False,False,,0.0,1.0,10,600,600,False,False,False,
hai-test1.csv,10,P1_PCV02Z,True,3_sigma_from_pre_median,11.8042,11.8042,300,0.027697809725893457,False,3.0,3,False,False,,0.27547304554077223,1.0,10,600,600,False,False,False,
hai-test1.csv,10,P1_PIT01,True,3_sigma_from_pre_median,1.06827,1.00723,300,0.10108042861225783,False,3.0,3,False,False,,1.4944534968234329,1.0,10,600,600,False,False,False,
hai-test1.csv,10,P1_PIT01_HH,True,change_from_pre_mode,524320.0,524320.0,300,0.0,True,3.0,3,False,False,,,1.0,10,600,600,False,False,False,
hai-test1.csv,10,P1_PIT02,True,3_sigma_from_pre_median,1.08734,0.31982,300,0.3585321787147921,False,3.0,3,False,False,,2.147087613612407,1.0,10,600,600,False,False,False,
hai-test1.csv,10,P1_PP01AD,True,change_from_pre_mode,0.0,0.0,300,0.0,True,3.0,3,False,False,,,1.0,10,600,600,False,False,False,
hai-test1.csv,10,P1_PP01AR,True,change_from_pre_mode,0.0,0.0,300,0.0,True,3.0,3,False,False,,,1.0,10,600,600,False,False,False,
hai-test1.csv,10,P1_PP01BD,True,change_from_pre_mode,1.0,1.0,300,0.0,True,3.0,3,False,False,,,1.0,10,600,600,False,False,False,
hai-test1.csv,10,P1_PP01BR,True,change_from_pre_mode,1.0,1.0,300,0.0,True,3.0,3,False,False,,,1.0,10,600,600,False,False,False,
hai-test1.csv,10,P1_PP02D,True,change_from_pre_mode,1.0,1.0,300,0.0,True,3.0,3,False,False,,,1.0,10,600,600,False,False,False,
hai-test1.csv,10,P1_PP02R,True,change_from_pre_mode,1.0,1.0,300,0.0,True,3.0,3,False,False,,,1.0,10,600,600,False,False,False,
hai-test1.csv,10,P1_PP04,True,3_sigma_from_pre_median,0.43521,0.0,300,16.788267124760022,False,3.0,3,False,False,,0.15891991592539884,1.0,10,600,600,False,False,False,
hai-test1.csv,10,P1_PP04D,True,3_sigma_from_pre_median,0.0,0.0,300,0.4864033183195398,False,3.0,3,False,False,,0.0,1.0,10,600,600,False,False,False,
hai-test1.csv,10,P1_PP04SP,True,change_from_pre_mode,27.48882,27.48882,300,0.0,True,3.0,3,False,False,,,1.0,10,600,600,False,False,False,
hai-test1.csv,10,P1_SOL01D,True,change_from_pre_mode,524320.0,524320.0,300,0.0,True,3.0,3,False,False,,,1.0,10,600,600,False,False,False,
hai-test1.csv,10,P1_SOL03D,True,change_from_pre_mode,524320.0,524320.0,300,0.0,True,3.0,3,False,False,,,1.0,10,600,600,False,False,False,
hai-test1.csv,10,P1_STSP,True,change_from_pre_mode,1.0,1.0,300,0.0,True,3.0,3,False,False,,,1.0,10,600,600,False,False,False,
hai-test1.csv,10,P1_TIT01,True,3_sigma_from_pre_median,31.89697,32.08007,300,1.1985492880384954,False,3.0,3,False,False,,0.06365195053834939,1.0,10,600,600,False,False,False,
hai-test1.csv,10,P1_TIT02,True,3_sigma_from_pre_median,36.33728,36.19994,300,2.055402597486634,False,3.0,3,False,False,,0.7646433851556999,1.0,10,600,600,False,False,False,
hai-test1.csv,10,P1_TIT03,True,3_sigma_from_pre_median,27.74847,27.74847,300,1.1772378238837553,False,3.0,3,False,False,,0.0,1.0,10,600,600,False,False,False,
hai-test1.csv,10,P2_24Vdc,True,3_sigma_from_pre_median,28.03341,28.03341,300,0.003477435961533257,False,3.0,3,False,False,,2.243031959835269,1.0,10,600,600,False,False,False,
hai-test1.csv,10,P2_ATSW_Lamp,True,change_from_pre_mode,1.0,1.0,300,0.0,True,3.0,3,False,False,,,1.0,10,600,600,False,False,False,
hai-test1.csv,10,P2_AutoGO,True,change_from_pre_mode,1.0,1.0,300,0.0,True,3.0,3,False,False,,,1.0,10,600,600,False,False,False,
hai-test1.csv,10,P2_AutoSD,True,3_sigma_from_pre_median,112.42458,112.42458,300,4.841791207141232,False,3.0,3,False,False,,0.0,1.0,10,600,600,False,False,False,
hai-test1.csv,10,P2_Emerg,True,change_from_pre_mode,0.0,0.0,300,0.0,True,3.0,3,False,False,,,1.0,10,600,600,False,False,False,
hai-test1.csv,10,P2_MASW,True,change_from_pre_mode,0.0,0.0,300,0.0,True,3.0,3,False,False,,,1.0,10,600,600,False,False,False,
hai-test1.csv,10,P2_MASW_Lamp,True,change_from_pre_mode,0.0,0.0,300,0.0,True,3.0,3,False,False,,,1.0,10,600,600,False,False,False,
hai-test1.csv,10,P2_ManualGO,True,change_from_pre_mode,0.0,0.0,300,0.0,True,3.0,3,False,False,,,1.0,10,600,600,False,False,False,
hai-test1.csv,10,P2_ManualSD,True,change_from_pre_mode,12.92742,12.92742,300,0.0,True,3.0,3,False,False,,,1.0,10,600,600,False,False,False,
hai-test1.csv,10,P2_OnOff,True,change_from_pre_mode,1.0,1.0,300,0.0,True,3.0,3,False,False,,,1.0,10,600,600,False,False,False,
hai-test1.csv,10,P2_RTR,True,change_from_pre_mode,2880.0,2880.0,300,0.0,True,3.0,3,False,False,,,1.0,10,600,600,False,False,False,
hai-test1.csv,10,P2_SCO,True,3_sigma_from_pre_median,54741.0,54740.0,300,25.815834015187235,False,3.0,3,False,False,,0.07747183371350377,1.0,10,600,600,False,False,False,
hai-test1.csv,10,P2_SCST,True,3_sigma_from_pre_median,720.32001,720.32068,300,0.2849730368572045,False,3.0,3,False,False,,0.9867249305443027,1.0,10,600,600,False,False,False,
hai-test1.csv,10,P2_SIT01,True,3_sigma_from_pre_median,909.0,908.0,300,8.22603153950541,False,3.0,3,False,False,,0.6078265049176587,1.0,10,600,600,False,False,False,
hai-test1.csv,10,P2_TripEx,True,change_from_pre_mode,1.0,1.0,300,0.0,True,3.0,3,False,False,,,1.0,10,600,600,False,False,False,
hai-test1.csv,10,P2_VIBTR01,True,3_sigma_from_pre_median,6.68185,6.1311,300,0.3676899605355175,False,3.0,3,False,False,,1.4725721616424121,1.0,10,600,600,False,False,False,
hai-test1.csv,10,P2_VIBTR02,True,3_sigma_from_pre_median,-3.3567,-3.2555,300,0.348930030020079,False,3.0,3,False,False,,1.509185093554995,1.0,10,600,600,False,False,False,
hai-test1.csv,10,P2_VIBTR03,True,3_sigma_from_pre_median,9.602599999999999,9.4048,300,0.23660338683141197,False,3.0,3,False,False,,1.5084314928015086,1.0,10,600,600,False,False,False,
hai-test1.csv,10,P2_VIBTR04,True,3_sigma_from_pre_median,-1.41985,-1.1886,300,0.24479515001020077,False,3.0,3,False,False,,1.6844696473063991,1.0,10,600,600,False,False,False,
hai-test1.csv,10,P2_VT01,True,3_sigma_from_pre_median,11.95181,11.89391,300,0.04211469636210724,False,3.0,3,False,False,,1.512773580324885,1.0,10,600,600,False,False,False,
hai-test1.csv,10,P2_VTR01,True,change_from_pre_mode,50.0,50.0,300,0.0,True,3.0,3,False,False,,,1.0,10,600,600,False,False,False,
hai-test1.csv,10,P2_VTR02,True,change_from_pre_mode,50.0,50.0,300,0.0,True,3.0,3,False,False,,,1.0,10,600,600,False,False,False,
hai-test1.csv,10,P2_VTR03,True,change_from_pre_mode,50.0,50.0,300,0.0,True,3.0,3,False,False,,,1.0,10,600,600,False,False,False,
hai-test1.csv,10,P2_VTR04,True,change_from_pre_mode,50.0,50.0,300,0.0,True,3.0,3,False,False,,,1.0,10,600,600,False,False,False,
hai-test1.csv,10,P3_FIT01,True,3_sigma_from_pre_median,829.0,27.0,300,1697.784997187767,False,3.0,3,False,False,,2.1857891347531924,1.0,10,600,600,False,False,False,
hai-test1.csv,10,P3_LCP01D,True,3_sigma_from_pre_median,6596.0,72.0,300,5136.8956074100415,False,3.0,3,False,False,,1.162569858609801,1.0,10,600,600,False,False,False,
hai-test1.csv,10,P3_LCV01D,True,3_sigma_from_pre_median,216.0,-128.0,300,6816.085890450855,False,3.0,3,False,False,,1.9236846792628515,1.0,10,600,600,False,False,False,
hai-test1.csv,10,P3_LH01,True,change_from_pre_mode,70.0,70.0,300,0.0,True,3.0,3,False,False,,,1.0,10,600,600,False,False,False,
hai-test1.csv,10,P3_LIT01,True,3_sigma_from_pre_median,18904.5,19218.0,300,3056.888907585003,False,3.0,3,False,False,,0.13755815559951198,1.0,10,600,600,False,False,False,
hai-test1.csv,10,P3_LL01,True,change_from_pre_mode,30.0,30.0,300,0.0,True,3.0,3,False,False,,,1.0,10,600,600,False,False,False,
hai-test1.csv,10,P3_PIT01,True,3_sigma_from_pre_median,22.0,22.0,300,1342.210771459746,False,3.0,3,False,False,,1.943062934268976,1.0,10,600,600,False,False,False,
hai-test1.csv,10,P4_HT_FD,True,3_sigma_from_pre_median,-0.000255,-0.00029,300,0.002094857275730677,False,3.0,3,False,False,,4.503886784701891,1.0,10,600,600,False,False,False,
hai-test1.csv,10,P4_HT_PO,True,3_sigma_from_pre_median,1.51907,0.05423,300,31.352937628143213,False,3.0,3,False,False,,1.9126810607428062,1.0,10,600,600,False,False,False,
hai-test1.csv,10,P4_HT_PS,True,3_sigma_from_pre_median,7.94045,7.94045,300,1.8602580474440873,False,3.0,3,False,False,,0.0,1.0,10,600,600,False,False,False,
hai-test1.csv,10,P4_LD,True,3_sigma_from_pre_median,319.43539499999997,297.86963,300,61.64805357478487,False,3.0,3,False,False,,1.1298389967090388,1.0,10,600,600,False,False,False,
hai-test1.csv,10,P4_ST_FD,True,3_sigma_from_pre_median,-0.00014,-0.00014,300,0.0016600255351600075,False,3.0,3,False,False,,2.307193424967907,1.0,10,600,600,False,False,False,
hai-test1.csv,10,P4_ST_GOV,True,3_sigma_from_pre_median,16838.5,14939.0,300,1720.1717180299972,False,3.0,3,False,False,,1.401894924049639,1.0,10,600,600,False,False,False,
hai-test1.csv,10,P4_ST_LD,True,3_sigma_from_pre_median,303.38544,301.86627,300,35.6527960419603,False,3.0,3,False,False,,1.7139603841471989,1.0,10,600,600,False,False,False,
hai-test1.csv,10,P4_ST_PO,True,3_sigma_from_pre_median,308.340575,273.00348,300,31.82679025985116,False,3.0,3,False,False,,1.3586036998065238,1.0,10,600,600,False,False,False,
hai-test1.csv,10,P4_ST_PS,True,3_sigma_from_pre_median,20.16145,20.16145,300,2.3221340099168533,False,3.0,3,False,False,,0.0,1.0,10,600,600,False,False,False,
hai-test1.csv,10,P4_ST_PT01,True,3_sigma_from_pre_median,9970.0,9970.0,300,28.696066979387986,False,3.0,3,False,False,,1.9863349232123817,1.0,10,600,600,False,False,False,
hai-test1.csv,10,P4_ST_TT01,True,3_sigma_from_pre_median,27253.0,27267.0,300,115.90000290990808,False,3.0,3,False,False,,0.10353752975595604,1.0,10,600,600,False,False,False,
hai-test1.csv,10,x1001_05_SETPOINT_OUT,True,3_sigma_from_pre_median,0.13675,0.13675,300,0.030634948508867832,False,3.0,3,False,False,,0.0,1.0,10,600,600,False,False,False,
hai-test1.csv,10,x1001_15_ASSIGN_OUT,True,3_sigma_from_pre_median,1.05087,1.02312,300,0.0991220108490534,False,3.0,3,False,False,,1.2451321249722078,1.0,10,600,600,False,False,False,
hai-test1.csv,10,x1002_07_SETPOINT_OUT,True,3_sigma_from_pre_median,355.84045,355.84045,300,17.571010784651346,False,3.0,3,False,False,,0.0,1.0,10,600,600,False,False,False,
hai-test1.csv,10,x1002_08_SETPOINT_OUT,True,3_sigma_from_pre_median,951.08258,951.08258,300,12.08195744085597,False,3.0,3,False,False,,0.0,1.0,10,600,600,False,False,False,
hai-test1.csv,10,x1003_10_SETPOINT_OUT,True,3_sigma_from_pre_median,1267.3096300000002,249.4648,300,1257.5776996314432,False,3.0,3,False,False,,0.9878384853389773,1.0,10,600,600,False,False,False,
hai-test1.csv,10,x1003_18_SETPOINT_OUT,True,3_sigma_from_pre_median,26.09698,26.09698,300,0.1657230121219866,False,3.0,3,False,False,,0.0,1.0,10,600,600,False,False,False,
hai-test1.csv,10,x1003_24_SUM_OUT,True,3_sigma_from_pre_median,29.645184999999998,29.55153,300,0.35208254333579925,False,3.0,3,False,False,,1.1652807211424332,1.0,10,600,600,False,False,False,
hai-test1.csv,11,P1_FCV01D,True,3_sigma_from_pre_median,61.21764,57.55463,300,22.84270615719168,False,3.0,3,False,False,,0.19487489658043525,1.0,10,600,600,False,False,False,
hai-test1.csv,11,P1_FCV01Z,True,3_sigma_from_pre_median,61.09008,61.09008,300,23.169097266768347,False,3.0,3,False,False,,0.2048198056817045,1.0,10,600,600,False,False,False,
hai-test1.csv,11,P1_FCV02D,True,3_sigma_from_pre_median,15.0,15.0,300,40.896481276676205,False,3.0,3,False,False,,0.0,1.0,10,600,600,False,False,False,
hai-test1.csv,11,P1_FCV02Z,True,3_sigma_from_pre_median,12.44507,12.44507,300,37.76975658121236,False,3.0,3,False,False,,0.00020201348090752714,1.0,10,600,600,False,False,False,
hai-test1.csv,11,P1_FCV03D,True,3_sigma_from_pre_median,50.98462,50.79726,300,1.0646258364164685,False,3.0,3,True,False,40.0,6.388338294412251,1.0,10,600,600,True,False,False,4.0
hai-test1.csv,11,P1_FCV03Z,True,3_sigma_from_pre_median,51.74408,52.22473,300,1.0746685930744746,False,3.0,3,True,False,43.0,5.785932556390519,1.0,10,600,600,True,False,False,7.0
hai-test1.csv,11,P1_FT01,True,3_sigma_from_pre_median,57.06784,56.30488,300,7.122921026465356,False,3.0,3,False,False,,1.5798799338344351,1.0,10,600,600,False,False,False,
hai-test1.csv,11,P1_FT01Z,True,3_sigma_from_pre_median,297.13321,293.16074,300,37.09807579445848,False,3.0,3,False,False,,1.579394584361496,1.0,10,600,600,False,False,False,
hai-test1.csv,11,P1_FT02,True,3_sigma_from_pre_median,2386.2264400000004,2395.47729,300,1002.1838417006109,False,3.0,3,False,False,,0.06689748647935989,1.0,10,600,600,False,False,False,
hai-test1.csv,11,P1_FT02Z,True,3_sigma_from_pre_median,3115.3645,3121.43311,300,1257.579495817021,False,3.0,3,False,False,,0.03497250881259521,1.0,10,600,600,False,False,False,
hai-test1.csv,11,P1_FT03,True,3_sigma_from_pre_median,225.29599,225.48676,300,5.620080284055158,False,3.0,3,True,False,50.0,6.768234273791144,1.0,10,600,600,True,False,False,37.0
hai-test1.csv,11,P1_FT03Z,True,3_sigma_from_pre_median,952.67487,953.1098,300,12.806775531386771,False,3.0,3,True,False,43.0,6.7719380094896495,1.0,10,600,600,True,False,False,37.0
hai-test1.csv,11,P1_LCV01D,True,3_sigma_from_pre_median,13.60888,10.37574,300,2.8352305438964307,False,3.0,3,False,False,,1.2774410912710252,1.0,10,600,600,False,False,False,
hai-test1.csv,11,P1_LCV01Z,True,3_sigma_from_pre_median,13.48267,14.55078,300,2.849341018598587,False,3.0,3,False,False,,1.1861795334214953,1.0,10,600,600,False,False,False,
hai-test1.csv,11,P1_LIT01,True,3_sigma_from_pre_median,352.94716,351.03024,300,19.13774319643267,False,3.0,3,False,False,,0.3645915784521879,1.0,10,600,600,False,False,False,
hai-test1.csv,11,P1_PCV01D,True,3_sigma_from_pre_median,28.198875,26.55674,300,2.175029666301921,False,3.0,3,False,False,,1.7445210328792335,1.0,10,600,600,False,False,False,
hai-test1.csv,11,P1_PCV01Z,True,3_sigma_from_pre_median,28.9856,28.9856,300,2.2021074236267753,False,3.0,3,False,False,,1.9055246601408267,1.0,10,600,600,False,False,False,
hai-test1.csv,11,P1_PCV02D,True,3_sigma_from_pre_median,12.0,12.0,300,0.01098679314249775,False,3.0,3,False,False,,0.0,1.0,10,600,600,False,False,False,
hai-test1.csv,11,P1_PCV02Z,True,3_sigma_from_pre_median,11.8042,11.8042,300,0.027697809725893457,False,3.0,3,False,False,,0.27547304554077223,1.0,10,600,600,False,False,False,
hai-test1.csv,11,P1_PIT01,True,3_sigma_from_pre_median,1.16058,1.13693,300,0.10108042861225783,False,3.0,3,False,False,,1.3208293814437735,1.0,10,600,600,False,False,False,
hai-test1.csv,11,P1_PIT01_HH,True,change_from_pre_mode,524320.0,524320.0,300,0.0,True,3.0,3,False,False,,,1.0,10,600,600,False,False,False,
hai-test1.csv,11,P1_PIT02,True,3_sigma_from_pre_median,0.40604,0.39764,300,0.3585321787147921,False,3.0,3,False,False,,0.04256242788221008,1.0,10,600,600,False,False,False,
hai-test1.csv,11,P1_PP01AD,True,change_from_pre_mode,0.0,0.0,300,0.0,True,3.0,3,False,False,,,1.0,10,600,600,False,False,False,
hai-test1.csv,11,P1_PP01AR,True,change_from_pre_mode,0.0,0.0,300,0.0,True,3.0,3,False,False,,,1.0,10,600,600,False,False,False,
hai-test1.csv,11,P1_PP01BD,True,change_from_pre_mode,1.0,1.0,300,0.0,True,3.0,3,False,False,,,1.0,10,600,600,False,False,False,
hai-test1.csv,11,P1_PP01BR,True,change_from_pre_mode,1.0,1.0,300,0.0,True,3.0,3,False,False,,,1.0,10,600,600,False,False,False,
hai-test1.csv,11,P1_PP02D,True,change_from_pre_mode,1.0,1.0,300,0.0,True,3.0,3,False,False,,,1.0,10,600,600,False,False,False,
hai-test1.csv,11,P1_PP02R,True,change_from_pre_mode,1.0,1.0,300,0.0,True,3.0,3,False,False,,,1.0,10,600,600,False,False,False,
hai-test1.csv,11,P1_PP04,True,3_sigma_from_pre_median,16.17713,11.53223,300,16.788267124760022,False,3.0,3,False,False,,0.9635973671244071,1.0,10,600,600,False,False,False,
hai-test1.csv,11,P1_PP04D,True,3_sigma_from_pre_median,1.0,1.0,300,0.4864033183195398,False,3.0,3,False,False,,2.0559070268164903,1.0,10,600,600,False,False,False,
hai-test1.csv,11,P1_PP04SP,True,change_from_pre_mode,27.48882,27.48882,300,0.0,True,3.0,3,False,False,,,1.0,10,600,600,False,False,False,
hai-test1.csv,11,P1_SOL01D,True,change_from_pre_mode,524320.0,524320.0,300,0.0,True,3.0,3,False,False,,,1.0,10,600,600,False,False,False,
hai-test1.csv,11,P1_SOL03D,True,change_from_pre_mode,524320.0,524320.0,300,0.0,True,3.0,3,False,False,,,1.0,10,600,600,False,False,False,
hai-test1.csv,11,P1_STSP,True,change_from_pre_mode,1.0,1.0,300,0.0,True,3.0,3,False,False,,,1.0,10,600,600,False,False,False,
hai-test1.csv,11,P1_TIT01,True,3_sigma_from_pre_median,29.02832,29.02832,300,1.1985492880384954,False,3.0,3,False,False,,0.6238124768515865,1.0,10,600,600,False,False,False,
hai-test1.csv,11,P1_TIT02,True,3_sigma_from_pre_median,34.0332,34.09423,300,2.055402597486634,False,3.0,3,False,False,,0.20044248290032385,1.0,10,600,600,False,False,False,
hai-test1.csv,11,P1_TIT03,True,3_sigma_from_pre_median,26.11255,26.11255,300,1.1772378238837553,False,3.0,3,False,False,,0.06659656902744909,1.0,10,600,600,False,False,False,
hai-test1.csv,11,P2_24Vdc,True,3_sigma_from_pre_median,28.03341,28.03257,300,0.003477435961533257,False,3.0,3,False,False,,2.4788378838182314,1.0,10,600,600,False,False,False,
hai-test1.csv,11,P2_ATSW_Lamp,True,change_from_pre_mode,1.0,1.0,300,0.0,True,3.0,3,False,False,,,1.0,10,600,600,False,False,False,
hai-test1.csv,11,P2_AutoGO,True,change_from_pre_mode,1.0,1.0,300,0.0,True,3.0,3,False,False,,,1.0,10,600,600,False,False,False,
hai-test1.csv,11,P2_AutoSD,True,3_sigma_from_pre_median,112.42458,112.42458,300,4.841791207141232,False,3.0,3,False,False,,0.0,1.0,10,600,600,False,False,False,
hai-test1.csv,11,P2_Emerg,True,change_from_pre_mode,0.0,0.0,300,0.0,True,3.0,3,False,False,,,1.0,10,600,600,False,False,False,
hai-test1.csv,11,P2_MASW,True,change_from_pre_mode,0.0,0.0,300,0.0,True,3.0,3,False,False,,,1.0,10,600,600,False,False,False,
hai-test1.csv,11,P2_MASW_Lamp,True,change_from_pre_mode,0.0,0.0,300,0.0,True,3.0,3,False,False,,,1.0,10,600,600,False,False,False,
hai-test1.csv,11,P2_ManualGO,True,change_from_pre_mode,0.0,0.0,300,0.0,True,3.0,3,False,False,,,1.0,10,600,600,False,False,False,
hai-test1.csv,11,P2_ManualSD,True,change_from_pre_mode,12.92742,12.92742,300,0.0,True,3.0,3,False,False,,,1.0,10,600,600,False,False,False,
hai-test1.csv,11,P2_OnOff,True,change_from_pre_mode,1.0,1.0,300,0.0,True,3.0,3,False,False,,,1.0,10,600,600,False,False,False,
hai-test1.csv,11,P2_RTR,True,change_from_pre_mode,2880.0,2880.0,300,0.0,True,3.0,3,False,False,,,1.0,10,600,600,False,False,False,
hai-test1.csv,11,P2_SCO,True,3_sigma_from_pre_median,54740.0,54740.0,300,25.815834015187235,False,3.0,3,False,False,,0.07747183371350377,1.0,10,600,600,False,False,False,
hai-test1.csv,11,P2_SCST,True,3_sigma_from_pre_median,720.15149,720.15045,300,0.2849730368572045,False,3.0,3,False,False,,1.3589706741062628,1.0,10,600,600,False,False,False,
hai-test1.csv,11,P2_SIT01,True,3_sigma_from_pre_median,906.0,906.0,300,8.22603153950541,False,3.0,3,False,False,,1.0940877088517855,1.0,10,600,600,False,False,False,
hai-test1.csv,11,P2_TripEx,True,change_from_pre_mode,1.0,1.0,300,0.0,True,3.0,3,False,False,,,1.0,10,600,600,False,False,False,
hai-test1.csv,11,P2_VIBTR01,True,3_sigma_from_pre_median,6.6242,6.1044,300,0.3676899605355175,False,3.0,3,False,False,,1.402540333842444,1.0,10,600,600,False,False,False,
hai-test1.csv,11,P2_VIBTR02,True,3_sigma_from_pre_median,-3.3377,-3.6265,300,0.348930030020079,False,3.0,3,False,False,,1.3504140069941388,1.0,10,600,600,False,False,False,
hai-test1.csv,11,P2_VIBTR03,True,3_sigma_from_pre_median,9.5312,9.3393,300,0.23660338683141197,False,3.0,3,False,False,,1.4572910583299519,1.0,10,600,600,False,False,False,
hai-test1.csv,11,P2_VIBTR04,True,3_sigma_from_pre_median,-1.3308,-1.5879,300,0.24479515001020077,False,3.0,3,False,False,,1.3705336890294575,1.0,10,600,600,False,False,False,
hai-test1.csv,11,P2_VT01,True,3_sigma_from_pre_median,11.947054999999999,12.00915,300,0.04211469636210724,False,3.0,3,False,False,,1.5501714517581426,1.0,10,600,600,False,False,False,
hai-test1.csv,11,P2_VTR01,True,change_from_pre_mode,50.0,50.0,300,0.0,True,3.0,3,False,False,,,1.0,10,600,600,False,False,False,
hai-test1.csv,11,P2_VTR02,True,change_from_pre_mode,50.0,50.0,300,0.0,True,3.0,3,False,False,,,1.0,10,600,600,False,False,False,
hai-test1.csv,11,P2_VTR03,True,change_from_pre_mode,50.0,50.0,300,0.0,True,3.0,3,False,False,,,1.0,10,600,600,False,False,False,
hai-test1.csv,11,P2_VTR04,True,change_from_pre_mode,50.0,50.0,300,0.0,True,3.0,3,False,False,,,1.0,10,600,600,False,False,False,
hai-test1.csv,11,P3_FIT01,True,3_sigma_from_pre_median,106.5,24.0,300,1697.784997187767,False,3.0,3,False,False,,0.048003722576767764,1.0,10,600,600,False,False,False,
hai-test1.csv,11,P3_LCP01D,True,3_sigma_from_pre_median,0.0,0.0,300,5136.8956074100415,False,3.0,3,False,False,,0.526387960093922,1.0,10,600,600,False,False,False,
hai-test1.csv,11,P3_LCV01D,True,3_sigma_from_pre_median,14848.0,14144.0,300,6816.085890450855,False,3.0,3,False,False,,1.8473945608052031,1.0,10,600,600,False,False,False,
hai-test1.csv,11,P3_LH01,True,change_from_pre_mode,70.0,70.0,300,0.0,True,3.0,3,False,False,,,1.0,10,600,600,False,False,False,
hai-test1.csv,11,P3_LIT01,True,3_sigma_from_pre_median,13859.0,13947.0,300,3056.888907585003,False,3.0,3,False,False,,1.1577129908838832,1.0,10,600,600,False,False,False,
hai-test1.csv,11,P3_LL01,True,change_from_pre_mode,30.0,30.0,300,0.0,True,3.0,3,False,False,,,1.0,10,600,600,False,False,False,
hai-test1.csv,11,P3_PIT01,True,3_sigma_from_pre_median,21.0,21.0,300,1342.210771459746,False,3.0,3,False,False,,0.0007450394686614171,1.0,10,600,600,False,False,False,
hai-test1.csv,11,P4_HT_FD,True,3_sigma_from_pre_median,-7e-05,-0.00029,300,0.002094857275730677,False,3.0,3,True,False,80.0,11.361155853302067,1.0,10,600,600,True,False,False,1.0
hai-test1.csv,11,P4_HT_PO,True,3_sigma_from_pre_median,68.901885,65.46588,300,31.352937628143213,False,3.0,3,False,False,,1.842310142834956,1.0,10,600,600,False,False,False,
hai-test1.csv,11,P4_HT_PS,True,3_sigma_from_pre_median,7.94045,7.94045,300,1.8602580474440873,False,3.0,3,False,False,,0.0,1.0,10,600,600,False,False,False,
hai-test1.csv,11,P4_LD,True,3_sigma_from_pre_median,415.09335,422.65265,300,61.64805357478487,False,3.0,3,False,False,,1.3004240255979527,1.0,10,600,600,False,False,False,
hai-test1.csv,11,P4_ST_FD,True,3_sigma_from_pre_median,3.5e-05,7e-05,300,0.0016600255351600075,False,3.0,3,False,False,,2.2017733598584073,1.0,10,600,600,False,False,False,
hai-test1.csv,11,P4_ST_GOV,True,3_sigma_from_pre_median,19007.5,16766.0,300,1720.1717180299972,False,3.0,3,False,False,,1.4867701713692523,1.0,10,600,600,False,False,False,
hai-test1.csv,11,P4_ST_LD,True,3_sigma_from_pre_median,348.1626,325.79205,300,35.6527960419603,False,3.0,3,False,False,,1.4917893098034747,1.0,10,600,600,False,False,False,
hai-test1.csv,11,P4_ST_PO,True,3_sigma_from_pre_median,348.234955,308.7746,300,31.82679025985116,False,3.0,3,False,False,,1.4796344405299837,1.0,10,600,600,False,False,False,
hai-test1.csv,11,P4_ST_PS,True,3_sigma_from_pre_median,20.16145,20.16145,300,2.3221340099168533,False,3.0,3,False,False,,0.0,1.0,10,600,600,False,False,False,
hai-test1.csv,11,P4_ST_PT01,True,3_sigma_from_pre_median,9995.0,9998.0,300,28.696066979387986,False,3.0,3,False,False,,1.812095017667436,1.0,10,600,600,False,False,False,
hai-test1.csv,11,P4_ST_TT01,True,3_sigma_from_pre_median,26976.0,26976.0,300,115.90000290990808,False,3.0,3,False,False,,0.6212251785357362,1.0,10,600,600,False,False,False,
hai-test1.csv,11,x1001_05_SETPOINT_OUT,True,3_sigma_from_pre_median,0.13257,0.13257,300,0.030634948508867832,False,3.0,3,False,False,,0.0,1.0,10,600,600,False,False,False,
hai-test1.csv,11,x1001_15_ASSIGN_OUT,True,3_sigma_from_pre_median,1.167545,1.1066,300,0.0991220108490534,False,3.0,3,False,False,,1.4091219377369388,1.0,10,600,600,False,False,False,
hai-test1.csv,11,x1002_07_SETPOINT_OUT,True,3_sigma_from_pre_median,355.84045,355.84045,300,17.571010784651346,False,3.0,3,False,False,,0.0,1.0,10,600,600,False,False,False,
hai-test1.csv,11,x1002_08_SETPOINT_OUT,True,3_sigma_from_pre_median,951.08258,951.08258,300,12.08195744085597,False,3.0,3,False,False,,0.0,1.0,10,600,600,False,False,False,
hai-test1.csv,11,x1003_10_SETPOINT_OUT,True,3_sigma_from_pre_median,3114.92676,3121.43311,300,1257.5776996314432,False,3.0,3,False,False,,0.03532064063557885,1.0,10,600,600,False,False,False,
hai-test1.csv,11,x1003_18_SETPOINT_OUT,True,3_sigma_from_pre_median,26.09698,26.09698,300,0.1657230121219866,False,3.0,3,False,False,,0.0,1.0,10,600,600,False,False,False,
hai-test1.csv,11,x1003_24_SUM_OUT,True,3_sigma_from_pre_median,30.044775,29.84374,300,0.35208254333579925,False,3.0,3,False,False,,1.3164100543262454,1.0,10,600,600,False,False,False,
hai-test1.csv,12,P1_FCV01D,True,3_sigma_from_pre_median,62.693605000000005,60.03456,300,22.84270615719168,False,3.0,3,False,False,,0.21518575628362924,1.0,10,600,600,False,False,False,
hai-test1.csv,12,P1_FCV01Z,True,3_sigma_from_pre_median,62.383269999999996,63.5849,300,23.169097266768347,False,3.0,3,False,False,,0.15756634615351148,1.0,10,600,600,False,False,False,
hai-test1.csv,12,P1_FCV02D,True,3_sigma_from_pre_median,15.0,15.0,300,40.896481276676205,False,3.0,3,False,False,,0.0,1.0,10,600,600,False,False,False,
hai-test1.csv,12,P1_FCV02Z,True,3_sigma_from_pre_median,12.4527,12.4527,300,37.76975658121236,False,3.0,3,False,False,,0.00020201348090752714,1.0,10,600,600,False,False,False,
hai-test1.csv,12,P1_FCV03D,True,3_sigma_from_pre_median,50.21215,50.50855,300,1.0646258364164685,False,3.0,3,False,False,,1.8481986184207908,1.0,10,600,600,False,False,False,
hai-test1.csv,12,P1_FCV03Z,True,3_sigma_from_pre_median,51.27106,50.21057,300,1.0746685930744746,False,3.0,3,False,False,,1.6328289589071456,1.0,10,600,600,False,False,False,
hai-test1.csv,12,P1_FT01,True,3_sigma_from_pre_median,55.92348,56.87714,300,7.122921026465356,False,3.0,3,False,False,,0.7497696492993646,1.0,10,600,600,False,False,False,
hai-test1.csv,12,P1_FT01Z,True,3_sigma_from_pre_median,291.1749,248.47186,300,37.09807579445848,False,3.0,3,False,False,,0.749539683784721,1.0,10,600,600,False,False,False,
hai-test1.csv,12,P1_FT02,True,3_sigma_from_pre_median,2409.78247,2417.60229,300,1002.1838417006109,False,3.0,3,False,False,,0.03083207762317004,1.0,10,600,600,False,False,False,
hai-test1.csv,12,P1_FT02Z,True,3_sigma_from_pre_median,3130.69214,3135.94702,300,1257.579495817021,False,3.0,3,False,False,,0.01601869310608668,1.0,10,600,600,False,False,False,
hai-test1.csv,12,P1_FT03,True,3_sigma_from_pre_median,224.34232,225.10529,300,5.620080284055158,False,3.0,3,False,False,,2.1381046875952556,1.0,10,600,600,False,False,False,
hai-test1.csv,12,P1_FT03Z,True,3_sigma_from_pre_median,950.50049,952.24005,300,12.806775531386771,False,3.0,3,False,False,,2.1392754118985686,1.0,10,600,600,False,False,False,
hai-test1.csv,12,P1_LCV01D,True,3_sigma_from_pre_median,13.260445,9.79626,300,2.8352305438964307,False,3.0,3,False,False,,1.7172201429901954,1.0,10,600,600,False,False,False,
hai-test1.csv,12,P1_LCV01Z,True,3_sigma_from_pre_median,13.13171,10.16388,300,2.849341018598587,False,3.0,3,False,False,,1.7511522725539141,1.0,10,600,600,False,False,False,
hai-test1.csv,12,P1_LIT01,True,3_sigma_from_pre_median,371.06809999999996,361.40701,300,19.13774319643267,False,3.0,3,False,False,,0.4861215820752625,1.0,10,600,600,False,False,False,
hai-test1.csv,12,P1_PCV01D,True,3_sigma_from_pre_median,26.786,24.69462,300,2.175029666301921,False,3.0,3,False,False,,1.1301317118029564,1.0,10,600,600,False,False,False,
hai-test1.csv,12,P1_PCV01Z,True,3_sigma_from_pre_median,26.96381,25.54474,300,2.2021074236267753,False,3.0,3,False,False,,0.9839438243350804,1.0,10,600,600,False,False,False,
hai-test1.csv,12,P1_PCV02D,True,3_sigma_from_pre_median,12.0,12.0,300,0.01098679314249775,False,3.0,3,False,False,,0.0,1.0,10,600,600,False,False,False,
hai-test1.csv,12,P1_PCV02Z,True,3_sigma_from_pre_median,11.8042,11.8042,300,0.027697809725893457,False,3.0,3,False,False,,0.0,1.0,10,600,600,False,False,False,
hai-test1.csv,12,P1_PIT01,True,3_sigma_from_pre_median,1.12968,1.14609,300,0.10108042861225783,False,3.0,3,False,False,,1.9586383112743488,1.0,10,600,600,False,False,False,
hai-test1.csv,12,P1_PIT01_HH,True,change_from_pre_mode,524320.0,524320.0,300,0.0,True,3.0,3,False,False,,,1.0,10,600,600,False,False,False,
hai-test1.csv,12,P1_PIT02,True,3_sigma_from_pre_median,0.40222,0.39764,300,0.3585321787147921,False,3.0,3,False,False,,0.031935766661291214,1.0,10,600,600,False,False,False,
hai-test1.csv,12,P1_PP01AD,True,change_from_pre_mode,0.0,0.0,300,0.0,True,3.0,3,False,False,,,1.0,10,600,600,False,False,False,
hai-test1.csv,12,P1_PP01AR,True,change_from_pre_mode,0.0,0.0,300,0.0,True,3.0,3,False,False,,,1.0,10,600,600,False,False,False,
hai-test1.csv,12,P1_PP01BD,True,change_from_pre_mode,1.0,1.0,300,0.0,True,3.0,3,False,False,,,1.0,10,600,600,False,False,False,
hai-test1.csv,12,P1_PP01BR,True,change_from_pre_mode,1.0,1.0,300,0.0,True,3.0,3,False,False,,,1.0,10,600,600,False,False,False,
hai-test1.csv,12,P1_PP02D,True,change_from_pre_mode,1.0,1.0,300,0.0,True,3.0,3,False,False,,,1.0,10,600,600,False,False,False,
hai-test1.csv,12,P1_PP02R,True,change_from_pre_mode,1.0,1.0,300,0.0,True,3.0,3,False,False,,,1.0,10,600,600,False,False,False,
hai-test1.csv,12,P1_PP04,True,3_sigma_from_pre_median,1.360995,0.0,300,16.788267124760022,False,3.0,3,False,False,,0.08106822400941839,1.0,10,600,600,False,False,False,
hai-test1.csv,12,P1_PP04D,True,3_sigma_from_pre_median,0.0,0.0,300,0.4864033183195398,False,3.0,3,False,False,,0.0,1.0,10,600,600,False,False,False,
hai-test1.csv,12,P1_PP04SP,True,change_from_pre_mode,27.48882,27.48882,300,0.0,True,3.0,3,False,False,,,1.0,10,600,600,False,False,False,
hai-test1.csv,12,P1_SOL01D,True,change_from_pre_mode,524320.0,524320.0,300,0.0,True,3.0,3,False,False,,,1.0,10,600,600,False,False,False,
hai-test1.csv,12,P1_SOL03D,True,change_from_pre_mode,524320.0,524320.0,300,0.0,True,3.0,3,False,False,,,1.0,10,600,600,False,False,False,
hai-test1.csv,12,P1_STSP,True,change_from_pre_mode,1.0,1.0,300,0.0,True,3.0,3,False,False,,,1.0,10,600,600,False,False,False,
hai-test1.csv,12,P1_TIT01,True,3_sigma_from_pre_median,29.24194,28.93677,300,1.1985492880384954,False,3.0,3,False,False,,0.8784453092647309,1.0,10,600,600,False,False,False,
hai-test1.csv,12,P1_TIT02,True,3_sigma_from_pre_median,34.21631,34.07897,300,2.055402597486634,False,3.0,3,False,False,,0.2672517786402041,1.0,10,600,600,False,False,False,
hai-test1.csv,12,P1_TIT03,True,3_sigma_from_pre_median,25.88461,25.88461,300,1.1772378238837553,False,3.0,3,False,False,,0.37207435159953994,1.0,10,600,600,False,False,False,
hai-test1.csv,12,P2_24Vdc,True,3_sigma_from_pre_median,28.03429,28.03341,300,0.003477435961533257,False,3.0,3,False,False,,1.992847625853906,1.0,10,600,600,False,False,False,
hai-test1.csv,12,P2_ATSW_Lamp,True,change_from_pre_mode,1.0,1.0,300,0.0,True,3.0,3,False,False,,,1.0,10,600,600,False,False,False,
hai-test1.csv,12,P2_AutoGO,True,change_from_pre_mode,1.0,1.0,300,0.0,True,3.0,3,False,False,,,1.0,10,600,600,False,False,False,
hai-test1.csv,12,P2_AutoSD,True,3_sigma_from_pre_median,112.42458,112.42458,300,4.841791207141232,False,3.0,3,False,False,,0.0,1.0,10,600,600,False,False,False,
hai-test1.csv,12,P2_Emerg,True,change_from_pre_mode,0.0,0.0,300,0.0,True,3.0,3,False,False,,,1.0,10,600,600,False,False,False,
hai-test1.csv,12,P2_MASW,True,change_from_pre_mode,0.0,0.0,300,0.0,True,3.0,3,False,False,,,1.0,10,600,600,False,False,False,
hai-test1.csv,12,P2_MASW_Lamp,True,change_from_pre_mode,0.0,0.0,300,0.0,True,3.0,3,False,False,,,1.0,10,600,600,False,False,False,
hai-test1.csv,12,P2_ManualGO,True,change_from_pre_mode,0.0,0.0,300,0.0,True,3.0,3,False,False,,,1.0,10,600,600,False,False,False,
hai-test1.csv,12,P2_ManualSD,True,change_from_pre_mode,12.92742,12.92742,300,0.0,True,3.0,3,False,False,,,1.0,10,600,600,False,False,False,
hai-test1.csv,12,P2_OnOff,True,change_from_pre_mode,1.0,1.0,300,0.0,True,3.0,3,False,False,,,1.0,10,600,600,False,False,False,
hai-test1.csv,12,P2_RTR,True,change_from_pre_mode,2880.0,2880.0,300,0.0,True,3.0,3,False,False,,,1.0,10,600,600,False,False,False,
hai-test1.csv,12,P2_SCO,True,3_sigma_from_pre_median,54742.0,54742.0,300,25.815834015187235,False,3.0,3,False,False,,0.07747183371350377,1.0,10,600,600,False,False,False,
hai-test1.csv,12,P2_SCST,True,3_sigma_from_pre_median,720.60306,720.42914,300,0.2849730368572045,False,3.0,3,False,False,,1.7236016621674572,1.0,10,600,600,False,False,False,
hai-test1.csv,12,P2_SIT01,True,3_sigma_from_pre_median,914.0,914.0,300,8.22603153950541,False,3.0,3,False,False,,1.0940877088517855,1.0,10,600,600,False,False,False,
hai-test1.csv,12,P2_TripEx,True,change_from_pre_mode,1.0,1.0,300,0.0,True,3.0,3,False,False,,,1.0,10,600,600,False,False,False,
hai-test1.csv,12,P2_VIBTR01,True,3_sigma_from_pre_median,6.69285,6.5883,300,0.3676899605355175,False,3.0,3,False,False,,1.328700950356266,1.0,10,600,600,False,False,False,
hai-test1.csv,12,P2_VIBTR02,True,3_sigma_from_pre_median,-3.2655000000000003,-3.7584,300,0.348930030020079,False,3.0,3,False,False,,1.3974148340626942,1.0,10,600,600,False,False,False,
hai-test1.csv,12,P2_VIBTR03,True,3_sigma_from_pre_median,9.5654,9.9043,300,0.23660338683141197,False,3.0,3,False,False,,1.7856887243167199,1.0,10,600,600,False,False,False,
hai-test1.csv,12,P2_VIBTR04,True,3_sigma_from_pre_median,-1.2782499999999999,-1.4627,300,0.24479515001020077,False,3.0,3,False,False,,1.5124891158365337,1.0,10,600,600,False,False,False,
hai-test1.csv,12,P2_VT01,True,3_sigma_from_pre_median,11.9514,11.89481,300,0.04211469636210724,False,3.0,3,False,False,,1.5260706012789285,1.0,10,600,600,False,False,False,
hai-test1.csv,12,P2_VTR01,True,change_from_pre_mode,50.0,50.0,300,0.0,True,3.0,3,False,False,,,1.0,10,600,600,False,False,False,
hai-test1.csv,12,P2_VTR02,True,change_from_pre_mode,50.0,50.0,300,0.0,True,3.0,3,False,False,,,1.0,10,600,600,False,False,False,
hai-test1.csv,12,P2_VTR03,True,change_from_pre_mode,50.0,50.0,300,0.0,True,3.0,3,False,False,,,1.0,10,600,600,False,False,False,
hai-test1.csv,12,P2_VTR04,True,change_from_pre_mode,50.0,50.0,300,0.0,True,3.0,3,False,False,,,1.0,10,600,600,False,False,False,
hai-test1.csv,12,P3_FIT01,True,3_sigma_from_pre_median,30.0,29.0,300,1697.784997187767,False,3.0,3,False,True,,3.03159705647391,1.0,10,600,600,False,False,False,
hai-test1.csv,12,P3_LCP01D,True,3_sigma_from_pre_median,3724.0,48.0,300,5136.8956074100415,False,3.0,3,False,False,,1.9319061079778408,1.0,10,600,600,False,False,False,
hai-test1.csv,12,P3_LCV01D,True,3_sigma_from_pre_median,4816.0,-160.0,300,6816.085890450855,False,3.0,3,False,False,,0.7323851371934224,1.0,10,600,600,False,False,False,
hai-test1.csv,12,P3_LH01,True,change_from_pre_mode,70.0,70.0,300,0.0,True,3.0,3,False,False,,,1.0,10,600,600,False,False,False,
hai-test1.csv,12,P3_LIT01,True,3_sigma_from_pre_median,18605.5,18426.0,300,3056.888907585003,False,3.0,3,False,False,,0.34888412115785855,1.0,10,600,600,False,False,False,
hai-test1.csv,12,P3_LL01,True,change_from_pre_mode,30.0,30.0,300,0.0,True,3.0,3,False,False,,,1.0,10,600,600,False,False,False,
hai-test1.csv,12,P3_PIT01,True,3_sigma_from_pre_median,25.0,24.0,300,1342.210771459746,False,3.0,3,False,False,,2.8579714017851963,1.0,10,600,600,False,False,False,
hai-test1.csv,12,P4_HT_FD,True,3_sigma_from_pre_median,-0.00022,-0.00014,300,0.002094857275730677,False,3.0,3,False,False,,0.10024549282325351,1.0,10,600,600,False,False,False,
hai-test1.csv,12,P4_HT_PO,True,3_sigma_from_pre_median,23.925780000000003,0.01807,300,31.352937628143213,False,3.0,3,False,False,,0.7625349268242035,1.0,10,600,600,False,False,False,
hai-test1.csv,12,P4_HT_PS,True,3_sigma_from_pre_median,7.94045,7.94045,300,1.8602580474440873,False,3.0,3,False,False,,0.0,1.0,10,600,600,False,False,False,
hai-test1.csv,12,P4_LD,True,3_sigma_from_pre_median,349.64551,266.14948,300,61.64805357478487,False,3.0,3,False,False,,1.5098742718143443,1.0,10,600,600,False,False,False,
hai-test1.csv,12,P4_ST_FD,True,3_sigma_from_pre_median,-3.5e-05,-0.00065,300,0.0016600255351600075,False,3.0,3,False,False,,2.0692452780064645,1.0,10,600,600,False,False,False,
hai-test1.csv,12,P4_ST_GOV,True,3_sigma_from_pre_median,17810.0,17238.0,300,1720.1717180299972,False,3.0,3,False,False,,1.9806162165611114,1.0,10,600,600,False,False,False,
hai-test1.csv,12,P4_ST_LD,True,3_sigma_from_pre_median,323.332615,314.1095,300,35.6527960419603,False,3.0,3,False,False,,1.8615677413319296,1.0,10,600,600,False,False,False,
hai-test1.csv,12,P4_ST_PO,True,3_sigma_from_pre_median,325.8735,325.39423,300,31.82679025985116,False,3.0,3,False,False,,1.9776760234412125,1.0,10,600,600,False,False,False,
hai-test1.csv,12,P4_ST_PS,True,3_sigma_from_pre_median,15.09827,15.09827,300,2.3221340099168533,False,3.0,3,False,False,,0.0,1.0,10,600,600,False,False,False,
hai-test1.csv,12,P4_ST_PT01,True,3_sigma_from_pre_median,9970.0,9970.0,300,28.696066979387986,False,3.0,3,False,False,,1.9863349232123817,1.0,10,600,600,False,False,False,
hai-test1.csv,12,P4_ST_TT01,True,3_sigma_from_pre_median,26997.0,26971.0,300,115.90000290990808,False,3.0,3,False,False,,0.9059533853646153,1.0,10,600,600,False,False,False,
hai-test1.csv,12,x1001_05_SETPOINT_OUT,True,3_sigma_from_pre_median,0.13257,0.13257,300,0.030634948508867832,False,3.0,3,False,False,,0.0,1.0,10,600,600,False,False,False,
hai-test1.csv,12,x1001_15_ASSIGN_OUT,True,3_sigma_from_pre_median,1.10174,1.06575,300,0.0991220108490534,False,3.0,3,False,False,,1.889388627165733,1.0,10,600,600,False,False,False,
hai-test1.csv,12,x1002_07_SETPOINT_OUT,True,3_sigma_from_pre_median,368.22769,368.22769,300,17.571010784651346,False,3.0,3,False,False,,0.0,1.0,10,600,600,False,False,False,
hai-test1.csv,12,x1002_08_SETPOINT_OUT,True,3_sigma_from_pre_median,951.08258,951.08258,300,12.08195744085597,False,3.0,3,False,False,,0.0,1.0,10,600,600,False,False,False,
hai-test1.csv,12,x1003_10_SETPOINT_OUT,True,3_sigma_from_pre_median,3130.75476,3135.94702,300,1257.5776996314432,False,3.0,3,False,False,,0.01606851012539578,1.0,10,600,600,False,False,False,
hai-test1.csv,12,x1003_18_SETPOINT_OUT,True,3_sigma_from_pre_median,26.09698,26.09698,300,0.1657230121219866,False,3.0,3,False,False,,0.0712031470397819,1.0,10,600,600,False,False,False,
hai-test1.csv,12,x1003_24_SUM_OUT,True,3_sigma_from_pre_median,29.817245,29.73083,300,0.35208254333579925,False,3.0,3,False,False,,1.777381502845931,1.0,10,600,600,False,False,False,
hai-test1.csv,13,P1_FCV01D,True,3_sigma_from_pre_median,6.79885,4.40613,300,22.84270615719168,False,3.0,3,False,False,,0.0970624927161687,1.0,10,600,600,False,False,False,
hai-test1.csv,13,P1_FCV01Z,True,3_sigma_from_pre_median,6.616210000000001,5.09796,300,23.169097266768347,False,3.0,3,False,False,,0.11195904484895856,1.0,10,600,600,False,False,False,
hai-test1.csv,13,P1_FCV02D,True,3_sigma_from_pre_median,100.0,100.0,300,40.896481276676205,False,3.0,3,False,False,,0.0,1.0,10,600,600,False,False,False,
hai-test1.csv,13,P1_FCV02Z,True,3_sigma_from_pre_median,97.32971,97.32971,300,37.76975658121236,False,3.0,3,False,False,,0.00040402696181496023,1.0,10,600,600,False,False,False,
hai-test1.csv,13,P1_FCV03D,True,3_sigma_from_pre_median,51.466025,50.6134,300,1.0646258364164685,False,3.0,3,True,False,29.0,8.465983720945683,1.0,10,600,600,True,False,False,32.0
hai-test1.csv,13,P1_FCV03Z,True,3_sigma_from_pre_median,51.62963,51.62201,300,1.0746685930744746,False,3.0,3,True,False,39.0,7.787926486300503,1.0,10,600,600,True,False,False,23.0
hai-test1.csv,13,P1_FT01,True,3_sigma_from_pre_median,55.35122,54.96975,300,7.122921026465356,False,3.0,3,True,False,16.0,14.995474413255382,1.0,10,600,600,True,False,False,91.0
hai-test1.csv,13,P1_FT01Z,True,3_sigma_from_pre_median,288.19534,286.20914,300,37.09807579445848,False,3.0,3,True,False,17.0,14.031343913469358,1.0,10,600,600,True,False,False,92.0
hai-test1.csv,13,P1_FT02,True,3_sigma_from_pre_median,21.30509,4.80653,300,1002.1838417006109,False,3.0,3,False,False,,0.01722390571644903,1.0,10,600,600,False,False,False,
hai-test1.csv,13,P1_FT02Z,True,3_sigma_from_pre_median,112.914535,25.02598,300,1257.579495817021,False,3.0,3,False,False,,0.07304589117868845,1.0,10,600,600,False,False,False,
hai-test1.csv,13,P1_FT03,True,3_sigma_from_pre_median,233.87906,234.64203,300,5.620080284055158,False,3.0,3,True,False,32.0,3.8092373983940564,1.0,10,600,600,True,False,False,17.0
hai-test1.csv,13,P1_FT03Z,True,3_sigma_from_pre_median,972.24426,973.98383,300,12.806775531386771,False,3.0,3,True,False,32.0,3.560308360855811,1.0,10,600,600,True,False,False,17.0
hai-test1.csv,13,P1_LCV01D,True,3_sigma_from_pre_median,9.74995,6.89531,300,2.8352305438964307,False,3.0,3,False,True,,7.038189554975724,1.0,10,600,600,False,False,False,
hai-test1.csv,13,P1_LCV01Z,True,3_sigma_from_pre_median,9.44671,7.19605,300,2.849341018598587,False,3.0,3,False,True,,6.916241289255194,1.0,10,600,600,False,False,False,
hai-test1.csv,13,P1_LIT01,True,3_sigma_from_pre_median,367.77107,378.99121,300,19.13774319643267,False,3.0,3,True,False,128.0,4.811808218701843,1.0,10,600,600,True,False,False,44.0
hai-test1.csv,13,P1_PCV01D,True,3_sigma_from_pre_median,27.42439,24.3418,300,2.175029666301921,False,3.0,3,True,False,105.0,4.863607225176842,1.0,10,600,600,True,False,False,15.0
hai-test1.csv,13,P1_PCV01Z,True,3_sigma_from_pre_median,28.01666,25.07171,300,2.2021074236267753,False,3.0,3,True,False,108.0,4.829637231086569,1.0,10,600,600,True,False,False,89.0
hai-test1.csv,13,P1_PCV02D,True,3_sigma_from_pre_median,12.0,12.0,300,0.01098679314249775,False,3.0,3,False,False,,0.0,1.0,10,600,600,False,False,False,
hai-test1.csv,13,P1_PCV02Z,True,3_sigma_from_pre_median,11.8042,11.8042,300,0.027697809725893457,False,3.0,3,False,False,,0.5509460910814803,1.0,10,600,600,False,False,False,
hai-test1.csv,13,P1_PIT01,True,3_sigma_from_pre_median,1.26968,1.36429,300,0.10108042861225783,False,3.0,3,True,False,87.0,4.951304687476441,1.0,10,600,600,True,False,False,38.0
hai-test1.csv,13,P1_PIT01_HH,True,change_from_pre_mode,524320.0,524320.0,300,0.0,True,3.0,3,False,False,,,1.0,10,600,600,False,False,False,
hai-test1.csv,13,P1_PIT02,True,3_sigma_from_pre_median,0.3492,0.37247,300,0.3585321787147921,False,3.0,3,False,False,,0.09469164001317378,1.0,10,600,600,False,False,False,
hai-test1.csv,13,P1_PP01AD,True,change_from_pre_mode,0.0,0.0,300,0.0,True,3.0,3,False,False,,,1.0,10,600,600,False,False,False,
hai-test1.csv,13,P1_PP01AR,True,change_from_pre_mode,0.0,0.0,300,0.0,True,3.0,3,False,False,,,1.0,10,600,600,False,False,False,
hai-test1.csv,13,P1_PP01BD,True,change_from_pre_mode,1.0,1.0,300,0.0,True,3.0,3,False,False,,,1.0,10,600,600,False,False,False,
hai-test1.csv,13,P1_PP01BR,True,change_from_pre_mode,1.0,1.0,300,0.0,True,3.0,3,False,False,,,1.0,10,600,600,False,False,False,
hai-test1.csv,13,P1_PP02D,True,change_from_pre_mode,1.0,1.0,300,0.0,True,3.0,3,False,False,,,1.0,10,600,600,False,False,False,
hai-test1.csv,13,P1_PP02R,True,change_from_pre_mode,1.0,1.0,300,0.0,True,3.0,3,False,False,,,1.0,10,600,600,False,False,False,
hai-test1.csv,13,P1_PP04,True,3_sigma_from_pre_median,7.02824,2.68593,300,16.788267124760022,False,3.0,3,False,False,,2.261803420080069,1.0,10,600,600,False,False,False,
hai-test1.csv,13,P1_PP04D,True,3_sigma_from_pre_median,0.0,0.0,300,0.4864033183195398,False,3.0,3,False,False,,2.0559070268164903,1.0,10,600,600,False,False,False,
hai-test1.csv,13,P1_PP04SP,True,change_from_pre_mode,27.48882,27.48882,300,0.0,True,3.0,3,False,False,,,1.0,10,600,600,False,False,False,
hai-test1.csv,13,P1_SOL01D,True,change_from_pre_mode,524320.0,524320.0,300,0.0,True,3.0,3,False,False,,,1.0,10,600,600,False,False,False,
hai-test1.csv,13,P1_SOL03D,True,change_from_pre_mode,524320.0,524320.0,300,0.0,True,3.0,3,False,False,,,1.0,10,600,600,False,False,False,
hai-test1.csv,13,P1_STSP,True,change_from_pre_mode,1.0,1.0,300,0.0,True,3.0,3,False,False,,,1.0,10,600,600,False,False,False,
hai-test1.csv,13,P1_TIT01,True,3_sigma_from_pre_median,32.08007,32.1106,300,1.1985492880384954,False,3.0,3,False,False,,0.14003595986835002,1.0,10,600,600,False,False,False,
hai-test1.csv,13,P1_TIT02,True,3_sigma_from_pre_median,38.41248,38.51929,300,2.055402597486634,False,3.0,3,False,False,,0.0371119507649124,1.0,10,600,600,False,False,False,
hai-test1.csv,13,P1_TIT03,True,3_sigma_from_pre_median,28.89636,28.89636,300,1.1772378238837553,False,3.0,3,False,False,,0.0,1.0,10,600,600,False,False,False,
hai-test1.csv,13,P2_24Vdc,True,3_sigma_from_pre_median,28.034245,28.03253,300,0.003477435961533257,False,3.0,3,False,False,,2.736211422798284,1.0,10,600,600,False,False,False,
hai-test1.csv,13,P2_ATSW_Lamp,True,change_from_pre_mode,1.0,1.0,300,0.0,True,3.0,3,False,False,,,1.0,10,600,600,False,False,False,
hai-test1.csv,13,P2_AutoGO,True,change_from_pre_mode,1.0,1.0,300,0.0,True,3.0,3,False,False,,,1.0,10,600,600,False,False,False,
hai-test1.csv,13,P2_AutoSD,True,3_sigma_from_pre_median,112.42458,112.42458,300,4.841791207141232,False,3.0,3,False,False,,0.0,1.0,10,600,600,False,False,False,
hai-test1.csv,13,P2_Emerg,True,change_from_pre_mode,0.0,0.0,300,0.0,True,3.0,3,False,False,,,1.0,10,600,600,False,False,False,
hai-test1.csv,13,P2_MASW,True,change_from_pre_mode,0.0,0.0,300,0.0,True,3.0,3,False,False,,,1.0,10,600,600,False,False,False,
hai-test1.csv,13,P2_MASW_Lamp,True,change_from_pre_mode,0.0,0.0,300,0.0,True,3.0,3,False,False,,,1.0,10,600,600,False,False,False,
hai-test1.csv,13,P2_ManualGO,True,change_from_pre_mode,0.0,0.0,300,0.0,True,3.0,3,False,False,,,1.0,10,600,600,False,False,False,
hai-test1.csv,13,P2_ManualSD,True,change_from_pre_mode,12.92742,12.92742,300,0.0,True,3.0,3,False,False,,,1.0,10,600,600,False,False,False,
hai-test1.csv,13,P2_OnOff,True,change_from_pre_mode,1.0,1.0,300,0.0,True,3.0,3,False,False,,,1.0,10,600,600,False,False,False,
hai-test1.csv,13,P2_RTR,True,change_from_pre_mode,2880.0,2880.0,300,0.0,True,3.0,3,False,False,,,1.0,10,600,600,False,False,False,
hai-test1.csv,13,P2_SCO,True,3_sigma_from_pre_median,54739.0,54740.0,300,25.815834015187235,False,3.0,3,False,False,,0.11620775057025566,1.0,10,600,600,False,False,False,
hai-test1.csv,13,P2_SCST,True,3_sigma_from_pre_median,720.06961,720.06873,300,0.2849730368572045,False,3.0,3,False,False,,1.6087837819891229,1.0,10,600,600,False,False,False,
hai-test1.csv,13,P2_SIT01,True,3_sigma_from_pre_median,903.5,902.0,300,8.22603153950541,False,3.0,3,False,False,,1.0333050583600196,1.0,10,600,600,False,False,False,
hai-test1.csv,13,P2_TripEx,True,change_from_pre_mode,1.0,1.0,300,0.0,True,3.0,3,False,False,,,1.0,10,600,600,False,False,False,
hai-test1.csv,13,P2_VIBTR01,True,3_sigma_from_pre_median,6.6012,6.0872,300,0.3676899605355175,False,3.0,3,False,False,,1.7492998695510193,1.0,10,600,600,False,False,False,
hai-test1.csv,13,P2_VIBTR02,True,3_sigma_from_pre_median,-3.38385,-2.9514,300,0.348930030020079,False,3.0,3,False,False,,1.8976583928929733,1.0,10,600,600,False,False,False,
hai-test1.csv,13,P2_VIBTR03,True,3_sigma_from_pre_median,9.561350000000001,9.3367,300,0.23660338683141197,False,3.0,3,False,False,,3.339977548855125,1.0,10,600,600,False,False,False,
hai-test1.csv,13,P2_VIBTR04,True,3_sigma_from_pre_median,-1.47155,-1.299,300,0.24479515001020077,False,3.0,3,False,False,,2.742905649772964,1.0,10,600,600,False,False,False,
hai-test1.csv,13,P2_VT01,True,3_sigma_from_pre_median,11.940055000000001,11.88612,300,0.04211469636210724,False,3.0,3,False,False,,1.5798523021019142,1.0,10,600,600,False,False,False,
hai-test1.csv,13,P2_VTR01,True,change_from_pre_mode,50.0,50.0,300,0.0,True,3.0,3,False,False,,,1.0,10,600,600,False,False,False,
hai-test1.csv,13,P2_VTR02,True,change_from_pre_mode,50.0,50.0,300,0.0,True,3.0,3,False,False,,,1.0,10,600,600,False,False,False,
hai-test1.csv,13,P2_VTR03,True,change_from_pre_mode,50.0,50.0,300,0.0,True,3.0,3,False,False,,,1.0,10,600,600,False,False,False,
hai-test1.csv,13,P2_VTR04,True,change_from_pre_mode,50.0,50.0,300,0.0,True,3.0,3,False,False,,,1.0,10,600,600,False,False,False,
hai-test1.csv,13,P3_FIT01,True,3_sigma_from_pre_median,134.0,24.0,300,1697.784997187767,False,3.0,3,False,False,,0.06655730860337125,1.0,10,600,600,False,False,False,
hai-test1.csv,13,P3_LCP01D,True,3_sigma_from_pre_median,232.0,0.0,300,5136.8956074100415,False,3.0,3,False,False,,0.5295026817512825,1.0,10,600,600,False,False,False,
hai-test1.csv,13,P3_LCV01D,True,3_sigma_from_pre_median,14344.0,17680.0,300,6816.085890450855,False,3.0,3,False,False,,1.449512250695315,1.0,10,600,600,False,False,False,
hai-test1.csv,13,P3_LH01,True,change_from_pre_mode,70.0,70.0,300,0.0,True,3.0,3,False,False,,,1.0,10,600,600,False,False,False,
hai-test1.csv,13,P3_LIT01,True,3_sigma_from_pre_median,10444.5,10081.0,300,3056.888907585003,False,3.0,3,False,False,,0.4957654811202387,1.0,10,600,600,False,False,False,
hai-test1.csv,13,P3_LL01,True,change_from_pre_mode,30.0,30.0,300,0.0,True,3.0,3,False,False,,,1.0,10,600,600,False,False,False,
hai-test1.csv,13,P3_PIT01,True,3_sigma_from_pre_median,21.0,20.0,300,1342.210771459746,False,3.0,3,False,False,,0.1475178147949606,1.0,10,600,600,False,False,False,
hai-test1.csv,13,P4_HT_FD,True,3_sigma_from_pre_median,-0.00014,-0.00022,300,0.002094857275730677,False,3.0,3,True,False,103.0,11.256136765582466,1.0,10,600,600,True,False,False,1.0
hai-test1.csv,13,P4_HT_PO,True,3_sigma_from_pre_median,66.85837000000001,81.57916,300,31.352937628143213,False,3.0,3,False,False,,1.5048819526769892,1.0,10,600,600,False,False,False,
hai-test1.csv,13,P4_HT_PS,True,3_sigma_from_pre_median,7.94045,7.94045,300,1.8602580474440873,False,3.0,3,False,False,,0.0,1.0,10,600,600,False,False,False,
hai-test1.csv,13,P4_LD,True,3_sigma_from_pre_median,402.054385,489.89075,300,61.64805357478487,False,3.0,3,False,False,,0.9363751432958586,1.0,10,600,600,False,False,False,
hai-test1.csv,13,P4_ST_FD,True,3_sigma_from_pre_median,0.0,0.0,300,0.0016600255351600075,False,3.0,3,False,False,,2.7891137226113334,1.0,10,600,600,False,False,False,
hai-test1.csv,13,P4_ST_GOV,True,3_sigma_from_pre_median,18672.0,22061.0,300,1720.1717180299972,False,3.0,3,False,False,,1.0812873973594561,1.0,10,600,600,False,False,False,
hai-test1.csv,13,P4_ST_LD,True,3_sigma_from_pre_median,349.13916,409.39673,300,35.6527960419603,False,3.0,3,False,False,,1.5257745826155689,1.0,10,600,600,False,False,False,
hai-test1.csv,13,P4_ST_PO,True,3_sigma_from_pre_median,342.96335,409.01691,300,31.82679025985116,False,3.0,3,False,False,,1.0702354752677878,1.0,10,600,600,False,False,False,
hai-test1.csv,13,P4_ST_PS,True,3_sigma_from_pre_median,15.09827,15.09827,300,2.3221340099168533,False,3.0,3,False,False,,0.0,1.0,10,600,600,False,False,False,
hai-test1.csv,13,P4_ST_PT01,True,3_sigma_from_pre_median,10025.0,9998.0,300,28.696066979387986,False,3.0,3,True,False,88.0,4.809021393040504,1.0,10,600,600,True,False,False,37.0
hai-test1.csv,13,P4_ST_TT01,True,3_sigma_from_pre_median,27271.0,27272.0,300,115.90000290990808,False,3.0,3,False,False,,0.18119067707292308,1.0,10,600,600,False,False,False,
hai-test1.csv,13,x1001_05_SETPOINT_OUT,True,3_sigma_from_pre_median,0.13257,0.13257,300,0.030634948508867832,False,3.0,3,False,False,,0.0,1.0,10,600,600,False,False,False,
hai-test1.csv,13,x1001_15_ASSIGN_OUT,True,3_sigma_from_pre_median,1.14723,1.33469,300,0.0991220108490534,False,3.0,3,False,False,,1.0171302936290558,1.0,10,600,600,False,False,False,
hai-test1.csv,13,x1002_07_SETPOINT_OUT,True,3_sigma_from_pre_median,368.22769,368.22769,300,17.571010784651346,False,3.0,3,False,False,,0.0,1.0,10,600,600,False,False,False,
hai-test1.csv,13,x1002_08_SETPOINT_OUT,True,3_sigma_from_pre_median,972.99512,972.99512,300,12.08195744085597,False,3.0,3,False,False,,0.0,1.0,10,600,600,False,False,False,
hai-test1.csv,13,x1003_10_SETPOINT_OUT,True,3_sigma_from_pre_median,116.88680500000001,25.02598,300,1257.5776996314432,False,3.0,3,False,False,,0.07620466316163667,1.0,10,600,600,False,False,False,
hai-test1.csv,13,x1003_18_SETPOINT_OUT,True,3_sigma_from_pre_median,26.08518,26.08518,300,0.1657230121219866,False,3.0,3,False,False,,0.0,1.0,10,600,600,False,False,False,
hai-test1.csv,13,x1003_24_SUM_OUT,True,3_sigma_from_pre_median,29.96565,30.59222,300,0.35208254333579925,False,3.0,3,False,False,,0.9594057029911607,1.0,10,600,600,False,False,False,
hai-test1.csv,14,P1_FCV01D,True,3_sigma_from_pre_median,13.56202,5.69017,300,22.84270615719168,False,3.0,3,False,False,,0.5080825327845857,1.0,10,600,600,False,False,False,
hai-test1.csv,14,P1_FCV01Z,True,3_sigma_from_pre_median,13.52844,8.0658,300,23.169097266768347,False,3.0,3,False,False,,0.5700040812095937,1.0,10,600,600,False,False,False,
hai-test1.csv,14,P1_FCV02D,True,3_sigma_from_pre_median,100.0,100.0,300,40.896481276676205,False,3.0,3,False,False,,0.0,1.0,10,600,600,False,False,False,
hai-test1.csv,14,P1_FCV02Z,True,3_sigma_from_pre_median,63.260645000000004,12.43744,300,37.76975658121236,False,3.0,3,False,False,,0.9026257536686958,1.0,10,600,600,False,False,False,
hai-test1.csv,14,P1_FCV03D,True,3_sigma_from_pre_median,51.463350000000005,50.78384,300,1.0646258364164685,False,3.0,3,True,False,20.0,7.288570063374389,1.0,10,600,600,True,False,False,25.0
hai-test1.csv,14,P1_FCV03Z,True,3_sigma_from_pre_median,51.98822,51.62201,300,1.0746685930744746,False,3.0,3,True,False,28.0,7.674347285431887,1.0,10,600,600,True,False,False,48.0
hai-test1.csv,14,P1_FT01,True,3_sigma_from_pre_median,56.78175,51.72729,300,7.122921026465356,False,3.0,3,True,False,129.0,3.146367889905033,1.0,10,600,600,True,False,False,1.0
hai-test1.csv,14,P1_FT01Z,True,3_sigma_from_pre_median,295.64363000000003,269.32672,300,37.09807579445848,False,3.0,3,True,False,130.0,3.145400603700051,1.0,10,600,600,True,False,False,1.0
hai-test1.csv,14,P1_FT02,True,3_sigma_from_pre_median,60.31033,47.5311,300,1002.1838417006109,False,3.0,3,False,False,,0.056715083236175225,1.0,10,600,600,False,False,False,
hai-test1.csv,14,P1_FT02Z,True,3_sigma_from_pre_median,316.00201500000003,247.47858,300,1257.579495817021,False,3.0,3,False,False,,0.2369056159002045,1.0,10,600,600,False,False,False,
hai-test1.csv,14,P1_FT03,True,3_sigma_from_pre_median,234.45125,234.45125,300,5.620080284055158,False,3.0,3,True,False,15.0,7.6021422898913,1.0,10,600,600,True,False,False,33.0
hai-test1.csv,14,P1_FT03Z,True,3_sigma_from_pre_median,973.54883,973.54883,300,12.806775531386771,False,3.0,3,True,False,16.0,6.316131629055036,1.0,10,600,600,True,False,False,34.0
hai-test1.csv,14,P1_LCV01D,True,3_sigma_from_pre_median,14.604485,11.95504,300,2.8352305438964307,False,3.0,3,False,False,,1.8606405787199727,1.0,10,600,600,False,False,False,
hai-test1.csv,14,P1_LCV01Z,True,3_sigma_from_pre_median,14.67285,19.30389,300,2.849341018598587,False,3.0,3,False,False,,1.7913124356418275,1.0,10,600,600,False,False,False,
hai-test1.csv,14,P1_LIT01,True,3_sigma_from_pre_median,369.917985,355.47745,300,19.13774319643267,False,3.0,3,False,False,,0.3993148471876488,1.0,10,600,600,False,False,False,
hai-test1.csv,14,P1_PCV01D,True,3_sigma_from_pre_median,26.492829999999998,22.29473,300,2.175029666301921,False,3.0,3,False,False,,2.8209868100016466,1.0,10,600,600,False,False,False,
hai-test1.csv,14,P1_PCV01Z,True,3_sigma_from_pre_median,26.73492,26.73492,300,2.2021074236267753,False,3.0,3,True,False,534.0,3.0696277245490386,1.0,10,600,600,True,False,False,1.0
hai-test1.csv,14,P1_PCV02D,True,3_sigma_from_pre_median,12.0,12.0,300,0.01098679314249775,False,3.0,3,False,False,,0.0,1.0,10,600,600,False,False,False,
hai-test1.csv,14,P1_PCV02Z,True,3_sigma_from_pre_median,11.8042,11.8042,300,0.027697809725893457,False,3.0,3,False,False,,0.5509460910814803,1.0,10,600,600,False,False,False,
hai-test1.csv,14,P1_PIT01,True,3_sigma_from_pre_median,1.10184,1.16974,300,0.10108042861225783,False,3.0,3,False,False,,1.6982516037647992,1.0,10,600,600,False,False,False,
hai-test1.csv,14,P1_PIT01_HH,True,change_from_pre_mode,524320.0,524320.0,300,0.0,True,3.0,3,False,False,,,1.0,10,600,600,False,False,False,
hai-test1.csv,14,P1_PIT02,True,3_sigma_from_pre_median,0.37704499999999996,0.32059,300,0.3585321787147921,False,3.0,3,False,False,,0.1425673985058432,1.0,10,600,600,False,False,False,
hai-test1.csv,14,P1_PP01AD,True,change_from_pre_mode,0.0,0.0,300,0.0,True,3.0,3,False,False,,,1.0,10,600,600,False,False,False,
hai-test1.csv,14,P1_PP01AR,True,change_from_pre_mode,0.0,0.0,300,0.0,True,3.0,3,False,False,,,1.0,10,600,600,False,False,False,
hai-test1.csv,14,P1_PP01BD,True,change_from_pre_mode,1.0,1.0,300,0.0,True,3.0,3,False,False,,,1.0,10,600,600,False,False,False,
hai-test1.csv,14,P1_PP01BR,True,change_from_pre_mode,1.0,1.0,300,0.0,True,3.0,3,False,False,,,1.0,10,600,600,False,False,False,
hai-test1.csv,14,P1_PP02D,True,change_from_pre_mode,1.0,1.0,300,0.0,True,3.0,3,False,False,,,1.0,10,600,600,False,False,False,
hai-test1.csv,14,P1_PP02R,True,change_from_pre_mode,1.0,1.0,300,0.0,True,3.0,3,False,False,,,1.0,10,600,600,False,False,False,
hai-test1.csv,14,P1_PP04,True,3_sigma_from_pre_median,2.40667,0.0,300,16.788267124760022,False,3.0,3,False,False,,2.5370891279887737,1.0,10,600,600,False,False,False,
hai-test1.csv,14,P1_PP04D,True,3_sigma_from_pre_median,0.0,0.0,300,0.4864033183195398,False,3.0,3,False,False,,2.0559070268164903,1.0,10,600,600,False,False,False,
hai-test1.csv,14,P1_PP04SP,True,change_from_pre_mode,27.48882,27.48882,300,0.0,True,3.0,3,False,False,,,1.0,10,600,600,False,False,False,
hai-test1.csv,14,P1_SOL01D,True,change_from_pre_mode,524320.0,524320.0,300,0.0,True,3.0,3,False,False,,,1.0,10,600,600,False,False,False,
hai-test1.csv,14,P1_SOL03D,True,change_from_pre_mode,524320.0,524320.0,300,0.0,True,3.0,3,False,False,,,1.0,10,600,600,False,False,False,
hai-test1.csv,14,P1_STSP,True,change_from_pre_mode,1.0,1.0,300,0.0,True,3.0,3,False,False,,,1.0,10,600,600,False,False,False,
hai-test1.csv,14,P1_TIT01,True,3_sigma_from_pre_median,31.80542,31.6986,300,1.1985492880384954,False,3.0,3,False,False,,0.8529811916814254,1.0,10,600,600,False,False,False,
hai-test1.csv,14,P1_TIT02,True,3_sigma_from_pre_median,36.970515,36.15417,300,2.055402597486634,False,3.0,3,False,False,,0.8648694918327614,1.0,10,600,600,False,False,False,
hai-test1.csv,14,P1_TIT03,True,3_sigma_from_pre_median,27.81873,27.81873,300,1.1772378238837553,False,3.0,3,False,False,,1.4129600376858507,1.0,10,600,600,False,False,False,
hai-test1.csv,14,P2_24Vdc,True,3_sigma_from_pre_median,28.03426,28.03253,300,0.003477435961533257,False,3.0,3,False,False,,3.238017931762382,1.0,10,600,600,False,False,False,
hai-test1.csv,14,P2_ATSW_Lamp,True,change_from_pre_mode,1.0,1.0,300,0.0,True,3.0,3,False,False,,,1.0,10,600,600,False,False,False,
hai-test1.csv,14,P2_AutoGO,True,change_from_pre_mode,1.0,1.0,300,0.0,True,3.0,3,False,False,,,1.0,10,600,600,False,False,False,
hai-test1.csv,14,P2_AutoSD,True,3_sigma_from_pre_median,123.05714,123.05714,300,4.841791207141232,False,3.0,3,False,False,,0.0,1.0,10,600,600,False,False,False,
hai-test1.csv,14,P2_Emerg,True,change_from_pre_mode,0.0,0.0,300,0.0,True,3.0,3,False,False,,,1.0,10,600,600,False,False,False,
hai-test1.csv,14,P2_MASW,True,change_from_pre_mode,0.0,0.0,300,0.0,True,3.0,3,False,False,,,1.0,10,600,600,False,False,False,
hai-test1.csv,14,P2_MASW_Lamp,True,change_from_pre_mode,0.0,0.0,300,0.0,True,3.0,3,False,False,,,1.0,10,600,600,False,False,False,
hai-test1.csv,14,P2_ManualGO,True,change_from_pre_mode,0.0,0.0,300,0.0,True,3.0,3,False,False,,,1.0,10,600,600,False,False,False,
hai-test1.csv,14,P2_ManualSD,True,change_from_pre_mode,12.92742,12.92742,300,0.0,True,3.0,3,False,False,,,1.0,10,600,600,False,False,False,
hai-test1.csv,14,P2_OnOff,True,change_from_pre_mode,1.0,1.0,300,0.0,True,3.0,3,False,False,,,1.0,10,600,600,False,False,False,
hai-test1.csv,14,P2_RTR,True,change_from_pre_mode,2880.0,2880.0,300,0.0,True,3.0,3,False,False,,,1.0,10,600,600,False,False,False,
hai-test1.csv,14,P2_SCO,True,3_sigma_from_pre_median,54797.0,54797.0,300,25.815834015187235,False,3.0,3,False,False,,0.15494366742700755,1.0,10,600,600,False,False,False,
hai-test1.csv,14,P2_SCST,True,3_sigma_from_pre_median,720.41922,720.28271,300,0.2849730368572045,False,3.0,3,False,False,,2.074441871833229,1.0,10,600,600,False,False,False,
hai-test1.csv,14,P2_SIT01,True,3_sigma_from_pre_median,922.0,921.0,300,8.22603153950541,False,3.0,3,False,False,,1.4587836118023807,1.0,10,600,600,False,False,False,
hai-test1.csv,14,P2_TripEx,True,change_from_pre_mode,1.0,1.0,300,0.0,True,3.0,3,False,False,,,1.0,10,600,600,False,False,False,
hai-test1.csv,14,P2_VIBTR01,True,3_sigma_from_pre_median,6.682650000000001,6.2055,300,0.3676899605355175,False,3.0,3,False,False,,2.0129731008211875,1.0,10,600,600,False,False,False,
hai-test1.csv,14,P2_VIBTR02,True,3_sigma_from_pre_median,-3.29765,-3.7316,300,0.348930030020079,False,3.0,3,False,False,,1.7110880366635195,1.0,10,600,600,False,False,False,
hai-test1.csv,14,P2_VIBTR03,True,3_sigma_from_pre_median,9.5113,9.4197,300,0.23660338683141197,False,3.0,3,False,False,,2.3359767051594127,1.0,10,600,600,False,False,False,
hai-test1.csv,14,P2_VIBTR04,True,3_sigma_from_pre_median,-1.3094000000000001,-1.3656,300,0.24479515001020077,False,3.0,3,False,False,,1.9546955892715225,1.0,10,600,600,False,False,False,
hai-test1.csv,14,P2_VT01,True,3_sigma_from_pre_median,11.957175,12.01045,300,0.04211469636210724,False,3.0,3,False,False,,1.6451501728583804,1.0,10,600,600,False,False,False,
hai-test1.csv,14,P2_VTR01,True,change_from_pre_mode,50.0,50.0,300,0.0,True,3.0,3,False,False,,,1.0,10,600,600,False,False,False,
hai-test1.csv,14,P2_VTR02,True,change_from_pre_mode,50.0,50.0,300,0.0,True,3.0,3,False,False,,,1.0,10,600,600,False,False,False,
hai-test1.csv,14,P2_VTR03,True,change_from_pre_mode,50.0,50.0,300,0.0,True,3.0,3,False,False,,,1.0,10,600,600,False,False,False,
hai-test1.csv,14,P2_VTR04,True,change_from_pre_mode,50.0,50.0,300,0.0,True,3.0,3,False,False,,,1.0,10,600,600,False,False,False,
hai-test1.csv,14,P3_FIT01,True,3_sigma_from_pre_median,28.0,27.0,300,1697.784997187767,False,3.0,3,True,False,73.0,3.1482195972125604,1.0,10,600,600,True,False,False,1.0
hai-test1.csv,14,P3_LCP01D,True,3_sigma_from_pre_median,4636.0,32.0,300,5136.8956074100415,False,3.0,3,False,False,,1.7839568292532177,1.0,10,600,600,False,False,False,
hai-test1.csv,14,P3_LCV01D,True,3_sigma_from_pre_median,5968.0,-144.0,300,6816.085890450855,False,3.0,3,False,False,,1.6126557347816703,1.0,10,600,600,False,False,False,
hai-test1.csv,14,P3_LH01,True,change_from_pre_mode,70.0,70.0,300,0.0,True,3.0,3,False,False,,,1.0,10,600,600,False,False,False,
hai-test1.csv,14,P3_LIT01,True,3_sigma_from_pre_median,18580.0,18625.0,300,3056.888907585003,False,3.0,3,False,False,,1.3530095875376493,1.0,10,600,600,False,False,False,
hai-test1.csv,14,P3_LL01,True,change_from_pre_mode,30.0,30.0,300,0.0,True,3.0,3,False,False,,,1.0,10,600,600,False,False,False,
hai-test1.csv,14,P3_PIT01,True,3_sigma_from_pre_median,24.0,23.0,300,1342.210771459746,False,3.0,3,True,False,369.0,3.0546618215118104,1.0,10,600,600,True,False,False,1.0
hai-test1.csv,14,P4_HT_FD,True,3_sigma_from_pre_median,-0.00029,-0.00029,300,0.002094857275730677,False,3.0,3,True,False,93.0,12.70730961407147,1.0,10,600,600,True,False,False,8.0
hai-test1.csv,14,P4_HT_PO,True,3_sigma_from_pre_median,27.14481,0.05423,300,31.352937628143213,False,3.0,3,False,False,,1.645042981672735,1.0,10,600,600,False,False,False,
hai-test1.csv,14,P4_HT_PS,True,3_sigma_from_pre_median,1.29944,1.29944,300,1.8602580474440873,False,3.0,3,False,False,,0.0,1.0,10,600,600,False,False,False,
hai-test1.csv,14,P4_LD,True,3_sigma_from_pre_median,369.06824,428.18646,300,61.64805357478487,False,3.0,3,False,False,,1.9337656760790283,1.0,10,600,600,False,False,False,
hai-test1.csv,14,P4_ST_FD,True,3_sigma_from_pre_median,-0.00014,-0.00043,300,0.0016600255351600075,False,3.0,3,False,False,,3.4878981541943026,1.0,10,600,600,False,False,False,
hai-test1.csv,14,P4_ST_GOV,True,3_sigma_from_pre_median,17753.5,13907.0,300,1720.1717180299972,False,3.0,3,False,False,,2.1855376184800406,1.0,10,600,600,False,False,False,
hai-test1.csv,14,P4_ST_LD,True,3_sigma_from_pre_median,327.90796,247.92029,300,35.6527960419603,False,3.0,3,False,False,,2.14409887824879,1.0,10,600,600,False,False,False,
hai-test1.csv,14,P4_ST_PO,True,3_sigma_from_pre_median,324.11026000000004,362.10577,300,31.82679025985116,False,3.0,3,False,False,,2.209224663433868,1.0,10,600,600,False,False,False,
hai-test1.csv,14,P4_ST_PS,True,3_sigma_from_pre_median,15.09827,15.09827,300,2.3221340099168533,False,3.0,3,False,False,,0.0,1.0,10,600,600,False,False,False,
hai-test1.csv,14,P4_ST_PT01,True,3_sigma_from_pre_median,9970.0,9970.0,300,28.696066979387986,False,3.0,3,False,False,,1.9166389609944035,1.0,10,600,600,False,False,False,
hai-test1.csv,14,P4_ST_TT01,True,3_sigma_from_pre_median,27245.0,27236.0,300,115.90000290990808,False,3.0,3,False,False,,0.8886971304052894,1.0,10,600,600,False,False,False,
hai-test1.csv,14,x1001_05_SETPOINT_OUT,True,3_sigma_from_pre_median,0.12818,0.12818,300,0.030634948508867832,False,3.0,3,False,False,,0.0,1.0,10,600,600,False,False,False,
hai-test1.csv,14,x1001_15_ASSIGN_OUT,True,3_sigma_from_pre_median,1.09116,1.16355,300,0.0991220108490534,False,3.0,3,False,False,,2.0371862744744607,1.0,10,600,600,False,False,False,
hai-test1.csv,14,x1002_07_SETPOINT_OUT,True,3_sigma_from_pre_median,368.22769,368.22769,300,17.571010784651346,False,3.0,3,False,False,,0.0,1.0,10,600,600,False,False,False,
hai-test1.csv,14,x1002_08_SETPOINT_OUT,True,3_sigma_from_pre_median,972.99512,972.99512,300,12.08195744085597,False,3.0,3,False,False,,0.0,1.0,10,600,600,False,False,False,
hai-test1.csv,14,x1003_10_SETPOINT_OUT,True,3_sigma_from_pre_median,321.96051,247.47858,300,1257.5776996314432,False,3.0,3,False,False,,0.24164402731462203,1.0,10,600,600,False,False,False,
hai-test1.csv,14,x1003_18_SETPOINT_OUT,True,3_sigma_from_pre_median,26.08518,26.08518,300,0.1657230121219866,False,3.0,3,False,False,,0.0,1.0,10,600,600,False,False,False,
hai-test1.csv,14,x1003_24_SUM_OUT,True,3_sigma_from_pre_median,29.795135000000002,29.6599,300,0.35208254333579925,False,3.0,3,False,False,,1.9117818044106343,1.0,10,600,600,False,False,False,
hai-test2.csv,1,P1_FCV01D,True,3_sigma_from_pre_median,34.40353,23.71839,300,21.696137110751636,False,3.0,3,False,False,,1.0560644912520203,1.0,10,600,600,False,False,False,
hai-test2.csv,1,P1_FCV01Z,True,3_sigma_from_pre_median,35.13489,28.60413,300,21.93007692173577,False,3.0,3,False,False,,1.0826537492199897,1.0,10,600,600,False,False,False,
hai-test2.csv,1,P1_FCV02D,True,3_sigma_from_pre_median,15.0,15.0,300,41.89070266671058,False,3.0,3,False,False,,2.029089859778056,1.0,10,600,600,False,False,False,
hai-test2.csv,1,P1_FCV02Z,True,3_sigma_from_pre_median,12.33063,12.33063,300,39.02001795893345,False,3.0,3,False,False,,2.178345486397703,1.0,10,600,600,False,False,False,
hai-test2.csv,1,P1_FCV03D,True,3_sigma_from_pre_median,52.986140000000006,52.47258,300,2.3390876027010608,False,3.0,3,False,False,,1.4077283793038076,1.0,10,600,600,False,False,False,
hai-test2.csv,1,P1_FCV03Z,True,3_sigma_from_pre_median,53.86505,54.33807,300,2.4048024631317655,False,3.0,3,False,False,,1.227784836911249,1.0,10,600,600,False,False,False,
hai-test2.csv,1,P1_FT01,True,3_sigma_from_pre_median,59.16594,51.15511,300,10.923609818121934,False,3.0,3,True,False,76.0,4.696950994613719,1.0,10,600,600,True,False,False,1.0
hai-test2.csv,1,P1_FT01Z,True,3_sigma_from_pre_median,308.05728,266.34756,300,46.328484692484196,False,3.0,3,True,False,70.0,5.766254427987756,1.0,10,600,600,True,False,False,1.0
hai-test2.csv,1,P1_FT02,True,3_sigma_from_pre_median,1263.7519550000002,1066.24597,300,917.5366466123356,False,3.0,3,False,False,,1.3230337877860188,1.0,10,600,600,False,False,False,
hai-test2.csv,1,P1_FT02Z,True,3_sigma_from_pre_median,2267.82666,1667.17578,300,1200.8789655934509,False,3.0,3,False,False,,1.6724672323721426,1.0,10,600,600,False,False,False,
hai-test2.csv,1,P1_FT03,True,3_sigma_from_pre_median,232.16245,234.45125,300,11.046936280510804,False,3.0,3,False,False,,0.8805563599711659,1.0,10,600,600,False,False,False,
hai-test2.csv,1,P1_FT03Z,True,3_sigma_from_pre_median,968.33038,962.67694,300,23.168311167308214,False,3.0,3,False,False,,0.95728125541128,1.0,10,600,600,False,False,False,
hai-test2.csv,1,P1_LCV01D,True,3_sigma_from_pre_median,15.419329999999999,12.34599,300,3.266506894832349,False,3.0,3,True,False,72.0,3.277491933948443,1.0,10,600,600,True,False,False,96.0
hai-test2.csv,1,P1_LCV01Z,True,3_sigma_from_pre_median,15.03143,12.41455,300,3.187700744620662,False,3.0,3,True,False,76.0,3.2382493925816713,1.0,10,600,600,True,False,False,107.0
hai-test2.csv,1,P1_LIT01,True,3_sigma_from_pre_median,328.436565,336.15524,300,26.00444265493099,False,3.0,3,False,False,,1.9126256870792366,1.0,10,600,600,False,False,False,
hai-test2.csv,1,P1_PCV01D,True,3_sigma_from_pre_median,25.25128,24.17892,300,2.467222143847526,False,3.0,3,True,False,89.0,3.1939604707467306,1.0,10,600,600,True,False,False,6.0
hai-test2.csv,1,P1_PCV01Z,True,3_sigma_from_pre_median,25.65918,24.35455,300,2.497731488619918,False,3.0,3,False,False,,2.944567914329232,1.0,10,600,600,False,False,False,
hai-test2.csv,1,P1_PCV02D,True,3_sigma_from_pre_median,12.0,12.0,300,0.06927210836219852,False,3.0,3,True,False,83.0,24.668081286991544,1.0,10,600,600,True,False,False,1.0
hai-test2.csv,1,P1_PCV02Z,True,3_sigma_from_pre_median,12.39166,12.39166,300,0.11872654359448429,False,3.0,3,True,False,92.0,10.795732455396328,1.0,10,600,600,False,True,True,
hai-test2.csv,1,P1_PIT01,True,3_sigma_from_pre_median,1.039655,0.85846,300,0.10877020856385412,False,3.0,3,True,False,69.0,6.793266370967946,1.0,10,600,600,True,False,False,80.0
hai-test2.csv,1,P1_PIT01_HH,True,change_from_pre_mode,524320.0,524320.0,300,0.0,True,3.0,3,False,False,,,1.0,10,600,600,False,False,False,
hai-test2.csv,1,P1_PIT02,True,3_sigma_from_pre_median,0.94086,0.89661,300,0.3667252175292831,False,3.0,3,False,False,,1.6996922224205315,1.0,10,600,600,False,False,False,
hai-test2.csv,1,P1_PP01AD,True,change_from_pre_mode,0.0,0.0,300,0.0,True,3.0,3,False,False,,,1.0,10,600,600,False,False,False,
hai-test2.csv,1,P1_PP01AR,True,change_from_pre_mode,0.0,0.0,300,0.0,True,3.0,3,False,False,,,1.0,10,600,600,False,False,False,
hai-test2.csv,1,P1_PP01BD,True,change_from_pre_mode,1.0,1.0,300,0.0,True,3.0,3,False,False,,,1.0,10,600,600,False,False,False,
hai-test2.csv,1,P1_PP01BR,True,change_from_pre_mode,1.0,1.0,300,0.0,True,3.0,3,False,False,,,1.0,10,600,600,False,False,False,
hai-test2.csv,1,P1_PP02D,True,change_from_pre_mode,1.0,1.0,300,0.0,True,3.0,3,False,False,,,1.0,10,600,600,False,False,False,
hai-test2.csv,1,P1_PP02R,True,change_from_pre_mode,1.0,1.0,300,0.0,True,3.0,3,False,False,,,1.0,10,600,600,False,False,False,
hai-test2.csv,1,P1_PP04,True,3_sigma_from_pre_median,0.0,0.0,300,17.14859399100902,False,3.0,3,False,False,,0.0,1.0,10,600,600,False,False,False,
hai-test2.csv,1,P1_PP04D,True,3_sigma_from_pre_median,0.0,0.0,300,0.49507705153684806,False,3.0,3,False,False,,0.0,1.0,10,600,600,False,False,False,
hai-test2.csv,1,P1_PP04SP,True,3_sigma_from_pre_median,27.12753,27.12753,300,0.2822382025676734,False,3.0,3,False,False,,0.0,1.0,10,600,600,False,False,False,
hai-test2.csv,1,P1_SOL01D,True,change_from_pre_mode,524320.0,524320.0,300,0.0,True,3.0,3,False,False,,,1.0,10,600,600,False,False,False,
hai-test2.csv,1,P1_SOL03D,True,change_from_pre_mode,524320.0,524320.0,300,0.0,True,3.0,3,False,False,,,1.0,10,600,600,False,False,False,
hai-test2.csv,1,P1_STSP,True,change_from_pre_mode,1.0,1.0,300,0.0,True,3.0,3,False,False,,,1.0,10,600,600,False,False,False,
hai-test2.csv,1,P1_TIT01,True,3_sigma_from_pre_median,30.77545,30.67627,300,1.3020195632059774,False,3.0,3,False,False,,0.5215129013330972,1.0,10,600,600,False,False,False,
hai-test2.csv,1,P1_TIT02,True,3_sigma_from_pre_median,35.33019,35.37598,300,2.1887095681347657,False,3.0,3,False,False,,0.5995587624347585,1.0,10,600,600,False,False,False,
hai-test2.csv,1,P1_TIT03,True,3_sigma_from_pre_median,26.20837,26.20837,300,1.2331199100797272,False,3.0,3,False,False,,0.6601385585829779,1.0,10,600,600,False,False,False,
hai-test2.csv,1,P2_24Vdc,True,3_sigma_from_pre_median,28.03341,28.03341,300,0.0035064224696394683,False,3.0,3,False,False,,4.203714791251416,1.0,10,600,600,False,False,False,
hai-test2.csv,1,P2_ATSW_Lamp,True,3_sigma_from_pre_median,1.0,1.0,300,0.386321898014947,False,3.0,3,False,False,,0.0,1.0,10,600,600,False,False,False,
hai-test2.csv,1,P2_AutoGO,True,3_sigma_from_pre_median,1.0,1.0,300,0.386321898014947,False,3.0,3,False,False,,0.0,1.0,10,600,600,False,False,False,
hai-test2.csv,1,P2_AutoSD,True,3_sigma_from_pre_median,129.34544,129.34544,300,9.050891107102233,False,3.0,3,False,False,,0.0,1.0,10,600,600,False,False,False,
hai-test2.csv,1,P2_Emerg,True,change_from_pre_mode,0.0,0.0,300,0.0,True,3.0,3,False,False,,,1.0,10,600,600,False,False,False,
hai-test2.csv,1,P2_MASW,True,3_sigma_from_pre_median,0.0,0.0,300,0.38632189801494704,False,3.0,3,False,False,,0.0,1.0,10,600,600,False,False,False,
hai-test2.csv,1,P2_MASW_Lamp,True,3_sigma_from_pre_median,0.0,0.0,300,0.38632189801494704,False,3.0,3,False,False,,0.0,1.0,10,600,600,False,False,False,
hai-test2.csv,1,P2_ManualGO,True,3_sigma_from_pre_median,0.0,0.0,300,0.38632189801494704,False,3.0,3,False,False,,0.0,1.0,10,600,600,False,False,False,
hai-test2.csv,1,P2_ManualSD,True,3_sigma_from_pre_median,12.45193,12.45193,300,4.414306207493221,False,3.0,3,False,False,,0.0,1.0,10,600,600,False,False,False,
hai-test2.csv,1,P2_OnOff,True,change_from_pre_mode,1.0,1.0,300,0.0,True,3.0,3,False,False,,,1.0,10,600,600,False,False,False,
hai-test2.csv,1,P2_RTR,True,change_from_pre_mode,2880.0,2880.0,300,0.0,True,3.0,3,False,False,,,1.0,10,600,600,False,False,False,
hai-test2.csv,1,P2_SCO,True,3_sigma_from_pre_median,54831.0,54830.0,300,179.70028495841728,False,3.0,3,False,False,,0.016694464344862898,1.0,10,600,600,False,False,False,
hai-test2.csv,1,P2_SCST,True,3_sigma_from_pre_median,720.45544,720.42029,300,0.25187557511890135,False,3.0,3,False,False,,1.1199974426529096,1.0,10,600,600,False,False,False,
hai-test2.csv,1,P2_SIT01,True,3_sigma_from_pre_median,930.0,929.0,300,34.040295273317895,False,3.0,3,False,False,,0.23501558772525427,1.0,10,600,600,False,False,False,
hai-test2.csv,1,P2_TripEx,True,change_from_pre_mode,1.0,1.0,300,0.0,True,3.0,3,False,False,,,1.0,10,600,600,False,False,False,
hai-test2.csv,1,P2_VIBTR01,True,3_sigma_from_pre_median,6.66425,6.1417,300,0.39473789413008264,False,3.0,3,False,False,,1.552295862930437,1.0,10,600,600,False,False,False,
hai-test2.csv,1,P2_VIBTR02,True,3_sigma_from_pre_median,-3.3655,-3.8132,300,0.36541918293693737,False,3.0,3,False,False,,1.7095435301977786,1.0,10,600,600,False,False,False,
hai-test2.csv,1,P2_VIBTR03,True,3_sigma_from_pre_median,9.6894,9.658,300,0.29310264016502074,False,3.0,3,False,False,,2.033758548419719,1.0,10,600,600,False,False,False,
hai-test2.csv,1,P2_VIBTR04,True,3_sigma_from_pre_median,-1.4341,-1.4714,300,0.2638662725045679,False,3.0,3,False,False,,1.9528831597493364,1.0,10,600,600,False,False,False,
hai-test2.csv,1,P2_VT01,True,3_sigma_from_pre_median,11.94075,11.99797,300,0.046671016450741364,False,3.0,3,False,False,,1.343231940666338,1.0,10,600,600,False,False,False,
hai-test2.csv,1,P2_VTR01,True,change_from_pre_mode,50.0,50.0,300,0.0,True,3.0,3,False,False,,,1.0,10,600,600,False,False,False,
hai-test2.csv,1,P2_VTR02,True,change_from_pre_mode,50.0,50.0,300,0.0,True,3.0,3,False,False,,,1.0,10,600,600,False,False,False,
hai-test2.csv,1,P2_VTR03,True,change_from_pre_mode,50.0,50.0,300,0.0,True,3.0,3,False,False,,,1.0,10,600,600,False,False,False,
hai-test2.csv,1,P2_VTR04,True,change_from_pre_mode,50.0,50.0,300,0.0,True,3.0,3,False,False,,,1.0,10,600,600,False,False,False,
hai-test2.csv,1,P3_FIT01,True,3_sigma_from_pre_median,470.0,27.0,300,1688.0235925813643,False,3.0,3,False,False,,2.7825440477506835,1.0,10,600,600,False,False,False,
hai-test2.csv,1,P3_LCP01D,True,3_sigma_from_pre_median,6224.0,13792.0,300,5147.799146350213,False,3.0,3,False,False,,1.3737909733743292,1.0,10,600,600,False,False,False,
hai-test2.csv,1,P3_LCV01D,True,3_sigma_from_pre_median,200.0,-128.0,300,6818.667649961868,False,3.0,3,False,False,,1.9440748076457621,1.0,10,600,600,False,False,False,
hai-test2.csv,1,P3_LH01,True,change_from_pre_mode,70.0,70.0,300,0.0,True,3.0,3,False,False,,,1.0,10,600,600,False,False,False,
hai-test2.csv,1,P3_LIT01,True,3_sigma_from_pre_median,18671.0,19219.0,300,3086.289589129662,False,3.0,3,False,False,,0.30327679012906666,1.0,10,600,600,False,False,False,
hai-test2.csv,1,P3_LL01,True,change_from_pre_mode,30.0,30.0,300,0.0,True,3.0,3,False,False,,,1.0,10,600,600,False,False,False,
hai-test2.csv,1,P3_PIT01,True,3_sigma_from_pre_median,23.5,23.0,300,1298.3940193880667,False,3.0,3,False,False,,2.7499356487199296,1.0,10,600,600,False,False,False,
hai-test2.csv,1,P4_HT_FD,True,3_sigma_from_pre_median,-0.00014,-0.00036,300,0.002085799588224817,False,3.0,3,False,False,,9.674946775291485,1.0,10,600,600,False,False,False,
hai-test2.csv,1,P4_HT_PO,True,3_sigma_from_pre_median,1.519085,0.01807,300,31.369744436378745,False,3.0,3,False,False,,1.9917903738973777,1.0,10,600,600,False,False,False,
hai-test2.csv,1,P4_HT_PS,True,3_sigma_from_pre_median,0.10037,0.10037,300,1.9005221520029272,False,3.0,3,False,False,,0.0,1.0,10,600,600,False,False,False,
hai-test2.csv,1,P4_LD,True,3_sigma_from_pre_median,334.31897,320.90924,300,61.17702962605878,False,3.0,3,False,False,,0.7054711590903442,1.0,10,600,600,False,False,False,
hai-test2.csv,1,P4_ST_FD,True,3_sigma_from_pre_median,3.5e-05,-0.00014,300,0.0016455065627984334,False,3.0,3,False,False,,2.4825182058543955,1.0,10,600,600,False,False,False,
hai-test2.csv,1,P4_ST_GOV,True,3_sigma_from_pre_median,17518.0,17225.0,300,1755.4259694594575,False,3.0,3,False,False,,0.6568206350251498,1.0,10,600,600,False,False,False,
hai-test2.csv,1,P4_ST_LD,True,3_sigma_from_pre_median,318.14233,312.57239,300,36.05910881852627,False,3.0,3,False,False,,0.9438680298863522,1.0,10,600,600,False,False,False,
hai-test2.csv,1,P4_ST_PO,True,3_sigma_from_pre_median,319.50771999999995,317.14771,300,32.463425616521704,False,3.0,3,False,False,,0.713890156687758,1.0,10,600,600,False,False,False,
hai-test2.csv,1,P4_ST_PS,True,3_sigma_from_pre_median,1.13254,1.13254,300,10.589736200432041,False,3.0,3,False,False,,0.0,1.0,10,600,600,False,False,False,
hai-test2.csv,1,P4_ST_PT01,True,3_sigma_from_pre_median,9944.0,9970.0,300,30.94037172182327,False,3.0,3,True,False,70.0,7.078130863099232,1.0,10,600,600,True,False,False,82.0
hai-test2.csv,1,P4_ST_TT01,True,3_sigma_from_pre_median,27146.0,27181.0,300,125.87160191980817,False,3.0,3,False,False,,0.5402330546593208,1.0,10,600,600,False,False,False,
hai-test2.csv,1,x1001_05_SETPOINT_OUT,True,3_sigma_from_pre_median,0.06822,0.06822,300,0.042114897148061825,False,3.0,3,False,False,,0.0,1.0,10,600,600,False,False,False,
hai-test2.csv,1,x1001_15_ASSIGN_OUT,True,3_sigma_from_pre_median,1.020335,0.85709,300,0.10307475471232287,False,3.0,3,False,False,,0.5967998679374562,1.0,10,600,600,False,False,False,
hai-test2.csv,1,x1002_07_SETPOINT_OUT,True,3_sigma_from_pre_median,326.29044,326.29044,300,24.671699804613976,False,3.0,3,False,False,,0.0,1.0,10,600,600,False,False,False,
hai-test2.csv,1,x1002_08_SETPOINT_OUT,True,3_sigma_from_pre_median,968.23212,968.23212,300,22.76031945742657,False,3.0,3,False,False,,0.0,1.0,10,600,600,False,False,False,
hai-test2.csv,1,x1003_10_SETPOINT_OUT,True,3_sigma_from_pre_median,2268.72888,2080.33105,300,1200.880152569592,False,3.0,3,False,False,,1.673216878220958,1.0,10,600,600,False,False,False,
hai-test2.csv,1,x1003_18_SETPOINT_OUT,True,3_sigma_from_pre_median,25.42054,25.42054,300,0.8117389494981301,False,3.0,3,False,False,,0.0,1.0,10,600,600,False,False,False,
hai-test2.csv,1,x1003_24_SUM_OUT,True,3_sigma_from_pre_median,29.09387,29.10742,300,0.8617764720875876,False,3.0,3,False,False,,0.23837968040872748,1.0,10,600,600,False,False,False,
hai-test2.csv,2,P1_FCV01D,True,3_sigma_from_pre_median,5.2098949999999995,4.07395,300,21.696137110751636,False,3.0,3,False,False,,0.10152060658339439,1.0,10,600,600,False,False,False,
hai-test2.csv,2,P1_FCV01Z,True,3_sigma_from_pre_median,5.09033,5.09033,300,21.93007692173577,False,3.0,3,False,False,,0.09254048707820817,1.0,10,600,600,False,False,False,
hai-test2.csv,2,P1_FCV02D,True,3_sigma_from_pre_median,100.0,100.0,300,41.89070266671058,False,3.0,3,False,False,,0.0,1.0,10,600,600,False,False,False,
hai-test2.csv,2,P1_FCV02Z,True,3_sigma_from_pre_median,97.34497,97.34497,300,39.02001795893345,False,3.0,3,False,False,,0.0001955406583364977,1.0,10,600,600,False,False,False,
hai-test2.csv,2,P1_FCV03D,True,3_sigma_from_pre_median,53.454750000000004,52.19657,300,2.3390876027010608,False,3.0,3,True,False,112.0,5.3378761811152655,1.0,10,600,600,True,False,False,91.0
hai-test2.csv,2,P1_FCV03Z,True,3_sigma_from_pre_median,53.96423,53.75061,300,2.4048024631317655,False,3.0,3,True,False,116.0,4.911135189299281,1.0,10,600,600,True,False,False,96.0
hai-test2.csv,2,P1_FT01,True,3_sigma_from_pre_median,58.78445,49.05701,300,10.923609818121934,False,3.0,3,True,False,63.0,5.308081391172293,1.0,10,600,600,True,False,False,3.0
hai-test2.csv,2,P1_FT01Z,True,3_sigma_from_pre_median,306.07104,255.42349,300,46.328484692484196,False,3.0,3,True,False,64.0,6.516515530432983,1.0,10,600,600,True,False,False,5.0
hai-test2.csv,2,P1_FT02,True,3_sigma_from_pre_median,4.99723,5.18801,300,917.5366466123356,False,3.0,3,False,False,,0.0008315308198500267,1.0,10,600,600,False,False,False,
hai-test2.csv,2,P1_FT02Z,True,3_sigma_from_pre_median,26.01891,26.01891,300,1200.8789655934509,False,3.0,3,False,False,,0.0033079603472252425,1.0,10,600,600,False,False,False,
hai-test2.csv,2,P1_FT03,True,3_sigma_from_pre_median,235.40498,232.16245,300,11.046936280510804,False,3.0,3,False,False,,2.7452715603604174,1.0,10,600,600,False,False,False,
hai-test2.csv,2,P1_FT03Z,True,3_sigma_from_pre_median,975.72339,968.33038,300,23.168311167308214,False,3.0,3,False,False,,2.98447303736009,1.0,10,600,600,False,False,False,
hai-test2.csv,2,P1_LCV01D,True,3_sigma_from_pre_median,14.94522,10.95217,300,3.266506894832349,False,3.0,3,True,False,62.0,5.562048568990541,1.0,10,600,600,True,False,False,255.0
hai-test2.csv,2,P1_LCV01Z,True,3_sigma_from_pre_median,15.14587,11.22437,300,3.187700744620662,False,3.0,3,True,False,63.0,4.657526282871568,1.0,10,600,600,True,False,False,260.0
hai-test2.csv,2,P1_LIT01,True,3_sigma_from_pre_median,327.5676,336.4108,300,26.00444265493099,False,3.0,3,True,False,127.0,5.382764470572402,1.0,10,600,600,True,False,False,64.0
hai-test2.csv,2,P1_PCV01D,True,3_sigma_from_pre_median,26.376694999999998,23.4964,300,2.467222143847526,False,3.0,3,True,False,71.0,10.338195554707337,1.0,10,600,600,True,False,False,173.0
hai-test2.csv,2,P1_PCV01Z,True,3_sigma_from_pre_median,26.84173,23.52295,300,2.497731488619918,False,3.0,3,True,False,74.0,10.605323318655127,1.0,10,600,600,True,False,False,176.0
hai-test2.csv,2,P1_PCV02D,True,3_sigma_from_pre_median,12.0,12.0,300,0.06927210836219852,False,3.0,3,True,False,70.0,179.5015381224548,1.0,10,600,600,True,False,False,15.0
hai-test2.csv,2,P1_PCV02Z,True,3_sigma_from_pre_median,11.79657,11.79657,300,0.11872654359448429,False,3.0,3,True,False,75.0,108.08568675114847,1.0,10,600,600,True,False,False,73.0
hai-test2.csv,2,P1_PIT01,True,3_sigma_from_pre_median,1.04576,1.01791,300,0.10877020856385412,False,3.0,3,True,False,63.0,9.227250855281774,1.0,10,600,600,True,False,False,251.0
hai-test2.csv,2,P1_PIT01_HH,True,change_from_pre_mode,524320.0,524320.0,300,0.0,True,3.0,3,False,False,,,1.0,10,600,600,False,False,False,
hai-test2.csv,2,P1_PIT02,True,3_sigma_from_pre_median,0.37247,0.37247,300,0.3667252175292831,False,3.0,3,False,False,,0.03326741499315033,1.0,10,600,600,False,False,False,
hai-test2.csv,2,P1_PP01AD,True,change_from_pre_mode,0.0,0.0,300,0.0,True,3.0,3,False,False,,,1.0,10,600,600,False,False,False,
hai-test2.csv,2,P1_PP01AR,True,change_from_pre_mode,0.0,0.0,300,0.0,True,3.0,3,False,False,,,1.0,10,600,600,False,False,False,
hai-test2.csv,2,P1_PP01BD,True,change_from_pre_mode,1.0,1.0,300,0.0,True,3.0,3,False,False,,,1.0,10,600,600,False,False,False,
hai-test2.csv,2,P1_PP01BR,True,change_from_pre_mode,1.0,1.0,300,0.0,True,3.0,3,False,False,,,1.0,10,600,600,False,False,False,
hai-test2.csv,2,P1_PP02D,True,change_from_pre_mode,1.0,1.0,300,0.0,True,3.0,3,False,False,,,1.0,10,600,600,False,False,False,
hai-test2.csv,2,P1_PP02R,True,change_from_pre_mode,1.0,1.0,300,0.0,True,3.0,3,False,False,,,1.0,10,600,600,False,False,False,
hai-test2.csv,2,P1_PP04,True,3_sigma_from_pre_median,9.6892,3.76543,300,17.14859399100902,False,3.0,3,False,False,,2.0591075873924938,1.0,10,600,600,False,False,False,
hai-test2.csv,2,P1_PP04D,True,3_sigma_from_pre_median,0.0,0.0,300,0.49507705153684806,False,3.0,3,False,False,,2.0198876051631554,1.0,10,600,600,False,False,False,
hai-test2.csv,2,P1_PP04SP,True,3_sigma_from_pre_median,27.12753,27.12753,300,0.2822382025676734,False,3.0,3,False,False,,0.0,1.0,10,600,600,False,False,False,
hai-test2.csv,2,P1_SOL01D,True,change_from_pre_mode,524320.0,524320.0,300,0.0,True,3.0,3,False,False,,,1.0,10,600,600,False,False,False,
hai-test2.csv,2,P1_SOL03D,True,change_from_pre_mode,524320.0,524320.0,300,0.0,True,3.0,3,False,False,,,1.0,10,600,600,False,False,False,
hai-test2.csv,2,P1_STSP,True,change_from_pre_mode,1.0,1.0,300,0.0,True,3.0,3,False,False,,,1.0,10,600,600,False,False,False,
hai-test2.csv,2,P1_TIT01,True,3_sigma_from_pre_median,31.13403,31.19506,300,1.3020195632059774,False,3.0,3,False,False,,0.09375435166229489,1.0,10,600,600,False,False,False,
hai-test2.csv,2,P1_TIT02,True,3_sigma_from_pre_median,38.82446,38.83972,300,2.1887095681347657,False,3.0,3,False,False,,0.020911865450930045,1.0,10,600,600,False,False,False,
hai-test2.csv,2,P1_TIT03,True,3_sigma_from_pre_median,27.92001,27.92001,300,1.2331199100797272,False,3.0,3,False,False,,0.6514289433118149,1.0,10,600,600,False,False,False,
hai-test2.csv,2,P2_24Vdc,True,3_sigma_from_pre_median,28.03341,28.03426,300,0.0035064224696394683,False,3.0,3,False,False,,3.4679221073015194,1.0,10,600,600,False,False,False,
hai-test2.csv,2,P2_ATSW_Lamp,True,3_sigma_from_pre_median,1.0,1.0,300,0.386321898014947,False,3.0,3,False,False,,0.0,1.0,10,600,600,False,False,False,
hai-test2.csv,2,P2_AutoGO,True,3_sigma_from_pre_median,1.0,1.0,300,0.386321898014947,False,3.0,3,False,False,,0.0,1.0,10,600,600,False,False,False,
hai-test2.csv,2,P2_AutoSD,True,3_sigma_from_pre_median,105.38428,105.38428,300,9.050891107102233,False,3.0,3,False,False,,0.0,1.0,10,600,600,False,False,False,
hai-test2.csv,2,P2_Emerg,True,change_from_pre_mode,0.0,0.0,300,0.0,True,3.0,3,False,False,,,1.0,10,600,600,False,False,False,
hai-test2.csv,2,P2_MASW,True,3_sigma_from_pre_median,0.0,0.0,300,0.38632189801494704,False,3.0,3,False,False,,0.0,1.0,10,600,600,False,False,False,
hai-test2.csv,2,P2_MASW_Lamp,True,3_sigma_from_pre_median,0.0,0.0,300,0.38632189801494704,False,3.0,3,False,False,,0.0,1.0,10,600,600,False,False,False,
hai-test2.csv,2,P2_ManualGO,True,3_sigma_from_pre_median,0.0,0.0,300,0.38632189801494704,False,3.0,3,False,False,,0.0,1.0,10,600,600,False,False,False,
hai-test2.csv,2,P2_ManualSD,True,3_sigma_from_pre_median,12.45193,12.45193,300,4.414306207493221,False,3.0,3,False,False,,0.0,1.0,10,600,600,False,False,False,
hai-test2.csv,2,P2_OnOff,True,change_from_pre_mode,1.0,1.0,300,0.0,True,3.0,3,False,False,,,1.0,10,600,600,False,False,False,
hai-test2.csv,2,P2_RTR,True,change_from_pre_mode,2880.0,2880.0,300,0.0,True,3.0,3,False,False,,,1.0,10,600,600,False,False,False,
hai-test2.csv,2,P2_SCO,True,3_sigma_from_pre_median,54704.0,54704.0,300,179.70028495841728,False,3.0,3,False,False,,0.011129642896575266,1.0,10,600,600,False,False,False,
hai-test2.csv,2,P2_SCST,True,3_sigma_from_pre_median,720.4168400000001,720.383,300,0.25187557511890135,False,3.0,3,False,False,,2.3664065073350646,1.0,10,600,600,False,False,False,
hai-test2.csv,2,P2_SIT01,True,3_sigma_from_pre_median,904.0,904.0,300,34.040295273317895,False,3.0,3,False,False,,0.23501558772525427,1.0,10,600,600,False,False,False,
hai-test2.csv,2,P2_TripEx,True,change_from_pre_mode,1.0,1.0,300,0.0,True,3.0,3,False,False,,,1.0,10,600,600,False,False,False,
hai-test2.csv,2,P2_VIBTR01,True,3_sigma_from_pre_median,6.6567,7.0096,300,0.39473789413008264,False,3.0,3,False,False,,1.6319689839245806,1.0,10,600,600,False,False,False,
hai-test2.csv,2,P2_VIBTR02,True,3_sigma_from_pre_median,-3.4145000000000003,-3.8574,300,0.36541918293693737,False,3.0,3,False,False,,1.3119179900381241,1.0,10,600,600,False,False,False,
hai-test2.csv,2,P2_VIBTR03,True,3_sigma_from_pre_median,9.6492,9.3197,300,0.29310264016502074,False,3.0,3,False,False,,1.2968153401347702,1.0,10,600,600,False,False,False,
hai-test2.csv,2,P2_VIBTR04,True,3_sigma_from_pre_median,-1.4472,-1.5667,300,0.2638662725045679,False,3.0,3,False,False,,0.9868635257107067,1.0,10,600,600,False,False,False,
hai-test2.csv,2,P2_VT01,True,3_sigma_from_pre_median,11.94589,11.95777,300,0.046671016450741364,False,3.0,3,False,False,,1.3616587945341363,1.0,10,600,600,False,False,False,
hai-test2.csv,2,P2_VTR01,True,change_from_pre_mode,50.0,50.0,300,0.0,True,3.0,3,False,False,,,1.0,10,600,600,False,False,False,
hai-test2.csv,2,P2_VTR02,True,change_from_pre_mode,50.0,50.0,300,0.0,True,3.0,3,False,False,,,1.0,10,600,600,False,False,False,
hai-test2.csv,2,P2_VTR03,True,change_from_pre_mode,50.0,50.0,300,0.0,True,3.0,3,False,False,,,1.0,10,600,600,False,False,False,
hai-test2.csv,2,P2_VTR04,True,change_from_pre_mode,50.0,50.0,300,0.0,True,3.0,3,False,False,,,1.0,10,600,600,False,False,False,
hai-test2.csv,2,P3_FIT01,True,3_sigma_from_pre_median,52.5,27.0,300,1688.0235925813643,False,3.0,3,False,False,,0.35514906464265167,1.0,10,600,600,False,False,False,
hai-test2.csv,2,P3_LCP01D,True,3_sigma_from_pre_median,9780.0,9760.0,300,5147.799146350213,False,3.0,3,False,False,,1.620109830025722,1.0,10,600,600,False,False,False,
hai-test2.csv,2,P3_LCV01D,True,3_sigma_from_pre_median,-128.0,-128.0,300,6818.667649961868,False,3.0,3,False,False,,1.5416501492133563,1.0,10,600,600,False,False,False,
hai-test2.csv,2,P3_LH01,True,change_from_pre_mode,70.0,70.0,300,0.0,True,3.0,3,False,False,,,1.0,10,600,600,False,False,False,
hai-test2.csv,2,P3_LIT01,True,3_sigma_from_pre_median,19211.0,19196.0,300,3086.289589129662,False,3.0,3,False,False,,0.1493702994118587,1.0,10,600,600,False,False,False,
hai-test2.csv,2,P3_LL01,True,change_from_pre_mode,30.0,30.0,300,0.0,True,3.0,3,False,False,,,1.0,10,600,600,False,False,False,
hai-test2.csv,2,P3_PIT01,True,3_sigma_from_pre_median,1276.5,1284.0,300,1298.3940193880667,False,3.0,3,False,False,,0.9677339707650445,1.0,10,600,600,False,False,False,
hai-test2.csv,2,P4_HT_FD,True,3_sigma_from_pre_median,-0.00022,-0.00029,300,0.002085799588224817,False,3.0,3,True,False,2.0,12.033754413271371,1.0,10,600,600,True,False,False,1.0
hai-test2.csv,2,P4_HT_PO,True,3_sigma_from_pre_median,0.05423,0.05423,300,31.369744436378745,False,3.0,3,False,False,,1.5703723726506302,1.0,10,600,600,False,False,False,
hai-test2.csv,2,P4_HT_PS,True,3_sigma_from_pre_median,0.10037,0.10037,300,1.9005221520029272,False,3.0,3,False,False,,0.0,1.0,10,600,600,False,False,False,
hai-test2.csv,2,P4_LD,True,3_sigma_from_pre_median,305.82684,306.51404,300,61.17702962605878,False,3.0,3,False,False,,1.518247952993721,1.0,10,600,600,False,False,False,
hai-test2.csv,2,P4_ST_FD,True,3_sigma_from_pre_median,0.0,0.0008,300,0.0016455065627984334,False,3.0,3,False,False,,3.4275159561857502,1.0,10,600,600,False,False,False,
hai-test2.csv,2,P4_ST_GOV,True,3_sigma_from_pre_median,16776.0,16089.0,300,1755.4259694594575,False,3.0,3,False,False,,1.3831400709809745,1.0,10,600,600,False,False,False,
hai-test2.csv,2,P4_ST_LD,True,3_sigma_from_pre_median,305.39282,304.61511,300,36.05910881852627,False,3.0,3,False,False,,1.613901782567085,1.0,10,600,600,False,False,False,
hai-test2.csv,2,P4_ST_PO,True,3_sigma_from_pre_median,305.05819499999996,293.60168,300,32.463425616521704,False,3.0,3,False,False,,1.4742955831390194,1.0,10,600,600,False,False,False,
hai-test2.csv,2,P4_ST_PS,True,3_sigma_from_pre_median,28.91504,28.91504,300,10.589736200432041,False,3.0,3,False,False,,0.0,1.0,10,600,600,False,False,False,
hai-test2.csv,2,P4_ST_PT01,True,3_sigma_from_pre_median,9946.0,9943.0,300,30.94037172182327,False,3.0,3,True,False,65.0,9.049665030446507,1.0,10,600,600,True,False,False,262.0
hai-test2.csv,2,P4_ST_TT01,True,3_sigma_from_pre_median,27180.0,27178.0,300,125.87160191980817,False,3.0,3,False,False,,0.11916905617485019,1.0,10,600,600,False,False,False,
hai-test2.csv,2,x1001_05_SETPOINT_OUT,True,3_sigma_from_pre_median,0.13029,0.13029,300,0.042114897148061825,False,3.0,3,False,False,,0.0,1.0,10,600,600,False,False,False,
hai-test2.csv,2,x1001_15_ASSIGN_OUT,True,3_sigma_from_pre_median,1.040975,1.00235,300,0.10307475471232287,False,3.0,3,False,False,,1.3318004043097513,1.0,10,600,600,False,False,False,
hai-test2.csv,2,x1002_07_SETPOINT_OUT,True,3_sigma_from_pre_median,326.29044,326.29044,300,24.671699804613976,False,3.0,3,False,False,,0.0,1.0,10,600,600,False,False,False,
hai-test2.csv,2,x1002_08_SETPOINT_OUT,True,3_sigma_from_pre_median,974.7641,974.7641,300,22.76031945742657,False,3.0,3,False,False,,0.0,1.0,10,600,600,False,False,False,
hai-test2.csv,2,x1003_10_SETPOINT_OUT,True,3_sigma_from_pre_median,26.01891,26.01891,300,1200.880152569592,False,3.0,3,False,False,,0.003307957077565069,1.0,10,600,600,False,False,False,
hai-test2.csv,2,x1003_18_SETPOINT_OUT,True,3_sigma_from_pre_median,25.42054,25.42054,300,0.8117389494981301,False,3.0,3,False,False,,0.0,1.0,10,600,600,False,False,False,
hai-test2.csv,2,x1003_24_SUM_OUT,True,3_sigma_from_pre_median,28.956165,28.82742,300,0.8617764720875876,False,3.0,3,False,False,,0.530967153108232,1.0,10,600,600,False,False,False,
hai-test2.csv,3,P1_FCV01D,True,3_sigma_from_pre_median,57.085094999999995,48.73507,300,21.696137110751636,False,3.0,3,False,False,,0.6823484256404168,1.0,10,600,600,False,False,False,
hai-test2.csv,3,P1_FCV01Z,True,3_sigma_from_pre_median,57.53479,58.48846,300,21.93007692173577,False,3.0,3,False,False,,0.6376940696518595,1.0,10,600,600,False,False,False,
hai-test2.csv,3,P1_FCV02D,True,3_sigma_from_pre_median,15.0,15.0,300,41.89070266671058,False,3.0,3,False,False,,0.0,1.0,10,600,600,False,False,False,
hai-test2.csv,3,P1_FCV02Z,True,3_sigma_from_pre_median,12.44507,12.44507,300,39.02001795893345,False,3.0,3,False,False,,0.00019554065833667978,1.0,10,600,600,False,False,False,
hai-test2.csv,3,P1_FCV03D,True,3_sigma_from_pre_median,52.02754,51.21066,300,2.3390876027010608,False,3.0,3,False,False,,0.3294318686953767,1.0,10,600,600,False,False,False,
hai-test2.csv,3,P1_FCV03Z,True,3_sigma_from_pre_median,52.80456,52.80456,300,2.4048024631317655,False,3.0,3,False,False,,0.003172817774838102,1.0,10,600,600,False,False,False,
hai-test2.csv,3,P1_FT01,True,3_sigma_from_pre_median,57.735445,55.92348,300,10.923609818121934,False,3.0,3,False,False,,2.6627694950935976,1.0,10,600,600,False,False,False,
hai-test2.csv,3,P1_FT01Z,True,3_sigma_from_pre_median,300.609205,291.1749,300,46.328484692484196,False,3.0,3,True,False,16.0,3.2689740665005815,1.0,10,600,600,True,False,False,1.0
hai-test2.csv,3,P1_FT02,True,3_sigma_from_pre_median,2349.414915,2354.66016,300,917.5366466123356,False,3.0,3,False,False,,0.5707268880577478,1.0,10,600,600,False,False,False,
hai-test2.csv,3,P1_FT02Z,True,3_sigma_from_pre_median,3091.216185,3094.65698,300,1200.8789655934509,False,3.0,3,False,False,,0.30516211500040846,1.0,10,600,600,False,False,False,
hai-test2.csv,3,P1_FT03,True,3_sigma_from_pre_median,234.45125,233.49759,300,11.046936280510804,False,3.0,3,False,False,,0.3971128183059613,1.0,10,600,600,False,False,False,
hai-test2.csv,3,P1_FT03Z,True,3_sigma_from_pre_median,973.54883,971.37451,300,23.168311167308214,False,3.0,3,False,False,,0.4317159730707366,1.0,10,600,600,False,False,False,
hai-test2.csv,3,P1_LCV01D,True,3_sigma_from_pre_median,15.958175,12.82811,300,3.266506894832349,False,3.0,3,False,False,,2.7498013288170355,1.0,10,600,600,False,False,False,
hai-test2.csv,3,P1_LCV01Z,True,3_sigma_from_pre_median,15.62653,13.00964,300,3.187700744620662,False,3.0,3,False,False,,2.7188875915111597,1.0,10,600,600,False,False,False,
hai-test2.csv,3,P1_LIT01,True,3_sigma_from_pre_median,355.78412,345.40738,300,26.00444265493099,False,3.0,3,False,False,,0.4069000878199394,1.0,10,600,600,False,False,False,
hai-test2.csv,3,P1_PCV01D,True,3_sigma_from_pre_median,26.031505,23.94476,300,2.467222143847526,False,3.0,3,False,False,,1.6356269377944563,1.0,10,600,600,False,False,False,
hai-test2.csv,3,P1_PCV01Z,True,3_sigma_from_pre_median,26.61286,26.61286,300,2.497731488619918,False,3.0,3,False,False,,1.66165979766433,1.0,10,600,600,False,False,False,
hai-test2.csv,3,P1_PCV02D,True,3_sigma_from_pre_median,12.0,12.0,300,0.06927210836219852,False,3.0,3,False,False,,0.0,1.0,10,600,600,False,False,False,
hai-test2.csv,3,P1_PCV02Z,True,3_sigma_from_pre_median,11.8042,11.8042,300,0.11872654359448429,False,3.0,3,False,False,,0.06426532575614508,1.0,10,600,600,False,False,False,
hai-test2.csv,3,P1_PIT01,True,3_sigma_from_pre_median,1.04538,1.04309,300,0.10877020856385412,False,3.0,3,False,False,,2.5040864000927585,1.0,10,600,600,False,False,False,
hai-test2.csv,3,P1_PIT01_HH,True,change_from_pre_mode,524320.0,524320.0,300,0.0,True,3.0,3,False,False,,,1.0,10,600,600,False,False,False,
hai-test2.csv,3,P1_PIT02,True,3_sigma_from_pre_median,0.42511,0.41901,300,0.3667252175292831,False,3.0,3,False,False,,0.6220461236260213,1.0,10,600,600,False,False,False,
hai-test2.csv,3,P1_PP01AD,True,change_from_pre_mode,0.0,0.0,300,0.0,True,3.0,3,False,False,,,1.0,10,600,600,False,False,False,
hai-test2.csv,3,P1_PP01AR,True,change_from_pre_mode,0.0,0.0,300,0.0,True,3.0,3,False,False,,,1.0,10,600,600,False,False,False,
hai-test2.csv,3,P1_PP01BD,True,change_from_pre_mode,1.0,1.0,300,0.0,True,3.0,3,False,False,,,1.0,10,600,600,False,False,False,
hai-test2.csv,3,P1_PP01BR,True,change_from_pre_mode,1.0,1.0,300,0.0,True,3.0,3,False,False,,,1.0,10,600,600,False,False,False,
hai-test2.csv,3,P1_PP02D,True,change_from_pre_mode,1.0,1.0,300,0.0,True,3.0,3,False,False,,,1.0,10,600,600,False,False,False,
hai-test2.csv,3,P1_PP02R,True,change_from_pre_mode,1.0,1.0,300,0.0,True,3.0,3,False,False,,,1.0,10,600,600,False,False,False,
hai-test2.csv,3,P1_PP04,True,3_sigma_from_pre_median,0.0,0.0,300,17.14859399100902,False,3.0,3,False,False,,0.0,1.0,10,600,600,False,False,False,
hai-test2.csv,3,P1_PP04D,True,3_sigma_from_pre_median,0.0,0.0,300,0.49507705153684806,False,3.0,3,False,False,,0.0,1.0,10,600,600,False,False,False,
hai-test2.csv,3,P1_PP04SP,True,3_sigma_from_pre_median,27.12753,27.12753,300,0.2822382025676734,False,3.0,3,False,False,,0.0,1.0,10,600,600,False,False,False,
hai-test2.csv,3,P1_SOL01D,True,change_from_pre_mode,524320.0,524320.0,300,0.0,True,3.0,3,False,False,,,1.0,10,600,600,False,False,False,
hai-test2.csv,3,P1_SOL03D,True,change_from_pre_mode,524320.0,524320.0,300,0.0,True,3.0,3,False,False,,,1.0,10,600,600,False,False,False,
hai-test2.csv,3,P1_STSP,True,change_from_pre_mode,1.0,1.0,300,0.0,True,3.0,3,False,False,,,1.0,10,600,600,False,False,False,
hai-test2.csv,3,P1_TIT01,True,3_sigma_from_pre_median,29.48608,29.54712,300,1.3020195632059774,False,3.0,3,False,False,,0.6680007156408653,1.0,10,600,600,False,False,False,
hai-test2.csv,3,P1_TIT02,True,3_sigma_from_pre_median,34.15527,33.89587,300,2.1887095681347657,False,3.0,3,False,False,,0.27189080207984795,1.0,10,600,600,False,False,False,
hai-test2.csv,3,P1_TIT03,True,3_sigma_from_pre_median,25.68353,25.68353,300,1.2331199100797272,False,3.0,3,False,False,,0.48219965888115046,1.0,10,600,600,False,False,False,
hai-test2.csv,3,P2_24Vdc,True,3_sigma_from_pre_median,28.03257,28.03253,300,0.0035064224696394683,False,3.0,3,False,False,,2.9488745550568276,1.0,10,600,600,False,False,False,
hai-test2.csv,3,P2_ATSW_Lamp,True,3_sigma_from_pre_median,1.0,1.0,300,0.386321898014947,False,3.0,3,False,False,,0.0,1.0,10,600,600,False,False,False,
hai-test2.csv,3,P2_AutoGO,True,3_sigma_from_pre_median,1.0,1.0,300,0.386321898014947,False,3.0,3,False,False,,0.0,1.0,10,600,600,False,False,False,
hai-test2.csv,3,P2_AutoSD,True,3_sigma_from_pre_median,105.38428,105.38428,300,9.050891107102233,False,3.0,3,False,False,,0.0,1.0,10,600,600,False,False,False,
hai-test2.csv,3,P2_Emerg,True,change_from_pre_mode,0.0,0.0,300,0.0,True,3.0,3,False,False,,,1.0,10,600,600,False,False,False,
hai-test2.csv,3,P2_MASW,True,3_sigma_from_pre_median,0.0,0.0,300,0.38632189801494704,False,3.0,3,False,False,,0.0,1.0,10,600,600,False,False,False,
hai-test2.csv,3,P2_MASW_Lamp,True,3_sigma_from_pre_median,0.0,0.0,300,0.38632189801494704,False,3.0,3,False,False,,0.0,1.0,10,600,600,False,False,False,
hai-test2.csv,3,P2_ManualGO,True,3_sigma_from_pre_median,0.0,0.0,300,0.38632189801494704,False,3.0,3,False,False,,0.0,1.0,10,600,600,False,False,False,
hai-test2.csv,3,P2_ManualSD,True,3_sigma_from_pre_median,12.45193,12.45193,300,4.414306207493221,False,3.0,3,False,False,,0.0,1.0,10,600,600,False,False,False,
hai-test2.csv,3,P2_OnOff,True,change_from_pre_mode,1.0,1.0,300,0.0,True,3.0,3,False,False,,,1.0,10,600,600,False,False,False,
hai-test2.csv,3,P2_RTR,True,change_from_pre_mode,2880.0,2880.0,300,0.0,True,3.0,3,False,False,,,1.0,10,600,600,False,False,False,
hai-test2.csv,3,P2_SCO,True,3_sigma_from_pre_median,54704.0,54704.0,300,179.70028495841728,False,3.0,3,False,False,,0.011129642896575266,1.0,10,600,600,False,False,False,
hai-test2.csv,3,P2_SCST,True,3_sigma_from_pre_median,720.36316,720.35815,300,0.25187557511890135,False,3.0,3,False,False,,1.8096633617009938,1.0,10,600,600,False,False,False,
hai-test2.csv,3,P2_SIT01,True,3_sigma_from_pre_median,904.0,904.0,300,34.040295273317895,False,3.0,3,False,False,,0.1468847423282839,1.0,10,600,600,False,False,False,
hai-test2.csv,3,P2_TripEx,True,change_from_pre_mode,1.0,1.0,300,0.0,True,3.0,3,False,False,,,1.0,10,600,600,False,False,False,
hai-test2.csv,3,P2_VIBTR01,True,3_sigma_from_pre_median,6.6257,6.0844,300,0.39473789413008264,False,3.0,3,False,False,,1.3695163500615173,1.0,10,600,600,False,False,False,
hai-test2.csv,3,P2_VIBTR02,True,3_sigma_from_pre_median,-3.3101000000000003,-3.8365,300,0.36541918293693737,False,3.0,3,False,False,,1.4126242521019574,1.0,10,600,600,False,False,False,
hai-test2.csv,3,P2_VIBTR03,True,3_sigma_from_pre_median,9.5767,9.3845,300,0.29310264016502074,False,3.0,3,False,False,,1.4203215630047512,1.0,10,600,600,False,False,False,
hai-test2.csv,3,P2_VIBTR04,True,3_sigma_from_pre_median,-1.4337499999999999,-1.3416,300,0.2638662725045679,False,3.0,3,False,False,,1.1674474235606112,1.0,10,600,600,False,False,False,
hai-test2.csv,3,P2_VT01,True,3_sigma_from_pre_median,11.950925000000002,11.96846,300,0.046671016450741364,False,3.0,3,False,False,,1.3429105420524148,1.0,10,600,600,False,False,False,
hai-test2.csv,3,P2_VTR01,True,change_from_pre_mode,50.0,50.0,300,0.0,True,3.0,3,False,False,,,1.0,10,600,600,False,False,False,
hai-test2.csv,3,P2_VTR02,True,change_from_pre_mode,50.0,50.0,300,0.0,True,3.0,3,False,False,,,1.0,10,600,600,False,False,False,
hai-test2.csv,3,P2_VTR03,True,change_from_pre_mode,50.0,50.0,300,0.0,True,3.0,3,False,False,,,1.0,10,600,600,False,False,False,
hai-test2.csv,3,P2_VTR04,True,change_from_pre_mode,50.0,50.0,300,0.0,True,3.0,3,False,False,,,1.0,10,600,600,False,False,False,
hai-test2.csv,3,P3_FIT01,True,3_sigma_from_pre_median,28.0,28.0,300,1688.0235925813643,False,3.0,3,False,False,,2.9347931046533717,1.0,10,600,600,False,False,False,
hai-test2.csv,3,P3_LCP01D,True,3_sigma_from_pre_median,4328.0,248.0,300,5147.799146350213,False,3.0,3,False,False,,1.41730471461243,1.0,10,600,600,False,False,False,
hai-test2.csv,3,P3_LCV01D,True,3_sigma_from_pre_median,712.0,-144.0,300,6818.667649961868,False,3.0,3,False,False,,2.1341412643980937,1.0,10,600,600,False,False,False,
hai-test2.csv,3,P3_LH01,True,change_from_pre_mode,70.0,70.0,300,0.0,True,3.0,3,False,False,,,1.0,10,600,600,False,False,False,
hai-test2.csv,3,P3_LIT01,True,3_sigma_from_pre_median,18986.0,19032.0,300,3086.289589129662,False,3.0,3,False,False,,0.27573562863230316,1.0,10,600,600,False,False,False,
hai-test2.csv,3,P3_LL01,True,change_from_pre_mode,30.0,30.0,300,0.0,True,3.0,3,False,False,,,1.0,10,600,600,False,False,False,
hai-test2.csv,3,P3_PIT01,True,3_sigma_from_pre_median,23.0,23.0,300,1298.3940193880667,False,3.0,3,False,False,,0.7732629579372103,1.0,10,600,600,False,False,False,
hai-test2.csv,3,P4_HT_FD,True,3_sigma_from_pre_median,-0.00014,-0.00029,300,0.002085799588224817,False,3.0,3,False,False,,4.789530142971355,1.0,10,600,600,False,False,False,
hai-test2.csv,3,P4_HT_PO,True,3_sigma_from_pre_median,3.4179700000000004,0.05423,300,31.369744436378745,False,3.0,3,False,False,,2.1111233511740055,1.0,10,600,600,False,False,False,
hai-test2.csv,3,P4_HT_PS,True,3_sigma_from_pre_median,0.10037,0.10037,300,1.9005221520029272,False,3.0,3,False,False,,0.0,1.0,10,600,600,False,False,False,
hai-test2.csv,3,P4_LD,True,3_sigma_from_pre_median,316.442445,303.71094,300,61.17702962605878,False,3.0,3,False,False,,2.4133532782230884,1.0,10,600,600,False,False,False,
hai-test2.csv,3,P4_ST_FD,True,3_sigma_from_pre_median,7e-05,0.00101,300,0.0016455065627984334,False,3.0,3,False,False,,2.8137232051666707,1.0,10,600,600,False,False,False,
hai-test2.csv,3,P4_ST_GOV,True,3_sigma_from_pre_median,17051.0,15425.0,300,1755.4259694594575,False,3.0,3,False,False,,1.9129260125016936,1.0,10,600,600,False,False,False,
hai-test2.csv,3,P4_ST_LD,True,3_sigma_from_pre_median,307.92465500000003,302.24609,300,36.05910881852627,False,3.0,3,False,False,,2.203192413873052,1.0,10,600,600,False,False,False,
hai-test2.csv,3,P4_ST_PO,True,3_sigma_from_pre_median,311.67715499999997,282.8233,300,32.463425616521704,False,3.0,3,False,False,,1.9589456070105826,1.0,10,600,600,False,False,False,
hai-test2.csv,3,P4_ST_PS,True,3_sigma_from_pre_median,28.91504,28.91504,300,10.589736200432041,False,3.0,3,False,False,,0.0,1.0,10,600,600,False,False,False,
hai-test2.csv,3,P4_ST_PT01,True,3_sigma_from_pre_median,9947.0,9970.0,300,30.94037172182327,False,3.0,3,False,False,,2.520978115624384,1.0,10,600,600,False,False,False,
hai-test2.csv,3,P4_ST_TT01,True,3_sigma_from_pre_median,27020.0,27018.0,300,125.87160191980817,False,3.0,3,False,False,,0.675291318324151,1.0,10,600,600,False,False,False,
hai-test2.csv,3,x1001_05_SETPOINT_OUT,True,3_sigma_from_pre_median,0.13029,0.13029,300,0.042114897148061825,False,3.0,3,False,False,,0.0,1.0,10,600,600,False,False,False,
hai-test2.csv,3,x1001_15_ASSIGN_OUT,True,3_sigma_from_pre_median,1.0551650000000001,1.03554,300,0.10307475471232287,False,3.0,3,False,False,,1.6948378920480183,1.0,10,600,600,False,False,False,
hai-test2.csv,3,x1002_07_SETPOINT_OUT,True,3_sigma_from_pre_median,358.00452,358.00452,300,24.671699804613976,False,3.0,3,False,False,,0.0,1.0,10,600,600,False,False,False,
hai-test2.csv,3,x1002_08_SETPOINT_OUT,True,3_sigma_from_pre_median,974.7641,974.7641,300,22.76031945742657,False,3.0,3,False,False,,0.0,1.0,10,600,600,False,False,False,
hai-test2.csv,3,x1003_10_SETPOINT_OUT,True,3_sigma_from_pre_median,3091.216185,3094.65698,300,1200.880152569592,False,3.0,3,False,False,,0.3051618133715166,1.0,10,600,600,False,False,False,
hai-test2.csv,3,x1003_18_SETPOINT_OUT,True,3_sigma_from_pre_median,25.42054,25.42054,300,0.8117389494981301,False,3.0,3,False,False,,0.0,1.0,10,600,600,False,False,False,
hai-test2.csv,3,x1003_24_SUM_OUT,True,3_sigma_from_pre_median,29.00423,28.93804,300,0.8617764720875876,False,3.0,3,False,False,,0.6858971196650692,1.0,10,600,600,False,False,False,
hai-test2.csv,4,P1_FCV01D,True,3_sigma_from_pre_median,1.154115,0.28567,300,21.696137110751636,False,3.0,3,False,False,,0.4112573106656075,1.0,10,600,600,False,False,False,
hai-test2.csv,4,P1_FCV01Z,True,3_sigma_from_pre_median,0.34485,0.34485,300,21.93007692173577,False,3.0,3,False,False,,0.420954747808031,1.0,10,600,600,False,False,False,
hai-test2.csv,4,P1_FCV02D,True,3_sigma_from_pre_median,100.0,100.0,300,41.89070266671058,False,3.0,3,False,False,,0.0,1.0,10,600,600,False,False,False,
hai-test2.csv,4,P1_FCV02Z,True,3_sigma_from_pre_median,97.3526,97.3526,300,39.02001795893345,False,3.0,3,False,False,,0.0,1.0,10,600,600,False,False,False,
hai-test2.csv,4,P1_FCV03D,True,3_sigma_from_pre_median,53.233684999999994,52.47938,300,2.3390876027010608,False,3.0,3,False,False,,0.18035451067024952,1.0,10,600,600,False,False,False,
hai-test2.csv,4,P1_FCV03Z,True,3_sigma_from_pre_median,53.98712,54.10156,300,2.4048024631317655,False,3.0,3,False,False,,0.10469466987825742,1.0,10,600,600,False,False,False,
hai-test2.csv,4,P1_FT01,True,3_sigma_from_pre_median,61.83621,62.21769,300,10.923609818121934,False,3.0,3,False,False,,1.9556136071942538,1.0,10,600,600,False,False,False,
hai-test2.csv,4,P1_FT01Z,True,3_sigma_from_pre_median,322.457185,323.94675,300,46.328484692484196,False,3.0,3,False,False,,2.390106340300044,1.0,10,600,600,False,False,False,
hai-test2.csv,4,P1_FT02,True,3_sigma_from_pre_median,4.80653,4.80653,300,917.5366466123356,False,3.0,3,False,False,,0.046980183471857055,1.0,10,600,600,False,False,False,
hai-test2.csv,4,P1_FT02Z,True,3_sigma_from_pre_median,25.02598,25.02598,300,1200.8789655934509,False,3.0,3,False,False,,0.18689545443831362,1.0,10,600,600,False,False,False,
hai-test2.csv,4,P1_FT03,True,3_sigma_from_pre_median,245.89539,245.5139,300,11.046936280510804,False,3.0,3,False,False,,0.3280484206642344,1.0,10,600,600,False,False,False,
hai-test2.csv,4,P1_FT03Z,True,3_sigma_from_pre_median,999.64148,998.77167,300,23.168311167308214,False,3.0,3,False,False,,0.3566323820641244,1.0,10,600,600,False,False,False,
hai-test2.csv,4,P1_LCV01D,True,3_sigma_from_pre_median,13.639045,12.73996,300,3.266506894832349,False,3.0,3,False,False,,2.0199268553323053,1.0,10,600,600,False,False,False,
hai-test2.csv,4,P1_LCV01Z,True,3_sigma_from_pre_median,13.71918,12.88757,300,3.187700744620662,False,3.0,3,False,False,,2.161228594505296,1.0,10,600,600,False,False,False,
hai-test2.csv,4,P1_LIT01,True,3_sigma_from_pre_median,361.50923,362.53156,300,26.00444265493099,False,3.0,3,False,False,,0.27322715946202825,1.0,10,600,600,False,False,False,
hai-test2.csv,4,P1_PCV01D,True,3_sigma_from_pre_median,28.871434999999998,27.87127,300,2.467222143847526,False,3.0,3,False,False,,2.6440890279246605,1.0,10,600,600,False,False,False,
hai-test2.csv,4,P1_PCV01Z,True,3_sigma_from_pre_median,29.45862,29.45862,300,2.497731488619918,False,3.0,3,False,False,,2.4558404407950434,1.0,10,600,600,False,False,False,
hai-test2.csv,4,P1_PCV02D,True,3_sigma_from_pre_median,12.0,12.0,300,0.06927210836219852,False,3.0,3,False,False,,0.0,1.0,10,600,600,False,False,False,
hai-test2.csv,4,P1_PCV02Z,True,3_sigma_from_pre_median,11.79657,11.79657,300,0.11872654359448429,False,3.0,3,False,False,,0.12853065151229015,1.0,10,600,600,False,False,False,
hai-test2.csv,4,P1_PIT01,True,3_sigma_from_pre_median,1.2117,1.21246,300,0.10877020856385412,False,3.0,3,False,False,,1.8798345861400527,1.0,10,600,600,False,False,False,
hai-test2.csv,4,P1_PIT01_HH,True,change_from_pre_mode,524320.0,524320.0,300,0.0,True,3.0,3,False,False,,,1.0,10,600,600,False,False,False,
hai-test2.csv,4,P1_PIT02,True,3_sigma_from_pre_median,0.37476,0.37476,300,0.3667252175292831,False,3.0,3,False,False,,0.1539572336486285,1.0,10,600,600,False,False,False,
hai-test2.csv,4,P1_PP01AD,True,change_from_pre_mode,0.0,0.0,300,0.0,True,3.0,3,False,False,,,1.0,10,600,600,False,False,False,
hai-test2.csv,4,P1_PP01AR,True,change_from_pre_mode,0.0,0.0,300,0.0,True,3.0,3,False,False,,,1.0,10,600,600,False,False,False,
hai-test2.csv,4,P1_PP01BD,True,change_from_pre_mode,1.0,1.0,300,0.0,True,3.0,3,False,False,,,1.0,10,600,600,False,False,False,
hai-test2.csv,4,P1_PP01BR,True,change_from_pre_mode,1.0,1.0,300,0.0,True,3.0,3,False,False,,,1.0,10,600,600,False,False,False,
hai-test2.csv,4,P1_PP02D,True,change_from_pre_mode,1.0,1.0,300,0.0,True,3.0,3,False,False,,,1.0,10,600,600,False,False,False,
hai-test2.csv,4,P1_PP02R,True,change_from_pre_mode,1.0,1.0,300,0.0,True,3.0,3,False,False,,,1.0,10,600,600,False,False,False,
hai-test2.csv,4,P1_PP04,True,3_sigma_from_pre_median,40.0,40.0,300,17.14859399100902,False,3.0,3,False,False,,0.0,1.0,10,600,600,False,False,False,
hai-test2.csv,4,P1_PP04D,True,3_sigma_from_pre_median,1.0,1.0,300,0.49507705153684806,False,3.0,3,False,False,,0.0,1.0,10,600,600,False,False,False,
hai-test2.csv,4,P1_PP04SP,True,3_sigma_from_pre_median,27.12753,27.12753,300,0.2822382025676734,False,3.0,3,False,False,,0.0,1.0,10,600,600,False,False,False,
hai-test2.csv,4,P1_SOL01D,True,change_from_pre_mode,524320.0,524320.0,300,0.0,True,3.0,3,False,False,,,1.0,10,600,600,False,False,False,
hai-test2.csv,4,P1_SOL03D,True,change_from_pre_mode,524320.0,524320.0,300,0.0,True,3.0,3,False,False,,,1.0,10,600,600,False,False,False,
hai-test2.csv,4,P1_STSP,True,change_from_pre_mode,1.0,1.0,300,0.0,True,3.0,3,False,False,,,1.0,10,600,600,False,False,False,
hai-test2.csv,4,P1_TIT01,True,3_sigma_from_pre_median,30.18036,30.18799,300,1.3020195632059774,False,3.0,3,False,False,,0.978572086015912,1.0,10,600,600,False,False,False,
hai-test2.csv,4,P1_TIT02,True,3_sigma_from_pre_median,38.93127,38.87023,300,2.1887095681347657,False,3.0,3,False,False,,0.09063331329476323,1.0,10,600,600,False,False,False,
hai-test2.csv,4,P1_TIT03,True,3_sigma_from_pre_median,29.17084,29.17084,300,1.2331199100797272,False,3.0,3,False,False,,0.28386533794379176,1.0,10,600,600,False,False,False,
hai-test2.csv,4,P2_24Vdc,True,3_sigma_from_pre_median,28.03257,28.03341,300,0.0035064224696394683,False,3.0,3,False,False,,2.4583460990902295,1.0,10,600,600,False,False,False,
hai-test2.csv,4,P2_ATSW_Lamp,True,3_sigma_from_pre_median,0.0,0.0,300,0.386321898014947,False,3.0,3,False,False,,0.0,1.0,10,600,600,False,False,False,
hai-test2.csv,4,P2_AutoGO,True,3_sigma_from_pre_median,0.0,0.0,300,0.386321898014947,False,3.0,3,False,False,,0.0,1.0,10,600,600,False,False,False,
hai-test2.csv,4,P2_AutoSD,True,3_sigma_from_pre_median,105.38428,105.38428,300,9.050891107102233,False,3.0,3,False,False,,0.0,1.0,10,600,600,False,False,False,
hai-test2.csv,4,P2_Emerg,True,change_from_pre_mode,0.0,0.0,300,0.0,True,3.0,3,False,False,,,1.0,10,600,600,False,False,False,
hai-test2.csv,4,P2_MASW,True,3_sigma_from_pre_median,1.0,1.0,300,0.38632189801494704,False,3.0,3,False,False,,0.0,1.0,10,600,600,False,False,False,
hai-test2.csv,4,P2_MASW_Lamp,True,3_sigma_from_pre_median,1.0,1.0,300,0.38632189801494704,False,3.0,3,False,False,,0.0,1.0,10,600,600,False,False,False,
hai-test2.csv,4,P2_ManualGO,True,3_sigma_from_pre_median,1.0,1.0,300,0.38632189801494704,False,3.0,3,False,False,,0.0,1.0,10,600,600,False,False,False,
hai-test2.csv,4,P2_ManualSD,True,3_sigma_from_pre_median,12.65975,12.65975,300,4.414306207493221,False,3.0,3,False,False,,0.0,1.0,10,600,600,False,False,False,
hai-test2.csv,4,P2_OnOff,True,change_from_pre_mode,1.0,1.0,300,0.0,True,3.0,3,False,False,,,1.0,10,600,600,False,False,False,
hai-test2.csv,4,P2_RTR,True,change_from_pre_mode,2880.0,2880.0,300,0.0,True,3.0,3,False,False,,,1.0,10,600,600,False,False,False,
hai-test2.csv,4,P2_SCO,True,3_sigma_from_pre_median,54283.0,54283.0,300,179.70028495841728,False,3.0,3,False,False,,0.0,1.0,10,600,600,False,False,False,
hai-test2.csv,4,P2_SCST,True,3_sigma_from_pre_median,720.37759,720.33942,300,0.25187557511890135,False,3.0,3,False,False,,1.8080752759970726,1.0,10,600,600,False,False,False,
hai-test2.csv,4,P2_SIT01,True,3_sigma_from_pre_median,823.0,823.0,300,34.040295273317895,False,3.0,3,False,False,,0.2643925361909111,1.0,10,600,600,False,False,False,
hai-test2.csv,4,P2_TripEx,True,change_from_pre_mode,1.0,1.0,300,0.0,True,3.0,3,False,False,,,1.0,10,600,600,False,False,False,
hai-test2.csv,4,P2_VIBTR01,True,3_sigma_from_pre_median,6.5991,5.8741,300,0.39473789413008264,False,3.0,3,False,False,,1.9316615185384876,1.0,10,600,600,False,False,False,
hai-test2.csv,4,P2_VIBTR02,True,3_sigma_from_pre_median,-3.1138500000000002,-3.5951,300,0.36541918293693737,False,3.0,3,False,False,,1.805734429967991,1.0,10,600,600,False,False,False,
hai-test2.csv,4,P2_VIBTR03,True,3_sigma_from_pre_median,9.4336,9.1453,300,0.29310264016502074,False,3.0,3,False,False,,1.5356395280048942,1.0,10,600,600,False,False,False,
hai-test2.csv,4,P2_VIBTR04,True,3_sigma_from_pre_median,-1.0322,-1.1751,300,0.2638662725045679,False,3.0,3,False,False,,1.512508575695634,1.0,10,600,600,False,False,False,
hai-test2.csv,4,P2_VT01,True,3_sigma_from_pre_median,11.93646,11.99665,300,0.046671016450741364,False,3.0,3,False,False,,1.9431760200834405,1.0,10,600,600,False,False,False,
hai-test2.csv,4,P2_VTR01,True,change_from_pre_mode,50.0,50.0,300,0.0,True,3.0,3,False,False,,,1.0,10,600,600,False,False,False,
hai-test2.csv,4,P2_VTR02,True,change_from_pre_mode,50.0,50.0,300,0.0,True,3.0,3,False,False,,,1.0,10,600,600,False,False,False,
hai-test2.csv,4,P2_VTR03,True,change_from_pre_mode,50.0,50.0,300,0.0,True,3.0,3,False,False,,,1.0,10,600,600,False,False,False,
hai-test2.csv,4,P2_VTR04,True,change_from_pre_mode,50.0,50.0,300,0.0,True,3.0,3,False,False,,,1.0,10,600,600,False,False,False,
hai-test2.csv,4,P3_FIT01,True,3_sigma_from_pre_median,68.5,26.0,300,1688.0235925813643,False,3.0,3,False,False,,1.9291791976793913,1.0,10,600,600,False,False,False,
hai-test2.csv,4,P3_LCP01D,True,3_sigma_from_pre_median,68.0,-8.0,300,5147.799146350213,False,3.0,3,False,False,,1.5595014047297957,1.0,10,600,600,False,False,False,
hai-test2.csv,4,P3_LCV01D,True,3_sigma_from_pre_median,14784.0,16400.0,300,6818.667649961868,False,3.0,3,False,False,,2.1845910029187743,1.0,10,600,600,False,False,False,
hai-test2.csv,4,P3_LH01,True,change_from_pre_mode,70.0,70.0,300,0.0,True,3.0,3,False,False,,,1.0,10,600,600,False,False,False,
hai-test2.csv,4,P3_LIT01,True,3_sigma_from_pre_median,10264.0,10809.0,300,3086.289589129662,False,3.0,3,False,False,,0.7170422399098554,1.0,10,600,600,False,False,False,
hai-test2.csv,4,P3_LL01,True,change_from_pre_mode,30.0,30.0,300,0.0,True,3.0,3,False,False,,,1.0,10,600,600,False,False,False,
hai-test2.csv,4,P3_PIT01,True,3_sigma_from_pre_median,22.0,22.0,300,1298.3940193880667,False,3.0,3,False,False,,0.18099282381996457,1.0,10,600,600,False,False,False,
hai-test2.csv,4,P4_HT_FD,True,3_sigma_from_pre_median,-0.00029,-7e-05,300,0.002085799588224817,False,3.0,3,False,False,,6.4867210044446875,1.0,10,600,600,False,False,False,
hai-test2.csv,4,P4_HT_PO,True,3_sigma_from_pre_median,68.549255,76.06342,300,31.369744436378745,False,3.0,3,False,False,,2.183474115924513,1.0,10,600,600,False,False,False,
hai-test2.csv,4,P4_HT_PS,True,3_sigma_from_pre_median,0.87694,0.87694,300,1.9005221520029272,False,3.0,3,False,False,,0.0,1.0,10,600,600,False,False,False,
hai-test2.csv,4,P4_LD,True,3_sigma_from_pre_median,424.099425,348.86792,300,61.17702962605878,False,3.0,3,False,False,,1.682903135855187,1.0,10,600,600,False,False,False,
hai-test2.csv,4,P4_ST_FD,True,3_sigma_from_pre_median,-7e-05,-0.00065,300,0.0016455065627984334,False,3.0,3,False,False,,2.9899607277365057,1.0,10,600,600,False,False,False,
hai-test2.csv,4,P4_ST_GOV,True,3_sigma_from_pre_median,19259.0,20744.0,300,1755.4259694594575,False,3.0,3,True,False,54.0,3.6560926587956732,1.0,10,600,600,True,False,False,1.0
hai-test2.csv,4,P4_ST_LD,True,3_sigma_from_pre_median,357.43994499999997,333.67694,300,36.05910881852627,False,3.0,3,True,False,48.0,3.377761375439837,1.0,10,600,600,True,False,False,6.0
hai-test2.csv,4,P4_ST_PO,True,3_sigma_from_pre_median,353.307615,379.52112,300,32.463425616521704,False,3.0,3,True,False,54.0,3.642980146242231,1.0,10,600,600,True,False,False,1.0
hai-test2.csv,4,P4_ST_PS,True,3_sigma_from_pre_median,28.91504,28.91504,300,10.589736200432041,False,3.0,3,False,False,,0.0,1.0,10,600,600,False,False,False,
hai-test2.csv,4,P4_ST_PT01,True,3_sigma_from_pre_median,9998.0,9998.0,300,30.94037172182327,False,3.0,3,False,False,,1.7129723093345173,1.0,10,600,600,False,False,False,
hai-test2.csv,4,P4_ST_TT01,True,3_sigma_from_pre_median,27088.5,27027.0,300,125.87160191980817,False,3.0,3,False,False,,1.0288261849762066,1.0,10,600,600,False,False,False,
hai-test2.csv,4,x1001_05_SETPOINT_OUT,True,3_sigma_from_pre_median,0.13029,0.13029,300,0.042114897148061825,False,3.0,3,False,False,,0.0,1.0,10,600,600,False,False,False,
hai-test2.csv,4,x1001_15_ASSIGN_OUT,True,3_sigma_from_pre_median,1.175105,1.12663,300,0.10307475471232287,False,3.0,3,True,False,61.0,3.3868137835914216,1.0,10,600,600,True,False,False,1.0
hai-test2.csv,4,x1002_07_SETPOINT_OUT,True,3_sigma_from_pre_median,358.00452,358.00452,300,24.671699804613976,False,3.0,3,False,False,,0.0,1.0,10,600,600,False,False,False,
hai-test2.csv,4,x1002_08_SETPOINT_OUT,True,3_sigma_from_pre_median,1000.08887,1000.08887,300,22.76031945742657,False,3.0,3,False,False,,0.0,1.0,10,600,600,False,False,False,
hai-test2.csv,4,x1003_10_SETPOINT_OUT,True,3_sigma_from_pre_median,25.02598,25.02598,300,1200.880152569592,False,3.0,3,False,False,,0.18689526970676917,1.0,10,600,600,False,False,False,
hai-test2.csv,4,x1003_18_SETPOINT_OUT,True,3_sigma_from_pre_median,25.42054,25.42054,300,0.8117389494981301,False,3.0,3,False,False,,0.0,1.0,10,600,600,False,False,False,
hai-test2.csv,4,x1003_24_SUM_OUT,True,3_sigma_from_pre_median,29.405344999999997,29.29701,300,0.8617764720875876,False,3.0,3,False,False,,1.347884326879076,1.0,10,600,600,False,False,False,
hai-test2.csv,5,P1_FCV01D,True,3_sigma_from_pre_median,59.054010000000005,55.26204,300,21.696137110751636,False,3.0,3,False,False,,0.17325618753290464,1.0,10,600,600,False,False,False,
hai-test2.csv,5,P1_FCV01Z,True,3_sigma_from_pre_median,58.49609,58.49609,300,21.93007692173577,False,3.0,3,False,False,,0.19447446605957627,1.0,10,600,600,False,False,False,
hai-test2.csv,5,P1_FCV02D,True,3_sigma_from_pre_median,15.0,15.0,300,41.89070266671058,False,3.0,3,False,False,,0.0,1.0,10,600,600,False,False,False,
hai-test2.csv,5,P1_FCV02Z,True,3_sigma_from_pre_median,12.68921,12.68921,300,39.02001795893345,False,3.0,3,False,False,,0.00019554065833667978,1.0,10,600,600,False,False,False,
hai-test2.csv,5,P1_FCV03D,True,3_sigma_from_pre_median,53.229625,52.83236,300,2.3390876027010608,False,3.0,3,False,False,,0.533778640251963,1.0,10,600,600,False,False,False,
hai-test2.csv,5,P1_FCV03Z,True,3_sigma_from_pre_median,53.75061,53.75061,300,2.4048024631317655,False,3.0,3,False,False,,0.47588524111441555,1.0,10,600,600,False,False,False,
hai-test2.csv,5,P1_FT01,True,3_sigma_from_pre_median,62.31308,57.8308,300,10.923609818121934,False,3.0,3,True,False,8.0,7.447025420575304,1.0,10,600,600,True,False,False,60.0
hai-test2.csv,5,P1_FT01Z,True,3_sigma_from_pre_median,324.443405,301.10565,300,46.328484692484196,False,3.0,3,True,False,8.0,9.142410717972664,1.0,10,600,600,True,False,False,68.0
hai-test2.csv,5,P1_FT02,True,3_sigma_from_pre_median,2354.3739,2370.10962,300,917.5366466123356,False,3.0,3,False,False,,0.060180321084580955,1.0,10,600,600,False,False,False,
hai-test2.csv,5,P1_FT02Z,True,3_sigma_from_pre_median,3094.34424,3104.79199,300,1200.8789655934509,False,3.0,3,False,False,,0.03026774641026191,1.0,10,600,600,False,False,False,
hai-test2.csv,5,P1_FT03,True,3_sigma_from_pre_median,246.65834,247.23051,300,11.046936280510804,False,3.0,3,False,False,,0.4661726898058898,1.0,10,600,600,False,False,False,
hai-test2.csv,5,P1_FT03Z,True,3_sigma_from_pre_median,1001.38104,1002.68555,300,23.168311167308214,False,3.0,3,False,False,,0.4593407746964606,1.0,10,600,600,False,False,False,
hai-test2.csv,5,P1_LCV01D,True,3_sigma_from_pre_median,13.74952,12.47624,300,3.266506894832349,False,3.0,3,True,False,1.0,8.35407390174836,1.0,10,600,600,True,False,False,41.0
hai-test2.csv,5,P1_LCV01Z,True,3_sigma_from_pre_median,14.07776,13.00964,300,3.187700744620662,False,3.0,3,True,False,9.0,4.197997576335372,1.0,10,600,600,True,False,False,47.0
hai-test2.csv,5,P1_LIT01,True,3_sigma_from_pre_median,359.66904,355.3241,300,26.00444265493099,False,3.0,3,False,False,,1.0182325516974344,1.0,10,600,600,False,False,False,
hai-test2.csv,5,P1_PCV01D,True,3_sigma_from_pre_median,30.337069999999997,28.31409,300,2.467222143847526,False,3.0,3,False,False,,3.2332962071910583,1.0,10,600,600,False,False,False,
hai-test2.csv,5,P1_PCV01Z,True,3_sigma_from_pre_median,30.52673,30.52673,300,2.497731488619918,False,3.0,3,False,False,,3.039257836395548,1.0,10,600,600,False,False,False,
hai-test2.csv,5,P1_PCV02D,True,3_sigma_from_pre_median,12.0,12.0,300,0.06927210836219852,False,3.0,3,False,False,,0.0,1.0,10,600,600,False,False,False,
hai-test2.csv,5,P1_PCV02Z,True,3_sigma_from_pre_median,11.79657,11.79657,300,0.11872654359448429,False,3.0,3,False,False,,0.12853065151229015,1.0,10,600,600,False,False,False,
hai-test2.csv,5,P1_PIT01,True,3_sigma_from_pre_median,1.20941,1.16974,300,0.10877020856385412,False,3.0,3,True,False,58.0,7.133479012725234,1.0,10,600,600,True,False,False,18.0
hai-test2.csv,5,P1_PIT01_HH,True,change_from_pre_mode,524320.0,524320.0,300,0.0,True,3.0,3,False,False,,,1.0,10,600,600,False,False,False,
hai-test2.csv,5,P1_PIT02,True,3_sigma_from_pre_median,0.41519,0.41214,300,0.3667252175292831,False,3.0,3,False,False,,0.047855994518835175,1.0,10,600,600,False,False,False,
hai-test2.csv,5,P1_PP01AD,True,change_from_pre_mode,0.0,0.0,300,0.0,True,3.0,3,False,False,,,1.0,10,600,600,False,False,False,
hai-test2.csv,5,P1_PP01AR,True,change_from_pre_mode,0.0,0.0,300,0.0,True,3.0,3,False,False,,,1.0,10,600,600,False,False,False,
hai-test2.csv,5,P1_PP01BD,True,change_from_pre_mode,1.0,1.0,300,0.0,True,3.0,3,False,False,,,1.0,10,600,600,False,False,False,
hai-test2.csv,5,P1_PP01BR,True,change_from_pre_mode,1.0,1.0,300,0.0,True,3.0,3,False,False,,,1.0,10,600,600,False,False,False,
hai-test2.csv,5,P1_PP02D,True,change_from_pre_mode,1.0,1.0,300,0.0,True,3.0,3,False,False,,,1.0,10,600,600,False,False,False,
hai-test2.csv,5,P1_PP02R,True,change_from_pre_mode,1.0,1.0,300,0.0,True,3.0,3,False,False,,,1.0,10,600,600,False,False,False,
hai-test2.csv,5,P1_PP04,True,3_sigma_from_pre_median,8.72113,0.0,300,17.14859399100902,False,3.0,3,False,False,,0.5085623931951783,1.0,10,600,600,False,False,False,
hai-test2.csv,5,P1_PP04D,True,3_sigma_from_pre_median,0.0,0.0,300,0.49507705153684806,False,3.0,3,False,False,,0.0,1.0,10,600,600,False,False,False,
hai-test2.csv,5,P1_PP04SP,True,3_sigma_from_pre_median,27.12753,27.12753,300,0.2822382025676734,False,3.0,3,False,False,,0.0,1.0,10,600,600,False,False,False,
hai-test2.csv,5,P1_SOL01D,True,change_from_pre_mode,524320.0,524320.0,300,0.0,True,3.0,3,False,False,,,1.0,10,600,600,False,False,False,
hai-test2.csv,5,P1_SOL03D,True,change_from_pre_mode,524320.0,524320.0,300,0.0,True,3.0,3,False,False,,,1.0,10,600,600,False,False,False,
hai-test2.csv,5,P1_STSP,True,change_from_pre_mode,1.0,1.0,300,0.0,True,3.0,3,False,False,,,1.0,10,600,600,False,False,False,
hai-test2.csv,5,P1_TIT01,True,3_sigma_from_pre_median,28.9215,28.79943,300,1.3020195632059774,False,3.0,3,False,False,,0.6562804616360587,1.0,10,600,600,False,False,False,
hai-test2.csv,5,P1_TIT02,True,3_sigma_from_pre_median,34.12476,34.1095,300,2.1887095681347657,False,3.0,3,False,False,,0.14640133376538736,1.0,10,600,600,False,False,False,
hai-test2.csv,5,P1_TIT03,True,3_sigma_from_pre_median,25.81381,25.81381,300,1.2331199100797272,False,3.0,3,False,False,,0.1061940521190125,1.0,10,600,600,False,False,False,
hai-test2.csv,5,P2_24Vdc,True,3_sigma_from_pre_median,28.03341,28.03257,300,0.0035064224696394683,False,3.0,3,False,False,,2.224489509617358,1.0,10,600,600,False,False,False,
hai-test2.csv,5,P2_ATSW_Lamp,True,3_sigma_from_pre_median,0.0,0.0,300,0.386321898014947,False,3.0,3,False,False,,0.0,1.0,10,600,600,False,False,False,
hai-test2.csv,5,P2_AutoGO,True,3_sigma_from_pre_median,0.0,0.0,300,0.386321898014947,False,3.0,3,False,False,,0.0,1.0,10,600,600,False,False,False,
hai-test2.csv,5,P2_AutoSD,True,3_sigma_from_pre_median,105.38428,105.38428,300,9.050891107102233,False,3.0,3,False,False,,0.0,1.0,10,600,600,False,False,False,
hai-test2.csv,5,P2_Emerg,True,change_from_pre_mode,0.0,0.0,300,0.0,True,3.0,3,False,False,,,1.0,10,600,600,False,False,False,
hai-test2.csv,5,P2_MASW,True,3_sigma_from_pre_median,1.0,1.0,300,0.38632189801494704,False,3.0,3,False,False,,0.0,1.0,10,600,600,False,False,False,
hai-test2.csv,5,P2_MASW_Lamp,True,3_sigma_from_pre_median,1.0,1.0,300,0.38632189801494704,False,3.0,3,False,False,,0.0,1.0,10,600,600,False,False,False,
hai-test2.csv,5,P2_ManualGO,True,3_sigma_from_pre_median,1.0,1.0,300,0.38632189801494704,False,3.0,3,False,False,,0.0,1.0,10,600,600,False,False,False,
hai-test2.csv,5,P2_ManualSD,True,3_sigma_from_pre_median,12.65975,12.65975,300,4.414306207493221,False,3.0,3,False,False,,0.0,1.0,10,600,600,False,False,False,
hai-test2.csv,5,P2_OnOff,True,change_from_pre_mode,1.0,1.0,300,0.0,True,3.0,3,False,False,,,1.0,10,600,600,False,False,False,
hai-test2.csv,5,P2_RTR,True,change_from_pre_mode,2880.0,2880.0,300,0.0,True,3.0,3,False,False,,,1.0,10,600,600,False,False,False,
hai-test2.csv,5,P2_SCO,True,3_sigma_from_pre_median,54283.0,54283.0,300,179.70028495841728,False,3.0,3,False,False,,0.0,1.0,10,600,600,False,False,False,
hai-test2.csv,5,P2_SCST,True,3_sigma_from_pre_median,720.4256,720.14648,300,0.25187557511890135,False,3.0,3,False,False,,1.8188742587831956,1.0,10,600,600,False,False,False,
hai-test2.csv,5,P2_SIT01,True,3_sigma_from_pre_median,824.0,825.0,300,34.040295273317895,False,3.0,3,False,False,,0.2056386392595975,1.0,10,600,600,False,False,False,
hai-test2.csv,5,P2_TripEx,True,change_from_pre_mode,1.0,1.0,300,0.0,True,3.0,3,False,False,,,1.0,10,600,600,False,False,False,
hai-test2.csv,5,P2_VIBTR01,True,3_sigma_from_pre_median,6.6406,6.0658,300,0.39473789413008264,False,3.0,3,False,False,,1.6124623692455695,1.0,10,600,600,False,False,False,
hai-test2.csv,5,P2_VIBTR02,True,3_sigma_from_pre_median,-3.4028,-3.9933,300,0.36541918293693737,False,3.0,3,False,False,,1.606100684925687,1.0,10,600,600,False,False,False,
hai-test2.csv,5,P2_VIBTR03,True,3_sigma_from_pre_median,9.661750000000001,9.3779,300,0.29310264016502074,False,3.0,3,False,False,,1.4723511182193016,1.0,10,600,600,False,False,False,
hai-test2.csv,5,P2_VIBTR04,True,3_sigma_from_pre_median,-1.5725,-1.8125,300,0.2638662725045679,False,3.0,3,False,False,,1.6155910945102696,1.0,10,600,600,False,False,False,
hai-test2.csv,5,P2_VT01,True,3_sigma_from_pre_median,11.94726,11.85462,300,0.046671016450741364,False,3.0,3,False,False,,1.894109165016821,1.0,10,600,600,False,False,False,
hai-test2.csv,5,P2_VTR01,True,change_from_pre_mode,50.0,50.0,300,0.0,True,3.0,3,False,False,,,1.0,10,600,600,False,False,False,
hai-test2.csv,5,P2_VTR02,True,change_from_pre_mode,50.0,50.0,300,0.0,True,3.0,3,False,False,,,1.0,10,600,600,False,False,False,
hai-test2.csv,5,P2_VTR03,True,change_from_pre_mode,50.0,50.0,300,0.0,True,3.0,3,False,False,,,1.0,10,600,600,False,False,False,
hai-test2.csv,5,P2_VTR04,True,change_from_pre_mode,50.0,50.0,300,0.0,True,3.0,3,False,False,,,1.0,10,600,600,False,False,False,
hai-test2.csv,5,P3_FIT01,True,3_sigma_from_pre_median,28.0,27.0,300,1688.0235925813643,False,3.0,3,True,False,40.0,3.1753110700327154,1.0,10,600,600,True,False,False,7.0
hai-test2.csv,5,P3_LCP01D,True,3_sigma_from_pre_median,16.0,0.0,300,5147.799146350213,False,3.0,3,False,False,,2.632581344905106,1.0,10,600,600,False,False,False,
hai-test2.csv,5,P3_LCV01D,True,3_sigma_from_pre_median,11776.0,-144.0,300,6818.667649961868,False,3.0,3,False,False,,1.7504886016943133,1.0,10,600,600,False,False,False,
hai-test2.csv,5,P3_LH01,True,change_from_pre_mode,70.0,70.0,300,0.0,True,3.0,3,False,False,,,1.0,10,600,600,False,False,False,
hai-test2.csv,5,P3_LIT01,True,3_sigma_from_pre_median,8763.0,8312.0,300,3086.289589129662,False,3.0,3,False,False,,0.4212177640681482,1.0,10,600,600,False,False,False,
hai-test2.csv,5,P3_LL01,True,change_from_pre_mode,30.0,30.0,300,0.0,True,3.0,3,False,False,,,1.0,10,600,600,False,False,False,
hai-test2.csv,5,P3_PIT01,True,3_sigma_from_pre_median,23.0,23.0,300,1298.3940193880667,False,3.0,3,True,False,64.0,3.2309144507436227,1.0,10,600,600,True,False,False,15.0
hai-test2.csv,5,P4_HT_FD,True,3_sigma_from_pre_median,-0.00014,-0.00014,300,0.002085799588224817,False,3.0,3,False,False,,0.10547513828365346,1.0,10,600,600,False,False,False,
hai-test2.csv,5,P4_HT_PO,True,3_sigma_from_pre_median,55.474180000000004,0.07236,300,31.369744436378745,False,3.0,3,False,False,,1.7678215425844805,1.0,10,600,600,False,False,False,
hai-test2.csv,5,P4_HT_PS,True,3_sigma_from_pre_median,0.87694,0.87694,300,1.9005221520029272,False,3.0,3,False,False,,0.0,1.0,10,600,600,False,False,False,
hai-test2.csv,5,P4_LD,True,3_sigma_from_pre_median,416.07894999999996,398.85339,300,61.17702962605878,False,3.0,3,False,False,,2.3718202875641614,1.0,10,600,600,False,False,False,
hai-test2.csv,5,P4_ST_FD,True,3_sigma_from_pre_median,-7e-05,-0.00087,300,0.0016455065627984334,False,3.0,3,False,False,,2.552405499287261,1.0,10,600,600,False,False,False,
hai-test2.csv,5,P4_ST_GOV,True,3_sigma_from_pre_median,19831.0,17611.0,300,1755.4259694594575,False,3.0,3,False,False,,2.602217398781339,1.0,10,600,600,False,False,False,
hai-test2.csv,5,P4_ST_LD,True,3_sigma_from_pre_median,364.58334,378.43604,300,36.05910881852627,False,3.0,3,False,False,,2.567801119711207,1.0,10,600,600,False,False,False,
hai-test2.csv,5,P4_ST_PO,True,3_sigma_from_pre_median,363.299345,340.63947,300,32.463425616521704,False,3.0,3,False,False,,2.5898331246105943,1.0,10,600,600,False,False,False,
hai-test2.csv,5,P4_ST_PS,True,3_sigma_from_pre_median,28.91504,28.91504,300,10.589736200432041,False,3.0,3,False,False,,0.0,1.0,10,600,600,False,False,False,
hai-test2.csv,5,P4_ST_PT01,True,3_sigma_from_pre_median,9998.0,9998.0,300,30.94037172182327,False,3.0,3,True,False,59.0,7.175091559854016,1.0,10,600,600,True,False,False,18.0
hai-test2.csv,5,P4_ST_TT01,True,3_sigma_from_pre_median,26967.0,26951.0,300,125.87160191980817,False,3.0,3,False,False,,0.659402110834171,1.0,10,600,600,False,False,False,
hai-test2.csv,5,x1001_05_SETPOINT_OUT,True,3_sigma_from_pre_median,0.16277,0.16277,300,0.042114897148061825,False,3.0,3,False,False,,0.0,1.0,10,600,600,False,False,False,
hai-test2.csv,5,x1001_15_ASSIGN_OUT,True,3_sigma_from_pre_median,1.23831,1.25101,300,0.10307475471232287,False,3.0,3,False,False,,2.391565235231446,1.0,10,600,600,False,False,False,
hai-test2.csv,5,x1002_07_SETPOINT_OUT,True,3_sigma_from_pre_median,358.00452,358.00452,300,24.671699804613976,False,3.0,3,False,False,,0.0,1.0,10,600,600,False,False,False,
hai-test2.csv,5,x1002_08_SETPOINT_OUT,True,3_sigma_from_pre_median,1000.08887,1000.08887,300,22.76031945742657,False,3.0,3,False,False,,0.0,1.0,10,600,600,False,False,False,
hai-test2.csv,5,x1003_10_SETPOINT_OUT,True,3_sigma_from_pre_median,3094.093995,3104.79199,300,1200.880152569592,False,3.0,3,False,False,,0.030476101151050577,1.0,10,600,600,False,False,False,
hai-test2.csv,5,x1003_18_SETPOINT_OUT,True,3_sigma_from_pre_median,25.42054,25.42054,300,0.8117389494981301,False,3.0,3,False,False,,0.0,1.0,10,600,600,False,False,False,
hai-test2.csv,5,x1003_24_SUM_OUT,True,3_sigma_from_pre_median,29.506435,29.63346,300,0.8617764720875876,False,3.0,3,False,False,,0.9543716110137785,1.0,10,600,600,False,False,False,
hai-test2.csv,6,P1_FCV01D,True,3_sigma_from_pre_median,16.255969999999998,8.88898,300,21.696137110751636,False,3.0,3,False,False,,0.5480749840075123,1.0,10,600,600,False,False,False,
hai-test2.csv,6,P1_FCV01Z,True,3_sigma_from_pre_median,16.896819999999998,9.25598,300,21.93007692173577,False,3.0,3,False,False,,0.5902063201233649,1.0,10,600,600,False,False,False,
hai-test2.csv,6,P1_FCV02D,True,3_sigma_from_pre_median,15.0,15.0,300,41.89070266671058,False,3.0,3,False,False,,2.029089859778056,1.0,10,600,600,False,False,False,
hai-test2.csv,6,P1_FCV02Z,True,3_sigma_from_pre_median,12.33063,12.323,300,39.02001795893345,False,3.0,3,False,False,,2.1758034578393257,1.0,10,600,600,False,False,False,
hai-test2.csv,6,P1_FCV03D,True,3_sigma_from_pre_median,51.387119999999996,50.51252,300,2.3390876027010608,False,3.0,3,False,False,,1.457730781892301,1.0,10,600,600,False,False,False,
hai-test2.csv,6,P1_FCV03Z,True,3_sigma_from_pre_median,51.98822,51.98822,300,2.4048024631317655,False,3.0,3,False,False,,1.1801925702886686,1.0,10,600,600,False,False,False,
hai-test2.csv,6,P1_FT01,True,3_sigma_from_pre_median,58.78445,62.98064,300,10.923609818121934,False,3.0,3,True,False,55.0,5.168392220155899,1.0,10,600,600,True,False,False,1.0
hai-test2.csv,6,P1_FT01Z,True,3_sigma_from_pre_median,306.5677,329.90546,300,46.328484692484196,False,3.0,3,True,False,41.0,6.355744893330572,1.0,10,600,600,True,False,False,7.0
hai-test2.csv,6,P1_FT02,True,3_sigma_from_pre_median,363.19731,47.14962,300,917.5366466123356,False,3.0,3,False,False,,0.3906010526372165,1.0,10,600,600,False,False,False,
hai-test2.csv,6,P1_FT02Z,True,3_sigma_from_pre_median,1200.1793200000002,245.49232,300,1200.8789655934509,False,3.0,3,False,False,,0.9785776699146883,1.0,10,600,600,False,False,False,
hai-test2.csv,6,P1_FT03,True,3_sigma_from_pre_median,231.01802,231.78098,300,11.046936280510804,False,3.0,3,False,False,,2.2445662191194846,1.0,10,600,600,False,False,False,
hai-test2.csv,6,P1_FT03Z,True,3_sigma_from_pre_median,965.72107,967.46063,300,23.168311167308214,False,3.0,3,False,False,,2.28757588834463,1.0,10,600,600,False,False,False,
hai-test2.csv,6,P1_LCV01D,True,3_sigma_from_pre_median,15.680865,11.29084,300,3.266506894832349,False,3.0,3,True,False,139.0,3.728057338334507,1.0,10,600,600,True,False,False,73.0
hai-test2.csv,6,P1_LCV01Z,True,3_sigma_from_pre_median,15.61889,11.70502,300,3.187700744620662,False,3.0,3,True,False,141.0,3.7959052525302,1.0,10,600,600,True,False,False,80.0
hai-test2.csv,6,P1_LIT01,True,3_sigma_from_pre_median,352.02704,360.99808,300,26.00444265493099,False,3.0,3,False,False,,1.05066624047869,1.0,10,600,600,False,False,False,
hai-test2.csv,6,P1_PCV01D,True,3_sigma_from_pre_median,25.538135,23.41843,300,2.467222143847526,False,3.0,3,True,False,38.0,11.750561282977712,1.0,10,600,600,True,False,False,38.0
hai-test2.csv,6,P1_PCV01Z,True,3_sigma_from_pre_median,26.1322,23.52295,300,2.497731488619918,False,3.0,3,True,False,41.0,11.536960690647318,1.0,10,600,600,True,False,False,39.0
hai-test2.csv,6,P1_PCV02D,True,3_sigma_from_pre_median,12.0,12.0,300,0.06927210836219852,False,3.0,3,False,False,,0.0,1.0,10,600,600,False,False,False,
hai-test2.csv,6,P1_PCV02Z,True,3_sigma_from_pre_median,11.79657,11.79657,300,0.11872654359448429,False,3.0,3,False,False,,0.12853065151229015,1.0,10,600,600,False,False,False,
hai-test2.csv,6,P1_PIT01,True,3_sigma_from_pre_median,1.030885,0.95078,300,0.10877020856385412,False,3.0,3,True,False,159.0,4.93797894746786,1.0,10,600,600,True,False,False,80.0
hai-test2.csv,6,P1_PIT01_HH,True,change_from_pre_mode,524320.0,524320.0,300,0.0,True,3.0,3,False,False,,,1.0,10,600,600,False,False,False,
hai-test2.csv,6,P1_PIT02,True,3_sigma_from_pre_median,1.10336,0.31754,300,0.3667252175292831,False,3.0,3,False,False,,2.149047740184568,1.0,10,600,600,False,False,False,
hai-test2.csv,6,P1_PP01AD,True,change_from_pre_mode,0.0,0.0,300,0.0,True,3.0,3,False,False,,,1.0,10,600,600,False,False,False,
hai-test2.csv,6,P1_PP01AR,True,change_from_pre_mode,0.0,0.0,300,0.0,True,3.0,3,False,False,,,1.0,10,600,600,False,False,False,
hai-test2.csv,6,P1_PP01BD,True,change_from_pre_mode,1.0,1.0,300,0.0,True,3.0,3,False,False,,,1.0,10,600,600,False,False,False,
hai-test2.csv,6,P1_PP01BR,True,change_from_pre_mode,1.0,1.0,300,0.0,True,3.0,3,False,False,,,1.0,10,600,600,False,False,False,
hai-test2.csv,6,P1_PP02D,True,change_from_pre_mode,1.0,1.0,300,0.0,True,3.0,3,False,False,,,1.0,10,600,600,False,False,False,
hai-test2.csv,6,P1_PP02R,True,change_from_pre_mode,1.0,1.0,300,0.0,True,3.0,3,False,False,,,1.0,10,600,600,False,False,False,
hai-test2.csv,6,P1_PP04,True,3_sigma_from_pre_median,0.0,0.0,300,17.14859399100902,False,3.0,3,False,False,,0.3252581525298453,1.0,10,600,600,False,False,False,
hai-test2.csv,6,P1_PP04D,True,3_sigma_from_pre_median,0.0,0.0,300,0.49507705153684806,False,3.0,3,False,False,,0.0,1.0,10,600,600,False,False,False,
hai-test2.csv,6,P1_PP04SP,True,3_sigma_from_pre_median,27.12753,27.12753,300,0.2822382025676734,False,3.0,3,False,False,,0.0,1.0,10,600,600,False,False,False,
hai-test2.csv,6,P1_SOL01D,True,change_from_pre_mode,524320.0,524320.0,300,0.0,True,3.0,3,False,False,,,1.0,10,600,600,False,False,False,
hai-test2.csv,6,P1_SOL03D,True,change_from_pre_mode,524320.0,524320.0,300,0.0,True,3.0,3,False,False,,,1.0,10,600,600,False,False,False,
hai-test2.csv,6,P1_STSP,True,change_from_pre_mode,1.0,1.0,300,0.0,True,3.0,3,False,False,,,1.0,10,600,600,False,False,False,
hai-test2.csv,6,P1_TIT01,True,3_sigma_from_pre_median,31.2561,31.37817,300,1.3020195632059774,False,3.0,3,False,False,,0.11719485967190534,1.0,10,600,600,False,False,False,
hai-test2.csv,6,P1_TIT02,True,3_sigma_from_pre_median,35.75745,35.49804,300,2.1887095681347657,False,3.0,3,False,False,,1.3385421449483128,1.0,10,600,600,False,False,False,
hai-test2.csv,6,P1_TIT03,True,3_sigma_from_pre_median,26.90979,26.90979,300,1.2331199100797272,False,3.0,3,False,False,,0.6472930924847294,1.0,10,600,600,False,False,False,
hai-test2.csv,6,P2_24Vdc,True,3_sigma_from_pre_median,28.03341,28.03341,300,0.0035064224696394683,False,3.0,3,False,False,,2.4583460990902295,1.0,10,600,600,False,False,False,
hai-test2.csv,6,P2_ATSW_Lamp,True,3_sigma_from_pre_median,1.0,1.0,300,0.386321898014947,False,3.0,3,False,False,,0.0,1.0,10,600,600,False,False,False,
hai-test2.csv,6,P2_AutoGO,True,3_sigma_from_pre_median,1.0,1.0,300,0.386321898014947,False,3.0,3,False,False,,0.0,1.0,10,600,600,False,False,False,
hai-test2.csv,6,P2_AutoSD,True,3_sigma_from_pre_median,127.93041,127.93041,300,9.050891107102233,False,3.0,3,False,False,,0.0,1.0,10,600,600,False,False,False,
hai-test2.csv,6,P2_Emerg,True,change_from_pre_mode,0.0,0.0,300,0.0,True,3.0,3,False,False,,,1.0,10,600,600,False,False,False,
hai-test2.csv,6,P2_MASW,True,3_sigma_from_pre_median,0.0,0.0,300,0.38632189801494704,False,3.0,3,False,False,,0.0,1.0,10,600,600,False,False,False,
hai-test2.csv,6,P2_MASW_Lamp,True,3_sigma_from_pre_median,0.0,0.0,300,0.38632189801494704,False,3.0,3,False,False,,0.0,1.0,10,600,600,False,False,False,
hai-test2.csv,6,P2_ManualGO,True,3_sigma_from_pre_median,0.0,0.0,300,0.38632189801494704,False,3.0,3,False,False,,0.0,1.0,10,600,600,False,False,False,
hai-test2.csv,6,P2_ManualSD,True,3_sigma_from_pre_median,12.65975,12.65975,300,4.414306207493221,False,3.0,3,False,False,,0.0,1.0,10,600,600,False,False,False,
hai-test2.csv,6,P2_OnOff,True,change_from_pre_mode,1.0,1.0,300,0.0,True,3.0,3,False,False,,,1.0,10,600,600,False,False,False,
hai-test2.csv,6,P2_RTR,True,change_from_pre_mode,2880.0,2880.0,300,0.0,True,3.0,3,False,False,,,1.0,10,600,600,False,False,False,
hai-test2.csv,6,P2_SCO,True,3_sigma_from_pre_median,54822.0,54822.0,300,179.70028495841728,False,3.0,3,False,False,,0.011129642896575266,1.0,10,600,600,False,False,False,
hai-test2.csv,6,P2_SCST,True,3_sigma_from_pre_median,720.18201,720.11078,300,0.25187557511890135,False,3.0,3,False,False,,1.267610008827631,1.0,10,600,600,False,False,False,
hai-test2.csv,6,P2_SIT01,True,3_sigma_from_pre_median,922.0,922.0,300,34.040295273317895,False,3.0,3,False,False,,0.11750779386262714,1.0,10,600,600,False,False,False,
hai-test2.csv,6,P2_TripEx,True,change_from_pre_mode,1.0,1.0,300,0.0,True,3.0,3,False,False,,,1.0,10,600,600,False,False,False,
hai-test2.csv,6,P2_VIBTR01,True,3_sigma_from_pre_median,6.70975,7.1423,300,0.39473789413008264,False,3.0,3,False,False,,2.0080413149764356,1.0,10,600,600,False,False,False,
hai-test2.csv,6,P2_VIBTR02,True,3_sigma_from_pre_median,-3.3827,-2.9308,300,0.36541918293693737,False,3.0,3,False,False,,2.05353203947561,1.0,10,600,600,False,False,False,
hai-test2.csv,6,P2_VIBTR03,True,3_sigma_from_pre_median,9.660599999999999,9.849,300,0.29310264016502074,False,3.0,3,False,False,,2.540407004115618,1.0,10,600,600,False,False,False,
hai-test2.csv,6,P2_VIBTR04,True,3_sigma_from_pre_median,-1.48215,-1.2552,300,0.2638662725045679,False,3.0,3,False,False,,2.7800066792822156,1.0,10,600,600,False,False,False,
hai-test2.csv,6,P2_VT01,True,3_sigma_from_pre_median,11.94061,11.94564,300,0.046671016450741364,False,3.0,3,False,False,,1.4582926444688515,1.0,10,600,600,False,False,False,
hai-test2.csv,6,P2_VTR01,True,change_from_pre_mode,50.0,50.0,300,0.0,True,3.0,3,False,False,,,1.0,10,600,600,False,False,False,
hai-test2.csv,6,P2_VTR02,True,change_from_pre_mode,50.0,50.0,300,0.0,True,3.0,3,False,False,,,1.0,10,600,600,False,False,False,
hai-test2.csv,6,P2_VTR03,True,change_from_pre_mode,50.0,50.0,300,0.0,True,3.0,3,False,False,,,1.0,10,600,600,False,False,False,
hai-test2.csv,6,P2_VTR04,True,change_from_pre_mode,50.0,50.0,300,0.0,True,3.0,3,False,False,,,1.0,10,600,600,False,False,False,
hai-test2.csv,6,P3_FIT01,True,3_sigma_from_pre_median,27.0,25.0,300,1688.0235925813643,False,3.0,3,True,False,183.0,3.03313296241931,1.0,10,600,600,True,False,False,7.0
hai-test2.csv,6,P3_LCP01D,True,3_sigma_from_pre_median,9744.0,13776.0,300,5147.799146350213,False,3.0,3,False,False,,1.8726449354254149,1.0,10,600,600,False,False,False,
hai-test2.csv,6,P3_LCV01D,True,3_sigma_from_pre_median,-80.0,-96.0,300,6818.667649961868,False,3.0,3,False,False,,2.071959028547022,1.0,10,600,600,False,False,False,
hai-test2.csv,6,P3_LH01,True,change_from_pre_mode,70.0,70.0,300,0.0,True,3.0,3,False,False,,,1.0,10,600,600,False,False,False,
hai-test2.csv,6,P3_LIT01,True,3_sigma_from_pre_median,19081.0,19208.0,300,3086.289589129662,False,3.0,3,False,False,,0.34604659386521713,1.0,10,600,600,False,False,False,
hai-test2.csv,6,P3_LL01,True,change_from_pre_mode,30.0,30.0,300,0.0,True,3.0,3,False,False,,,1.0,10,600,600,False,False,False,
hai-test2.csv,6,P3_PIT01,True,3_sigma_from_pre_median,912.0,22.0,300,1298.3940193880667,False,3.0,3,False,False,,0.7116483796155202,1.0,10,600,600,False,False,False,
hai-test2.csv,6,P4_HT_FD,True,3_sigma_from_pre_median,-0.00022,-0.00022,300,0.002085799588224817,False,3.0,3,False,False,,11.376931961232255,1.0,10,600,600,False,False,False,
hai-test2.csv,6,P4_HT_PO,True,3_sigma_from_pre_median,0.07236,0.07236,300,31.369744436378745,False,3.0,3,False,False,,2.0892159364867804,1.0,10,600,600,False,False,False,
hai-test2.csv,6,P4_HT_PS,True,3_sigma_from_pre_median,0.87694,0.87694,300,1.9005221520029272,False,3.0,3,False,False,,0.0,1.0,10,600,600,False,False,False,
hai-test2.csv,6,P4_LD,True,3_sigma_from_pre_median,282.96805,264.72083,300,61.17702962605878,False,3.0,3,False,False,,1.8590861749122003,1.0,10,600,600,False,False,False,
hai-test2.csv,6,P4_ST_FD,True,3_sigma_from_pre_median,7e-05,0.00029,300,0.0016455065627984334,False,3.0,3,False,False,,2.9899607277365057,1.0,10,600,600,False,False,False,
hai-test2.csv,6,P4_ST_GOV,True,3_sigma_from_pre_median,15388.0,15378.0,300,1755.4259694594575,False,3.0,3,False,False,,1.7220891410936927,1.0,10,600,600,False,False,False,
hai-test2.csv,6,P4_ST_LD,True,3_sigma_from_pre_median,283.230255,262.33362,300,36.05910881852627,False,3.0,3,False,False,,2.242060817611305,1.0,10,600,600,False,False,False,
hai-test2.csv,6,P4_ST_PO,True,3_sigma_from_pre_median,281.8468,264.72083,300,32.463425616521704,False,3.0,3,False,False,,1.6294367891070298,1.0,10,600,600,False,False,False,
hai-test2.csv,6,P4_ST_PS,True,3_sigma_from_pre_median,28.91504,28.91504,300,10.589736200432041,False,3.0,3,False,False,,0.6654490599787083,1.0,10,600,600,False,False,False,
hai-test2.csv,6,P4_ST_PT01,True,3_sigma_from_pre_median,9943.0,9970.0,300,30.94037172182327,False,3.0,3,True,False,159.0,5.365158553764714,1.0,10,600,600,True,False,False,80.0
hai-test2.csv,6,P4_ST_TT01,True,3_sigma_from_pre_median,27189.0,27198.0,300,125.87160191980817,False,3.0,3,False,False,,0.1350582636648302,1.0,10,600,600,False,False,False,
hai-test2.csv,6,x1001_05_SETPOINT_OUT,True,3_sigma_from_pre_median,0.16277,0.16277,300,0.042114897148061825,False,3.0,3,False,False,,0.0,1.0,10,600,600,False,False,False,
hai-test2.csv,6,x1001_15_ASSIGN_OUT,True,3_sigma_from_pre_median,1.0005549999999999,0.9601,300,0.10307475471232287,False,3.0,3,False,False,,1.5849176692774556,1.0,10,600,600,False,False,False,
hai-test2.csv,6,x1002_07_SETPOINT_OUT,True,3_sigma_from_pre_median,351.31775,351.31775,300,24.671699804613976,False,3.0,3,False,False,,0.0,1.0,10,600,600,False,False,False,
hai-test2.csv,6,x1002_08_SETPOINT_OUT,True,3_sigma_from_pre_median,965.01123,965.01123,300,22.76031945742657,False,3.0,3,False,False,,0.0,1.0,10,600,600,False,False,False,
hai-test2.csv,6,x1003_10_SETPOINT_OUT,True,3_sigma_from_pre_median,1208.630435,245.49232,300,1200.880152569592,False,3.0,3,False,False,,0.9856141368207094,1.0,10,600,600,False,False,False,
hai-test2.csv,6,x1003_18_SETPOINT_OUT,True,3_sigma_from_pre_median,25.42054,25.42054,300,0.8117389494981301,False,3.0,3,False,False,,0.0,1.0,10,600,600,False,False,False,
hai-test2.csv,6,x1003_24_SUM_OUT,True,3_sigma_from_pre_median,28.71317,28.57832,300,0.8617764720875876,False,3.0,3,False,False,,0.6318923962740207,1.0,10,600,600,False,False,False,
hai-test2.csv,7,P1_FCV01D,True,3_sigma_from_pre_median,6.424665,5.16796,300,21.696137110751636,False,3.0,3,False,False,,0.2872131093286643,1.0,10,600,600,False,False,False,
hai-test2.csv,7,P1_FCV01Z,True,3_sigma_from_pre_median,6.147005,4.50287,300,21.93007692173577,False,3.0,3,False,False,,0.2656189953545748,1.0,10,600,600,False,False,False,
hai-test2.csv,7,P1_FCV02D,True,3_sigma_from_pre_median,100.0,100.0,300,41.89070266671058,False,3.0,3,False,False,,0.0,1.0,10,600,600,False,False,False,
hai-test2.csv,7,P1_FCV02Z,True,3_sigma_from_pre_median,97.32971,97.32971,300,39.02001795893345,False,3.0,3,False,False,,0.0005866219750098573,1.0,10,600,600,False,False,False,
hai-test2.csv,7,P1_FCV03D,True,3_sigma_from_pre_median,51.63745,51.07563,300,2.3390876027010608,False,3.0,3,False,False,,0.4421467579092516,1.0,10,600,600,False,False,False,
hai-test2.csv,7,P1_FCV03Z,True,3_sigma_from_pre_median,52.45361,52.45361,300,2.4048024631317655,False,3.0,3,False,False,,0.5996168176417016,1.0,10,600,600,False,False,False,
hai-test2.csv,7,P1_FT01,True,3_sigma_from_pre_median,59.73812,55.7327,300,10.923609818121934,False,3.0,3,False,False,,1.5540155939878249,1.0,10,600,600,False,False,False,
hai-test2.csv,7,P1_FT01Z,True,3_sigma_from_pre_median,311.03644,290.18158,300,46.328484692484196,False,3.0,3,False,False,,1.9078016599653358,1.0,10,600,600,False,False,False,
hai-test2.csv,7,P1_FT02,True,3_sigma_from_pre_median,15.20154,5.37871,300,917.5366466123356,False,3.0,3,False,False,,0.012160789480394785,1.0,10,600,600,False,False,False,
hai-test2.csv,7,P1_FT02Z,True,3_sigma_from_pre_median,83.121825,26.01891,300,1200.8789655934509,False,3.0,3,False,False,,0.05168572918531141,1.0,10,600,600,False,False,False,
hai-test2.csv,7,P1_FT03,True,3_sigma_from_pre_median,230.731965,229.87366,300,11.046936280510804,False,3.0,3,False,False,,0.5438761342907082,1.0,10,600,600,False,False,False,
hai-test2.csv,7,P1_FT03Z,True,3_sigma_from_pre_median,965.0688749999999,963.11194,300,23.168311167308214,False,3.0,3,False,False,,0.591266014215551,1.0,10,600,600,False,False,False,
hai-test2.csv,7,P1_LCV01D,True,3_sigma_from_pre_median,15.99555,9.55533,300,3.266506894832349,False,3.0,3,False,False,,1.734020524787752,1.0,10,600,600,False,False,False,
hai-test2.csv,7,P1_LCV01Z,True,3_sigma_from_pre_median,15.61889,17.99927,300,3.187700744620662,False,3.0,3,False,False,,1.862050573604376,1.0,10,600,600,False,False,False,
hai-test2.csv,7,P1_LIT01,True,3_sigma_from_pre_median,355.42633,345.04956,300,26.00444265493099,False,3.0,3,False,False,,0.7410691417508927,1.0,10,600,600,False,False,False,
hai-test2.csv,7,P1_PCV01D,True,3_sigma_from_pre_median,26.97795,23.84789,300,2.467222143847526,False,3.0,3,False,False,,1.9573632686633529,1.0,10,600,600,False,False,False,
hai-test2.csv,7,P1_PCV01Z,True,3_sigma_from_pre_median,27.08587,24.71313,300,2.497731488619918,False,3.0,3,False,False,,1.8174411543765336,1.0,10,600,600,False,False,False,
hai-test2.csv,7,P1_PCV02D,True,3_sigma_from_pre_median,12.0,12.0,300,0.06927210836219852,False,3.0,3,False,False,,0.0,1.0,10,600,600,False,False,False,
hai-test2.csv,7,P1_PCV02Z,True,3_sigma_from_pre_median,11.79657,11.79657,300,0.11872654359448429,False,3.0,3,False,False,,0.12853065151229015,1.0,10,600,600,False,False,False,
hai-test2.csv,7,P1_PIT01,True,3_sigma_from_pre_median,1.1293,0.95154,300,0.10877020856385412,False,3.0,3,False,False,,2.419872164219315,1.0,10,600,600,False,False,False,
hai-test2.csv,7,P1_PIT01_HH,True,change_from_pre_mode,524320.0,524320.0,300,0.0,True,3.0,3,False,False,,,1.0,10,600,600,False,False,False,
hai-test2.csv,7,P1_PIT02,True,3_sigma_from_pre_median,0.35034,0.31754,300,0.3667252175292831,False,3.0,3,False,False,,0.10817363547362918,1.0,10,600,600,False,False,False,
hai-test2.csv,7,P1_PP01AD,True,change_from_pre_mode,0.0,0.0,300,0.0,True,3.0,3,False,False,,,1.0,10,600,600,False,False,False,
hai-test2.csv,7,P1_PP01AR,True,change_from_pre_mode,0.0,0.0,300,0.0,True,3.0,3,False,False,,,1.0,10,600,600,False,False,False,
hai-test2.csv,7,P1_PP01BD,True,change_from_pre_mode,1.0,1.0,300,0.0,True,3.0,3,False,False,,,1.0,10,600,600,False,False,False,
hai-test2.csv,7,P1_PP01BR,True,change_from_pre_mode,1.0,1.0,300,0.0,True,3.0,3,False,False,,,1.0,10,600,600,False,False,False,
hai-test2.csv,7,P1_PP02D,True,change_from_pre_mode,1.0,1.0,300,0.0,True,3.0,3,False,False,,,1.0,10,600,600,False,False,False,
hai-test2.csv,7,P1_PP02R,True,change_from_pre_mode,1.0,1.0,300,0.0,True,3.0,3,False,False,,,1.0,10,600,600,False,False,False,
hai-test2.csv,7,P1_PP04,True,3_sigma_from_pre_median,0.0,0.0,300,17.14859399100902,False,3.0,3,False,False,,2.624121839002861,1.0,10,600,600,False,False,False,
hai-test2.csv,7,P1_PP04D,True,3_sigma_from_pre_median,0.0,0.0,300,0.49507705153684806,False,3.0,3,False,False,,2.0198876051631554,1.0,10,600,600,False,False,False,
hai-test2.csv,7,P1_PP04SP,True,3_sigma_from_pre_median,27.91761,27.91761,300,0.2822382025676734,False,3.0,3,False,False,,0.0,1.0,10,600,600,False,False,False,
hai-test2.csv,7,P1_SOL01D,True,change_from_pre_mode,524320.0,524320.0,300,0.0,True,3.0,3,False,False,,,1.0,10,600,600,False,False,False,
hai-test2.csv,7,P1_SOL03D,True,change_from_pre_mode,524320.0,524320.0,300,0.0,True,3.0,3,False,False,,,1.0,10,600,600,False,False,False,
hai-test2.csv,7,P1_STSP,True,change_from_pre_mode,1.0,1.0,300,0.0,True,3.0,3,False,False,,,1.0,10,600,600,False,False,False,
hai-test2.csv,7,P1_TIT01,True,3_sigma_from_pre_median,31.40868,31.37817,300,1.3020195632059774,False,3.0,3,False,False,,0.17578076894363354,1.0,10,600,600,False,False,False,
hai-test2.csv,7,P1_TIT02,True,3_sigma_from_pre_median,37.62664,38.67187,300,2.1887095681347657,False,3.0,3,False,False,,0.6100169796113348,1.0,10,600,600,False,False,False,
hai-test2.csv,7,P1_TIT03,True,3_sigma_from_pre_median,27.59952,27.59952,300,1.2331199100797272,False,3.0,3,False,False,,1.5324868121526174,1.0,10,600,600,False,False,False,
hai-test2.csv,7,P2_24Vdc,True,3_sigma_from_pre_median,28.03341,28.03341,300,0.0035064224696394683,False,3.0,3,False,False,,3.459366378417686,1.0,10,600,600,False,False,False,
hai-test2.csv,7,P2_ATSW_Lamp,True,3_sigma_from_pre_median,1.0,1.0,300,0.386321898014947,False,3.0,3,False,False,,0.0,1.0,10,600,600,False,False,False,
hai-test2.csv,7,P2_AutoGO,True,3_sigma_from_pre_median,1.0,1.0,300,0.386321898014947,False,3.0,3,False,False,,0.0,1.0,10,600,600,False,False,False,
hai-test2.csv,7,P2_AutoSD,True,3_sigma_from_pre_median,127.93041,127.93041,300,9.050891107102233,False,3.0,3,False,False,,0.0,1.0,10,600,600,False,False,False,
hai-test2.csv,7,P2_Emerg,True,change_from_pre_mode,0.0,0.0,300,0.0,True,3.0,3,False,False,,,1.0,10,600,600,False,False,False,
hai-test2.csv,7,P2_MASW,True,3_sigma_from_pre_median,0.0,0.0,300,0.38632189801494704,False,3.0,3,False,False,,0.0,1.0,10,600,600,False,False,False,
hai-test2.csv,7,P2_MASW_Lamp,True,3_sigma_from_pre_median,0.0,0.0,300,0.38632189801494704,False,3.0,3,False,False,,0.0,1.0,10,600,600,False,False,False,
hai-test2.csv,7,P2_ManualGO,True,3_sigma_from_pre_median,0.0,0.0,300,0.38632189801494704,False,3.0,3,False,False,,0.0,1.0,10,600,600,False,False,False,
hai-test2.csv,7,P2_ManualSD,True,3_sigma_from_pre_median,12.65975,12.65975,300,4.414306207493221,False,3.0,3,False,False,,0.0,1.0,10,600,600,False,False,False,
hai-test2.csv,7,P2_OnOff,True,change_from_pre_mode,1.0,1.0,300,0.0,True,3.0,3,False,False,,,1.0,10,600,600,False,False,False,
hai-test2.csv,7,P2_RTR,True,change_from_pre_mode,2880.0,2880.0,300,0.0,True,3.0,3,False,False,,,1.0,10,600,600,False,False,False,
hai-test2.csv,7,P2_SCO,True,3_sigma_from_pre_median,54823.0,54823.0,300,179.70028495841728,False,3.0,3,False,False,,0.016694464344862898,1.0,10,600,600,False,False,False,
hai-test2.csv,7,P2_SCST,True,3_sigma_from_pre_median,720.49243,720.45813,300,0.25187557511890135,False,3.0,3,False,False,,2.63161681988044,1.0,10,600,600,False,False,False,
hai-test2.csv,7,P2_SIT01,True,3_sigma_from_pre_median,928.0,928.0,300,34.040295273317895,False,3.0,3,False,False,,0.411277278519195,1.0,10,600,600,False,False,False,
hai-test2.csv,7,P2_TripEx,True,change_from_pre_mode,1.0,1.0,300,0.0,True,3.0,3,False,False,,,1.0,10,600,600,False,False,False,
hai-test2.csv,7,P2_VIBTR01,True,3_sigma_from_pre_median,6.6138,6.3264,300,0.39473789413008264,False,3.0,3,False,False,,1.5460892128052979,1.0,10,600,600,False,False,False,
hai-test2.csv,7,P2_VIBTR02,True,3_sigma_from_pre_median,-3.31245,-3.7334,300,0.36541918293693737,False,3.0,3,False,False,,1.4861015112436435,1.0,10,600,600,False,False,False,
hai-test2.csv,7,P2_VIBTR03,True,3_sigma_from_pre_median,9.57255,9.413,300,0.29310264016502074,False,3.0,3,False,False,,1.849010980231617,1.0,10,600,600,False,False,False,
hai-test2.csv,7,P2_VIBTR04,True,3_sigma_from_pre_median,-1.3347,-1.3779,300,0.2638662725045679,False,3.0,3,False,False,,1.525772870396047,1.0,10,600,600,False,False,False,
hai-test2.csv,7,P2_VT01,True,3_sigma_from_pre_median,11.944955,11.89668,300,0.046671016450741364,False,3.0,3,False,False,,1.3930487258322006,1.0,10,600,600,False,False,False,
hai-test2.csv,7,P2_VTR01,True,change_from_pre_mode,50.0,50.0,300,0.0,True,3.0,3,False,False,,,1.0,10,600,600,False,False,False,
hai-test2.csv,7,P2_VTR02,True,change_from_pre_mode,50.0,50.0,300,0.0,True,3.0,3,False,False,,,1.0,10,600,600,False,False,False,
hai-test2.csv,7,P2_VTR03,True,change_from_pre_mode,50.0,50.0,300,0.0,True,3.0,3,False,False,,,1.0,10,600,600,False,False,False,
hai-test2.csv,7,P2_VTR04,True,change_from_pre_mode,50.0,50.0,300,0.0,True,3.0,3,False,False,,,1.0,10,600,600,False,False,False,
hai-test2.csv,7,P3_FIT01,True,3_sigma_from_pre_median,41.0,28.0,300,1688.0235925813643,False,3.0,3,True,False,19.0,3.1267335499314686,1.0,10,600,600,True,False,False,1.0
hai-test2.csv,7,P3_LCP01D,True,3_sigma_from_pre_median,2028.0,13808.0,300,5147.799146350213,False,3.0,3,False,False,,2.2759240729713857,1.0,10,600,600,False,False,False,
hai-test2.csv,7,P3_LCV01D,True,3_sigma_from_pre_median,8752.0,-144.0,300,6818.667649961868,False,3.0,3,False,False,,1.3070002026055396,1.0,10,600,600,False,False,False,
hai-test2.csv,7,P3_LH01,True,change_from_pre_mode,70.0,70.0,300,0.0,True,3.0,3,False,False,,,1.0,10,600,600,False,False,False,
hai-test2.csv,7,P3_LIT01,True,3_sigma_from_pre_median,17948.0,18899.0,300,3086.289589129662,False,3.0,3,False,False,,0.5673479268333288,1.0,10,600,600,False,False,False,
hai-test2.csv,7,P3_LL01,True,change_from_pre_mode,30.0,30.0,300,0.0,True,3.0,3,False,False,,,1.0,10,600,600,False,False,False,
hai-test2.csv,7,P3_PIT01,True,3_sigma_from_pre_median,24.0,23.0,300,1298.3940193880667,False,3.0,3,True,False,72.0,3.022965248907919,1.0,10,600,600,True,False,False,1.0
hai-test2.csv,7,P4_HT_FD,True,3_sigma_from_pre_median,-0.00022,-0.00036,300,0.002085799588224817,False,3.0,3,False,False,,10.475598961353763,1.0,10,600,600,False,False,False,
hai-test2.csv,7,P4_HT_PO,True,3_sigma_from_pre_median,40.77148,0.01807,300,31.369744436378745,False,3.0,3,False,False,,1.299131080989593,1.0,10,600,600,False,False,False,
hai-test2.csv,7,P4_HT_PS,True,3_sigma_from_pre_median,0.87694,0.87694,300,1.9005221520029272,False,3.0,3,False,False,,0.0,1.0,10,600,600,False,False,False,
hai-test2.csv,7,P4_LD,True,3_sigma_from_pre_median,374.638305,410.31903,300,61.17702962605878,False,3.0,3,False,False,,2.1000065839299324,1.0,10,600,600,False,False,False,
hai-test2.csv,7,P4_ST_FD,True,3_sigma_from_pre_median,-0.00022,-0.00065,300,0.0016455065627984334,False,3.0,3,False,False,,2.6374856825968362,1.0,10,600,600,False,False,False,
hai-test2.csv,7,P4_ST_GOV,True,3_sigma_from_pre_median,18375.0,15279.0,300,1755.4259694594575,False,3.0,3,False,False,,2.548099480023846,1.0,10,600,600,False,False,False,
hai-test2.csv,7,P4_ST_LD,True,3_sigma_from_pre_median,334.15616,334.12903,300,36.05910881852627,False,3.0,3,False,False,,2.4451760703165246,1.0,10,600,600,False,False,False,
hai-test2.csv,7,P4_ST_PO,True,3_sigma_from_pre_median,338.22519,296.85693,300,32.463425616521704,False,3.0,3,False,False,,2.575625289447158,1.0,10,600,600,False,False,False,
hai-test2.csv,7,P4_ST_PS,True,3_sigma_from_pre_median,21.86811,21.86811,300,10.589736200432041,False,3.0,3,False,False,,0.0,1.0,10,600,600,False,False,False,
hai-test2.csv,7,P4_ST_PT01,True,3_sigma_from_pre_median,9970.0,9998.0,300,30.94037172182327,False,3.0,3,False,False,,1.93921393509568,1.0,10,600,600,False,False,False,
hai-test2.csv,7,P4_ST_TT01,True,3_sigma_from_pre_median,27207.0,27205.0,300,125.87160191980817,False,3.0,3,False,False,,0.17478128238978027,1.0,10,600,600,False,False,False,
hai-test2.csv,7,x1001_05_SETPOINT_OUT,True,3_sigma_from_pre_median,0.11989,0.11989,300,0.042114897148061825,False,3.0,3,False,False,,0.0,1.0,10,600,600,False,False,False,
hai-test2.csv,7,x1001_15_ASSIGN_OUT,True,3_sigma_from_pre_median,1.11761,1.12436,300,0.10307475471232287,False,3.0,3,False,False,,2.340437294013362,1.0,10,600,600,False,False,False,
hai-test2.csv,7,x1002_07_SETPOINT_OUT,True,3_sigma_from_pre_median,351.31775,351.31775,300,24.671699804613976,False,3.0,3,False,False,,0.0,1.0,10,600,600,False,False,False,
hai-test2.csv,7,x1002_08_SETPOINT_OUT,True,3_sigma_from_pre_median,965.01123,965.01123,300,22.76031945742657,False,3.0,3,False,False,,0.0,1.0,10,600,600,False,False,False,
hai-test2.csv,7,x1003_10_SETPOINT_OUT,True,3_sigma_from_pre_median,83.121825,26.01891,300,1200.880152569592,False,3.0,3,False,False,,0.051685678098009114,1.0,10,600,600,False,False,False,
hai-test2.csv,7,x1003_18_SETPOINT_OUT,True,3_sigma_from_pre_median,25.42054,25.42054,300,0.8117389494981301,False,3.0,3,False,False,,0.0,1.0,10,600,600,False,False,False,
hai-test2.csv,7,x1003_24_SUM_OUT,True,3_sigma_from_pre_median,29.250085,29.26878,300,0.8617764720875876,False,3.0,3,False,False,,0.9331131981963295,1.0,10,600,600,False,False,False,
hai-test2.csv,8,P1_FCV01D,True,3_sigma_from_pre_median,17.611964999999998,13.07531,300,21.696137110751636,False,3.0,3,False,False,,0.6129337647580572,1.0,10,600,600,False,False,False,
hai-test2.csv,8,P1_FCV01Z,True,3_sigma_from_pre_median,17.907715,14.71863,300,21.93007692173577,False,3.0,3,False,False,,0.6331712856983887,1.0,10,600,600,False,False,False,
hai-test2.csv,8,P1_FCV02D,True,3_sigma_from_pre_median,15.0,15.0,300,41.89070266671058,False,3.0,3,False,False,,2.029089859778056,1.0,10,600,600,False,False,False,
hai-test2.csv,8,P1_FCV02Z,True,3_sigma_from_pre_median,12.44507,12.44507,300,39.02001795893345,False,3.0,3,False,False,,2.1756079171809892,1.0,10,600,600,False,False,False,
hai-test2.csv,8,P1_FCV03D,True,3_sigma_from_pre_median,53.145134999999996,52.89229,300,2.3390876027010608,False,3.0,3,False,False,,0.24011285398265816,1.0,10,600,600,False,False,False,
hai-test2.csv,8,P1_FCV03Z,True,3_sigma_from_pre_median,53.98712,53.16314,300,2.4048024631317655,False,3.0,3,False,False,,0.2538046302585453,1.0,10,600,600,False,False,False,
hai-test2.csv,8,P1_FT01,True,3_sigma_from_pre_median,56.30488,55.92348,300,10.923609818121934,False,3.0,3,False,False,,1.7984659217146628,1.0,10,600,600,False,False,False,
hai-test2.csv,8,P1_FT01Z,True,3_sigma_from_pre_median,293.16074,291.1749,300,46.328484692484196,False,3.0,3,False,False,,2.2079032085544164,1.0,10,600,600,False,False,False,
hai-test2.csv,8,P1_FT02,True,3_sigma_from_pre_median,410.02267500000005,49.81997,300,917.5366466123356,False,3.0,3,False,False,,0.44163483441899637,1.0,10,600,600,False,False,False,
hai-test2.csv,8,P1_FT02Z,True,3_sigma_from_pre_median,1276.5579200000002,259.39594,300,1200.8789655934509,False,3.0,3,False,False,,1.0421799164260637,1.0,10,600,600,False,False,False,
hai-test2.csv,8,P1_FT03,True,3_sigma_from_pre_median,229.87366,229.87366,300,11.046936280510804,False,3.0,3,False,False,,0.44982336041592696,1.0,10,600,600,False,False,False,
hai-test2.csv,8,P1_FT03Z,True,3_sigma_from_pre_median,963.11194,963.11194,300,23.168311167308214,False,3.0,3,False,False,,0.4890175169948008,1.0,10,600,600,False,False,False,
hai-test2.csv,8,P1_LCV01D,True,3_sigma_from_pre_median,14.05719,12.91373,300,3.266506894832349,False,3.0,3,False,False,,2.2680282756238412,1.0,10,600,600,False,False,False,
hai-test2.csv,8,P1_LCV01Z,True,3_sigma_from_pre_median,14.07776,15.26794,300,3.187700744620662,False,3.0,3,False,False,,2.292862657303727,1.0,10,600,600,False,False,False,
hai-test2.csv,8,P1_LIT01,True,3_sigma_from_pre_median,320.436765,316.27075,300,26.00444265493099,False,3.0,3,False,False,,0.2093463440935416,1.0,10,600,600,False,False,False,
hai-test2.csv,8,P1_PCV01D,True,3_sigma_from_pre_median,26.179385,23.79265,300,2.467222143847526,False,3.0,3,False,False,,1.3425523957216492,1.0,10,600,600,False,False,False,
hai-test2.csv,8,P1_PCV01Z,True,3_sigma_from_pre_median,26.96381,26.96381,300,2.497731488619918,False,3.0,3,False,False,,1.075191633782802,1.0,10,600,600,False,False,False,
hai-test2.csv,8,P1_PCV02D,True,3_sigma_from_pre_median,12.0,12.0,300,0.06927210836219852,False,3.0,3,False,False,,0.0,1.0,10,600,600,False,False,False,
hai-test2.csv,8,P1_PCV02Z,True,3_sigma_from_pre_median,11.8042,11.8042,300,0.11872654359448429,False,3.0,3,False,False,,0.06426532575614508,1.0,10,600,600,False,False,False,
hai-test2.csv,8,P1_PIT01,True,3_sigma_from_pre_median,1.122055,1.14609,300,0.10877020856385412,False,3.0,3,False,False,,1.7009712718477128,1.0,10,600,600,False,False,False,
hai-test2.csv,8,P1_PIT01_HH,True,change_from_pre_mode,524320.0,524320.0,300,0.0,True,3.0,3,False,False,,,1.0,10,600,600,False,False,False,
hai-test2.csv,8,P1_PIT02,True,3_sigma_from_pre_median,1.185375,0.31906,300,0.3667252175292831,False,3.0,3,False,False,,2.3664448434902168,1.0,10,600,600,False,False,False,
hai-test2.csv,8,P1_PP01AD,True,change_from_pre_mode,0.0,0.0,300,0.0,True,3.0,3,False,False,,,1.0,10,600,600,False,False,False,
hai-test2.csv,8,P1_PP01AR,True,change_from_pre_mode,0.0,0.0,300,0.0,True,3.0,3,False,False,,,1.0,10,600,600,False,False,False,
hai-test2.csv,8,P1_PP01BD,True,change_from_pre_mode,1.0,1.0,300,0.0,True,3.0,3,False,False,,,1.0,10,600,600,False,False,False,
hai-test2.csv,8,P1_PP01BR,True,change_from_pre_mode,1.0,1.0,300,0.0,True,3.0,3,False,False,,,1.0,10,600,600,False,False,False,
hai-test2.csv,8,P1_PP02D,True,change_from_pre_mode,1.0,1.0,300,0.0,True,3.0,3,False,False,,,1.0,10,600,600,False,False,False,
hai-test2.csv,8,P1_PP02R,True,change_from_pre_mode,1.0,1.0,300,0.0,True,3.0,3,False,False,,,1.0,10,600,600,False,False,False,
hai-test2.csv,8,P1_PP04,True,3_sigma_from_pre_median,0.0,0.0,300,17.14859399100902,False,3.0,3,False,False,,0.0,1.0,10,600,600,False,False,False,
hai-test2.csv,8,P1_PP04D,True,3_sigma_from_pre_median,0.0,0.0,300,0.49507705153684806,False,3.0,3,False,False,,0.0,1.0,10,600,600,False,False,False,
hai-test2.csv,8,P1_PP04SP,True,3_sigma_from_pre_median,27.91761,27.91761,300,0.2822382025676734,False,3.0,3,False,False,,0.0,1.0,10,600,600,False,False,False,
hai-test2.csv,8,P1_SOL01D,True,change_from_pre_mode,524320.0,524320.0,300,0.0,True,3.0,3,False,False,,,1.0,10,600,600,False,False,False,
hai-test2.csv,8,P1_SOL03D,True,change_from_pre_mode,524320.0,524320.0,300,0.0,True,3.0,3,False,False,,,1.0,10,600,600,False,False,False,
hai-test2.csv,8,P1_STSP,True,change_from_pre_mode,1.0,1.0,300,0.0,True,3.0,3,False,False,,,1.0,10,600,600,False,False,False,
hai-test2.csv,8,P1_TIT01,True,3_sigma_from_pre_median,31.16455,31.31713,300,1.3020195632059774,False,3.0,3,False,False,,0.05859358964787784,1.0,10,600,600,False,False,False,
hai-test2.csv,8,P1_TIT02,True,3_sigma_from_pre_median,35.627745,35.29968,300,2.1887095681347657,False,3.0,3,False,False,,1.021339255123301,1.0,10,600,600,False,False,False,
hai-test2.csv,8,P1_TIT03,True,3_sigma_from_pre_median,26.99057,26.99057,300,1.2331199100797272,False,3.0,3,False,False,,0.6258109967181578,1.0,10,600,600,False,False,False,
hai-test2.csv,8,P2_24Vdc,True,3_sigma_from_pre_median,28.03345,28.03341,300,0.0035064224696394683,False,3.0,3,False,False,,3.447958739907259,1.0,10,600,600,False,False,False,
hai-test2.csv,8,P2_ATSW_Lamp,True,3_sigma_from_pre_median,1.0,1.0,300,0.386321898014947,False,3.0,3,False,False,,0.0,1.0,10,600,600,False,False,False,
hai-test2.csv,8,P2_AutoGO,True,3_sigma_from_pre_median,1.0,1.0,300,0.386321898014947,False,3.0,3,False,False,,0.0,1.0,10,600,600,False,False,False,
hai-test2.csv,8,P2_AutoSD,True,3_sigma_from_pre_median,127.93041,127.93041,300,9.050891107102233,False,3.0,3,False,False,,0.0,1.0,10,600,600,False,False,False,
hai-test2.csv,8,P2_Emerg,True,change_from_pre_mode,0.0,0.0,300,0.0,True,3.0,3,False,False,,,1.0,10,600,600,False,False,False,
hai-test2.csv,8,P2_MASW,True,3_sigma_from_pre_median,0.0,0.0,300,0.38632189801494704,False,3.0,3,False,False,,0.0,1.0,10,600,600,False,False,False,
hai-test2.csv,8,P2_MASW_Lamp,True,3_sigma_from_pre_median,0.0,0.0,300,0.38632189801494704,False,3.0,3,False,False,,0.0,1.0,10,600,600,False,False,False,
hai-test2.csv,8,P2_ManualGO,True,3_sigma_from_pre_median,0.0,0.0,300,0.38632189801494704,False,3.0,3,False,False,,0.0,1.0,10,600,600,False,False,False,
hai-test2.csv,8,P2_ManualSD,True,3_sigma_from_pre_median,12.65975,12.65975,300,4.414306207493221,False,3.0,3,False,False,,0.0,1.0,10,600,600,False,False,False,
hai-test2.csv,8,P2_OnOff,True,change_from_pre_mode,1.0,1.0,300,0.0,True,3.0,3,False,False,,,1.0,10,600,600,False,False,False,
hai-test2.csv,8,P2_RTR,True,change_from_pre_mode,2880.0,2880.0,300,0.0,True,3.0,3,False,False,,,1.0,10,600,600,False,False,False,
hai-test2.csv,8,P2_SCO,True,3_sigma_from_pre_median,54823.0,54823.0,300,179.70028495841728,False,3.0,3,False,False,,0.011129642896575266,1.0,10,600,600,False,False,False,
hai-test2.csv,8,P2_SCST,True,3_sigma_from_pre_median,720.42462,720.42377,300,0.25187557511890135,False,3.0,3,False,False,,1.2617737938662055,1.0,10,600,600,False,False,False,
hai-test2.csv,8,P2_SIT01,True,3_sigma_from_pre_median,927.0,926.0,300,34.040295273317895,False,3.0,3,False,False,,0.2056386392595975,1.0,10,600,600,False,False,False,
hai-test2.csv,8,P2_TripEx,True,change_from_pre_mode,1.0,1.0,300,0.0,True,3.0,3,False,False,,,1.0,10,600,600,False,False,False,
hai-test2.csv,8,P2_VIBTR01,True,3_sigma_from_pre_median,6.70465,7.1293,300,0.39473789413008264,False,3.0,3,False,False,,1.4152428948610176,1.0,10,600,600,False,False,False,
hai-test2.csv,8,P2_VIBTR02,True,3_sigma_from_pre_median,-3.4019,-3.7291,300,0.36541918293693737,False,3.0,3,False,False,,1.3179384730962864,1.0,10,600,600,False,False,False,
hai-test2.csv,8,P2_VIBTR03,True,3_sigma_from_pre_median,9.70025,9.7529,300,0.29310264016502074,False,3.0,3,False,False,,1.0414440478193614,1.0,10,600,600,False,False,False,
hai-test2.csv,8,P2_VIBTR04,True,3_sigma_from_pre_median,-1.4969000000000001,-1.5101,300,0.2638662725045679,False,3.0,3,False,False,,0.9580610572183825,1.0,10,600,600,False,False,False,
hai-test2.csv,8,P2_VT01,True,3_sigma_from_pre_median,11.93547,11.89496,300,0.046671016450741364,False,3.0,3,False,False,,1.5364996405356925,1.0,10,600,600,False,False,False,
hai-test2.csv,8,P2_VTR01,True,change_from_pre_mode,50.0,50.0,300,0.0,True,3.0,3,False,False,,,1.0,10,600,600,False,False,False,
hai-test2.csv,8,P2_VTR02,True,change_from_pre_mode,50.0,50.0,300,0.0,True,3.0,3,False,False,,,1.0,10,600,600,False,False,False,
hai-test2.csv,8,P2_VTR03,True,change_from_pre_mode,50.0,50.0,300,0.0,True,3.0,3,False,False,,,1.0,10,600,600,False,False,False,
hai-test2.csv,8,P2_VTR04,True,change_from_pre_mode,50.0,50.0,300,0.0,True,3.0,3,False,False,,,1.0,10,600,600,False,False,False,
hai-test2.csv,8,P3_FIT01,True,3_sigma_from_pre_median,27.0,27.0,300,1688.0235925813643,False,3.0,3,True,False,82.0,3.013583472622467,1.0,10,600,600,True,False,False,1.0
hai-test2.csv,8,P3_LCP01D,True,3_sigma_from_pre_median,3232.0,96.0,300,5147.799146350213,False,3.0,3,False,False,,1.594467803938984,1.0,10,600,600,False,False,False,
hai-test2.csv,8,P3_LCV01D,True,3_sigma_from_pre_median,11328.0,-112.0,300,6818.667649961868,False,3.0,3,False,False,,1.633163628390405,1.0,10,600,600,False,False,False,
hai-test2.csv,8,P3_LH01,True,change_from_pre_mode,70.0,70.0,300,0.0,True,3.0,3,False,False,,,1.0,10,600,600,False,False,False,
hai-test2.csv,8,P3_LIT01,True,3_sigma_from_pre_median,14808.5,14210.0,300,3086.289589129662,False,3.0,3,False,False,,0.7739066380590554,1.0,10,600,600,False,False,False,
hai-test2.csv,8,P3_LL01,True,change_from_pre_mode,30.0,30.0,300,0.0,True,3.0,3,False,False,,,1.0,10,600,600,False,False,False,
hai-test2.csv,8,P3_PIT01,True,3_sigma_from_pre_median,23.0,23.0,300,1298.3940193880667,False,3.0,3,False,False,,0.9334608615736044,1.0,10,600,600,False,False,False,
hai-test2.csv,8,P4_HT_FD,True,3_sigma_from_pre_median,-7e-05,-7e-05,300,0.002085799588224817,False,3.0,3,False,False,,11.789243865431992,1.0,10,600,600,False,False,False,
hai-test2.csv,8,P4_HT_PO,True,3_sigma_from_pre_median,51.25143,0.01807,300,31.369744436378745,False,3.0,3,False,False,,1.5893957982705071,1.0,10,600,600,False,False,False,
hai-test2.csv,8,P4_HT_PS,True,3_sigma_from_pre_median,0.87694,0.87694,300,1.9005221520029272,False,3.0,3,False,False,,0.0,1.0,10,600,600,False,False,False,
hai-test2.csv,8,P4_LD,True,3_sigma_from_pre_median,387.83093,284.54138,300,61.17702962605878,False,3.0,3,False,False,,0.9836394536940314,1.0,10,600,600,False,False,False,
hai-test2.csv,8,P4_ST_FD,True,3_sigma_from_pre_median,-3.5e-05,-0.00109,300,0.0016455065627984334,False,3.0,3,False,False,,2.7438359117338056,1.0,10,600,600,False,False,False,
hai-test2.csv,8,P4_ST_GOV,True,3_sigma_from_pre_median,18247.5,15224.0,300,1755.4259694594575,False,3.0,3,False,False,,0.7864188088917773,1.0,10,600,600,False,False,False,
hai-test2.csv,8,P4_ST_LD,True,3_sigma_from_pre_median,340.585235,275.93317,300,36.05910881852627,False,3.0,3,False,False,,1.2523053530596258,1.0,10,600,600,False,False,False,
hai-test2.csv,8,P4_ST_PO,True,3_sigma_from_pre_median,333.74023,284.6499,300,32.463425616521704,False,3.0,3,False,False,,0.7328277761263874,1.0,10,600,600,False,False,False,
hai-test2.csv,8,P4_ST_PS,True,3_sigma_from_pre_median,21.86811,21.86811,300,10.589736200432041,False,3.0,3,False,False,,0.0,1.0,10,600,600,False,False,False,
hai-test2.csv,8,P4_ST_PT01,True,3_sigma_from_pre_median,9970.0,9970.0,300,30.94037172182327,False,3.0,3,False,False,,1.7776127738377066,1.0,10,600,600,False,False,False,
hai-test2.csv,8,P4_ST_TT01,True,3_sigma_from_pre_median,27181.0,27196.0,300,125.87160191980817,False,3.0,3,False,False,,0.09533524493988015,1.0,10,600,600,False,False,False,
hai-test2.csv,8,x1001_05_SETPOINT_OUT,True,3_sigma_from_pre_median,0.11989,0.11989,300,0.042114897148061825,False,3.0,3,False,False,,0.0,1.0,10,600,600,False,False,False,
hai-test2.csv,8,x1001_15_ASSIGN_OUT,True,3_sigma_from_pre_median,1.109545,0.97216,300,0.10307475471232287,False,3.0,3,False,False,,0.7222428053093392,1.0,10,600,600,False,False,False,
hai-test2.csv,8,x1002_07_SETPOINT_OUT,True,3_sigma_from_pre_median,319.71545,319.71545,300,24.671699804613976,False,3.0,3,False,False,,0.0,1.0,10,600,600,False,False,False,
hai-test2.csv,8,x1002_08_SETPOINT_OUT,True,3_sigma_from_pre_median,965.01123,965.01123,300,22.76031945742657,False,3.0,3,False,False,,0.0,1.0,10,600,600,False,False,False,
hai-test2.csv,8,x1003_10_SETPOINT_OUT,True,3_sigma_from_pre_median,1280.8632200000002,259.39594,300,1200.880152569592,False,3.0,3,False,False,,1.0457640067685467,1.0,10,600,600,False,False,False,
hai-test2.csv,8,x1003_18_SETPOINT_OUT,True,3_sigma_from_pre_median,25.42054,25.42054,300,0.8117389494981301,False,3.0,3,False,False,,0.0,1.0,10,600,600,False,False,False,
hai-test2.csv,8,x1003_24_SUM_OUT,True,3_sigma_from_pre_median,29.22071,29.17913,300,0.8617764720875876,False,3.0,3,False,False,,0.2894950234550448,1.0,10,600,600,False,False,False,
hai-test2.csv,9,P1_FCV01D,True,3_sigma_from_pre_median,14.227315,7.36768,300,21.696137110751636,False,3.0,3,False,False,,0.4487174352883101,1.0,10,600,600,False,False,False,
hai-test2.csv,9,P1_FCV01Z,True,3_sigma_from_pre_median,14.11591,7.59277,300,21.93007692173577,False,3.0,3,False,False,,0.4595715754198226,1.0,10,600,600,False,False,False,
hai-test2.csv,9,P1_FCV02D,True,3_sigma_from_pre_median,100.0,100.0,300,41.89070266671058,False,3.0,3,False,False,,0.0,1.0,10,600,600,False,False,False,
hai-test2.csv,9,P1_FCV02Z,True,3_sigma_from_pre_median,50.798035,12.68158,300,39.02001795893345,False,3.0,3,False,False,,1.1928988615276457,1.0,10,600,600,False,False,False,
hai-test2.csv,9,P1_FCV03D,True,3_sigma_from_pre_median,58.57331,59.34258,300,2.3390876027010608,False,3.0,3,False,False,,0.375932906054729,1.0,10,600,600,False,False,False,
hai-test2.csv,9,P1_FCV03Z,True,3_sigma_from_pre_median,59.88464,59.88464,300,2.4048024631317655,False,3.0,3,False,False,,0.3458080290374474,1.0,10,600,600,False,False,False,
hai-test2.csv,9,P1_FT01,True,3_sigma_from_pre_median,64.88796,64.50648,300,10.923609818121934,False,3.0,3,False,False,,0.7158915532690183,1.0,10,600,600,False,False,False,
hai-test2.csv,9,P1_FT01Z,True,3_sigma_from_pre_median,337.84998,335.86374,300,46.328484692484196,False,3.0,3,False,False,,0.8788711797993561,1.0,10,600,600,False,False,False,
hai-test2.csv,9,P1_FT02,True,3_sigma_from_pre_median,77.4765,48.29405,300,917.5366466123356,False,3.0,3,False,False,,0.07878539812758267,1.0,10,600,600,False,False,False,
hai-test2.csv,9,P1_FT02Z,True,3_sigma_from_pre_median,413.821715,251.45102,300,1200.8789655934509,False,3.0,3,False,False,,0.3221053129270578,1.0,10,600,600,False,False,False,
hai-test2.csv,9,P1_FT03,True,3_sigma_from_pre_median,255.24135,255.24135,300,11.046936280510804,False,3.0,3,False,False,,0.10359161770661486,1.0,10,600,600,False,False,False,
hai-test2.csv,9,P1_FT03Z,True,3_sigma_from_pre_median,1017.76355,1017.76355,300,23.168311167308214,False,3.0,3,False,False,,0.0825865116444029,1.0,10,600,600,False,False,False,
hai-test2.csv,9,P1_LCV01D,True,3_sigma_from_pre_median,15.810310000000001,14.108,300,3.266506894832349,False,3.0,3,False,False,,0.9018747227077875,1.0,10,600,600,False,False,False,
hai-test2.csv,9,P1_LCV01Z,True,3_sigma_from_pre_median,16.21399,15.14587,300,3.187700744620662,False,3.0,3,False,False,,0.974106495172123,1.0,10,600,600,False,False,False,
hai-test2.csv,9,P1_LIT01,True,3_sigma_from_pre_median,322.30255,323.83603,300,26.00444265493099,False,3.0,3,False,False,,0.09632046466971754,1.0,10,600,600,False,False,False,
hai-test2.csv,9,P1_PCV01D,True,3_sigma_from_pre_median,28.69227,25.95545,300,2.467222143847526,False,3.0,3,False,False,,1.447773970782237,1.0,10,600,600,False,False,False,
hai-test2.csv,9,P1_PCV01Z,True,3_sigma_from_pre_median,28.9856,28.9856,300,2.497731488619918,False,3.0,3,False,False,,1.6158422225881435,1.0,10,600,600,False,False,False,
hai-test2.csv,9,P1_PCV02D,True,3_sigma_from_pre_median,12.0,12.0,300,0.06927210836219852,False,3.0,3,False,False,,0.0,1.0,10,600,600,False,False,False,
hai-test2.csv,9,P1_PCV02Z,True,3_sigma_from_pre_median,11.8042,11.8042,300,0.11872654359448429,False,3.0,3,False,False,,0.06426532575614508,1.0,10,600,600,False,False,False,
hai-test2.csv,9,P1_PIT01,True,3_sigma_from_pre_median,1.07285,1.03928,300,0.10877020856385412,False,3.0,3,False,False,,1.886821793483265,1.0,10,600,600,False,False,False,
hai-test2.csv,9,P1_PIT01_HH,True,change_from_pre_mode,524320.0,524320.0,300,0.0,True,3.0,3,False,False,,,1.0,10,600,600,False,False,False,
hai-test2.csv,9,P1_PIT02,True,3_sigma_from_pre_median,0.426255,0.31982,300,0.3667252175292831,False,3.0,3,False,False,,0.28398647003783967,1.0,10,600,600,False,False,False,
hai-test2.csv,9,P1_PP01AD,True,change_from_pre_mode,0.0,0.0,300,0.0,True,3.0,3,False,False,,,1.0,10,600,600,False,False,False,
hai-test2.csv,9,P1_PP01AR,True,change_from_pre_mode,0.0,0.0,300,0.0,True,3.0,3,False,False,,,1.0,10,600,600,False,False,False,
hai-test2.csv,9,P1_PP01BD,True,change_from_pre_mode,1.0,1.0,300,0.0,True,3.0,3,False,False,,,1.0,10,600,600,False,False,False,
hai-test2.csv,9,P1_PP01BR,True,change_from_pre_mode,1.0,1.0,300,0.0,True,3.0,3,False,False,,,1.0,10,600,600,False,False,False,
hai-test2.csv,9,P1_PP02D,True,change_from_pre_mode,1.0,1.0,300,0.0,True,3.0,3,False,False,,,1.0,10,600,600,False,False,False,
hai-test2.csv,9,P1_PP02R,True,change_from_pre_mode,1.0,1.0,300,0.0,True,3.0,3,False,False,,,1.0,10,600,600,False,False,False,
hai-test2.csv,9,P1_PP04,True,3_sigma_from_pre_median,0.0,0.0,300,17.14859399100902,False,3.0,3,False,False,,0.3444620592858547,1.0,10,600,600,False,False,False,
hai-test2.csv,9,P1_PP04D,True,3_sigma_from_pre_median,0.0,0.0,300,0.49507705153684806,False,3.0,3,False,False,,0.0,1.0,10,600,600,False,False,False,
hai-test2.csv,9,P1_PP04SP,True,3_sigma_from_pre_median,27.91761,27.91761,300,0.2822382025676734,False,3.0,3,False,False,,0.0,1.0,10,600,600,False,False,False,
hai-test2.csv,9,P1_SOL01D,True,change_from_pre_mode,524320.0,524320.0,300,0.0,True,3.0,3,False,False,,,1.0,10,600,600,False,False,False,
hai-test2.csv,9,P1_SOL03D,True,change_from_pre_mode,524320.0,524320.0,300,0.0,True,3.0,3,False,False,,,1.0,10,600,600,False,False,False,
hai-test2.csv,9,P1_STSP,True,change_from_pre_mode,1.0,1.0,300,0.0,True,3.0,3,False,False,,,1.0,10,600,600,False,False,False,
hai-test2.csv,9,P1_TIT01,True,3_sigma_from_pre_median,31.05774,30.9967,300,1.3020195632059774,False,3.0,3,False,False,,0.0468810160192209,1.0,10,600,600,False,False,False,
hai-test2.csv,9,P1_TIT02,True,3_sigma_from_pre_median,36.07025,35.39123,300,2.1887095681347657,False,3.0,3,False,False,,0.9795041019658927,1.0,10,600,600,False,False,False,
hai-test2.csv,9,P1_TIT03,True,3_sigma_from_pre_median,27.43777,27.43777,300,1.2331199100797272,False,3.0,3,False,False,,0.6359884335573615,1.0,10,600,600,False,False,False,
hai-test2.csv,9,P2_24Vdc,True,3_sigma_from_pre_median,28.03426,28.03426,300,0.0035064224696394683,False,3.0,3,False,False,,1.7368129632783664,1.0,10,600,600,False,False,False,
hai-test2.csv,9,P2_ATSW_Lamp,True,3_sigma_from_pre_median,1.0,1.0,300,0.386321898014947,False,3.0,3,False,False,,0.0,1.0,10,600,600,False,False,False,
hai-test2.csv,9,P2_AutoGO,True,3_sigma_from_pre_median,1.0,1.0,300,0.386321898014947,False,3.0,3,False,False,,0.0,1.0,10,600,600,False,False,False,
hai-test2.csv,9,P2_AutoSD,True,3_sigma_from_pre_median,101.06113,101.06113,300,9.050891107102233,False,3.0,3,False,False,,0.0,1.0,10,600,600,False,False,False,
hai-test2.csv,9,P2_Emerg,True,change_from_pre_mode,0.0,0.0,300,0.0,True,3.0,3,False,False,,,1.0,10,600,600,False,False,False,
hai-test2.csv,9,P2_MASW,True,3_sigma_from_pre_median,0.0,0.0,300,0.38632189801494704,False,3.0,3,False,False,,0.0,1.0,10,600,600,False,False,False,
hai-test2.csv,9,P2_MASW_Lamp,True,3_sigma_from_pre_median,0.0,0.0,300,0.38632189801494704,False,3.0,3,False,False,,0.0,1.0,10,600,600,False,False,False,
hai-test2.csv,9,P2_ManualGO,True,3_sigma_from_pre_median,0.0,0.0,300,0.38632189801494704,False,3.0,3,False,False,,0.0,1.0,10,600,600,False,False,False,
hai-test2.csv,9,P2_ManualSD,True,3_sigma_from_pre_median,12.65975,12.65975,300,4.414306207493221,False,3.0,3,False,False,,0.0,1.0,10,600,600,False,False,False,
hai-test2.csv,9,P2_OnOff,True,change_from_pre_mode,1.0,1.0,300,0.0,True,3.0,3,False,False,,,1.0,10,600,600,False,False,False,
hai-test2.csv,9,P2_RTR,True,change_from_pre_mode,2880.0,2880.0,300,0.0,True,3.0,3,False,False,,,1.0,10,600,600,False,False,False,
hai-test2.csv,9,P2_SCO,True,3_sigma_from_pre_median,54680.0,54820.0,300,179.70028495841728,False,3.0,3,False,False,,0.011129642896575266,1.0,10,600,600,False,False,False,
hai-test2.csv,9,P2_SCST,True,3_sigma_from_pre_median,719.9371,720.18134,300,0.25187557511890135,False,3.0,3,False,False,,1.9295241302002664,1.0,10,600,600,False,False,False,
hai-test2.csv,9,P2_SIT01,True,3_sigma_from_pre_median,895.0,890.0,300,34.040295273317895,False,3.0,3,False,False,,0.1762616907939407,1.0,10,600,600,False,False,False,
hai-test2.csv,9,P2_TripEx,True,change_from_pre_mode,1.0,1.0,300,0.0,True,3.0,3,False,False,,,1.0,10,600,600,False,False,False,
hai-test2.csv,9,P2_VIBTR01,True,3_sigma_from_pre_median,6.6687,6.1254,300,0.39473789413008264,False,3.0,3,False,False,,1.42322287359334,1.0,10,600,600,False,False,False,
hai-test2.csv,9,P2_VIBTR02,True,3_sigma_from_pre_median,-3.38635,-3.0167,300,0.36541918293693737,False,3.0,3,False,False,,1.3936049988045773,1.0,10,600,600,False,False,False,
hai-test2.csv,9,P2_VIBTR03,True,3_sigma_from_pre_median,9.678799999999999,9.4211,300,0.29310264016502074,False,3.0,3,False,False,,1.1565914241138833,1.0,10,600,600,False,False,False,
hai-test2.csv,9,P2_VIBTR04,True,3_sigma_from_pre_median,-1.47805,-1.7047,300,0.2638662725045679,False,3.0,3,False,False,,1.0249510004933207,1.0,10,600,600,False,False,False,
hai-test2.csv,9,P2_VT01,True,3_sigma_from_pre_median,11.949394999999999,11.99897,300,0.046671016450741364,False,3.0,3,False,False,,1.4108327824721145,1.0,10,600,600,False,False,False,
hai-test2.csv,9,P2_VTR01,True,change_from_pre_mode,50.0,50.0,300,0.0,True,3.0,3,False,False,,,1.0,10,600,600,False,False,False,
hai-test2.csv,9,P2_VTR02,True,change_from_pre_mode,50.0,50.0,300,0.0,True,3.0,3,False,False,,,1.0,10,600,600,False,False,False,
hai-test2.csv,9,P2_VTR03,True,change_from_pre_mode,50.0,50.0,300,0.0,True,3.0,3,False,False,,,1.0,10,600,600,False,False,False,
hai-test2.csv,9,P2_VTR04,True,change_from_pre_mode,50.0,50.0,300,0.0,True,3.0,3,False,False,,,1.0,10,600,600,False,False,False,
hai-test2.csv,9,P3_FIT01,True,3_sigma_from_pre_median,25.5,23.0,300,1688.0235925813643,False,3.0,3,False,False,,3.0269126702112237,1.0,10,600,600,False,False,False,
hai-test2.csv,9,P3_LCP01D,True,3_sigma_from_pre_median,3284.0,8.0,300,5147.799146350213,False,3.0,3,False,False,,1.5936907728454464,1.0,10,600,600,False,False,False,
hai-test2.csv,9,P3_LCV01D,True,3_sigma_from_pre_median,6200.0,-80.0,300,6818.667649961868,False,3.0,3,False,False,,1.5686348930732554,1.0,10,600,600,False,False,False,
hai-test2.csv,9,P3_LH01,True,change_from_pre_mode,70.0,70.0,300,0.0,True,3.0,3,False,False,,,1.0,10,600,600,False,False,False,
hai-test2.csv,9,P3_LIT01,True,3_sigma_from_pre_median,17479.0,17719.0,300,3086.289589129662,False,3.0,3,False,False,,0.9480639828180012,1.0,10,600,600,False,False,False,
hai-test2.csv,9,P3_LL01,True,change_from_pre_mode,30.0,30.0,300,0.0,True,3.0,3,False,False,,,1.0,10,600,600,False,False,False,
hai-test2.csv,9,P3_PIT01,True,3_sigma_from_pre_median,21.0,21.0,300,1298.3940193880667,False,3.0,3,False,False,,0.8549022742134497,1.0,10,600,600,False,False,False,
hai-test2.csv,9,P4_HT_FD,True,3_sigma_from_pre_median,-0.00014,-0.00014,300,0.002085799588224817,False,3.0,3,True,False,48.0,12.79605200359414,1.0,10,600,600,True,False,False,1.0
hai-test2.csv,9,P4_HT_PO,True,3_sigma_from_pre_median,27.949585,0.07236,300,31.369744436378745,False,3.0,3,False,False,,1.6058251638665597,1.0,10,600,600,False,False,False,
hai-test2.csv,9,P4_HT_PS,True,3_sigma_from_pre_median,0.87694,0.87694,300,1.9005221520029272,False,3.0,3,False,False,,0.0,1.0,10,600,600,False,False,False,
hai-test2.csv,9,P4_LD,True,3_sigma_from_pre_median,364.43866,470.08826,300,61.17702962605878,False,3.0,3,False,False,,1.7774983627789702,1.0,10,600,600,False,False,False,
hai-test2.csv,9,P4_ST_FD,True,3_sigma_from_pre_median,-0.00014,-0.00065,300,0.0016455065627984334,False,3.0,3,False,False,,2.9899607277365057,1.0,10,600,600,False,False,False,
hai-test2.csv,9,P4_ST_GOV,True,3_sigma_from_pre_median,19104.5,14475.0,300,1755.4259694594575,False,3.0,3,False,False,,2.479455172547237,1.0,10,600,600,False,False,False,
hai-test2.csv,9,P4_ST_LD,True,3_sigma_from_pre_median,355.749055,250.3255,300,36.05910881852627,False,3.0,3,False,False,,2.7666544811763125,1.0,10,600,600,False,False,False,
hai-test2.csv,9,P4_ST_PO,True,3_sigma_from_pre_median,349.365235,263.49103,300,32.463425616521704,False,3.0,3,False,False,,2.406276094296228,1.0,10,600,600,False,False,False,
hai-test2.csv,9,P4_ST_PS,True,3_sigma_from_pre_median,21.86811,21.86811,300,10.589736200432041,False,3.0,3,False,False,,0.0,1.0,10,600,600,False,False,False,
hai-test2.csv,9,P4_ST_PT01,True,3_sigma_from_pre_median,9970.0,9970.0,300,30.94037172182327,False,3.0,3,False,False,,1.7776127738377066,1.0,10,600,600,False,False,False,
hai-test2.csv,9,P4_ST_TT01,True,3_sigma_from_pre_median,27174.0,27167.0,300,125.87160191980817,False,3.0,3,False,False,,0.09533524493988015,1.0,10,600,600,False,False,False,
hai-test2.csv,9,x1001_05_SETPOINT_OUT,True,3_sigma_from_pre_median,0.11989,0.11989,300,0.042114897148061825,False,3.0,3,False,False,,0.0,1.0,10,600,600,False,False,False,
hai-test2.csv,9,x1001_15_ASSIGN_OUT,True,3_sigma_from_pre_median,1.154805,1.15938,300,0.10307475471232287,False,3.0,3,False,False,,2.2638423991524967,1.0,10,600,600,False,False,False,
hai-test2.csv,9,x1002_07_SETPOINT_OUT,True,3_sigma_from_pre_median,319.71545,319.71545,300,24.671699804613976,False,3.0,3,False,False,,0.0,1.0,10,600,600,False,False,False,
hai-test2.csv,9,x1002_08_SETPOINT_OUT,True,3_sigma_from_pre_median,1016.75592,1016.75592,300,22.76031945742657,False,3.0,3,False,False,,0.0,1.0,10,600,600,False,False,False,
hai-test2.csv,9,x1003_10_SETPOINT_OUT,True,3_sigma_from_pre_median,423.752685,251.45102,300,1200.880152569592,False,3.0,3,False,False,,0.3303747373549906,1.0,10,600,600,False,False,False,
hai-test2.csv,9,x1003_18_SETPOINT_OUT,True,3_sigma_from_pre_median,25.42054,25.42054,300,0.8117389494981301,False,3.0,3,False,False,,0.0,1.0,10,600,600,False,False,False,
hai-test2.csv,9,x1003_24_SUM_OUT,True,3_sigma_from_pre_median,29.37025,29.38551,300,0.8617764720875876,False,3.0,3,False,False,,0.9025774376455057,1.0,10,600,600,False,False,False,
hai-test2.csv,10,P1_FCV01D,True,3_sigma_from_pre_median,40.644130000000004,36.3846,300,21.696137110751636,False,3.0,3,False,False,,0.4045803156198762,1.0,10,600,600,False,False,False,
hai-test2.csv,10,P1_FCV01Z,True,3_sigma_from_pre_median,40.69672,41.29181,300,21.93007692173577,False,3.0,3,False,False,,0.3732932642788034,1.0,10,600,600,False,False,False,
hai-test2.csv,10,P1_FCV02D,True,3_sigma_from_pre_median,15.0,15.0,300,41.89070266671058,False,3.0,3,False,False,,0.0,1.0,10,600,600,False,False,False,
hai-test2.csv,10,P1_FCV02Z,True,3_sigma_from_pre_median,12.4527,12.4527,300,39.02001795893345,False,3.0,3,False,False,,0.00019554065833672532,1.0,10,600,600,False,False,False,
hai-test2.csv,10,P1_FCV03D,True,3_sigma_from_pre_median,58.463645,57.5136,300,2.3390876027010608,False,3.0,3,False,False,,0.7693320241285475,1.0,10,600,600,False,False,False,
hai-test2.csv,10,P1_FCV03Z,True,3_sigma_from_pre_median,59.06067,59.06067,300,2.4048024631317655,False,3.0,3,False,False,,0.5425102560403157,1.0,10,600,600,False,False,False,
hai-test2.csv,10,P1_FT01,True,3_sigma_from_pre_median,62.02699,57.06784,300,10.923609818121934,False,3.0,3,False,False,,2.3572033813660136,1.0,10,600,600,False,False,False,
hai-test2.csv,10,P1_FT01Z,True,3_sigma_from_pre_median,322.457185,297.13321,300,46.328484692484196,False,3.0,3,False,False,,2.9045634860108027,1.0,10,600,600,False,False,False,
hai-test2.csv,10,P1_FT02,True,3_sigma_from_pre_median,1641.21625,1708.06885,300,917.5366466123356,False,3.0,3,False,False,,0.6162517236642853,1.0,10,600,600,False,False,False,
hai-test2.csv,10,P1_FT02Z,True,3_sigma_from_pre_median,2582.84326,2635.79053,300,1200.8789655934509,False,3.0,3,False,False,,0.4108615723451978,1.0,10,600,600,False,False,False,
hai-test2.csv,10,P1_FT03,True,3_sigma_from_pre_median,253.14325,252.95255,300,11.046936280510804,False,3.0,3,False,False,,0.725168480797064,1.0,10,600,600,False,False,False,
hai-test2.csv,10,P1_FT03Z,True,3_sigma_from_pre_median,1014.25549,1013.93665,300,23.168311167308214,False,3.0,3,False,False,,0.5781297524568838,1.0,10,600,600,False,False,False,
hai-test2.csv,10,P1_LCV01D,True,3_sigma_from_pre_median,15.4809,12.29046,300,3.266506894832349,False,3.0,3,False,False,,1.8381072482959386,1.0,10,600,600,False,False,False,
hai-test2.csv,10,P1_LCV01Z,True,3_sigma_from_pre_median,15.26794,17.52624,300,3.187700744620662,False,3.0,3,False,False,,1.7878591676516367,1.0,10,600,600,False,False,False,
hai-test2.csv,10,P1_LIT01,True,3_sigma_from_pre_median,320.23231499999997,326.69861,300,26.00444265493099,False,3.0,3,False,False,,0.46685388189613525,1.0,10,600,600,False,False,False,
hai-test2.csv,10,P1_PCV01D,True,3_sigma_from_pre_median,29.621645,24.50477,300,2.467222143847526,False,3.0,3,False,False,,1.7014215807311683,1.0,10,600,600,False,False,False,
hai-test2.csv,10,P1_PCV01Z,True,3_sigma_from_pre_median,30.019379999999998,24.83521,300,2.497731488619918,False,3.0,3,False,False,,2.0786101403032116,1.0,10,600,600,False,False,False,
hai-test2.csv,10,P1_PCV02D,True,3_sigma_from_pre_median,12.0,12.0,300,0.06927210836219852,False,3.0,3,False,False,,0.0,1.0,10,600,600,False,False,False,
hai-test2.csv,10,P1_PCV02Z,True,3_sigma_from_pre_median,11.8042,11.8042,300,0.11872654359448429,False,3.0,3,False,False,,0.0,1.0,10,600,600,False,False,False,
hai-test2.csv,10,P1_PIT01,True,3_sigma_from_pre_median,1.13846,1.25977,300,0.10877020856385412,False,3.0,3,False,False,,2.370869775878109,1.0,10,600,600,False,False,False,
hai-test2.csv,10,P1_PIT01_HH,True,change_from_pre_mode,524320.0,524320.0,300,0.0,True,3.0,3,False,False,,,1.0,10,600,600,False,False,False,
hai-test2.csv,10,P1_PIT02,True,3_sigma_from_pre_median,0.74402,0.7135,300,0.3667252175292831,False,3.0,3,False,False,,0.8134428333284166,1.0,10,600,600,False,False,False,
hai-test2.csv,10,P1_PP01AD,True,change_from_pre_mode,0.0,0.0,300,0.0,True,3.0,3,False,False,,,1.0,10,600,600,False,False,False,
hai-test2.csv,10,P1_PP01AR,True,change_from_pre_mode,0.0,0.0,300,0.0,True,3.0,3,False,False,,,1.0,10,600,600,False,False,False,
hai-test2.csv,10,P1_PP01BD,True,change_from_pre_mode,1.0,1.0,300,0.0,True,3.0,3,False,False,,,1.0,10,600,600,False,False,False,
hai-test2.csv,10,P1_PP01BR,True,change_from_pre_mode,1.0,1.0,300,0.0,True,3.0,3,False,False,,,1.0,10,600,600,False,False,False,
hai-test2.csv,10,P1_PP02D,True,change_from_pre_mode,1.0,1.0,300,0.0,True,3.0,3,False,False,,,1.0,10,600,600,False,False,False,
hai-test2.csv,10,P1_PP02R,True,change_from_pre_mode,1.0,1.0,300,0.0,True,3.0,3,False,False,,,1.0,10,600,600,False,False,False,
hai-test2.csv,10,P1_PP04,True,3_sigma_from_pre_median,0.0,0.0,300,17.14859399100902,False,3.0,3,False,False,,0.2915690932225401,1.0,10,600,600,False,False,False,
hai-test2.csv,10,P1_PP04D,True,3_sigma_from_pre_median,0.0,0.0,300,0.49507705153684806,False,3.0,3,False,False,,0.0,1.0,10,600,600,False,False,False,
hai-test2.csv,10,P1_PP04SP,True,3_sigma_from_pre_median,27.91761,27.91761,300,0.2822382025676734,False,3.0,3,False,False,,0.0,1.0,10,600,600,False,False,False,
hai-test2.csv,10,P1_SOL01D,True,change_from_pre_mode,524320.0,524320.0,300,0.0,True,3.0,3,False,False,,,1.0,10,600,600,False,False,False,
hai-test2.csv,10,P1_SOL03D,True,change_from_pre_mode,524320.0,524320.0,300,0.0,True,3.0,3,False,False,,,1.0,10,600,600,False,False,False,
hai-test2.csv,10,P1_STSP,True,change_from_pre_mode,1.0,1.0,300,0.0,True,3.0,3,False,False,,,1.0,10,600,600,False,False,False,
hai-test2.csv,10,P1_TIT01,True,3_sigma_from_pre_median,29.53186,29.34875,300,1.3020195632059774,False,3.0,3,False,False,,0.6680007156408653,1.0,10,600,600,False,False,False,
hai-test2.csv,10,P1_TIT02,True,3_sigma_from_pre_median,34.086600000000004,33.80431,300,2.1887095681347657,False,3.0,3,False,False,,0.36601475666901817,1.0,10,600,600,False,False,False,
hai-test2.csv,10,P1_TIT03,True,3_sigma_from_pre_median,26.22003,26.22003,300,1.2331199100797272,False,3.0,3,False,False,,0.4903172798182339,1.0,10,600,600,False,False,False,
hai-test2.csv,10,P2_24Vdc,True,3_sigma_from_pre_median,28.03426,28.03341,300,0.0035064224696394683,False,3.0,3,False,False,,2.957430283939648,1.0,10,600,600,False,False,False,
hai-test2.csv,10,P2_ATSW_Lamp,True,3_sigma_from_pre_median,1.0,1.0,300,0.386321898014947,False,3.0,3,False,False,,0.0,1.0,10,600,600,False,False,False,
hai-test2.csv,10,P2_AutoGO,True,3_sigma_from_pre_median,1.0,1.0,300,0.386321898014947,False,3.0,3,False,False,,0.0,1.0,10,600,600,False,False,False,
hai-test2.csv,10,P2_AutoSD,True,3_sigma_from_pre_median,101.06113,101.06113,300,9.050891107102233,False,3.0,3,False,False,,0.0,1.0,10,600,600,False,False,False,
hai-test2.csv,10,P2_Emerg,True,change_from_pre_mode,0.0,0.0,300,0.0,True,3.0,3,False,False,,,1.0,10,600,600,False,False,False,
hai-test2.csv,10,P2_MASW,True,3_sigma_from_pre_median,0.0,0.0,300,0.38632189801494704,False,3.0,3,False,False,,0.0,1.0,10,600,600,False,False,False,
hai-test2.csv,10,P2_MASW_Lamp,True,3_sigma_from_pre_median,0.0,0.0,300,0.38632189801494704,False,3.0,3,False,False,,0.0,1.0,10,600,600,False,False,False,
hai-test2.csv,10,P2_ManualGO,True,3_sigma_from_pre_median,0.0,0.0,300,0.38632189801494704,False,3.0,3,False,False,,0.0,1.0,10,600,600,False,False,False,
hai-test2.csv,10,P2_ManualSD,True,3_sigma_from_pre_median,12.65975,12.65975,300,4.414306207493221,False,3.0,3,False,False,,0.0,1.0,10,600,600,False,False,False,
hai-test2.csv,10,P2_OnOff,True,change_from_pre_mode,1.0,1.0,300,0.0,True,3.0,3,False,False,,,1.0,10,600,600,False,False,False,
hai-test2.csv,10,P2_RTR,True,change_from_pre_mode,2880.0,2880.0,300,0.0,True,3.0,3,False,False,,,1.0,10,600,600,False,False,False,
hai-test2.csv,10,P2_SCO,True,3_sigma_from_pre_median,54681.0,54681.0,300,179.70028495841728,False,3.0,3,False,False,,0.011129642896575266,1.0,10,600,600,False,False,False,
hai-test2.csv,10,P2_SCST,True,3_sigma_from_pre_median,720.392855,720.39215,300,0.25187557511890135,False,3.0,3,False,False,,1.3711730477914776,1.0,10,600,600,False,False,False,
hai-test2.csv,10,P2_SIT01,True,3_sigma_from_pre_median,899.0,898.0,300,34.040295273317895,False,3.0,3,False,False,,0.11750779386262714,1.0,10,600,600,False,False,False,
hai-test2.csv,10,P2_TripEx,True,change_from_pre_mode,1.0,1.0,300,0.0,True,3.0,3,False,False,,,1.0,10,600,600,False,False,False,
hai-test2.csv,10,P2_VIBTR01,True,3_sigma_from_pre_median,6.6572499999999994,6.3548,300,0.39473789413008264,False,3.0,3,False,False,,1.5847224431760676,1.0,10,600,600,False,False,False,
hai-test2.csv,10,P2_VIBTR02,True,3_sigma_from_pre_median,-3.3205999999999998,-3.8095,300,0.36541918293693737,False,3.0,3,False,False,,1.3031609237717034,1.0,10,600,600,False,False,False,
hai-test2.csv,10,P2_VIBTR03,True,3_sigma_from_pre_median,9.6488,9.5415,300,0.29310264016502074,False,3.0,3,False,False,,1.4404510302680857,1.0,10,600,600,False,False,False,
hai-test2.csv,10,P2_VIBTR04,True,3_sigma_from_pre_median,-1.415,-1.5881,300,0.2638662725045679,False,3.0,3,False,False,,1.029688248600611,1.0,10,600,600,False,False,False,
hai-test2.csv,10,P2_VT01,True,3_sigma_from_pre_median,11.95786,11.96297,300,0.046671016450741364,False,3.0,3,False,False,,1.4679346028880325,1.0,10,600,600,False,False,False,
hai-test2.csv,10,P2_VTR01,True,change_from_pre_mode,50.0,50.0,300,0.0,True,3.0,3,False,False,,,1.0,10,600,600,False,False,False,
hai-test2.csv,10,P2_VTR02,True,change_from_pre_mode,50.0,50.0,300,0.0,True,3.0,3,False,False,,,1.0,10,600,600,False,False,False,
hai-test2.csv,10,P2_VTR03,True,change_from_pre_mode,50.0,50.0,300,0.0,True,3.0,3,False,False,,,1.0,10,600,600,False,False,False,
hai-test2.csv,10,P2_VTR04,True,change_from_pre_mode,50.0,50.0,300,0.0,True,3.0,3,False,False,,,1.0,10,600,600,False,False,False,
hai-test2.csv,10,P3_FIT01,True,3_sigma_from_pre_median,37.0,27.0,300,1688.0235925813643,False,3.0,3,False,False,,1.057449675374701,1.0,10,600,600,False,False,False,
hai-test2.csv,10,P3_LCP01D,True,3_sigma_from_pre_median,848.0,-8.0,300,5147.799146350213,False,3.0,3,False,False,,2.5113644943132534,1.0,10,600,600,False,False,False,
hai-test2.csv,10,P3_LCV01D,True,3_sigma_from_pre_median,14768.0,-112.0,300,6818.667649961868,False,3.0,3,False,False,,2.1845910029187743,1.0,10,600,600,False,False,False,
hai-test2.csv,10,P3_LH01,True,change_from_pre_mode,70.0,70.0,300,0.0,True,3.0,3,False,False,,,1.0,10,600,600,False,False,False,
hai-test2.csv,10,P3_LIT01,True,3_sigma_from_pre_median,16643.0,15646.0,300,3086.289589129662,False,3.0,3,False,False,,0.7471755107239613,1.0,10,600,600,False,False,False,
hai-test2.csv,10,P3_LL01,True,change_from_pre_mode,30.0,30.0,300,0.0,True,3.0,3,False,False,,,1.0,10,600,600,False,False,False,
hai-test2.csv,10,P3_PIT01,True,3_sigma_from_pre_median,23.0,23.0,300,1298.3940193880667,False,3.0,3,False,True,,3.0383688934883413,1.0,10,600,600,False,False,False,
hai-test2.csv,10,P4_HT_FD,True,3_sigma_from_pre_median,-0.00029,-7e-05,300,0.002085799588224817,False,3.0,3,False,False,,4.5066649993924655,1.0,10,600,600,False,False,False,
hai-test2.csv,10,P4_HT_PO,True,3_sigma_from_pre_median,68.467865,0.01807,300,31.369744436378745,False,3.0,3,False,False,,2.1820322807800885,1.0,10,600,600,False,False,False,
hai-test2.csv,10,P4_HT_PS,True,3_sigma_from_pre_median,0.87694,0.87694,300,1.9005221520029272,False,3.0,3,False,False,,0.0,1.0,10,600,600,False,False,False,
hai-test2.csv,10,P4_LD,True,3_sigma_from_pre_median,412.42587,436.07135,300,61.17702962605878,False,3.0,3,False,False,,1.4743514118178138,1.0,10,600,600,False,False,False,
hai-test2.csv,10,P4_ST_FD,True,3_sigma_from_pre_median,-0.00022,-0.00014,300,0.0016455065627984334,False,3.0,3,False,False,,3.123658158651552,1.0,10,600,600,False,False,False,
hai-test2.csv,10,P4_ST_GOV,True,3_sigma_from_pre_median,18863.5,19821.0,300,1755.4259694594575,False,3.0,3,False,False,,1.4045024073326164,1.0,10,600,600,False,False,False,
hai-test2.csv,10,P4_ST_LD,True,3_sigma_from_pre_median,345.32333500000004,253.23712,300,36.05910881852627,False,3.0,3,False,False,,0.8325301424137331,1.0,10,600,600,False,False,False,
hai-test2.csv,10,P4_ST_PO,True,3_sigma_from_pre_median,346.055785,258.33698,300,32.463425616521704,False,3.0,3,False,False,,1.4041021282979411,1.0,10,600,600,False,False,False,
hai-test2.csv,10,P4_ST_PS,True,3_sigma_from_pre_median,6.35276,6.35276,300,10.589736200432041,False,3.0,3,False,False,,0.0,1.0,10,600,600,False,False,False,
hai-test2.csv,10,P4_ST_PT01,True,3_sigma_from_pre_median,9972.0,9970.0,300,30.94037172182327,False,3.0,3,False,False,,1.9068937028440853,1.0,10,600,600,False,False,False,
hai-test2.csv,10,P4_ST_TT01,True,3_sigma_from_pre_median,27023.5,27006.0,300,125.87160191980817,False,3.0,3,False,False,,0.7110420351766061,1.0,10,600,600,False,False,False,
hai-test2.csv,10,x1001_05_SETPOINT_OUT,True,3_sigma_from_pre_median,0.14842,0.14842,300,0.042114897148061825,False,3.0,3,False,False,,0.0,1.0,10,600,600,False,False,False,
hai-test2.csv,10,x1001_15_ASSIGN_OUT,True,3_sigma_from_pre_median,1.174115,0.91966,300,0.10307475471232287,False,3.0,3,False,False,,1.364010037107481,1.0,10,600,600,False,False,False,
hai-test2.csv,10,x1002_07_SETPOINT_OUT,True,3_sigma_from_pre_median,319.71545,319.71545,300,24.671699804613976,False,3.0,3,False,False,,0.0,1.0,10,600,600,False,False,False,
hai-test2.csv,10,x1002_08_SETPOINT_OUT,True,3_sigma_from_pre_median,1016.75592,1016.75592,300,22.76031945742657,False,3.0,3,False,False,,0.0,1.0,10,600,600,False,False,False,
hai-test2.csv,10,x1003_10_SETPOINT_OUT,True,3_sigma_from_pre_median,2582.84326,2635.79053,300,1200.880152569592,False,3.0,3,False,False,,0.4108611662406564,1.0,10,600,600,False,False,False,
hai-test2.csv,10,x1003_18_SETPOINT_OUT,True,3_sigma_from_pre_median,25.42054,25.42054,300,0.8117389494981301,False,3.0,3,False,False,,0.0,1.0,10,600,600,False,False,False,
hai-test2.csv,10,x1003_24_SUM_OUT,True,3_sigma_from_pre_median,29.33954,28.49134,300,0.8617764720875876,False,3.0,3,False,False,,0.543806909539728,1.0,10,600,600,False,False,False,
hai-test2.csv,11,P1_FCV01D,True,3_sigma_from_pre_median,0.21221,0.0,300,21.696137110751636,False,3.0,3,False,False,,0.009781003821866438,1.0,10,600,600,False,False,False,
hai-test2.csv,11,P1_FCV01Z,True,3_sigma_from_pre_median,0.34485,0.34485,300,21.93007692173577,False,3.0,3,False,False,,0.0,1.0,10,600,600,False,False,False,
hai-test2.csv,11,P1_FCV02D,True,3_sigma_from_pre_median,100.0,100.0,300,41.89070266671058,False,3.0,3,False,False,,0.0,1.0,10,600,600,False,False,False,
hai-test2.csv,11,P1_FCV02Z,True,3_sigma_from_pre_median,97.36022,97.36022,300,39.02001795893345,False,3.0,3,False,False,,0.00019528437962336415,1.0,10,600,600,False,False,False,
hai-test2.csv,11,P1_FCV03D,True,3_sigma_from_pre_median,53.92568,53.45719,300,2.3390876027010608,False,3.0,3,False,False,,0.3900495214229908,1.0,10,600,600,False,False,False,
hai-test2.csv,11,P1_FCV03Z,True,3_sigma_from_pre_median,54.57458,54.57458,300,2.4048024631317655,False,3.0,3,False,False,,0.4473298811408667,1.0,10,600,600,False,False,False,
hai-test2.csv,11,P1_FT01,True,3_sigma_from_pre_median,63.55283,70.61,300,10.923609818121934,False,3.0,3,False,False,,1.2746363365067404,1.0,10,600,600,False,False,False,
hai-test2.csv,11,P1_FT01Z,True,3_sigma_from_pre_median,330.89838,367.64273,300,46.328484692484196,False,3.0,3,False,False,,1.5648195808951395,1.0,10,600,600,False,False,False,
hai-test2.csv,11,P1_FT02,True,3_sigma_from_pre_median,4.99723,4.99723,300,917.5366466123356,False,3.0,3,False,False,,0.0006236045198985383,1.0,10,600,600,False,False,False,
hai-test2.csv,11,P1_FT02Z,True,3_sigma_from_pre_median,26.01891,26.01891,300,1200.8789655934509,False,3.0,3,False,False,,0.0024808162065922752,1.0,10,600,600,False,False,False,
hai-test2.csv,11,P1_FT03,True,3_sigma_from_pre_median,254.0016,252.95255,300,11.046936280510804,False,3.0,3,False,False,,0.40574960207815364,1.0,10,600,600,False,False,False,
hai-test2.csv,11,P1_FT03Z,True,3_sigma_from_pre_median,1015.85016,1013.93665,300,23.168311167308214,False,3.0,3,False,False,,0.31659191500975764,1.0,10,600,600,False,False,False,
hai-test2.csv,11,P1_LCV01D,True,3_sigma_from_pre_median,16.081955,13.85792,300,3.266506894832349,False,3.0,3,False,False,,1.299499782693054,1.0,10,600,600,False,False,False,
hai-test2.csv,11,P1_LCV01Z,True,3_sigma_from_pre_median,15.85541,17.99927,300,3.187700744620662,False,3.0,3,False,False,,1.115317994011725,1.0,10,600,600,False,False,False,
hai-test2.csv,11,P1_LIT01,True,3_sigma_from_pre_median,373.036105,370.50583,300,26.00444265493099,False,3.0,3,False,False,,0.4078831890668767,1.0,10,600,600,False,False,False,
hai-test2.csv,11,P1_PCV01D,True,3_sigma_from_pre_median,27.26691,25.81147,300,2.467222143847526,False,3.0,3,False,False,,2.4126485792305976,1.0,10,600,600,False,False,False,
hai-test2.csv,11,P1_PCV01Z,True,3_sigma_from_pre_median,27.654265000000002,30.16815,300,2.497731488619918,False,3.0,3,False,False,,2.2466045792218043,1.0,10,600,600,False,False,False,
hai-test2.csv,11,P1_PCV02D,True,3_sigma_from_pre_median,12.0,12.0,300,0.06927210836219852,False,3.0,3,False,False,,0.0,1.0,10,600,600,False,False,False,
hai-test2.csv,11,P1_PCV02Z,True,3_sigma_from_pre_median,11.8042,11.8042,300,0.11872654359448429,False,3.0,3,False,False,,0.1285306515122752,1.0,10,600,600,False,False,False,
hai-test2.csv,11,P1_PIT01,True,3_sigma_from_pre_median,1.09497,1.05148,300,0.10877020856385412,False,3.0,3,False,False,,1.9289289114199868,1.0,10,600,600,False,False,False,
hai-test2.csv,11,P1_PIT01_HH,True,change_from_pre_mode,524320.0,524320.0,300,0.0,True,3.0,3,False,False,,,1.0,10,600,600,False,False,False,
hai-test2.csv,11,P1_PIT02,True,3_sigma_from_pre_median,0.37781,0.37628,300,0.3667252175292831,False,3.0,3,False,False,,0.03536707970993126,1.0,10,600,600,False,False,False,
hai-test2.csv,11,P1_PP01AD,True,change_from_pre_mode,0.0,0.0,300,0.0,True,3.0,3,False,False,,,1.0,10,600,600,False,False,False,
hai-test2.csv,11,P1_PP01AR,True,change_from_pre_mode,0.0,0.0,300,0.0,True,3.0,3,False,False,,,1.0,10,600,600,False,False,False,
hai-test2.csv,11,P1_PP01BD,True,change_from_pre_mode,1.0,1.0,300,0.0,True,3.0,3,False,False,,,1.0,10,600,600,False,False,False,
hai-test2.csv,11,P1_PP01BR,True,change_from_pre_mode,1.0,1.0,300,0.0,True,3.0,3,False,False,,,1.0,10,600,600,False,False,False,
hai-test2.csv,11,P1_PP02D,True,change_from_pre_mode,1.0,1.0,300,0.0,True,3.0,3,False,False,,,1.0,10,600,600,False,False,False,
hai-test2.csv,11,P1_PP02R,True,change_from_pre_mode,1.0,1.0,300,0.0,True,3.0,3,False,False,,,1.0,10,600,600,False,False,False,
hai-test2.csv,11,P1_PP04,True,3_sigma_from_pre_median,32.73475,45.0,300,17.14859399100902,False,3.0,3,False,False,,0.6123843159098605,1.0,10,600,600,False,False,False,
hai-test2.csv,11,P1_PP04D,True,3_sigma_from_pre_median,1.0,1.0,300,0.49507705153684806,False,3.0,3,False,False,,0.0,1.0,10,600,600,False,False,False,
hai-test2.csv,11,P1_PP04SP,True,3_sigma_from_pre_median,27.91761,27.91761,300,0.2822382025676734,False,3.0,3,False,False,,0.0,1.0,10,600,600,False,False,False,
hai-test2.csv,11,P1_SOL01D,True,change_from_pre_mode,524320.0,524320.0,300,0.0,True,3.0,3,False,False,,,1.0,10,600,600,False,False,False,
hai-test2.csv,11,P1_SOL03D,True,change_from_pre_mode,524320.0,524320.0,300,0.0,True,3.0,3,False,False,,,1.0,10,600,600,False,False,False,
hai-test2.csv,11,P1_STSP,True,change_from_pre_mode,1.0,1.0,300,0.0,True,3.0,3,False,False,,,1.0,10,600,600,False,False,False,
hai-test2.csv,11,P1_TIT01,True,3_sigma_from_pre_median,31.10351,31.11877,300,1.3020195632059774,False,3.0,3,False,False,,1.2539673336242423,1.0,10,600,600,False,False,False,
hai-test2.csv,11,P1_TIT02,True,3_sigma_from_pre_median,38.94653,38.88549,300,2.1887095681347657,False,3.0,3,False,False,,0.13246161309883933,1.0,10,600,600,False,False,False,
hai-test2.csv,11,P1_TIT03,True,3_sigma_from_pre_median,29.23349,29.23349,300,1.2331199100797272,False,3.0,3,False,False,,0.26003148386377845,1.0,10,600,600,False,False,False,
hai-test2.csv,11,P2_24Vdc,True,3_sigma_from_pre_median,28.03338,28.03341,300,0.0035064224696394683,False,3.0,3,False,False,,2.9659860128234814,1.0,10,600,600,False,False,False,
hai-test2.csv,11,P2_ATSW_Lamp,True,3_sigma_from_pre_median,1.0,1.0,300,0.386321898014947,False,3.0,3,False,False,,0.0,1.0,10,600,600,False,False,False,
hai-test2.csv,11,P2_AutoGO,True,3_sigma_from_pre_median,1.0,1.0,300,0.386321898014947,False,3.0,3,False,False,,0.0,1.0,10,600,600,False,False,False,
hai-test2.csv,11,P2_AutoSD,True,3_sigma_from_pre_median,129.69986,129.69986,300,9.050891107102233,False,3.0,3,False,False,,0.0,1.0,10,600,600,False,False,False,
hai-test2.csv,11,P2_Emerg,True,change_from_pre_mode,0.0,0.0,300,0.0,True,3.0,3,False,False,,,1.0,10,600,600,False,False,False,
hai-test2.csv,11,P2_MASW,True,3_sigma_from_pre_median,0.0,0.0,300,0.38632189801494704,False,3.0,3,False,False,,0.0,1.0,10,600,600,False,False,False,
hai-test2.csv,11,P2_MASW_Lamp,True,3_sigma_from_pre_median,0.0,0.0,300,0.38632189801494704,False,3.0,3,False,False,,0.0,1.0,10,600,600,False,False,False,
hai-test2.csv,11,P2_ManualGO,True,3_sigma_from_pre_median,0.0,0.0,300,0.38632189801494704,False,3.0,3,False,False,,0.0,1.0,10,600,600,False,False,False,
hai-test2.csv,11,P2_ManualSD,True,3_sigma_from_pre_median,12.65975,12.65975,300,4.414306207493221,False,3.0,3,False,False,,0.0,1.0,10,600,600,False,False,False,
hai-test2.csv,11,P2_OnOff,True,change_from_pre_mode,1.0,1.0,300,0.0,True,3.0,3,False,False,,,1.0,10,600,600,False,False,False,
hai-test2.csv,11,P2_RTR,True,change_from_pre_mode,2880.0,2880.0,300,0.0,True,3.0,3,False,False,,,1.0,10,600,600,False,False,False,
hai-test2.csv,11,P2_SCO,True,3_sigma_from_pre_median,54829.0,54829.0,300,179.70028495841728,False,3.0,3,False,False,,0.011129642896575266,1.0,10,600,600,False,False,False,
hai-test2.csv,11,P2_SCST,True,3_sigma_from_pre_median,719.86926,719.89319,300,0.25187557511890135,False,3.0,3,False,False,,1.5573959476415158,1.0,10,600,600,False,False,False,
hai-test2.csv,11,P2_SIT01,True,3_sigma_from_pre_median,917.0,916.0,300,34.040295273317895,False,3.0,3,False,False,,0.32314643312222463,1.0,10,600,600,False,False,False,
hai-test2.csv,11,P2_TripEx,True,change_from_pre_mode,1.0,1.0,300,0.0,True,3.0,3,False,False,,,1.0,10,600,600,False,False,False,
hai-test2.csv,11,P2_VIBTR01,True,3_sigma_from_pre_median,6.5672,5.8902,300,0.39473789413008264,False,3.0,3,False,False,,1.4303161880220707,1.0,10,600,600,False,False,False,
hai-test2.csv,11,P2_VIBTR02,True,3_sigma_from_pre_median,-3.40465,-3.896,300,0.36541918293693737,False,3.0,3,False,False,,1.4179605893580596,1.0,10,600,600,False,False,False,
hai-test2.csv,11,P2_VIBTR03,True,3_sigma_from_pre_median,9.4718,9.5952,300,0.29310264016502074,False,3.0,3,False,False,,1.3466272421762522,1.0,10,600,600,False,False,False,
hai-test2.csv,11,P2_VIBTR04,True,3_sigma_from_pre_median,-1.3932,-1.3988,300,0.2638662725045679,False,3.0,3,False,False,,1.3950248226348358,1.0,10,600,600,False,False,False,
hai-test2.csv,11,P2_VT01,True,3_sigma_from_pre_median,11.93787,11.88833,300,0.046671016450741364,False,3.0,3,False,False,,1.3188056460043678,1.0,10,600,600,False,False,False,
hai-test2.csv,11,P2_VTR01,True,change_from_pre_mode,50.0,50.0,300,0.0,True,3.0,3,False,False,,,1.0,10,600,600,False,False,False,
hai-test2.csv,11,P2_VTR02,True,change_from_pre_mode,50.0,50.0,300,0.0,True,3.0,3,False,False,,,1.0,10,600,600,False,False,False,
hai-test2.csv,11,P2_VTR03,True,change_from_pre_mode,50.0,50.0,300,0.0,True,3.0,3,False,False,,,1.0,10,600,600,False,False,False,
hai-test2.csv,11,P2_VTR04,True,change_from_pre_mode,50.0,50.0,300,0.0,True,3.0,3,False,False,,,1.0,10,600,600,False,False,False,
hai-test2.csv,11,P3_FIT01,True,3_sigma_from_pre_median,23.0,23.0,300,1688.0235925813643,False,3.0,3,False,False,,2.780766821405516,1.0,10,600,600,False,False,False,
hai-test2.csv,11,P3_LCP01D,True,3_sigma_from_pre_median,7144.0,6488.0,300,5147.799146350213,False,3.0,3,False,False,,1.3877775330580044,1.0,10,600,600,False,False,False,
hai-test2.csv,11,P3_LCV01D,True,3_sigma_from_pre_median,3256.0,16.0,300,6818.667649961868,False,3.0,3,False,False,,2.063746280415749,1.0,10,600,600,False,False,False,
hai-test2.csv,11,P3_LH01,True,change_from_pre_mode,70.0,70.0,300,0.0,True,3.0,3,False,False,,,1.0,10,600,600,False,False,False,
hai-test2.csv,11,P3_LIT01,True,3_sigma_from_pre_median,17630.0,17893.0,300,3086.289589129662,False,3.0,3,False,False,,0.9713929666740833,1.0,10,600,600,False,False,False,
hai-test2.csv,11,P3_LL01,True,change_from_pre_mode,30.0,30.0,300,0.0,True,3.0,3,False,False,,,1.0,10,600,600,False,False,False,
hai-test2.csv,11,P3_PIT01,True,3_sigma_from_pre_median,401.0,18.0,300,1298.3940193880667,False,3.0,3,False,False,,0.6839218193707597,1.0,10,600,600,False,False,False,
hai-test2.csv,11,P4_HT_FD,True,3_sigma_from_pre_median,-0.00014,-0.00014,300,0.002085799588224817,False,3.0,3,False,False,,6.5202812757167585,1.0,10,600,600,False,False,False,
hai-test2.csv,11,P4_HT_PO,True,3_sigma_from_pre_median,15.5979,0.09042,300,31.369744436378745,False,3.0,3,False,False,,2.0508796343712503,1.0,10,600,600,False,False,False,
hai-test2.csv,11,P4_HT_PS,True,3_sigma_from_pre_median,0.87694,0.87694,300,1.9005221520029272,False,3.0,3,False,False,,0.0,1.0,10,600,600,False,False,False,
hai-test2.csv,11,P4_LD,True,3_sigma_from_pre_median,348.85886,353.11774,300,61.17702962605878,False,3.0,3,False,False,,2.2157389926996474,1.0,10,600,600,False,False,False,
hai-test2.csv,11,P4_ST_FD,True,3_sigma_from_pre_median,7e-05,0.0,300,0.0016455065627984334,False,3.0,3,False,False,,3.737450909670632,1.0,10,600,600,False,False,False,
hai-test2.csv,11,P4_ST_GOV,True,3_sigma_from_pre_median,17822.5,18034.0,300,1755.4259694594575,False,3.0,3,False,False,,2.264122822122687,1.0,10,600,600,False,False,False,
hai-test2.csv,11,P4_ST_LD,True,3_sigma_from_pre_median,325.475645,325.10492,300,36.05910881852627,False,3.0,3,False,False,,2.1512851410277976,1.0,10,600,600,False,False,False,
hai-test2.csv,11,P4_ST_PO,True,3_sigma_from_pre_median,325.963895,331.2536,300,32.463425616521704,False,3.0,3,False,False,,2.267007366053975,1.0,10,600,600,False,False,False,
hai-test2.csv,11,P4_ST_PS,True,3_sigma_from_pre_median,6.35276,6.35276,300,10.589736200432041,False,3.0,3,False,False,,0.0,1.0,10,600,600,False,False,False,
hai-test2.csv,11,P4_ST_PT01,True,3_sigma_from_pre_median,9970.0,9970.0,300,30.94037172182327,False,3.0,3,False,False,,1.7776127738377066,1.0,10,600,600,False,False,False,
hai-test2.csv,11,P4_ST_TT01,True,3_sigma_from_pre_median,27174.0,27181.0,300,125.87160191980817,False,3.0,3,False,False,,1.2631919954534119,1.0,10,600,600,False,False,False,
hai-test2.csv,11,x1001_05_SETPOINT_OUT,True,3_sigma_from_pre_median,0.14842,0.14842,300,0.042114897148061825,False,3.0,3,False,False,,0.0,1.0,10,600,600,False,False,False,
hai-test2.csv,11,x1001_15_ASSIGN_OUT,True,3_sigma_from_pre_median,1.11707,1.12817,300,0.10307475471232287,False,3.0,3,False,False,,2.0594761597295497,1.0,10,600,600,False,False,False,
hai-test2.csv,11,x1002_07_SETPOINT_OUT,True,3_sigma_from_pre_median,374.32968,374.32968,300,24.671699804613976,False,3.0,3,False,False,,0.0,1.0,10,600,600,False,False,False,
hai-test2.csv,11,x1002_08_SETPOINT_OUT,True,3_sigma_from_pre_median,1016.75592,1016.75592,300,22.76031945742657,False,3.0,3,False,False,,0.0,1.0,10,600,600,False,False,False,
hai-test2.csv,11,x1003_10_SETPOINT_OUT,True,3_sigma_from_pre_median,26.01891,26.01891,300,1200.880152569592,False,3.0,3,False,False,,0.0024808137544994153,1.0,10,600,600,False,False,False,
hai-test2.csv,11,x1003_18_SETPOINT_OUT,True,3_sigma_from_pre_median,25.42054,25.42054,300,0.8117389494981301,False,3.0,3,False,False,,0.0,1.0,10,600,600,False,False,False,
hai-test2.csv,11,x1003_24_SUM_OUT,True,3_sigma_from_pre_median,29.14938,29.18638,300,0.8617764720875876,False,3.0,3,False,False,,0.82111779901097,1.0,10,600,600,False,False,False,
hai-test2.csv,12,P1_FCV01D,True,3_sigma_from_pre_median,34.999775,26.72841,300,21.696137110751636,False,3.0,3,False,False,,1.0595768676539115,1.0,10,600,600,False,False,False,
hai-test2.csv,12,P1_FCV01Z,True,3_sigma_from_pre_median,34.982295,42.0166,300,21.93007692173577,False,3.0,3,False,False,,1.0638669934110463,1.0,10,600,600,False,False,False,
hai-test2.csv,12,P1_FCV02D,True,3_sigma_from_pre_median,15.0,15.0,300,41.89070266671058,False,3.0,3,False,False,,2.029089859778056,1.0,10,600,600,False,False,False,
hai-test2.csv,12,P1_FCV02Z,True,3_sigma_from_pre_median,12.4527,12.4527,300,39.02001795893345,False,3.0,3,False,False,,0.849556759171366,1.0,10,600,600,False,False,False,
hai-test2.csv,12,P1_FCV03D,True,3_sigma_from_pre_median,52.9023,53.25773,300,2.3390876027010608,False,3.0,3,False,False,,0.2974535879701794,1.0,10,600,600,False,False,False,
hai-test2.csv,12,P1_FCV03Z,True,3_sigma_from_pre_median,53.75061,53.75061,300,2.4048024631317655,False,3.0,3,False,False,,0.39340029566002777,1.0,10,600,600,False,False,False,
hai-test2.csv,12,P1_FT01,True,3_sigma_from_pre_median,62.78987,60.88255,300,10.923609818121934,False,3.0,3,False,False,,0.8206527099794597,1.0,10,600,600,False,False,False,
hai-test2.csv,12,P1_FT01Z,True,3_sigma_from_pre_median,326.9259,316.99512,300,46.328484692484196,False,3.0,3,False,False,,1.0074812571534866,1.0,10,600,600,False,False,False,
hai-test2.csv,12,P1_FT02,True,3_sigma_from_pre_median,1278.34314,1683.84546,300,917.5366466123356,False,3.0,3,False,False,,1.2765733056271942,1.0,10,600,600,False,False,False,
hai-test2.csv,12,P1_FT02Z,True,3_sigma_from_pre_median,2284.065795,2616.60571,300,1200.8789655934509,False,3.0,3,False,False,,1.4378987512256722,1.0,10,600,600,False,False,False,
hai-test2.csv,12,P1_FT03,True,3_sigma_from_pre_median,247.99348,247.8027,300,11.046936280510804,False,3.0,3,False,False,,0.2935230110560648,1.0,10,600,600,False,False,False,
hai-test2.csv,12,P1_FT03Z,True,3_sigma_from_pre_median,1004.42517,1003.99017,300,23.168311167308214,False,3.0,3,False,False,,0.31909965066560253,1.0,10,600,600,False,False,False,
hai-test2.csv,12,P1_LCV01D,True,3_sigma_from_pre_median,14.02778,13.45741,300,3.266506894832349,False,3.0,3,False,False,,0.601667182490631,1.0,10,600,600,False,False,False,
hai-test2.csv,12,P1_LCV01Z,True,3_sigma_from_pre_median,14.1922,14.1922,300,3.187700744620662,False,3.0,3,False,False,,0.595953055883879,1.0,10,600,600,False,False,False,
hai-test2.csv,12,P1_LIT01,True,3_sigma_from_pre_median,375.56641,373.16388,300,26.00444265493099,False,3.0,3,False,False,,0.3675871898830112,1.0,10,600,600,False,False,False,
hai-test2.csv,12,P1_PCV01D,True,3_sigma_from_pre_median,30.41091,28.66206,300,2.467222143847526,False,3.0,3,False,False,,2.4658663246725396,1.0,10,600,600,False,False,False,
hai-test2.csv,12,P1_PCV01Z,True,3_sigma_from_pre_median,30.41229,28.86352,300,2.497731488619918,False,3.0,3,False,False,,2.2053691620165257,1.0,10,600,600,False,False,False,
hai-test2.csv,12,P1_PCV02D,True,3_sigma_from_pre_median,12.0,12.0,300,0.06927210836219852,False,3.0,3,False,False,,0.0,1.0,10,600,600,False,False,False,
hai-test2.csv,12,P1_PCV02Z,True,3_sigma_from_pre_median,11.8042,11.8042,300,0.11872654359448429,False,3.0,3,False,False,,0.1285306515122752,1.0,10,600,600,False,False,False,
hai-test2.csv,12,P1_PIT01,True,3_sigma_from_pre_median,1.19072,1.21628,300,0.10877020856385412,False,3.0,3,False,False,,1.5606295348817636,1.0,10,600,600,False,False,False,
hai-test2.csv,12,P1_PIT01_HH,True,change_from_pre_mode,524320.0,524320.0,300,0.0,True,3.0,3,False,False,,,1.0,10,600,600,False,False,False,
hai-test2.csv,12,P1_PIT02,True,3_sigma_from_pre_median,0.9374199999999999,0.73029,300,0.3667252175292831,False,3.0,3,False,False,,1.5946544498356008,1.0,10,600,600,False,False,False,
hai-test2.csv,12,P1_PP01AD,True,change_from_pre_mode,0.0,0.0,300,0.0,True,3.0,3,False,False,,,1.0,10,600,600,False,False,False,
hai-test2.csv,12,P1_PP01AR,True,change_from_pre_mode,0.0,0.0,300,0.0,True,3.0,3,False,False,,,1.0,10,600,600,False,False,False,
hai-test2.csv,12,P1_PP01BD,True,change_from_pre_mode,1.0,1.0,300,0.0,True,3.0,3,False,False,,,1.0,10,600,600,False,False,False,
hai-test2.csv,12,P1_PP01BR,True,change_from_pre_mode,1.0,1.0,300,0.0,True,3.0,3,False,False,,,1.0,10,600,600,False,False,False,
hai-test2.csv,12,P1_PP02D,True,change_from_pre_mode,1.0,1.0,300,0.0,True,3.0,3,False,False,,,1.0,10,600,600,False,False,False,
hai-test2.csv,12,P1_PP02R,True,change_from_pre_mode,1.0,1.0,300,0.0,True,3.0,3,False,False,,,1.0,10,600,600,False,False,False,
hai-test2.csv,12,P1_PP04,True,3_sigma_from_pre_median,0.0,0.0,300,17.14859399100902,False,3.0,3,False,False,,0.2915690932225401,1.0,10,600,600,False,False,False,
hai-test2.csv,12,P1_PP04D,True,3_sigma_from_pre_median,0.0,0.0,300,0.49507705153684806,False,3.0,3,False,False,,0.0,1.0,10,600,600,False,False,False,
hai-test2.csv,12,P1_PP04SP,True,3_sigma_from_pre_median,27.91761,27.91761,300,0.2822382025676734,False,3.0,3,False,False,,0.0,1.0,10,600,600,False,False,False,
hai-test2.csv,12,P1_SOL01D,True,change_from_pre_mode,524320.0,524320.0,300,0.0,True,3.0,3,False,False,,,1.0,10,600,600,False,False,False,
hai-test2.csv,12,P1_SOL03D,True,change_from_pre_mode,524320.0,524320.0,300,0.0,True,3.0,3,False,False,,,1.0,10,600,600,False,False,False,
hai-test2.csv,12,P1_STSP,True,change_from_pre_mode,1.0,1.0,300,0.0,True,3.0,3,False,False,,,1.0,10,600,600,False,False,False,
hai-test2.csv,12,P1_TIT01,True,3_sigma_from_pre_median,30.69153,31.02721,300,1.3020195632059774,False,3.0,3,False,False,,0.6093994456168378,1.0,10,600,600,False,False,False,
hai-test2.csv,12,P1_TIT02,True,3_sigma_from_pre_median,34.97925,35.48279,300,2.1887095681347657,False,3.0,3,False,False,,0.5507537489440811,1.0,10,600,600,False,False,False,
hai-test2.csv,12,P1_TIT03,True,3_sigma_from_pre_median,26.84015,26.84015,300,1.2331199100797272,False,3.0,3,False,False,,0.6582571519322212,1.0,10,600,600,False,False,False,
hai-test2.csv,12,P2_24Vdc,True,3_sigma_from_pre_median,28.03343,28.03426,300,0.0035064224696394683,False,3.0,3,False,False,,3.20269451192396,1.0,10,600,600,False,False,False,
hai-test2.csv,12,P2_ATSW_Lamp,True,3_sigma_from_pre_median,1.0,1.0,300,0.386321898014947,False,3.0,3,False,False,,0.0,1.0,10,600,600,False,False,False,
hai-test2.csv,12,P2_AutoGO,True,3_sigma_from_pre_median,1.0,1.0,300,0.386321898014947,False,3.0,3,False,False,,0.0,1.0,10,600,600,False,False,False,
hai-test2.csv,12,P2_AutoSD,True,3_sigma_from_pre_median,129.69986,129.69986,300,9.050891107102233,False,3.0,3,False,False,,0.0,1.0,10,600,600,False,False,False,
hai-test2.csv,12,P2_Emerg,True,change_from_pre_mode,0.0,0.0,300,0.0,True,3.0,3,False,False,,,1.0,10,600,600,False,False,False,
hai-test2.csv,12,P2_MASW,True,3_sigma_from_pre_median,0.0,0.0,300,0.38632189801494704,False,3.0,3,False,False,,0.0,1.0,10,600,600,False,False,False,
hai-test2.csv,12,P2_MASW_Lamp,True,3_sigma_from_pre_median,0.0,0.0,300,0.38632189801494704,False,3.0,3,False,False,,0.0,1.0,10,600,600,False,False,False,
hai-test2.csv,12,P2_ManualGO,True,3_sigma_from_pre_median,0.0,0.0,300,0.38632189801494704,False,3.0,3,False,False,,0.0,1.0,10,600,600,False,False,False,
hai-test2.csv,12,P2_ManualSD,True,3_sigma_from_pre_median,12.65975,12.65975,300,4.414306207493221,False,3.0,3,False,False,,0.0,1.0,10,600,600,False,False,False,
hai-test2.csv,12,P2_OnOff,True,change_from_pre_mode,1.0,1.0,300,0.0,True,3.0,3,False,False,,,1.0,10,600,600,False,False,False,
hai-test2.csv,12,P2_RTR,True,change_from_pre_mode,2880.0,2880.0,300,0.0,True,3.0,3,False,False,,,1.0,10,600,600,False,False,False,
hai-test2.csv,12,P2_SCO,True,3_sigma_from_pre_median,54830.0,54830.0,300,179.70028495841728,False,3.0,3,False,False,,0.011129642896575266,1.0,10,600,600,False,False,False,
hai-test2.csv,12,P2_SCST,True,3_sigma_from_pre_median,719.97058,719.93567,300,0.25187557511890135,False,3.0,3,False,False,,1.3916395023003174,1.0,10,600,600,False,False,False,
hai-test2.csv,12,P2_SIT01,True,3_sigma_from_pre_median,920.0,919.0,300,34.040295273317895,False,3.0,3,False,False,,0.2056386392595975,1.0,10,600,600,False,False,False,
hai-test2.csv,12,P2_TripEx,True,change_from_pre_mode,1.0,1.0,300,0.0,True,3.0,3,False,False,,,1.0,10,600,600,False,False,False,
hai-test2.csv,12,P2_VIBTR01,True,3_sigma_from_pre_median,6.6462,7.0342,300,0.39473789413008264,False,3.0,3,False,False,,1.3343031105760277,1.0,10,600,600,False,False,False,
hai-test2.csv,12,P2_VIBTR02,True,3_sigma_from_pre_median,-3.4357499999999996,-3.8464,300,0.36541918293693737,False,3.0,3,False,False,,1.3128757941610116,1.0,10,600,600,False,False,False,
hai-test2.csv,12,P2_VIBTR03,True,3_sigma_from_pre_median,9.631,9.631,300,0.29310264016502074,False,3.0,3,False,False,,1.0511676040397833,1.0,10,600,600,False,False,False,
hai-test2.csv,12,P2_VIBTR04,True,3_sigma_from_pre_median,-1.5179,-1.3181,300,0.2638662725045679,False,3.0,3,False,False,,0.9114465358426456,1.0,10,600,600,False,False,False,
hai-test2.csv,12,P2_VT01,True,3_sigma_from_pre_median,11.93703,11.89118,300,0.046671016450741364,False,3.0,3,False,False,,1.4557214555570472,1.0,10,600,600,False,False,False,
hai-test2.csv,12,P2_VTR01,True,change_from_pre_mode,50.0,50.0,300,0.0,True,3.0,3,False,False,,,1.0,10,600,600,False,False,False,
hai-test2.csv,12,P2_VTR02,True,change_from_pre_mode,50.0,50.0,300,0.0,True,3.0,3,False,False,,,1.0,10,600,600,False,False,False,
hai-test2.csv,12,P2_VTR03,True,change_from_pre_mode,50.0,50.0,300,0.0,True,3.0,3,False,False,,,1.0,10,600,600,False,False,False,
hai-test2.csv,12,P2_VTR04,True,change_from_pre_mode,50.0,50.0,300,0.0,True,3.0,3,False,False,,,1.0,10,600,600,False,False,False,
hai-test2.csv,12,P3_FIT01,True,3_sigma_from_pre_median,81.0,80.0,300,1688.0235925813643,False,3.0,3,True,False,49.0,3.108961286479793,1.0,10,600,600,True,False,False,24.0
hai-test2.csv,12,P3_LCP01D,True,3_sigma_from_pre_median,0.0,0.0,300,5147.799146350213,False,3.0,3,False,False,,2.676095086143207,1.0,10,600,600,False,False,False,
hai-test2.csv,12,P3_LCV01D,True,3_sigma_from_pre_median,15592.0,15264.0,300,6818.667649961868,False,3.0,3,False,False,,2.289010229159253,1.0,10,600,600,False,False,False,
hai-test2.csv,12,P3_LH01,True,change_from_pre_mode,70.0,70.0,300,0.0,True,3.0,3,False,False,,,1.0,10,600,600,False,False,False,
hai-test2.csv,12,P3_LIT01,True,3_sigma_from_pre_median,9413.5,8463.0,300,3086.289589129662,False,3.0,3,False,False,,0.920036800824236,1.0,10,600,600,False,False,False,
hai-test2.csv,12,P3_LL01,True,change_from_pre_mode,30.0,30.0,300,0.0,True,3.0,3,False,False,,,1.0,10,600,600,False,False,False,
hai-test2.csv,12,P3_PIT01,True,3_sigma_from_pre_median,19.0,19.0,300,1298.3940193880667,False,3.0,3,True,False,69.0,3.34567160286777,1.0,10,600,600,True,False,False,31.0
hai-test2.csv,12,P4_HT_FD,True,3_sigma_from_pre_median,0.0,0.0,300,0.002085799588224817,False,3.0,3,False,False,,0.8677727286064215,1.0,10,600,600,False,False,False,
hai-test2.csv,12,P4_HT_PO,True,3_sigma_from_pre_median,72.09384,71.99438,300,31.369744436378745,False,3.0,3,False,False,,2.2958899185827732,1.0,10,600,600,False,False,False,
hai-test2.csv,12,P4_HT_PS,True,3_sigma_from_pre_median,0.87694,0.87694,300,1.9005221520029272,False,3.0,3,False,False,,0.0,1.0,10,600,600,False,False,False,
hai-test2.csv,12,P4_LD,True,3_sigma_from_pre_median,435.39316,421.22394,300,61.17702962605878,False,3.0,3,False,False,,2.9322955216444173,1.0,10,600,600,False,False,False,
hai-test2.csv,12,P4_ST_FD,True,3_sigma_from_pre_median,7e-05,0.00029,300,0.0016455065627984334,False,3.0,3,False,False,,2.9899607277365057,1.0,10,600,600,False,False,False,
hai-test2.csv,12,P4_ST_GOV,True,3_sigma_from_pre_median,19845.5,21388.0,300,1755.4259694594575,False,3.0,3,True,False,123.0,3.0844365380257357,1.0,10,600,600,True,False,False,31.0
hai-test2.csv,12,P4_ST_LD,True,3_sigma_from_pre_median,364.89981,299.13556,300,36.05910881852627,False,3.0,3,False,False,,2.9793010287820727,1.0,10,600,600,False,False,False,
hai-test2.csv,12,P4_ST_PO,True,3_sigma_from_pre_median,364.402465,364.36627,300,32.463425616521704,False,3.0,3,True,False,123.0,3.097880248004935,1.0,10,600,600,True,False,False,33.0
hai-test2.csv,12,P4_ST_PS,True,3_sigma_from_pre_median,6.35276,6.35276,300,10.589736200432041,False,3.0,3,False,False,,0.0,1.0,10,600,600,False,False,False,
hai-test2.csv,12,P4_ST_PT01,True,3_sigma_from_pre_median,9998.0,9998.0,300,30.94037172182327,False,3.0,3,False,False,,1.7776127738377066,1.0,10,600,600,False,False,False,
hai-test2.csv,12,P4_ST_TT01,True,3_sigma_from_pre_median,27136.5,27116.0,300,125.87160191980817,False,3.0,3,False,False,,0.6157067902367259,1.0,10,600,600,False,False,False,
hai-test2.csv,12,x1001_05_SETPOINT_OUT,True,3_sigma_from_pre_median,0.14842,0.14842,300,0.042114897148061825,False,3.0,3,False,False,,0.0,1.0,10,600,600,False,False,False,
hai-test2.csv,12,x1001_15_ASSIGN_OUT,True,3_sigma_from_pre_median,1.22859,1.19111,300,0.10307475471232287,False,3.0,3,False,False,,2.846186739117477,1.0,10,600,600,False,False,False,
hai-test2.csv,12,x1002_07_SETPOINT_OUT,True,3_sigma_from_pre_median,374.32968,374.32968,300,24.671699804613976,False,3.0,3,False,False,,0.0,1.0,10,600,600,False,False,False,
hai-test2.csv,12,x1002_08_SETPOINT_OUT,True,3_sigma_from_pre_median,1004.79047,1004.79047,300,22.76031945742657,False,3.0,3,False,False,,0.0,1.0,10,600,600,False,False,False,
hai-test2.csv,12,x1003_10_SETPOINT_OUT,True,3_sigma_from_pre_median,2286.19824,2616.60571,300,1200.880152569592,False,3.0,3,False,False,,1.4396730650436915,1.0,10,600,600,False,False,False,
hai-test2.csv,12,x1003_18_SETPOINT_OUT,True,3_sigma_from_pre_median,25.42054,25.42054,300,0.8117389494981301,False,3.0,3,False,False,,0.0,1.0,10,600,600,False,False,False,
hai-test2.csv,12,x1003_24_SUM_OUT,True,3_sigma_from_pre_median,29.52112,29.39619,300,0.8617764720875876,False,3.0,3,False,False,,1.13474901169106,1.0,10,600,600,False,False,False,
hai-test2.csv,13,P1_FCV01D,True,3_sigma_from_pre_median,33.127610000000004,23.32687,300,21.696137110751636,False,3.0,3,False,False,,0.5953174951867062,1.0,10,600,600,False,False,False,
hai-test2.csv,13,P1_FCV01Z,True,3_sigma_from_pre_median,33.025355000000005,26.67389,300,21.93007692173577,False,3.0,3,False,False,,0.5588952124400434,1.0,10,600,600,False,False,False,
hai-test2.csv,13,P1_FCV02D,True,3_sigma_from_pre_median,15.0,15.0,300,41.89070266671058,False,3.0,3,False,False,,0.0,1.0,10,600,600,False,False,False,
hai-test2.csv,13,P1_FCV02Z,True,3_sigma_from_pre_median,12.46033,12.46033,300,39.02001795893345,False,3.0,3,False,False,,0.00039108131667345064,1.0,10,600,600,False,False,False,
hai-test2.csv,13,P1_FCV03D,True,3_sigma_from_pre_median,52.555414999999996,52.13257,300,2.3390876027010608,False,3.0,3,False,False,,0.625352807783208,1.0,10,600,600,False,False,False,
hai-test2.csv,13,P1_FCV03Z,True,3_sigma_from_pre_median,53.39965,53.39965,300,2.4048024631317655,False,3.0,3,False,False,,0.39340029566002777,1.0,10,600,600,False,False,False,
hai-test2.csv,13,P1_FT01,True,3_sigma_from_pre_median,59.35671,55.35122,300,10.923609818121934,False,3.0,3,False,False,,1.8508396342076603,1.0,10,600,600,False,False,False,
hai-test2.csv,13,P1_FT01Z,True,3_sigma_from_pre_median,309.0506,288.19534,300,46.328484692484196,False,3.0,3,False,False,,2.272200584559103,1.0,10,600,600,False,False,False,
hai-test2.csv,13,P1_FT02,True,3_sigma_from_pre_median,1137.485415,723.30463,300,917.5366466123356,False,3.0,3,False,False,,0.7312076280299932,1.0,10,600,600,False,False,False,
hai-test2.csv,13,P1_FT02Z,True,3_sigma_from_pre_median,2143.330445,1712.82996,300,1200.8789655934509,False,3.0,3,False,False,,0.6430422774691421,1.0,10,600,600,False,False,False,
hai-test2.csv,13,P1_FT03,True,3_sigma_from_pre_median,247.8027,248.18417,300,11.046936280510804,False,3.0,3,False,False,,0.466179026404404,1.0,10,600,600,False,False,False,
hai-test2.csv,13,P1_FT03Z,True,3_sigma_from_pre_median,1003.99017,1000.07629,300,23.168311167308214,False,3.0,3,False,False,,0.4293139853039868,1.0,10,600,600,False,False,False,
hai-test2.csv,13,P1_LCV01D,True,3_sigma_from_pre_median,15.1841,12.82757,300,3.266506894832349,False,3.0,3,False,False,,1.4298913641937134,1.0,10,600,600,False,False,False,
hai-test2.csv,13,P1_LCV01Z,True,3_sigma_from_pre_median,14.79492,13.48267,300,3.187700744620662,False,3.0,3,False,False,,1.5245879049974418,1.0,10,600,600,False,False,False,
hai-test2.csv,13,P1_LIT01,True,3_sigma_from_pre_median,375.13191500000005,382.51831,300,26.00444265493099,False,3.0,3,False,False,,0.44130094046926166,1.0,10,600,600,False,False,False,
hai-test2.csv,13,P1_PCV01D,True,3_sigma_from_pre_median,27.066215,24.19108,300,2.467222143847526,False,3.0,3,False,False,,1.6432792685937239,1.0,10,600,600,False,False,False,
hai-test2.csv,13,P1_PCV01Z,True,3_sigma_from_pre_median,27.5589,25.18616,300,2.497731488619918,False,3.0,3,False,False,,1.3378820002170786,1.0,10,600,600,False,False,False,
hai-test2.csv,13,P1_PCV02D,True,3_sigma_from_pre_median,12.0,12.0,300,0.06927210836219852,False,3.0,3,False,False,,0.0,1.0,10,600,600,False,False,False,
hai-test2.csv,13,P1_PCV02Z,True,3_sigma_from_pre_median,11.8042,11.8042,300,0.11872654359448429,False,3.0,3,False,False,,0.06426532575614508,1.0,10,600,600,False,False,False,
hai-test2.csv,13,P1_PIT01,True,3_sigma_from_pre_median,1.09955,1.05148,300,0.10877020856385412,False,3.0,3,False,False,,1.2695571868737714,1.0,10,600,600,False,False,False,
hai-test2.csv,13,P1_PIT01_HH,True,change_from_pre_mode,524320.0,524320.0,300,0.0,True,3.0,3,False,False,,,1.0,10,600,600,False,False,False,
hai-test2.csv,13,P1_PIT02,True,3_sigma_from_pre_median,1.01372,0.802,300,0.3667252175292831,False,3.0,3,False,False,,1.1764666823479337,1.0,10,600,600,False,False,False,
hai-test2.csv,13,P1_PP01AD,True,change_from_pre_mode,0.0,0.0,300,0.0,True,3.0,3,False,False,,,1.0,10,600,600,False,False,False,
hai-test2.csv,13,P1_PP01AR,True,change_from_pre_mode,0.0,0.0,300,0.0,True,3.0,3,False,False,,,1.0,10,600,600,False,False,False,
hai-test2.csv,13,P1_PP01BD,True,change_from_pre_mode,1.0,1.0,300,0.0,True,3.0,3,False,False,,,1.0,10,600,600,False,False,False,
hai-test2.csv,13,P1_PP01BR,True,change_from_pre_mode,1.0,1.0,300,0.0,True,3.0,3,False,False,,,1.0,10,600,600,False,False,False,
hai-test2.csv,13,P1_PP02D,True,change_from_pre_mode,1.0,1.0,300,0.0,True,3.0,3,False,False,,,1.0,10,600,600,False,False,False,
hai-test2.csv,13,P1_PP02R,True,change_from_pre_mode,1.0,1.0,300,0.0,True,3.0,3,False,False,,,1.0,10,600,600,False,False,False,
hai-test2.csv,13,P1_PP04,True,3_sigma_from_pre_median,9.41507,0.0,300,17.14859399100902,False,3.0,3,False,False,,0.5490286845053481,1.0,10,600,600,False,False,False,
hai-test2.csv,13,P1_PP04D,True,3_sigma_from_pre_median,0.0,0.0,300,0.49507705153684806,False,3.0,3,False,False,,0.0,1.0,10,600,600,False,False,False,
hai-test2.csv,13,P1_PP04SP,True,3_sigma_from_pre_median,27.91761,27.91761,300,0.2822382025676734,False,3.0,3,False,False,,0.0,1.0,10,600,600,False,False,False,
hai-test2.csv,13,P1_SOL01D,True,change_from_pre_mode,524320.0,524320.0,300,0.0,True,3.0,3,False,False,,,1.0,10,600,600,False,False,False,
hai-test2.csv,13,P1_SOL03D,True,change_from_pre_mode,524320.0,524320.0,300,0.0,True,3.0,3,False,False,,,1.0,10,600,600,False,False,False,
hai-test2.csv,13,P1_STSP,True,change_from_pre_mode,1.0,1.0,300,0.0,True,3.0,3,False,False,,,1.0,10,600,600,False,False,False,
hai-test2.csv,13,P1_TIT01,True,3_sigma_from_pre_median,28.11279,27.99072,300,1.3020195632059774,False,3.0,3,False,False,,2.0626034169466236,1.0,10,600,600,False,False,False,
hai-test2.csv,13,P1_TIT02,True,3_sigma_from_pre_median,32.91931,32.58362,300,2.1887095681347657,False,3.0,3,False,False,,1.094539922005993,1.0,10,600,600,False,False,False,
hai-test2.csv,13,P1_TIT03,True,3_sigma_from_pre_median,26.13998,26.13998,300,1.2331199100797272,False,3.0,3,False,False,,0.7583609609705663,1.0,10,600,600,False,False,False,
hai-test2.csv,13,P2_24Vdc,True,3_sigma_from_pre_median,28.034245,28.03169,300,0.0035064224696394683,False,3.0,3,False,False,,2.9617081483825776,1.0,10,600,600,False,False,False,
hai-test2.csv,13,P2_ATSW_Lamp,True,3_sigma_from_pre_median,1.0,1.0,300,0.386321898014947,False,3.0,3,False,False,,0.0,1.0,10,600,600,False,False,False,
hai-test2.csv,13,P2_AutoGO,True,3_sigma_from_pre_median,1.0,1.0,300,0.386321898014947,False,3.0,3,False,False,,0.0,1.0,10,600,600,False,False,False,
hai-test2.csv,13,P2_AutoSD,True,3_sigma_from_pre_median,129.69986,129.69986,300,9.050891107102233,False,3.0,3,False,False,,0.0,1.0,10,600,600,False,False,False,
hai-test2.csv,13,P2_Emerg,True,change_from_pre_mode,0.0,0.0,300,0.0,True,3.0,3,False,False,,,1.0,10,600,600,False,False,False,
hai-test2.csv,13,P2_MASW,True,3_sigma_from_pre_median,0.0,0.0,300,0.38632189801494704,False,3.0,3,False,False,,0.0,1.0,10,600,600,False,False,False,
hai-test2.csv,13,P2_MASW_Lamp,True,3_sigma_from_pre_median,0.0,0.0,300,0.38632189801494704,False,3.0,3,False,False,,0.0,1.0,10,600,600,False,False,False,
hai-test2.csv,13,P2_ManualGO,True,3_sigma_from_pre_median,0.0,0.0,300,0.38632189801494704,False,3.0,3,False,False,,0.0,1.0,10,600,600,False,False,False,
hai-test2.csv,13,P2_ManualSD,True,3_sigma_from_pre_median,12.65975,12.65975,300,4.414306207493221,False,3.0,3,False,False,,0.0,1.0,10,600,600,False,False,False,
hai-test2.csv,13,P2_OnOff,True,change_from_pre_mode,1.0,1.0,300,0.0,True,3.0,3,False,False,,,1.0,10,600,600,False,False,False,
hai-test2.csv,13,P2_RTR,True,change_from_pre_mode,2880.0,2880.0,300,0.0,True,3.0,3,False,False,,,1.0,10,600,600,False,False,False,
hai-test2.csv,13,P2_SCO,True,3_sigma_from_pre_median,54832.0,54832.0,300,179.70028495841728,False,3.0,3,False,False,,0.016694464344862898,1.0,10,600,600,False,False,False,
hai-test2.csv,13,P2_SCST,True,3_sigma_from_pre_median,720.3566000000001,720.2868,300,0.25187557511890135,False,3.0,3,False,False,,1.8291968158589098,1.0,10,600,600,False,False,False,
hai-test2.csv,13,P2_SIT01,True,3_sigma_from_pre_median,927.0,927.0,300,34.040295273317895,False,3.0,3,False,False,,0.32314643312222463,1.0,10,600,600,False,False,False,
hai-test2.csv,13,P2_TripEx,True,change_from_pre_mode,1.0,1.0,300,0.0,True,3.0,3,False,False,,,1.0,10,600,600,False,False,False,
hai-test2.csv,13,P2_VIBTR01,True,3_sigma_from_pre_median,6.7223,6.2536,300,0.39473789413008264,False,3.0,3,False,False,,1.918741552971868,1.0,10,600,600,False,False,False,
hai-test2.csv,13,P2_VIBTR02,True,3_sigma_from_pre_median,-3.367,-3.824,300,0.36541918293693737,False,3.0,3,False,False,,1.6493386996161383,1.0,10,600,600,False,False,False,
hai-test2.csv,13,P2_VIBTR03,True,3_sigma_from_pre_median,9.61235,9.8639,300,0.29310264016502074,False,3.0,3,False,False,,2.257059164078285,1.0,10,600,600,False,False,False,
hai-test2.csv,13,P2_VIBTR04,True,3_sigma_from_pre_median,-1.4412,-1.5215,300,0.2638662725045679,False,3.0,3,False,False,,1.7076831977159925,1.0,10,600,600,False,False,False,
hai-test2.csv,13,P2_VT01,True,3_sigma_from_pre_median,11.9483,11.9483,300,0.046671016450741364,False,3.0,3,False,False,,1.3554450879973232,1.0,10,600,600,False,False,False,
hai-test2.csv,13,P2_VTR01,True,change_from_pre_mode,50.0,50.0,300,0.0,True,3.0,3,False,False,,,1.0,10,600,600,False,False,False,
hai-test2.csv,13,P2_VTR02,True,change_from_pre_mode,50.0,50.0,300,0.0,True,3.0,3,False,False,,,1.0,10,600,600,False,False,False,
hai-test2.csv,13,P2_VTR03,True,change_from_pre_mode,50.0,50.0,300,0.0,True,3.0,3,False,False,,,1.0,10,600,600,False,False,False,
hai-test2.csv,13,P2_VTR04,True,change_from_pre_mode,50.0,50.0,300,0.0,True,3.0,3,False,False,,,1.0,10,600,600,False,False,False,
hai-test2.csv,13,P3_FIT01,True,3_sigma_from_pre_median,139.0,27.0,300,1688.0235925813643,False,3.0,3,True,False,516.0,3.0242468306934724,1.0,10,600,600,True,False,False,1.0
hai-test2.csv,13,P3_LCP01D,True,3_sigma_from_pre_median,9540.0,40.0,300,5147.799146350213,False,3.0,3,False,False,,1.851665095899902,1.0,10,600,600,False,False,False,
hai-test2.csv,13,P3_LCV01D,True,3_sigma_from_pre_median,248.0,-128.0,300,6818.667649961868,False,3.0,3,False,False,,2.150566760660641,1.0,10,600,600,False,False,False,
hai-test2.csv,13,P3_LH01,True,change_from_pre_mode,70.0,70.0,300,0.0,True,3.0,3,False,False,,,1.0,10,600,600,False,False,False,
hai-test2.csv,13,P3_LIT01,True,3_sigma_from_pre_median,18560.0,19205.0,300,3086.289589129662,False,3.0,3,False,False,,0.7212544175505368,1.0,10,600,600,False,False,False,
hai-test2.csv,13,P3_LL01,True,change_from_pre_mode,30.0,30.0,300,0.0,True,3.0,3,False,False,,,1.0,10,600,600,False,False,False,
hai-test2.csv,13,P3_PIT01,True,3_sigma_from_pre_median,1012.5,22.0,300,1298.3940193880667,False,3.0,3,False,False,,2.097591300739036,1.0,10,600,600,False,False,False,
hai-test2.csv,13,P4_HT_FD,True,3_sigma_from_pre_median,-0.00017999999999999998,-7e-05,300,0.002085799588224817,False,3.0,3,True,False,343.0,11.981016844129543,1.0,10,600,600,True,False,False,1.0
hai-test2.csv,13,P4_HT_PO,True,3_sigma_from_pre_median,1.519085,0.05423,300,31.369744436378745,False,3.0,3,False,False,,2.1566664381729286,1.0,10,600,600,False,False,False,
hai-test2.csv,13,P4_HT_PS,True,3_sigma_from_pre_median,5.77804,5.77804,300,1.9005221520029272,False,3.0,3,False,False,,0.0,1.0,10,600,600,False,False,False,
hai-test2.csv,13,P4_LD,True,3_sigma_from_pre_median,317.91629,270.27271,300,61.17702962605878,False,3.0,3,False,False,,1.6144696890927324,1.0,10,600,600,False,False,False,
hai-test2.csv,13,P4_ST_FD,True,3_sigma_from_pre_median,7e-05,0.00152,300,0.0016455065627984334,False,3.0,3,False,False,,3.1661982503063406,1.0,10,600,600,False,False,False,
hai-test2.csv,13,P4_ST_GOV,True,3_sigma_from_pre_median,17242.5,18040.0,300,1755.4259694594575,False,3.0,3,False,False,,1.2962665698176308,1.0,10,600,600,False,False,False,
hai-test2.csv,13,P4_ST_LD,True,3_sigma_from_pre_median,309.48895500000003,298.50262,300,36.05910881852627,False,3.0,3,False,False,,1.5038173925180263,1.0,10,600,600,False,False,False,
hai-test2.csv,13,P4_ST_PO,True,3_sigma_from_pre_median,315.854645,329.75262,300,32.463425616521704,False,3.0,3,False,False,,1.272632022511325,1.0,10,600,600,False,False,False,
hai-test2.csv,13,P4_ST_PS,True,3_sigma_from_pre_median,6.35276,6.35276,300,10.589736200432041,False,3.0,3,False,False,,0.0,1.0,10,600,600,False,False,False,
hai-test2.csv,13,P4_ST_PT01,True,3_sigma_from_pre_median,9970.0,9998.0,300,30.94037172182327,False,3.0,3,False,False,,0.96960696754784,1.0,10,600,600,False,False,False,
hai-test2.csv,13,P4_ST_TT01,True,3_sigma_from_pre_median,26888.0,26877.0,300,125.87160191980817,False,3.0,3,False,False,,2.073541577442393,1.0,10,600,600,False,False,False,
hai-test2.csv,13,x1001_05_SETPOINT_OUT,True,3_sigma_from_pre_median,0.15564,0.15564,300,0.042114897148061825,False,3.0,3,False,False,,0.0,1.0,10,600,600,False,False,False,
hai-test2.csv,13,x1001_15_ASSIGN_OUT,True,3_sigma_from_pre_median,1.09334,0.92803,300,0.10307475471232287,False,3.0,3,False,False,,1.2174659095744353,1.0,10,600,600,False,False,False,
hai-test2.csv,13,x1002_07_SETPOINT_OUT,True,3_sigma_from_pre_median,374.32968,374.32968,300,24.671699804613976,False,3.0,3,False,False,,0.0,1.0,10,600,600,False,False,False,
hai-test2.csv,13,x1002_08_SETPOINT_OUT,True,3_sigma_from_pre_median,1004.79047,1004.79047,300,22.76031945742657,False,3.0,3,False,False,,0.0,1.0,10,600,600,False,False,False,
hai-test2.csv,13,x1003_10_SETPOINT_OUT,True,3_sigma_from_pre_median,2139.957155,1712.82996,300,1200.880152569592,False,3.0,3,False,False,,0.6402326271733808,1.0,10,600,600,False,False,False,
hai-test2.csv,13,x1003_18_SETPOINT_OUT,True,3_sigma_from_pre_median,25.42054,25.42054,300,0.8117389494981301,False,3.0,3,False,False,,0.0,1.0,10,600,600,False,False,False,
hai-test2.csv,13,x1003_24_SUM_OUT,True,3_sigma_from_pre_median,29.046194999999997,28.70039,300,0.8617764720875876,False,3.0,3,False,False,,0.48537528413456676,1.0,10,600,600,False,False,False,
hai-test2.csv,14,P1_FCV01D,True,3_sigma_from_pre_median,1.883145,0.79661,300,21.696137110751636,False,3.0,3,False,False,,0.12389325280710663,1.0,10,600,600,False,False,False,
hai-test2.csv,14,P1_FCV01Z,True,3_sigma_from_pre_median,0.33722,0.33722,300,21.93007692173577,False,3.0,3,False,False,,0.17881879821922722,1.0,10,600,600,False,False,False,
hai-test2.csv,14,P1_FCV02D,True,3_sigma_from_pre_median,100.0,100.0,300,41.89070266671058,False,3.0,3,False,False,,0.0,1.0,10,600,600,False,False,False,
hai-test2.csv,14,P1_FCV02Z,True,3_sigma_from_pre_median,97.23816,97.23816,300,39.02001795893345,False,3.0,3,False,False,,0.00019579693704999544,1.0,10,600,600,False,False,False,
hai-test2.csv,14,P1_FCV03D,True,3_sigma_from_pre_median,55.757765000000006,56.34743,300,2.3390876027010608,False,3.0,3,False,False,,0.2874860262708798,1.0,10,600,600,False,False,False,
hai-test2.csv,14,P1_FCV03Z,True,3_sigma_from_pre_median,56.813810000000004,55.6427,300,2.4048024631317655,False,3.0,3,False,False,,0.5885098762569153,1.0,10,600,600,False,False,False,
hai-test2.csv,14,P1_FT01,True,3_sigma_from_pre_median,62.21769,61.83621,300,10.923609818121934,False,3.0,3,False,False,,0.9254202748279782,1.0,10,600,600,False,False,False,
hai-test2.csv,14,P1_FT01Z,True,3_sigma_from_pre_median,323.94675,321.96054,300,46.328484692484196,False,3.0,3,False,False,,1.1360999685046624,1.0,10,600,600,False,False,False,
hai-test2.csv,14,P1_FT02,True,3_sigma_from_pre_median,4.99723,4.80653,300,917.5366466123356,False,3.0,3,False,False,,0.0010393699298235515,1.0,10,600,600,False,False,False,
hai-test2.csv,14,P1_FT02Z,True,3_sigma_from_pre_median,26.01891,26.01891,300,1200.8789655934509,False,3.0,3,False,False,,0.004134796380204895,1.0,10,600,600,False,False,False,
hai-test2.csv,14,P1_FT03,True,3_sigma_from_pre_median,247.99348,246.08609,300,11.046936280510804,False,3.0,3,False,False,,0.2417267495885778,1.0,10,600,600,False,False,False,
hai-test2.csv,14,P1_FT03Z,True,3_sigma_from_pre_median,1004.42517,1000.07629,300,23.168311167308214,False,3.0,3,False,False,,0.2627917052750535,1.0,10,600,600,False,False,False,
hai-test2.csv,14,P1_LCV01D,True,3_sigma_from_pre_median,15.82229,12.06268,300,3.266506894832349,False,3.0,3,False,False,,0.9012257113729718,1.0,10,600,600,False,False,False,
hai-test2.csv,14,P1_LCV01Z,True,3_sigma_from_pre_median,15.73715,18.70117,300,3.187700744620662,False,3.0,3,False,False,,0.860422674439721,1.0,10,600,600,False,False,False,
hai-test2.csv,14,P1_LIT01,True,3_sigma_from_pre_median,327.54202,323.42712,300,26.00444265493099,False,3.0,3,False,False,,0.4098491992859181,1.0,10,600,600,False,False,False,
hai-test2.csv,14,P1_PCV01D,True,3_sigma_from_pre_median,27.05019,25.05744,300,2.467222143847526,False,3.0,3,False,False,,0.7691281487287398,1.0,10,600,600,False,False,False,
hai-test2.csv,14,P1_PCV01Z,True,3_sigma_from_pre_median,27.532195,27.43682,300,2.497731488619918,False,3.0,3,False,False,,0.7315578188949412,1.0,10,600,600,False,False,False,
hai-test2.csv,14,P1_PCV02D,True,3_sigma_from_pre_median,12.0,12.0,300,0.06927210836219852,False,3.0,3,False,False,,0.0,1.0,10,600,600,False,False,False,
hai-test2.csv,14,P1_PCV02Z,True,3_sigma_from_pre_median,11.79657,11.79657,300,0.11872654359448429,False,3.0,3,False,False,,0.12853065151229015,1.0,10,600,600,False,False,False,
hai-test2.csv,14,P1_PIT01,True,3_sigma_from_pre_median,1.10985,1.19339,300,0.10877020856385412,False,3.0,3,False,False,,0.6487989765926718,1.0,10,600,600,False,False,False,
hai-test2.csv,14,P1_PIT01_HH,True,change_from_pre_mode,524320.0,524320.0,300,0.0,True,3.0,3,False,False,,,1.0,10,600,600,False,False,False,
hai-test2.csv,14,P1_PIT02,True,3_sigma_from_pre_median,0.37781,0.37399,300,0.3667252175292831,False,3.0,3,False,False,,0.03329468336609556,1.0,10,600,600,False,False,False,
hai-test2.csv,14,P1_PP01AD,True,change_from_pre_mode,0.0,0.0,300,0.0,True,3.0,3,False,False,,,1.0,10,600,600,False,False,False,
hai-test2.csv,14,P1_PP01AR,True,change_from_pre_mode,0.0,0.0,300,0.0,True,3.0,3,False,False,,,1.0,10,600,600,False,False,False,
hai-test2.csv,14,P1_PP01BD,True,change_from_pre_mode,1.0,1.0,300,0.0,True,3.0,3,False,False,,,1.0,10,600,600,False,False,False,
hai-test2.csv,14,P1_PP01BR,True,change_from_pre_mode,1.0,1.0,300,0.0,True,3.0,3,False,False,,,1.0,10,600,600,False,False,False,
hai-test2.csv,14,P1_PP02D,True,change_from_pre_mode,1.0,1.0,300,0.0,True,3.0,3,False,False,,,1.0,10,600,600,False,False,False,
hai-test2.csv,14,P1_PP02R,True,change_from_pre_mode,1.0,1.0,300,0.0,True,3.0,3,False,False,,,1.0,10,600,600,False,False,False,
hai-test2.csv,14,P1_PP04,True,3_sigma_from_pre_median,16.938184999999997,45.0,300,17.14859399100902,False,3.0,3,False,False,,0.8866304145967701,1.0,10,600,600,False,False,False,
hai-test2.csv,14,P1_PP04D,True,3_sigma_from_pre_median,0.0,0.0,300,0.49507705153684806,False,3.0,3,False,False,,2.0198876051631554,1.0,10,600,600,False,False,False,
hai-test2.csv,14,P1_PP04SP,True,3_sigma_from_pre_median,27.91761,27.91761,300,0.2822382025676734,False,3.0,3,False,False,,0.0,1.0,10,600,600,False,False,False,
hai-test2.csv,14,P1_SOL01D,True,change_from_pre_mode,524320.0,524320.0,300,0.0,True,3.0,3,False,False,,,1.0,10,600,600,False,False,False,
hai-test2.csv,14,P1_SOL03D,True,change_from_pre_mode,524320.0,524320.0,300,0.0,True,3.0,3,False,False,,,1.0,10,600,600,False,False,False,
hai-test2.csv,14,P1_STSP,True,change_from_pre_mode,1.0,1.0,300,0.0,True,3.0,3,False,False,,,1.0,10,600,600,False,False,False,
hai-test2.csv,14,P1_TIT01,True,3_sigma_from_pre_median,31.19506,31.21032,300,1.3020195632059774,False,3.0,3,False,False,,0.046873335643073985,1.0,10,600,600,False,False,False,
hai-test2.csv,14,P1_TIT02,True,3_sigma_from_pre_median,38.82446,38.77868,300,2.1887095681347657,False,3.0,3,False,False,,0.06971231003939467,1.0,10,600,600,False,False,False,
hai-test2.csv,14,P1_TIT03,True,3_sigma_from_pre_median,29.18649,29.18649,300,1.2331199100797272,False,3.0,3,False,False,,0.0,1.0,10,600,600,False,False,False,
hai-test2.csv,14,P2_24Vdc,True,3_sigma_from_pre_median,28.03341,28.03341,300,0.0035064224696394683,False,3.0,3,False,False,,2.726425604095396,1.0,10,600,600,False,False,False,
hai-test2.csv,14,P2_ATSW_Lamp,True,3_sigma_from_pre_median,0.0,0.0,300,0.386321898014947,False,3.0,3,False,False,,0.0,1.0,10,600,600,False,False,False,
hai-test2.csv,14,P2_AutoGO,True,3_sigma_from_pre_median,0.0,0.0,300,0.386321898014947,False,3.0,3,False,False,,0.0,1.0,10,600,600,False,False,False,
hai-test2.csv,14,P2_AutoSD,True,3_sigma_from_pre_median,128.85469,128.85469,300,9.050891107102233,False,3.0,3,False,False,,0.0,1.0,10,600,600,False,False,False,
hai-test2.csv,14,P2_Emerg,True,change_from_pre_mode,0.0,0.0,300,0.0,True,3.0,3,False,False,,,1.0,10,600,600,False,False,False,
hai-test2.csv,14,P2_MASW,True,3_sigma_from_pre_median,1.0,1.0,300,0.38632189801494704,False,3.0,3,False,False,,0.0,1.0,10,600,600,False,False,False,
hai-test2.csv,14,P2_MASW_Lamp,True,3_sigma_from_pre_median,1.0,1.0,300,0.38632189801494704,False,3.0,3,False,False,,0.0,1.0,10,600,600,False,False,False,
hai-test2.csv,14,P2_ManualGO,True,3_sigma_from_pre_median,1.0,1.0,300,0.38632189801494704,False,3.0,3,False,False,,0.0,1.0,10,600,600,False,False,False,
hai-test2.csv,14,P2_ManualSD,True,3_sigma_from_pre_median,12.62851,12.62851,300,4.414306207493221,False,3.0,3,False,False,,0.0,1.0,10,600,600,False,False,False,
hai-test2.csv,14,P2_OnOff,True,change_from_pre_mode,1.0,1.0,300,0.0,True,3.0,3,False,False,,,1.0,10,600,600,False,False,False,
hai-test2.csv,14,P2_RTR,True,change_from_pre_mode,2880.0,2880.0,300,0.0,True,3.0,3,False,False,,,1.0,10,600,600,False,False,False,
hai-test2.csv,14,P2_SCO,True,3_sigma_from_pre_median,54277.0,54277.0,300,179.70028495841728,False,3.0,3,False,False,,0.0,1.0,10,600,600,False,False,False,
hai-test2.csv,14,P2_SCST,True,3_sigma_from_pre_median,720.55438,720.44928,300,0.25187557511890135,False,3.0,3,False,False,,1.5346069177907644,1.0,10,600,600,False,False,False,
hai-test2.csv,14,P2_SIT01,True,3_sigma_from_pre_median,826.0,824.0,300,34.040295273317895,False,3.0,3,False,False,,0.1468847423282839,1.0,10,600,600,False,False,False,
hai-test2.csv,14,P2_TripEx,True,change_from_pre_mode,1.0,1.0,300,0.0,True,3.0,3,False,False,,,1.0,10,600,600,False,False,False,
hai-test2.csv,14,P2_VIBTR01,True,3_sigma_from_pre_median,6.6426,6.3278,300,0.39473789413008264,False,3.0,3,False,False,,1.8518617312152574,1.0,10,600,600,False,False,False,
hai-test2.csv,14,P2_VIBTR02,True,3_sigma_from_pre_median,-3.4222,-2.8914,300,0.36541918293693737,False,3.0,3,False,False,,1.6145840928712814,1.0,10,600,600,False,False,False,
hai-test2.csv,14,P2_VIBTR03,True,3_sigma_from_pre_median,9.648299999999999,9.9627,300,0.29310264016502074,False,3.0,3,False,False,,1.4800276099722822,1.0,10,600,600,False,False,False,
hai-test2.csv,14,P2_VIBTR04,True,3_sigma_from_pre_median,-1.52225,-1.8547,300,0.2638662725045679,False,3.0,3,False,False,,1.3948353327105438,1.0,10,600,600,False,False,False,
hai-test2.csv,14,P2_VT01,True,3_sigma_from_pre_median,11.944524999999999,11.85602,300,0.046671016450741364,False,3.0,3,False,False,,1.933641194535542,1.0,10,600,600,False,False,False,
hai-test2.csv,14,P2_VTR01,True,change_from_pre_mode,50.0,50.0,300,0.0,True,3.0,3,False,False,,,1.0,10,600,600,False,False,False,
hai-test2.csv,14,P2_VTR02,True,change_from_pre_mode,50.0,50.0,300,0.0,True,3.0,3,False,False,,,1.0,10,600,600,False,False,False,
hai-test2.csv,14,P2_VTR03,True,change_from_pre_mode,50.0,50.0,300,0.0,True,3.0,3,False,False,,,1.0,10,600,600,False,False,False,
hai-test2.csv,14,P2_VTR04,True,change_from_pre_mode,50.0,50.0,300,0.0,True,3.0,3,False,False,,,1.0,10,600,600,False,False,False,
hai-test2.csv,14,P3_FIT01,True,3_sigma_from_pre_median,393.0,28.0,300,1688.0235925813643,False,3.0,3,False,False,,2.722710760796709,1.0,10,600,600,False,False,False,
hai-test2.csv,14,P3_LCP01D,True,3_sigma_from_pre_median,7712.0,-8.0,300,5147.799146350213,False,3.0,3,False,False,,1.136019458751849,1.0,10,600,600,False,False,False,
hai-test2.csv,14,P3_LCV01D,True,3_sigma_from_pre_median,2632.0,-144.0,300,6818.667649961868,False,3.0,3,False,False,,0.4094641568306403,1.0,10,600,600,False,False,False,
hai-test2.csv,14,P3_LH01,True,change_from_pre_mode,70.0,70.0,300,0.0,True,3.0,3,False,False,,,1.0,10,600,600,False,False,False,
hai-test2.csv,14,P3_LIT01,True,3_sigma_from_pre_median,17736.0,16391.0,300,3086.289589129662,False,3.0,3,False,False,,0.6282624957908765,1.0,10,600,600,False,False,False,
hai-test2.csv,14,P3_LL01,True,change_from_pre_mode,30.0,30.0,300,0.0,True,3.0,3,False,False,,,1.0,10,600,600,False,False,False,
hai-test2.csv,14,P3_PIT01,True,3_sigma_from_pre_median,171.0,23.0,300,1298.3940193880667,False,3.0,3,False,False,,2.724134544047722,1.0,10,600,600,False,False,False,
hai-test2.csv,14,P4_HT_FD,True,3_sigma_from_pre_median,-0.00036,-0.00043,300,0.002085799588224817,False,3.0,3,False,False,,0.139035409555725,1.0,10,600,600,False,False,False,
hai-test2.csv,14,P4_HT_PO,True,3_sigma_from_pre_median,13.25592,0.01807,300,31.369744436378745,False,3.0,3,False,False,,0.42199419338107136,1.0,10,600,600,False,False,False,
hai-test2.csv,14,P4_HT_PS,True,3_sigma_from_pre_median,5.77804,5.77804,300,1.9005221520029272,False,3.0,3,False,False,,0.0,1.0,10,600,600,False,False,False,
hai-test2.csv,14,P4_LD,True,3_sigma_from_pre_median,335.58484,279.76709,300,61.17702962605878,False,3.0,3,False,False,,0.8585962790456569,1.0,10,600,600,False,False,False,
hai-test2.csv,14,P4_ST_FD,True,3_sigma_from_pre_median,3.5e-05,-0.00036,300,0.0016455065627984334,False,3.0,3,False,False,,3.363705818703569,1.0,10,600,600,False,False,False,
hai-test2.csv,14,P4_ST_GOV,True,3_sigma_from_pre_median,17475.0,18148.0,300,1755.4259694594575,False,3.0,3,False,False,,1.1000179065338804,1.0,10,600,600,False,False,False,
hai-test2.csv,14,P4_ST_LD,True,3_sigma_from_pre_median,315.9451,278.91705,300,36.05910881852627,False,3.0,3,False,False,,0.9441176200813115,1.0,10,600,600,False,False,False,
hai-test2.csv,14,P4_ST_PO,True,3_sigma_from_pre_median,320.348665,335.612,300,32.463425616521704,False,3.0,3,False,False,,1.0578808104133648,1.0,10,600,600,False,False,False,
hai-test2.csv,14,P4_ST_PS,True,3_sigma_from_pre_median,6.35276,6.35276,300,10.589736200432041,False,3.0,3,False,False,,0.0,1.0,10,600,600,False,False,False,
hai-test2.csv,14,P4_ST_PT01,True,3_sigma_from_pre_median,9970.0,9998.0,300,30.94037172182327,False,3.0,3,False,False,,0.9049665030446506,1.0,10,600,600,False,False,False,
hai-test2.csv,14,P4_ST_TT01,True,3_sigma_from_pre_median,27184.0,27183.0,300,125.87160191980817,False,3.0,3,False,False,,0.07944603744990013,1.0,10,600,600,False,False,False,
hai-test2.csv,14,x1001_05_SETPOINT_OUT,True,3_sigma_from_pre_median,0.15564,0.15564,300,0.042114897148061825,False,3.0,3,False,False,,0.0,1.0,10,600,600,False,False,False,
hai-test2.csv,14,x1001_15_ASSIGN_OUT,True,3_sigma_from_pre_median,1.10581,1.14341,300,0.10307475471232287,False,3.0,3,False,False,,1.0219767225641168,1.0,10,600,600,False,False,False,
hai-test2.csv,14,x1002_07_SETPOINT_OUT,True,3_sigma_from_pre_median,329.03244,329.03244,300,24.671699804613976,False,3.0,3,False,False,,0.0,1.0,10,600,600,False,False,False,
hai-test2.csv,14,x1002_08_SETPOINT_OUT,True,3_sigma_from_pre_median,1004.45422,1004.45422,300,22.76031945742657,False,3.0,3,False,False,,0.0,1.0,10,600,600,False,False,False,
hai-test2.csv,14,x1003_10_SETPOINT_OUT,True,3_sigma_from_pre_median,26.01891,26.01891,300,1200.880152569592,False,3.0,3,False,False,,0.004134792293281948,1.0,10,600,600,False,False,False,
hai-test2.csv,14,x1003_18_SETPOINT_OUT,True,3_sigma_from_pre_median,25.42054,25.42054,300,0.8117389494981301,False,3.0,3,False,False,,0.0,1.0,10,600,600,False,False,False,
hai-test2.csv,14,x1003_24_SUM_OUT,True,3_sigma_from_pre_median,29.090825,28.6981,300,0.8617764720875876,False,3.0,3,False,False,,0.41100565108488846,1.0,10,600,600,False,False,False,
hai-test2.csv,15,P1_FCV01D,True,3_sigma_from_pre_median,31.977404999999997,21.44182,300,21.696137110751636,False,3.0,3,False,False,,0.9214306167936739,1.0,10,600,600,False,False,False,
hai-test2.csv,15,P1_FCV01Z,True,3_sigma_from_pre_median,32.28149,33.22754,300,21.93007692173577,False,3.0,3,False,False,,0.9309707427320801,1.0,10,600,600,False,False,False,
hai-test2.csv,15,P1_FCV02D,True,3_sigma_from_pre_median,15.0,15.0,300,41.89070266671058,False,3.0,3,False,False,,2.029089859778056,1.0,10,600,600,False,False,False,
hai-test2.csv,15,P1_FCV02Z,True,3_sigma_from_pre_median,12.68158,12.68158,300,39.02001795893345,False,3.0,3,False,False,,2.1728706042429886,1.0,10,600,600,False,False,False,
hai-test2.csv,15,P1_FCV03D,True,3_sigma_from_pre_median,55.866895,56.23383,300,2.3390876027010608,False,3.0,3,False,False,,0.4561372557265245,1.0,10,600,600,False,False,False,
hai-test2.csv,15,P1_FCV03Z,True,3_sigma_from_pre_median,56.81763,56.81763,300,2.4048024631317655,False,3.0,3,False,False,,0.5012677833131233,1.0,10,600,600,False,False,False,
hai-test2.csv,15,P1_FT01,True,3_sigma_from_pre_median,62.21769,58.97523,300,10.923609818121934,False,3.0,3,False,False,,0.8206591181175356,1.0,10,600,600,False,False,False,
hai-test2.csv,15,P1_FT01Z,True,3_sigma_from_pre_median,323.94675,307.06436,300,46.328484692484196,False,3.0,3,False,False,,1.0074903228503844,1.0,10,600,600,False,False,False,
hai-test2.csv,15,P1_FT02,True,3_sigma_from_pre_median,1063.76642,993.57605,300,917.5366466123356,False,3.0,3,False,False,,1.1048667688020066,1.0,10,600,600,False,False,False,
hai-test2.csv,15,P1_FT02Z,True,3_sigma_from_pre_median,2078.507815,2010.06213,300,1200.8789655934509,False,3.0,3,False,False,,1.5139901497912582,1.0,10,600,600,False,False,False,
hai-test2.csv,15,P1_FT03,True,3_sigma_from_pre_median,247.612,247.23051,300,11.046936280510804,False,3.0,3,False,False,,0.5179743826435319,1.0,10,600,600,False,False,False,
hai-test2.csv,15,P1_FT03Z,True,3_sigma_from_pre_median,1003.55536,1002.68555,300,23.168311167308214,False,3.0,3,False,False,,0.47561343252108546,1.0,10,600,600,False,False,False,
hai-test2.csv,15,P1_LCV01D,True,3_sigma_from_pre_median,16.174905,14.51781,300,3.266506894832349,False,3.0,3,False,False,,0.767181910426862,1.0,10,600,600,False,False,False,
hai-test2.csv,15,P1_LCV01Z,True,3_sigma_from_pre_median,15.97748,16.92352,300,3.187700744620662,False,3.0,3,False,False,,0.6390342642538143,1.0,10,600,600,False,False,False,
hai-test2.csv,15,P1_LIT01,True,3_sigma_from_pre_median,330.02118,326.44302,300,26.00444265493099,False,3.0,3,False,False,,0.19067165044815293,1.0,10,600,600,False,False,False,
hai-test2.csv,15,P1_PCV01D,True,3_sigma_from_pre_median,26.903685,25.89101,300,2.467222143847526,False,3.0,3,False,False,,1.628096201234582,1.0,10,600,600,False,False,False,
hai-test2.csv,15,P1_PCV01Z,True,3_sigma_from_pre_median,27.291870000000003,26.72729,300,2.497731488619918,False,3.0,3,False,False,,1.3317764600221125,1.0,10,600,600,False,False,False,
hai-test2.csv,15,P1_PCV02D,True,3_sigma_from_pre_median,12.0,12.0,300,0.06927210836219852,False,3.0,3,False,False,,0.0,1.0,10,600,600,False,False,False,
hai-test2.csv,15,P1_PCV02Z,True,3_sigma_from_pre_median,11.8042,11.8042,300,0.11872654359448429,False,3.0,3,False,False,,0.06426532575614508,1.0,10,600,600,False,False,False,
hai-test2.csv,15,P1_PIT01,True,3_sigma_from_pre_median,1.08047,1.08429,300,0.10877020856385412,False,3.0,3,False,False,,0.9258969099142392,1.0,10,600,600,False,False,False,
hai-test2.csv,15,P1_PIT01_HH,True,change_from_pre_mode,524320.0,524320.0,300,0.0,True,3.0,3,False,False,,,1.0,10,600,600,False,False,False,
hai-test2.csv,15,P1_PIT02,True,3_sigma_from_pre_median,1.05339,0.85541,300,0.3667252175292831,False,3.0,3,False,False,,2.0107152842335423,1.0,10,600,600,False,False,False,
hai-test2.csv,15,P1_PP01AD,True,change_from_pre_mode,0.0,0.0,300,0.0,True,3.0,3,False,False,,,1.0,10,600,600,False,False,False,
hai-test2.csv,15,P1_PP01AR,True,change_from_pre_mode,0.0,0.0,300,0.0,True,3.0,3,False,False,,,1.0,10,600,600,False,False,False,
hai-test2.csv,15,P1_PP01BD,True,change_from_pre_mode,1.0,1.0,300,0.0,True,3.0,3,False,False,,,1.0,10,600,600,False,False,False,
hai-test2.csv,15,P1_PP01BR,True,change_from_pre_mode,1.0,1.0,300,0.0,True,3.0,3,False,False,,,1.0,10,600,600,False,False,False,
hai-test2.csv,15,P1_PP02D,True,change_from_pre_mode,1.0,1.0,300,0.0,True,3.0,3,False,False,,,1.0,10,600,600,False,False,False,
hai-test2.csv,15,P1_PP02R,True,change_from_pre_mode,1.0,1.0,300,0.0,True,3.0,3,False,False,,,1.0,10,600,600,False,False,False,
hai-test2.csv,15,P1_PP04,True,3_sigma_from_pre_median,0.0,0.0,300,17.14859399100902,False,3.0,3,False,False,,0.0,1.0,10,600,600,False,False,False,
hai-test2.csv,15,P1_PP04D,True,3_sigma_from_pre_median,0.0,0.0,300,0.49507705153684806,False,3.0,3,False,False,,0.0,1.0,10,600,600,False,False,False,
hai-test2.csv,15,P1_PP04SP,True,3_sigma_from_pre_median,27.91761,27.91761,300,0.2822382025676734,False,3.0,3,False,False,,0.0,1.0,10,600,600,False,False,False,
hai-test2.csv,15,P1_SOL01D,True,change_from_pre_mode,524320.0,524320.0,300,0.0,True,3.0,3,False,False,,,1.0,10,600,600,False,False,False,
hai-test2.csv,15,P1_SOL03D,True,change_from_pre_mode,524320.0,524320.0,300,0.0,True,3.0,3,False,False,,,1.0,10,600,600,False,False,False,
hai-test2.csv,15,P1_STSP,True,change_from_pre_mode,1.0,1.0,300,0.0,True,3.0,3,False,False,,,1.0,10,600,600,False,False,False,
hai-test2.csv,15,P1_TIT01,True,3_sigma_from_pre_median,30.67627,31.04248,300,1.3020195632059774,False,3.0,3,False,False,,0.42186002078764945,1.0,10,600,600,False,False,False,
hai-test2.csv,15,P1_TIT02,True,3_sigma_from_pre_median,35.09369,35.39123,300,2.1887095681347657,False,3.0,3,False,False,,0.6657850000819622,1.0,10,600,600,False,False,False,
hai-test2.csv,15,P1_TIT03,True,3_sigma_from_pre_median,26.60403,26.60403,300,1.2331199100797272,False,3.0,3,False,False,,0.6909465924890568,1.0,10,600,600,False,False,False,
hai-test2.csv,15,P2_24Vdc,True,3_sigma_from_pre_median,28.033465,28.03426,300,0.0035064224696394683,False,3.0,3,False,False,,2.4512163250207064,1.0,10,600,600,False,False,False,
hai-test2.csv,15,P2_ATSW_Lamp,True,3_sigma_from_pre_median,0.0,0.0,300,0.386321898014947,False,3.0,3,False,False,,0.0,1.0,10,600,600,False,False,False,
hai-test2.csv,15,P2_AutoGO,True,3_sigma_from_pre_median,0.0,0.0,300,0.386321898014947,False,3.0,3,False,False,,0.0,1.0,10,600,600,False,False,False,
hai-test2.csv,15,P2_AutoSD,True,3_sigma_from_pre_median,128.85469,128.85469,300,9.050891107102233,False,3.0,3,False,False,,0.0,1.0,10,600,600,False,False,False,
hai-test2.csv,15,P2_Emerg,True,change_from_pre_mode,0.0,0.0,300,0.0,True,3.0,3,False,False,,,1.0,10,600,600,False,False,False,
hai-test2.csv,15,P2_MASW,True,3_sigma_from_pre_median,1.0,1.0,300,0.38632189801494704,False,3.0,3,False,False,,0.0,1.0,10,600,600,False,False,False,
hai-test2.csv,15,P2_MASW_Lamp,True,3_sigma_from_pre_median,1.0,1.0,300,0.38632189801494704,False,3.0,3,False,False,,0.0,1.0,10,600,600,False,False,False,
hai-test2.csv,15,P2_ManualGO,True,3_sigma_from_pre_median,1.0,1.0,300,0.38632189801494704,False,3.0,3,False,False,,0.0,1.0,10,600,600,False,False,False,
hai-test2.csv,15,P2_ManualSD,True,3_sigma_from_pre_median,12.62851,12.62851,300,4.414306207493221,False,3.0,3,False,False,,0.0,1.0,10,600,600,False,False,False,
hai-test2.csv,15,P2_OnOff,True,change_from_pre_mode,1.0,1.0,300,0.0,True,3.0,3,False,False,,,1.0,10,600,600,False,False,False,
hai-test2.csv,15,P2_RTR,True,change_from_pre_mode,2880.0,2880.0,300,0.0,True,3.0,3,False,False,,,1.0,10,600,600,False,False,False,
hai-test2.csv,15,P2_SCO,True,3_sigma_from_pre_median,54277.0,54277.0,300,179.70028495841728,False,3.0,3,False,False,,0.0,1.0,10,600,600,False,False,False,
hai-test2.csv,15,P2_SCST,True,3_sigma_from_pre_median,720.558075,720.48926,300,0.25187557511890135,False,3.0,3,False,False,,1.6566314530615114,1.0,10,600,600,False,False,False,
hai-test2.csv,15,P2_SIT01,True,3_sigma_from_pre_median,826.0,825.0,300,34.040295273317895,False,3.0,3,False,False,,0.2056386392595975,1.0,10,600,600,False,False,False,
hai-test2.csv,15,P2_TripEx,True,change_from_pre_mode,1.0,1.0,300,0.0,True,3.0,3,False,False,,,1.0,10,600,600,False,False,False,
hai-test2.csv,15,P2_VIBTR01,True,3_sigma_from_pre_median,6.6532,7.1839,300,0.39473789413008264,False,3.0,3,False,False,,1.5747158031783914,1.0,10,600,600,False,False,False,
hai-test2.csv,15,P2_VIBTR02,True,3_sigma_from_pre_median,-3.2640000000000002,-3.3508,300,0.36541918293693737,False,3.0,3,False,False,,2.014398899597542,1.0,10,600,600,False,False,False,
hai-test2.csv,15,P2_VIBTR03,True,3_sigma_from_pre_median,9.6251,9.3604,300,0.29310264016502074,False,3.0,3,False,False,,1.689510540475501,1.0,10,600,600,False,False,False,
hai-test2.csv,15,P2_VIBTR04,True,3_sigma_from_pre_median,-1.3525,-1.7581,300,0.2638662725045679,False,3.0,3,False,False,,1.709957076807492,1.0,10,600,600,False,False,False,
hai-test2.csv,15,P2_VT01,True,3_sigma_from_pre_median,11.94248,12.02744,300,0.046671016450741364,False,3.0,3,False,False,,1.8114025883543317,1.0,10,600,600,False,False,False,
hai-test2.csv,15,P2_VTR01,True,change_from_pre_mode,50.0,50.0,300,0.0,True,3.0,3,False,False,,,1.0,10,600,600,False,False,False,
hai-test2.csv,15,P2_VTR02,True,change_from_pre_mode,50.0,50.0,300,0.0,True,3.0,3,False,False,,,1.0,10,600,600,False,False,False,
hai-test2.csv,15,P2_VTR03,True,change_from_pre_mode,50.0,50.0,300,0.0,True,3.0,3,False,False,,,1.0,10,600,600,False,False,False,
hai-test2.csv,15,P2_VTR04,True,change_from_pre_mode,50.0,50.0,300,0.0,True,3.0,3,False,False,,,1.0,10,600,600,False,False,False,
hai-test2.csv,15,P3_FIT01,True,3_sigma_from_pre_median,28.0,28.0,300,1688.0235925813643,False,3.0,3,True,False,79.0,3.1705717997789353,1.0,10,600,600,True,False,False,36.0
hai-test2.csv,15,P3_LCP01D,True,3_sigma_from_pre_median,5168.0,1944.0,300,5147.799146350213,False,3.0,3,False,False,,1.6644006023573603,1.0,10,600,600,False,False,False,
hai-test2.csv,15,P3_LCV01D,True,3_sigma_from_pre_median,3800.0,-160.0,300,6818.667649961868,False,3.0,3,False,False,,1.9065308161885115,1.0,10,600,600,False,False,False,
hai-test2.csv,15,P3_LH01,True,change_from_pre_mode,70.0,70.0,300,0.0,True,3.0,3,False,False,,,1.0,10,600,600,False,False,False,
hai-test2.csv,15,P3_LIT01,True,3_sigma_from_pre_median,12095.5,10815.0,300,3086.289589129662,False,3.0,3,False,False,,0.6462452541799396,1.0,10,600,600,False,False,False,
hai-test2.csv,15,P3_LL01,True,change_from_pre_mode,30.0,30.0,300,0.0,True,3.0,3,False,False,,,1.0,10,600,600,False,False,False,
hai-test2.csv,15,P3_PIT01,True,3_sigma_from_pre_median,244.0,24.0,300,1298.3940193880667,False,3.0,3,True,False,131.0,3.0268161600530243,1.0,10,600,600,True,False,False,43.0
hai-test2.csv,15,P4_HT_FD,True,3_sigma_from_pre_median,-0.00036,-0.00014,300,0.002085799588224817,False,3.0,3,False,False,,11.928279274987716,1.0,10,600,600,False,False,False,
hai-test2.csv,15,P4_HT_PO,True,3_sigma_from_pre_median,18.310544999999998,0.01807,300,31.369744436378745,False,3.0,3,False,False,,1.9061801769304683,1.0,10,600,600,False,False,False,
hai-test2.csv,15,P4_HT_PS,True,3_sigma_from_pre_median,5.77804,5.77804,300,1.9005221520029272,False,3.0,3,False,False,,0.0,1.0,10,600,600,False,False,False,
hai-test2.csv,15,P4_LD,True,3_sigma_from_pre_median,354.52837999999997,354.14856,300,61.17702962605878,False,3.0,3,False,False,,1.9542714108674883,1.0,10,600,600,False,False,False,
hai-test2.csv,15,P4_ST_FD,True,3_sigma_from_pre_median,-0.00014,0.00029,300,0.0016455065627984334,False,3.0,3,False,False,,2.90488054442693,1.0,10,600,600,False,False,False,
hai-test2.csv,15,P4_ST_GOV,True,3_sigma_from_pre_median,18268.5,18253.0,300,1755.4259694594575,False,3.0,3,False,False,,1.7491481004724392,1.0,10,600,600,False,False,False,
hai-test2.csv,15,P4_ST_LD,True,3_sigma_from_pre_median,334.979,337.85443,300,36.05910881852627,False,3.0,3,False,False,,1.669070089970675,1.0,10,600,600,False,False,False,
hai-test2.csv,15,P4_ST_PO,True,3_sigma_from_pre_median,333.69500500000004,308.4491,300,32.463425616521704,False,3.0,3,False,False,,1.7508813047466072,1.0,10,600,600,False,False,False,
hai-test2.csv,15,P4_ST_PS,True,3_sigma_from_pre_median,6.35276,6.35276,300,10.589736200432041,False,3.0,3,False,False,,0.0,1.0,10,600,600,False,False,False,
hai-test2.csv,15,P4_ST_PT01,True,3_sigma_from_pre_median,9970.0,9970.0,300,30.94037172182327,False,3.0,3,False,False,,0.9049665030446506,1.0,10,600,600,False,False,False,
hai-test2.csv,15,P4_ST_TT01,True,3_sigma_from_pre_median,27133.0,27167.0,300,125.87160191980817,False,3.0,3,False,False,,0.4607870172094207,1.0,10,600,600,False,False,False,
hai-test2.csv,15,x1001_05_SETPOINT_OUT,True,3_sigma_from_pre_median,0.08313,0.08313,300,0.042114897148061825,False,3.0,3,False,False,,0.0,1.0,10,600,600,False,False,False,
hai-test2.csv,15,x1001_15_ASSIGN_OUT,True,3_sigma_from_pre_median,1.0744449999999999,1.05213,300,0.10307475471232287,False,3.0,3,False,False,,1.6310007282501118,1.0,10,600,600,False,False,False,
hai-test2.csv,15,x1002_07_SETPOINT_OUT,True,3_sigma_from_pre_median,329.03244,329.03244,300,24.671699804613976,False,3.0,3,False,False,,0.0,1.0,10,600,600,False,False,False,
hai-test2.csv,15,x1002_08_SETPOINT_OUT,True,3_sigma_from_pre_median,1004.45422,1004.45422,300,22.76031945742657,False,3.0,3,False,False,,0.0,1.0,10,600,600,False,False,False,
hai-test2.csv,15,x1003_10_SETPOINT_OUT,True,3_sigma_from_pre_median,2078.87244,2010.06213,300,1200.880152569592,False,3.0,3,False,False,,1.5142922847953535,1.0,10,600,600,False,False,False,
hai-test2.csv,15,x1003_18_SETPOINT_OUT,True,3_sigma_from_pre_median,25.42054,25.42054,300,0.8117389494981301,False,3.0,3,False,False,,0.0,1.0,10,600,600,False,False,False,
hai-test2.csv,15,x1003_24_SUM_OUT,True,3_sigma_from_pre_median,29.22491,29.28633,300,0.8617764720875876,False,3.0,3,False,False,,0.6493679255879276,1.0,10,600,600,False,False,False,
hai-test2.csv,16,P1_FCV01D,True,3_sigma_from_pre_median,0.0,0.0,300,21.696137110751636,False,3.0,3,False,False,,0.554166851851328,1.0,10,600,600,False,False,False,
hai-test2.csv,16,P1_FCV01Z,True,3_sigma_from_pre_median,0.32959,0.32959,300,21.93007692173577,False,3.0,3,False,False,,0.3618122283983297,1.0,10,600,600,False,False,False,
hai-test2.csv,16,P1_FCV02D,True,3_sigma_from_pre_median,100.0,100.0,300,41.89070266671058,False,3.0,3,False,False,,0.0,1.0,10,600,600,False,False,False,
hai-test2.csv,16,P1_FCV02Z,True,3_sigma_from_pre_median,97.5891,97.5891,300,39.02001795893345,False,3.0,3,False,False,,0.00019579693704999544,1.0,10,600,600,False,False,False,
hai-test2.csv,16,P1_FCV03D,True,3_sigma_from_pre_median,55.744095,54.53967,300,2.3390876027010608,False,3.0,3,False,False,,0.3909750959921113,1.0,10,600,600,False,False,False,
hai-test2.csv,16,P1_FCV03Z,True,3_sigma_from_pre_median,56.23016,56.10809,300,2.4048024631317655,False,3.0,3,False,False,,0.29504710298574066,1.0,10,600,600,False,False,False,
hai-test2.csv,16,P1_FT01,True,3_sigma_from_pre_median,63.93431,68.51198,300,10.923609818121934,False,3.0,3,False,False,,0.4015970977581317,1.0,10,600,600,False,False,False,
hai-test2.csv,16,P1_FT01Z,True,3_sigma_from_pre_median,332.88461,356.71902,300,46.328484692484196,False,3.0,3,False,False,,0.4930243272926532,1.0,10,600,600,False,False,False,
hai-test2.csv,16,P1_FT02,True,3_sigma_from_pre_median,4.99723,4.99723,300,917.5366466123356,False,3.0,3,False,False,,0.04115966391035728,1.0,10,600,600,False,False,False,
hai-test2.csv,16,P1_FT02Z,True,3_sigma_from_pre_median,26.01891,26.01891,300,1200.8789655934509,False,3.0,3,False,False,,0.16374034822304356,1.0,10,600,600,False,False,False,
hai-test2.csv,16,P1_FT03,True,3_sigma_from_pre_median,248.66101,249.51932,300,11.046936280510804,False,3.0,3,False,False,,0.21582635578393633,1.0,10,600,600,False,False,False,
hai-test2.csv,16,P1_FT03Z,True,3_sigma_from_pre_median,1005.72968,1007.90405,300,23.168311167308214,False,3.0,3,False,False,,0.21658635209805657,1.0,10,600,600,False,False,False,
hai-test2.csv,16,P1_LCV01D,True,3_sigma_from_pre_median,17.68308,15.78681,300,3.266506894832349,False,3.0,3,False,False,,0.4121619954728728,1.0,10,600,600,False,False,False,
hai-test2.csv,16,P1_LCV01Z,True,3_sigma_from_pre_median,17.04559,19.29626,300,3.187700744620662,False,3.0,3,False,False,,0.7060480830260089,1.0,10,600,600,False,False,False,
hai-test2.csv,16,P1_LIT01,True,3_sigma_from_pre_median,330.32791,328.23209,300,26.00444265493099,False,3.0,3,False,False,,0.31844251037734894,1.0,10,600,600,False,False,False,
hai-test2.csv,16,P1_PCV01D,True,3_sigma_from_pre_median,26.290084999999998,24.23396,300,2.467222143847526,False,3.0,3,False,False,,0.7812206958365878,1.0,10,600,600,False,False,False,
hai-test2.csv,16,P1_PCV01Z,True,3_sigma_from_pre_median,26.84173,28.3905,300,2.497731488619918,False,3.0,3,False,False,,0.7972354150446547,1.0,10,600,600,False,False,False,
hai-test2.csv,16,P1_PCV02D,True,3_sigma_from_pre_median,12.0,12.0,300,0.06927210836219852,False,3.0,3,False,False,,0.0,1.0,10,600,600,False,False,False,
hai-test2.csv,16,P1_PCV02Z,True,3_sigma_from_pre_median,11.79657,11.79657,300,0.11872654359448429,False,3.0,3,False,False,,0.06426532575614508,1.0,10,600,600,False,False,False,
hai-test2.csv,16,P1_PIT01,True,3_sigma_from_pre_median,1.005325,1.01334,300,0.10877020856385412,False,3.0,3,False,False,,0.8311558945566179,1.0,10,600,600,False,False,False,
hai-test2.csv,16,P1_PIT01_HH,True,change_from_pre_mode,524320.0,524320.0,300,0.0,True,3.0,3,False,False,,,1.0,10,600,600,False,False,False,
hai-test2.csv,16,P1_PIT02,True,3_sigma_from_pre_median,0.37552,0.37399,300,0.3667252175292831,False,3.0,3,False,False,,0.13939592249588906,1.0,10,600,600,False,False,False,
hai-test2.csv,16,P1_PP01AD,True,change_from_pre_mode,0.0,0.0,300,0.0,True,3.0,3,False,False,,,1.0,10,600,600,False,False,False,
hai-test2.csv,16,P1_PP01AR,True,change_from_pre_mode,0.0,0.0,300,0.0,True,3.0,3,False,False,,,1.0,10,600,600,False,False,False,
hai-test2.csv,16,P1_PP01BD,True,change_from_pre_mode,1.0,1.0,300,0.0,True,3.0,3,False,False,,,1.0,10,600,600,False,False,False,
hai-test2.csv,16,P1_PP01BR,True,change_from_pre_mode,1.0,1.0,300,0.0,True,3.0,3,False,False,,,1.0,10,600,600,False,False,False,
hai-test2.csv,16,P1_PP02D,True,change_from_pre_mode,1.0,1.0,300,0.0,True,3.0,3,False,False,,,1.0,10,600,600,False,False,False,
hai-test2.csv,16,P1_PP02R,True,change_from_pre_mode,1.0,1.0,300,0.0,True,3.0,3,False,False,,,1.0,10,600,600,False,False,False,
hai-test2.csv,16,P1_PP04,True,3_sigma_from_pre_median,40.0,40.0,300,17.14859399100902,False,3.0,3,False,False,,0.0,1.0,10,600,600,False,False,False,
hai-test2.csv,16,P1_PP04D,True,3_sigma_from_pre_median,1.0,1.0,300,0.49507705153684806,False,3.0,3,False,False,,0.0,1.0,10,600,600,False,False,False,
hai-test2.csv,16,P1_PP04SP,True,3_sigma_from_pre_median,27.91761,27.91761,300,0.2822382025676734,False,3.0,3,False,False,,0.0,1.0,10,600,600,False,False,False,
hai-test2.csv,16,P1_SOL01D,True,change_from_pre_mode,524320.0,524320.0,300,0.0,True,3.0,3,False,False,,,1.0,10,600,600,False,False,False,
hai-test2.csv,16,P1_SOL03D,True,change_from_pre_mode,524320.0,524320.0,300,0.0,True,3.0,3,False,False,,,1.0,10,600,600,False,False,False,
hai-test2.csv,16,P1_STSP,True,change_from_pre_mode,1.0,1.0,300,0.0,True,3.0,3,False,False,,,1.0,10,600,600,False,False,False,
hai-test2.csv,16,P1_TIT01,True,3_sigma_from_pre_median,29.19617,29.04358,300,1.3020195632059774,False,3.0,3,False,False,,0.8789499269750628,1.0,10,600,600,False,False,False,
hai-test2.csv,16,P1_TIT02,True,3_sigma_from_pre_median,39.28223,39.23645,300,2.1887095681347657,False,3.0,3,False,False,,0.07668445482377668,1.0,10,600,600,False,False,False,
hai-test2.csv,16,P1_TIT03,True,3_sigma_from_pre_median,29.00766,29.00766,300,1.2331199100797272,False,3.0,3,False,False,,0.5964302368229958,1.0,10,600,600,False,False,False,
hai-test2.csv,16,P2_24Vdc,True,3_sigma_from_pre_median,28.03338,28.03514,300,0.0035064224696394683,False,3.0,3,False,False,,2.968837922451088,1.0,10,600,600,False,False,False,
hai-test2.csv,16,P2_ATSW_Lamp,True,3_sigma_from_pre_median,1.0,1.0,300,0.386321898014947,False,3.0,3,False,False,,0.0,1.0,10,600,600,False,False,False,
hai-test2.csv,16,P2_AutoGO,True,3_sigma_from_pre_median,1.0,1.0,300,0.386321898014947,False,3.0,3,False,False,,0.0,1.0,10,600,600,False,False,False,
hai-test2.csv,16,P2_AutoSD,True,3_sigma_from_pre_median,106.79819,106.79819,300,9.050891107102233,False,3.0,3,False,False,,0.0,1.0,10,600,600,False,False,False,
hai-test2.csv,16,P2_Emerg,True,change_from_pre_mode,0.0,0.0,300,0.0,True,3.0,3,False,False,,,1.0,10,600,600,False,False,False,
hai-test2.csv,16,P2_MASW,True,3_sigma_from_pre_median,0.0,0.0,300,0.38632189801494704,False,3.0,3,False,False,,0.0,1.0,10,600,600,False,False,False,
hai-test2.csv,16,P2_MASW_Lamp,True,3_sigma_from_pre_median,0.0,0.0,300,0.38632189801494704,False,3.0,3,False,False,,0.0,1.0,10,600,600,False,False,False,
hai-test2.csv,16,P2_ManualGO,True,3_sigma_from_pre_median,0.0,0.0,300,0.38632189801494704,False,3.0,3,False,False,,0.0,1.0,10,600,600,False,False,False,
hai-test2.csv,16,P2_ManualSD,True,3_sigma_from_pre_median,12.62851,12.62851,300,4.414306207493221,False,3.0,3,False,False,,0.0,1.0,10,600,600,False,False,False,
hai-test2.csv,16,P2_OnOff,True,change_from_pre_mode,1.0,1.0,300,0.0,True,3.0,3,False,False,,,1.0,10,600,600,False,False,False,
hai-test2.csv,16,P2_RTR,True,change_from_pre_mode,2880.0,2880.0,300,0.0,True,3.0,3,False,False,,,1.0,10,600,600,False,False,False,
hai-test2.csv,16,P2_SCO,True,3_sigma_from_pre_median,54712.0,54712.0,300,179.70028495841728,False,3.0,3,False,False,,0.011129642896575266,1.0,10,600,600,False,False,False,
hai-test2.csv,16,P2_SCST,True,3_sigma_from_pre_median,720.517885,720.58344,300,0.25187557511890135,False,3.0,3,False,False,,1.239957466509326,1.0,10,600,600,False,False,False,
hai-test2.csv,16,P2_SIT01,True,3_sigma_from_pre_median,908.0,910.0,300,34.040295273317895,False,3.0,3,False,False,,0.1762616907939407,1.0,10,600,600,False,False,False,
hai-test2.csv,16,P2_TripEx,True,change_from_pre_mode,1.0,1.0,300,0.0,True,3.0,3,False,False,,,1.0,10,600,600,False,False,False,
hai-test2.csv,16,P2_VIBTR01,True,3_sigma_from_pre_median,6.60425,6.0551,300,0.39473789413008264,False,3.0,3,False,False,,1.464136097887632,1.0,10,600,600,False,False,False,
hai-test2.csv,16,P2_VIBTR02,True,3_sigma_from_pre_median,-3.46985,-3.9019,300,0.36541918293693737,False,3.0,3,False,False,,1.3139704274443154,1.0,10,600,600,False,False,False,
hai-test2.csv,16,P2_VIBTR03,True,3_sigma_from_pre_median,9.6067,9.8637,300,0.29310264016502074,False,3.0,3,False,False,,1.05492055556346,1.0,10,600,600,False,False,False,
hai-test2.csv,16,P2_VIBTR04,True,3_sigma_from_pre_median,-1.5301,-1.3874,300,0.2638662725045679,False,3.0,3,False,False,,1.045605402241106,1.0,10,600,600,False,False,False,
hai-test2.csv,16,P2_VT01,True,3_sigma_from_pre_median,11.935235,11.99777,300,0.046671016450741364,False,3.0,3,False,False,,1.3709793543393558,1.0,10,600,600,False,False,False,
hai-test2.csv,16,P2_VTR01,True,change_from_pre_mode,50.0,50.0,300,0.0,True,3.0,3,False,False,,,1.0,10,600,600,False,False,False,
hai-test2.csv,16,P2_VTR02,True,change_from_pre_mode,50.0,50.0,300,0.0,True,3.0,3,False,False,,,1.0,10,600,600,False,False,False,
hai-test2.csv,16,P2_VTR03,True,change_from_pre_mode,50.0,50.0,300,0.0,True,3.0,3,False,False,,,1.0,10,600,600,False,False,False,
hai-test2.csv,16,P2_VTR04,True,change_from_pre_mode,50.0,50.0,300,0.0,True,3.0,3,False,False,,,1.0,10,600,600,False,False,False,
hai-test2.csv,16,P3_FIT01,True,3_sigma_from_pre_median,937.0,27.0,300,1688.0235925813643,False,3.0,3,False,False,,0.5396844001492171,1.0,10,600,600,False,False,False,
hai-test2.csv,16,P3_LCP01D,True,3_sigma_from_pre_median,9584.0,13792.0,300,5147.799146350213,False,3.0,3,False,False,,1.6814952864151858,1.0,10,600,600,False,False,False,
hai-test2.csv,16,P3_LCV01D,True,3_sigma_from_pre_median,-112.0,-144.0,300,6818.667649961868,False,3.0,3,False,False,,2.0860380253434916,1.0,10,600,600,False,False,False,
hai-test2.csv,16,P3_LH01,True,change_from_pre_mode,70.0,70.0,300,0.0,True,3.0,3,False,False,,,1.0,10,600,600,False,False,False,
hai-test2.csv,16,P3_LIT01,True,3_sigma_from_pre_median,15613.0,15243.0,300,3086.289589129662,False,3.0,3,False,False,,1.2808260164318384,1.0,10,600,600,False,False,False,
hai-test2.csv,16,P3_LL01,True,change_from_pre_mode,30.0,30.0,300,0.0,True,3.0,3,False,False,,,1.0,10,600,600,False,False,False,
hai-test2.csv,16,P3_PIT01,True,3_sigma_from_pre_median,1124.0,23.0,300,1298.3940193880667,False,3.0,3,False,False,,0.8487408163812806,1.0,10,600,600,False,False,False,
hai-test2.csv,16,P4_HT_FD,True,3_sigma_from_pre_median,-0.00029,-0.00036,300,0.002085799588224817,False,3.0,3,False,False,,11.75568359415992,1.0,10,600,600,False,False,False,
hai-test2.csv,16,P4_HT_PO,True,3_sigma_from_pre_median,0.05423,0.01807,300,31.369744436378745,False,3.0,3,False,False,,2.1826103855853978,1.0,10,600,600,False,False,False,
hai-test2.csv,16,P4_HT_PS,True,3_sigma_from_pre_median,5.77804,5.77804,300,1.9005221520029272,False,3.0,3,False,False,,0.0,1.0,10,600,600,False,False,False,
hai-test2.csv,16,P4_LD,True,3_sigma_from_pre_median,307.662415,267.75897,300,61.17702962605878,False,3.0,3,False,False,,1.7900610027877712,1.0,10,600,600,False,False,False,
hai-test2.csv,16,P4_ST_FD,True,3_sigma_from_pre_median,3.5e-05,-0.00087,300,0.0016455065627984334,False,3.0,3,False,False,,3.849878294758285,1.0,10,600,600,False,False,False,
hai-test2.csv,16,P4_ST_GOV,True,3_sigma_from_pre_median,16909.5,14169.0,300,1755.4259694594575,False,3.0,3,False,False,,1.1179622690692597,1.0,10,600,600,False,False,False,
hai-test2.csv,16,P4_ST_LD,True,3_sigma_from_pre_median,304.108795,334.56305,300,36.05910881852627,False,3.0,3,False,False,,1.6550271749738454,1.0,10,600,600,False,False,False,
hai-test2.csv,16,P4_ST_PO,True,3_sigma_from_pre_median,308.02411,257.52313,300,32.463425616521704,False,3.0,3,False,False,,1.0860123147957994,1.0,10,600,600,False,False,False,
hai-test2.csv,16,P4_ST_PS,True,3_sigma_from_pre_median,6.35276,6.35276,300,10.589736200432041,False,3.0,3,False,False,,0.0,1.0,10,600,600,False,False,False,
hai-test2.csv,16,P4_ST_PT01,True,3_sigma_from_pre_median,9943.0,9943.0,300,30.94037172182327,False,3.0,3,False,False,,0.96960696754784,1.0,10,600,600,False,False,False,
hai-test2.csv,16,P4_ST_TT01,True,3_sigma_from_pre_median,26992.0,27002.0,300,125.87160191980817,False,3.0,3,False,False,,0.8977402231838714,1.0,10,600,600,False,False,False,
hai-test2.csv,16,x1001_05_SETPOINT_OUT,True,3_sigma_from_pre_median,0.08313,0.08313,300,0.042114897148061825,False,3.0,3,False,False,,0.0,1.0,10,600,600,False,False,False,
hai-test2.csv,16,x1001_15_ASSIGN_OUT,True,3_sigma_from_pre_median,1.00475,0.85369,300,0.10307475471232287,False,3.0,3,False,False,,1.0136332634659089,1.0,10,600,600,False,False,False,
hai-test2.csv,16,x1002_07_SETPOINT_OUT,True,3_sigma_from_pre_median,333.03836,333.03836,300,24.671699804613976,False,3.0,3,False,False,,0.0,1.0,10,600,600,False,False,False,
hai-test2.csv,16,x1002_08_SETPOINT_OUT,True,3_sigma_from_pre_median,1004.45422,1004.45422,300,22.76031945742657,False,3.0,3,False,False,,0.0,1.0,10,600,600,False,False,False,
hai-test2.csv,16,x1003_10_SETPOINT_OUT,True,3_sigma_from_pre_median,26.01891,26.01891,300,1200.880152569592,False,3.0,3,False,False,,0.16374018637851123,1.0,10,600,600,False,False,False,
hai-test2.csv,16,x1003_18_SETPOINT_OUT,True,3_sigma_from_pre_median,25.42054,25.42054,300,0.8117389494981301,False,3.0,3,False,False,,0.0,1.0,10,600,600,False,False,False,
hai-test2.csv,16,x1003_24_SUM_OUT,True,3_sigma_from_pre_median,28.987635,29.24093,300,0.8617764720875876,False,3.0,3,False,False,,0.40990327705778346,1.0,10,600,600,False,False,False,
hai-test2.csv,17,P1_FCV01D,True,3_sigma_from_pre_median,24.2538,14.6799,300,21.696137110751636,False,3.0,3,False,False,,0.9147845028212219,1.0,10,600,600,False,False,False,
hai-test2.csv,17,P1_FCV01Z,True,3_sigma_from_pre_median,24.594875000000002,16.97693,300,21.93007692173577,False,3.0,3,False,False,,0.93705895667116,1.0,10,600,600,False,False,False,
hai-test2.csv,17,P1_FCV02D,True,3_sigma_from_pre_median,15.0,15.0,300,41.89070266671058,False,3.0,3,False,False,,2.029089859778056,1.0,10,600,600,False,False,False,
hai-test2.csv,17,P1_FCV02Z,True,3_sigma_from_pre_median,12.44507,12.44507,300,39.02001795893345,False,3.0,3,False,False,,2.175999254776376,1.0,10,600,600,False,False,False,
hai-test2.csv,17,P1_FCV03D,True,3_sigma_from_pre_median,52.7611,51.7212,300,2.3390876027010608,False,3.0,3,False,False,,0.4741677903466468,1.0,10,600,600,False,False,False,
hai-test2.csv,17,P1_FCV03Z,True,3_sigma_from_pre_median,53.39965,53.98712,300,2.4048024631317655,False,3.0,3,False,False,,0.49174517164290016,1.0,10,600,600,False,False,False,
hai-test2.csv,17,P1_FT01,True,3_sigma_from_pre_median,54.58834,54.39756,300,10.923609818121934,False,3.0,3,False,False,,1.466700135464428,1.0,10,600,600,False,False,False,
hai-test2.csv,17,P1_FT01Z,True,3_sigma_from_pre_median,284.22327,283.22998,300,46.328484692484196,False,3.0,3,False,False,,1.8006084281347752,1.0,10,600,600,False,False,False,
hai-test2.csv,17,P1_FT02,True,3_sigma_from_pre_median,617.065395,120.77328,300,917.5366466123356,False,3.0,3,False,False,,0.6670776227411026,1.0,10,600,600,False,False,False,
hai-test2.csv,17,P1_FT02Z,True,3_sigma_from_pre_median,1579.285155,628.82623,300,1200.8789655934509,False,3.0,3,False,False,,1.2934411289587426,1.0,10,600,600,False,False,False,
hai-test2.csv,17,P1_FT03,True,3_sigma_from_pre_median,233.30688,233.87906,300,11.046936280510804,False,3.0,3,False,False,,0.5179743826435319,1.0,10,600,600,False,False,False,
hai-test2.csv,17,P1_FT03Z,True,3_sigma_from_pre_median,970.9397,964.4165,300,23.168311167308214,False,3.0,3,False,False,,0.5631057829717389,1.0,10,600,600,False,False,False,
hai-test2.csv,17,P1_LCV01D,True,3_sigma_from_pre_median,15.664195,13.72575,300,3.266506894832349,False,3.0,3,False,False,,1.3997046836892293,1.0,10,600,600,False,False,False,
hai-test2.csv,17,P1_LCV01Z,True,3_sigma_from_pre_median,15.26794,14.07776,300,3.187700744620662,False,3.0,3,False,False,,1.6011760227534744,1.0,10,600,600,False,False,False,
hai-test2.csv,17,P1_LIT01,True,3_sigma_from_pre_median,334.74951,323.83603,300,26.00444265493099,False,3.0,3,False,False,,0.3921576068874624,1.0,10,600,600,False,False,False,
hai-test2.csv,17,P1_PCV01D,True,3_sigma_from_pre_median,25.252125,22.56208,300,2.467222143847526,False,3.0,3,False,False,,1.5187586611704682,1.0,10,600,600,False,False,False,
hai-test2.csv,17,P1_PCV01Z,True,3_sigma_from_pre_median,25.53711,25.53711,300,2.497731488619918,False,3.0,3,False,False,,1.5669698755980173,1.0,10,600,600,False,False,False,
hai-test2.csv,17,P1_PCV02D,True,3_sigma_from_pre_median,12.0,12.0,300,0.06927210836219852,False,3.0,3,False,False,,0.0,1.0,10,600,600,False,False,False,
hai-test2.csv,17,P1_PCV02Z,True,3_sigma_from_pre_median,11.79657,11.79657,300,0.11872654359448429,False,3.0,3,False,False,,0.06426532575614508,1.0,10,600,600,False,False,False,
hai-test2.csv,17,P1_PIT01,True,3_sigma_from_pre_median,1.033555,1.06598,300,0.10877020856385412,False,3.0,3,False,False,,1.778106363439219,1.0,10,600,600,False,False,False,
hai-test2.csv,17,P1_PIT01_HH,True,change_from_pre_mode,524320.0,524320.0,300,0.0,True,3.0,3,False,False,,,1.0,10,600,600,False,False,False,
hai-test2.csv,17,P1_PIT02,True,3_sigma_from_pre_median,1.2281,1.50772,300,0.3667252175292831,False,3.0,3,False,False,,2.487121027959222,1.0,10,600,600,False,False,False,
hai-test2.csv,17,P1_PP01AD,True,change_from_pre_mode,0.0,0.0,300,0.0,True,3.0,3,False,False,,,1.0,10,600,600,False,False,False,
hai-test2.csv,17,P1_PP01AR,True,change_from_pre_mode,0.0,0.0,300,0.0,True,3.0,3,False,False,,,1.0,10,600,600,False,False,False,
hai-test2.csv,17,P1_PP01BD,True,change_from_pre_mode,1.0,1.0,300,0.0,True,3.0,3,False,False,,,1.0,10,600,600,False,False,False,
hai-test2.csv,17,P1_PP01BR,True,change_from_pre_mode,1.0,1.0,300,0.0,True,3.0,3,False,False,,,1.0,10,600,600,False,False,False,
hai-test2.csv,17,P1_PP02D,True,change_from_pre_mode,1.0,1.0,300,0.0,True,3.0,3,False,False,,,1.0,10,600,600,False,False,False,
hai-test2.csv,17,P1_PP02R,True,change_from_pre_mode,1.0,1.0,300,0.0,True,3.0,3,False,False,,,1.0,10,600,600,False,False,False,
hai-test2.csv,17,P1_PP04,True,3_sigma_from_pre_median,0.0,0.0,300,17.14859399100902,False,3.0,3,False,False,,0.07553622184297702,1.0,10,600,600,False,False,False,
hai-test2.csv,17,P1_PP04D,True,3_sigma_from_pre_median,0.0,0.0,300,0.49507705153684806,False,3.0,3,False,False,,0.0,1.0,10,600,600,False,False,False,
hai-test2.csv,17,P1_PP04SP,True,3_sigma_from_pre_median,27.91761,27.91761,300,0.2822382025676734,False,3.0,3,False,False,,0.0,1.0,10,600,600,False,False,False,
hai-test2.csv,17,P1_SOL01D,True,change_from_pre_mode,524320.0,524320.0,300,0.0,True,3.0,3,False,False,,,1.0,10,600,600,False,False,False,
hai-test2.csv,17,P1_SOL03D,True,change_from_pre_mode,524320.0,524320.0,300,0.0,True,3.0,3,False,False,,,1.0,10,600,600,False,False,False,
hai-test2.csv,17,P1_STSP,True,change_from_pre_mode,1.0,1.0,300,0.0,True,3.0,3,False,False,,,1.0,10,600,600,False,False,False,
hai-test2.csv,17,P1_TIT01,True,3_sigma_from_pre_median,30.53893,30.26427,300,1.3020195632059774,False,3.0,3,False,False,,0.4453389306780109,1.0,10,600,600,False,False,False,
hai-test2.csv,17,P1_TIT02,True,3_sigma_from_pre_median,35.09369,35.02502,300,2.1887095681347657,False,3.0,3,False,False,,1.6557473192244312,1.0,10,600,600,False,False,False,
hai-test2.csv,17,P1_TIT03,True,3_sigma_from_pre_median,26.49158,26.49158,300,1.2331199100797272,False,3.0,3,False,False,,1.6784255797687873,1.0,10,600,600,False,False,False,
hai-test2.csv,17,P2_24Vdc,True,3_sigma_from_pre_median,28.03338,28.03253,300,0.0035064224696394683,False,3.0,3,False,False,,2.9773936513339083,1.0,10,600,600,False,False,False,
hai-test2.csv,17,P2_ATSW_Lamp,True,3_sigma_from_pre_median,1.0,1.0,300,0.386321898014947,False,3.0,3,False,False,,0.0,1.0,10,600,600,False,False,False,
hai-test2.csv,17,P2_AutoGO,True,3_sigma_from_pre_median,1.0,1.0,300,0.386321898014947,False,3.0,3,False,False,,0.0,1.0,10,600,600,False,False,False,
hai-test2.csv,17,P2_AutoSD,True,3_sigma_from_pre_median,106.79819,106.79819,300,9.050891107102233,False,3.0,3,False,False,,0.0,1.0,10,600,600,False,False,False,
hai-test2.csv,17,P2_Emerg,True,change_from_pre_mode,0.0,0.0,300,0.0,True,3.0,3,False,False,,,1.0,10,600,600,False,False,False,
hai-test2.csv,17,P2_MASW,True,3_sigma_from_pre_median,0.0,0.0,300,0.38632189801494704,False,3.0,3,False,False,,0.0,1.0,10,600,600,False,False,False,
hai-test2.csv,17,P2_MASW_Lamp,True,3_sigma_from_pre_median,0.0,0.0,300,0.38632189801494704,False,3.0,3,False,False,,0.0,1.0,10,600,600,False,False,False,
hai-test2.csv,17,P2_ManualGO,True,3_sigma_from_pre_median,0.0,0.0,300,0.38632189801494704,False,3.0,3,False,False,,0.0,1.0,10,600,600,False,False,False,
hai-test2.csv,17,P2_ManualSD,True,3_sigma_from_pre_median,12.62851,12.62851,300,4.414306207493221,False,3.0,3,False,False,,0.0,1.0,10,600,600,False,False,False,
hai-test2.csv,17,P2_OnOff,True,change_from_pre_mode,1.0,1.0,300,0.0,True,3.0,3,False,False,,,1.0,10,600,600,False,False,False,
hai-test2.csv,17,P2_RTR,True,change_from_pre_mode,2880.0,2880.0,300,0.0,True,3.0,3,False,False,,,1.0,10,600,600,False,False,False,
hai-test2.csv,17,P2_SCO,True,3_sigma_from_pre_median,54711.0,54711.0,300,179.70028495841728,False,3.0,3,False,False,,0.011129642896575266,1.0,10,600,600,False,False,False,
hai-test2.csv,17,P2_SCST,True,3_sigma_from_pre_median,720.3858299999999,720.30872,300,0.25187557511890135,False,3.0,3,False,False,,1.9055043339294162,1.0,10,600,600,False,False,False,
hai-test2.csv,17,P2_SIT01,True,3_sigma_from_pre_median,905.0,904.0,300,34.040295273317895,False,3.0,3,False,False,,0.2643925361909111,1.0,10,600,600,False,False,False,
hai-test2.csv,17,P2_TripEx,True,change_from_pre_mode,1.0,1.0,300,0.0,True,3.0,3,False,False,,,1.0,10,600,600,False,False,False,
hai-test2.csv,17,P2_VIBTR01,True,3_sigma_from_pre_median,6.5912500000000005,6.8426,300,0.39473789413008264,False,3.0,3,False,False,,1.4405761606779177,1.0,10,600,600,False,False,False,
hai-test2.csv,17,P2_VIBTR02,True,3_sigma_from_pre_median,-3.4451,-3.9188,300,0.36541918293693737,False,3.0,3,False,False,,1.3825218368111378,1.0,10,600,600,False,False,False,
hai-test2.csv,17,P2_VIBTR03,True,3_sigma_from_pre_median,9.581949999999999,9.3947,300,0.29310264016502074,False,3.0,3,False,False,,1.2195386564882156,1.0,10,600,600,False,False,False,
hai-test2.csv,17,P2_VIBTR04,True,3_sigma_from_pre_median,-1.50725,-1.6678,300,0.2638662725045679,False,3.0,3,False,False,,1.2830362773784942,1.0,10,600,600,False,False,False,
hai-test2.csv,17,P2_VT01,True,3_sigma_from_pre_median,11.93727,11.89183,300,0.046671016450741364,False,3.0,3,False,False,,1.4488649517922736,1.0,10,600,600,False,False,False,
hai-test2.csv,17,P2_VTR01,True,change_from_pre_mode,50.0,50.0,300,0.0,True,3.0,3,False,False,,,1.0,10,600,600,False,False,False,
hai-test2.csv,17,P2_VTR02,True,change_from_pre_mode,50.0,50.0,300,0.0,True,3.0,3,False,False,,,1.0,10,600,600,False,False,False,
hai-test2.csv,17,P2_VTR03,True,change_from_pre_mode,50.0,50.0,300,0.0,True,3.0,3,False,False,,,1.0,10,600,600,False,False,False,
hai-test2.csv,17,P2_VTR04,True,change_from_pre_mode,50.0,50.0,300,0.0,True,3.0,3,False,False,,,1.0,10,600,600,False,False,False,
hai-test2.csv,17,P3_FIT01,True,3_sigma_from_pre_median,173.0,27.0,300,1688.0235925813643,False,3.0,3,False,False,,2.8370456556691557,1.0,10,600,600,False,False,False,
hai-test2.csv,17,P3_LCP01D,True,3_sigma_from_pre_median,10464.0,10272.0,300,5147.799146350213,False,3.0,3,False,False,,2.0047402213267924,1.0,10,600,600,False,False,False,
hai-test2.csv,17,P3_LCV01D,True,3_sigma_from_pre_median,-128.0,-128.0,300,6818.667649961868,False,3.0,3,False,False,,2.4497454425856073,1.0,10,600,600,False,False,False,
hai-test2.csv,17,P3_LH01,True,change_from_pre_mode,70.0,70.0,300,0.0,True,3.0,3,False,False,,,1.0,10,600,600,False,False,False,
hai-test2.csv,17,P3_LIT01,True,3_sigma_from_pre_median,19187.0,19214.0,300,3086.289589129662,False,3.0,3,False,False,,0.9422317368539807,1.0,10,600,600,False,False,False,
hai-test2.csv,17,P3_LL01,True,change_from_pre_mode,30.0,30.0,300,0.0,True,3.0,3,False,False,,,1.0,10,600,600,False,False,False,
hai-test2.csv,17,P3_PIT01,True,3_sigma_from_pre_median,1674.5,23.0,300,1298.3940193880667,False,3.0,3,False,False,,1.3728498232301567,1.0,10,600,600,False,False,False,
hai-test2.csv,17,P4_HT_FD,True,3_sigma_from_pre_median,-0.00029,-7e-05,300,0.002085799588224817,False,3.0,3,True,False,424.0,12.517981184482688,1.0,10,600,600,True,False,False,1.0
hai-test2.csv,17,P4_HT_PO,True,3_sigma_from_pre_median,0.05423,0.05423,300,31.369744436378745,False,3.0,3,False,False,,2.4524085669880193,1.0,10,600,600,False,False,False,
hai-test2.csv,17,P4_HT_PS,True,3_sigma_from_pre_median,5.77804,5.77804,300,1.9005221520029272,False,3.0,3,False,False,,0.0,1.0,10,600,600,False,False,False,
hai-test2.csv,17,P4_LD,True,3_sigma_from_pre_median,301.12488,272.26202,300,61.17702962605878,False,3.0,3,False,False,,2.8762772739304046,1.0,10,600,600,False,False,False,
hai-test2.csv,17,P4_ST_FD,True,3_sigma_from_pre_median,0.0,-0.00014,300,0.0016455065627984334,False,3.0,3,True,False,490.0,5.189891181884097,1.0,10,600,600,True,False,False,172.0
hai-test2.csv,17,P4_ST_GOV,True,3_sigma_from_pre_median,16498.0,15730.0,300,1755.4259694594575,False,3.0,3,False,False,,2.70418695096651,1.0,10,600,600,False,False,False,
hai-test2.csv,17,P4_ST_LD,True,3_sigma_from_pre_median,299.66003,266.11328,300,36.05910881852627,False,3.0,3,False,False,,2.770414834785782,1.0,10,600,600,False,False,False,
hai-test2.csv,17,P4_ST_PO,True,3_sigma_from_pre_median,301.206235,337.32996,300,32.463425616521704,False,3.0,3,False,False,,2.746647752251404,1.0,10,600,600,False,False,False,
hai-test2.csv,17,P4_ST_PS,True,3_sigma_from_pre_median,6.35276,6.35276,300,10.589736200432041,False,3.0,3,False,False,,0.0,1.0,10,600,600,False,False,False,
hai-test2.csv,17,P4_ST_PT01,True,3_sigma_from_pre_median,9943.0,9970.0,300,30.94037172182327,False,3.0,3,False,False,,1.842253238340896,1.0,10,600,600,False,False,False,
hai-test2.csv,17,P4_ST_TT01,True,3_sigma_from_pre_median,27120.0,27116.0,300,125.87160191980817,False,3.0,3,False,False,,0.48462082844439075,1.0,10,600,600,False,False,False,
hai-test2.csv,17,x1001_05_SETPOINT_OUT,True,3_sigma_from_pre_median,0.08313,0.08313,300,0.042114897148061825,False,3.0,3,False,False,,0.0,1.0,10,600,600,False,False,False,
hai-test2.csv,17,x1001_15_ASSIGN_OUT,True,3_sigma_from_pre_median,0.9818,0.94078,300,0.10307475471232287,False,3.0,3,False,False,,2.4809178611552682,1.0,10,600,600,False,False,False,
hai-test2.csv,17,x1002_07_SETPOINT_OUT,True,3_sigma_from_pre_median,333.03836,333.03836,300,24.671699804613976,False,3.0,3,False,False,,0.0,1.0,10,600,600,False,False,False,
hai-test2.csv,17,x1002_08_SETPOINT_OUT,True,3_sigma_from_pre_median,970.41528,970.41528,300,22.76031945742657,False,3.0,3,False,False,,0.0,1.0,10,600,600,False,False,False,
hai-test2.csv,17,x1003_10_SETPOINT_OUT,True,3_sigma_from_pre_median,1579.285155,628.82623,300,1200.880152569592,False,3.0,3,False,False,,1.2934398504933131,1.0,10,600,600,False,False,False,
hai-test2.csv,17,x1003_18_SETPOINT_OUT,True,3_sigma_from_pre_median,25.42054,25.42054,300,0.8117389494981301,False,3.0,3,False,False,,0.0,1.0,10,600,600,False,False,False,
hai-test2.csv,17,x1003_24_SUM_OUT,True,3_sigma_from_pre_median,28.92221,28.85069,300,0.8617764720875876,False,3.0,3,False,False,,0.9820295951569982,1.0,10,600,600,False,False,False,
hai-test2.csv,18,P1_FCV01D,True,3_sigma_from_pre_median,15.502855,11.28616,300,21.696137110751636,False,3.0,3,False,False,,0.10809412698806242,1.0,10,600,600,False,False,False,
hai-test2.csv,18,P1_FCV01Z,True,3_sigma_from_pre_median,15.000914999999999,16.83197,300,21.93007692173577,False,3.0,3,False,False,,0.10506461095521015,1.0,10,600,600,False,False,False,
hai-test2.csv,18,P1_FCV02D,True,3_sigma_from_pre_median,28.79632,15.0,300,41.89070266671058,False,3.0,3,False,False,,1.6997490007868417,1.0,10,600,600,False,False,False,
hai-test2.csv,18,P1_FCV02Z,True,3_sigma_from_pre_median,41.787715000000006,97.36022,300,39.02001795893345,False,3.0,3,False,False,,0.4991757056723918,1.0,10,600,600,False,False,False,
hai-test2.csv,18,P1_FCV03D,True,3_sigma_from_pre_median,51.363240000000005,50.32437,300,2.3390876027010608,False,3.0,3,False,False,,0.575292690383248,1.0,10,600,600,False,False,False,
hai-test2.csv,18,P1_FCV03Z,True,3_sigma_from_pre_median,51.98059,52.6825,300,2.4048024631317655,False,3.0,3,False,False,,0.6059624531913808,1.0,10,600,600,False,False,False,
hai-test2.csv,18,P1_FT01,True,3_sigma_from_pre_median,58.116884999999996,71.94521,300,10.923609818121934,False,3.0,3,False,False,,1.1087566474506607,1.0,10,600,600,False,False,False,
hai-test2.csv,18,P1_FT01Z,True,3_sigma_from_pre_median,303.09189,374.5947,300,46.328484692484196,False,3.0,3,False,False,,1.3718959387918612,1.0,10,600,600,False,False,False,
hai-test2.csv,18,P1_FT02,True,3_sigma_from_pre_median,126.49535499999999,50.77363,300,917.5366466123356,False,3.0,3,False,False,,0.2226363881532333,1.0,10,600,600,False,False,False,
hai-test2.csv,18,P1_FT02Z,True,3_sigma_from_pre_median,657.62598,264.36136,300,1200.8789655934509,False,3.0,3,False,False,,0.40505791502444877,1.0,10,600,600,False,False,False,
hai-test2.csv,18,P1_FT03,True,3_sigma_from_pre_median,233.1161,230.63661,300,11.046936280510804,False,3.0,3,False,False,,0.3798428716750031,1.0,10,600,600,False,False,False,
hai-test2.csv,18,P1_FT03Z,True,3_sigma_from_pre_median,970.5047,964.8515,300,23.168311167308214,False,3.0,3,False,False,,0.41293816933448324,1.0,10,600,600,False,False,False,
hai-test2.csv,18,P1_LCV01D,True,3_sigma_from_pre_median,14.450165,10.60475,300,3.266506894832349,False,3.0,3,False,False,,1.2606907416956046,1.0,10,600,600,False,False,False,
hai-test2.csv,18,P1_LCV01Z,True,3_sigma_from_pre_median,14.394375,10.75134,300,3.187700744620662,False,3.0,3,False,False,,1.3247369619391685,1.0,10,600,600,False,False,False,
hai-test2.csv,18,P1_LIT01,True,3_sigma_from_pre_median,366.135315,350.41687,300,26.00444265493099,False,3.0,3,False,False,,0.427539061210827,1.0,10,600,600,False,False,False,
hai-test2.csv,18,P1_PCV01D,True,3_sigma_from_pre_median,27.424205,22.6929,300,2.467222143847526,False,3.0,3,False,False,,5.597892769583351,1.0,10,600,600,False,False,False,
hai-test2.csv,18,P1_PCV01Z,True,3_sigma_from_pre_median,27.73056,23.16437,300,2.497731488619918,False,3.0,3,False,False,,1.2874842690864405,1.0,10,600,600,False,False,False,
hai-test2.csv,18,P1_PCV02D,True,3_sigma_from_pre_median,12.0,12.0,300,0.06927210836219852,False,3.0,3,False,False,,0.0,1.0,10,600,600,False,False,False,
hai-test2.csv,18,P1_PCV02Z,True,3_sigma_from_pre_median,11.79657,11.79657,300,0.11872654359448429,False,3.0,3,False,False,,0.06426532575614508,1.0,10,600,600,False,False,False,
hai-test2.csv,18,P1_PIT01,True,3_sigma_from_pre_median,1.06941,1.22086,300,0.10877020856385412,False,3.0,3,False,False,,1.7009253033783513,1.0,10,600,600,False,False,False,
hai-test2.csv,18,P1_PIT01_HH,True,change_from_pre_mode,524320.0,524320.0,300,0.0,True,3.0,3,False,False,,,1.0,10,600,600,False,False,False,
hai-test2.csv,18,P1_PIT02,True,3_sigma_from_pre_median,0.60822,0.31906,300,0.3667252175292831,False,3.0,3,False,False,,1.8494773950085437,1.0,10,600,600,False,False,False,
hai-test2.csv,18,P1_PP01AD,True,change_from_pre_mode,0.0,0.0,300,0.0,True,3.0,3,False,False,,,1.0,10,600,600,False,False,False,
hai-test2.csv,18,P1_PP01AR,True,change_from_pre_mode,0.0,0.0,300,0.0,True,3.0,3,False,False,,,1.0,10,600,600,False,False,False,
hai-test2.csv,18,P1_PP01BD,True,change_from_pre_mode,1.0,1.0,300,0.0,True,3.0,3,False,False,,,1.0,10,600,600,False,False,False,
hai-test2.csv,18,P1_PP01BR,True,change_from_pre_mode,1.0,1.0,300,0.0,True,3.0,3,False,False,,,1.0,10,600,600,False,False,False,
hai-test2.csv,18,P1_PP02D,True,change_from_pre_mode,1.0,1.0,300,0.0,True,3.0,3,False,False,,,1.0,10,600,600,False,False,False,
hai-test2.csv,18,P1_PP02R,True,change_from_pre_mode,1.0,1.0,300,0.0,True,3.0,3,False,False,,,1.0,10,600,600,False,False,False,
hai-test2.csv,18,P1_PP04,True,3_sigma_from_pre_median,40.0,40.0,300,17.14859399100902,False,3.0,3,False,False,,0.15225213223713227,1.0,10,600,600,False,False,False,
hai-test2.csv,18,P1_PP04D,True,3_sigma_from_pre_median,1.0,1.0,300,0.49507705153684806,False,3.0,3,False,False,,0.0,1.0,10,600,600,False,False,False,
hai-test2.csv,18,P1_PP04SP,True,3_sigma_from_pre_median,27.91761,27.91761,300,0.2822382025676734,False,3.0,3,False,False,,0.0,1.0,10,600,600,False,False,False,
hai-test2.csv,18,P1_SOL01D,True,change_from_pre_mode,524320.0,524320.0,300,0.0,True,3.0,3,False,False,,,1.0,10,600,600,False,False,False,
hai-test2.csv,18,P1_SOL03D,True,change_from_pre_mode,524320.0,524320.0,300,0.0,True,3.0,3,False,False,,,1.0,10,600,600,False,False,False,
hai-test2.csv,18,P1_STSP,True,change_from_pre_mode,1.0,1.0,300,0.0,True,3.0,3,False,False,,,1.0,10,600,600,False,False,False,
hai-test2.csv,18,P1_TIT01,True,3_sigma_from_pre_median,29.11224,29.36401,300,1.3020195632059774,False,3.0,3,False,False,,0.1933688303269917,1.0,10,600,600,False,False,False,
hai-test2.csv,18,P1_TIT02,True,3_sigma_from_pre_median,37.78686,37.46643,300,2.1887095681347657,False,3.0,3,False,False,,1.3943193032233723,1.0,10,600,600,False,False,False,
hai-test2.csv,18,P1_TIT03,True,3_sigma_from_pre_median,28.27725,28.27725,300,1.2331199100797272,False,3.0,3,False,False,,0.7090145839454254,1.0,10,600,600,False,False,False,
hai-test2.csv,18,P2_24Vdc,True,3_sigma_from_pre_median,28.03338,28.03514,300,0.0035064224696394683,False,3.0,3,False,False,,3.2083983311791737,1.0,10,600,600,False,False,False,
hai-test2.csv,18,P2_ATSW_Lamp,True,3_sigma_from_pre_median,1.0,1.0,300,0.386321898014947,False,3.0,3,False,False,,0.0,1.0,10,600,600,False,False,False,
hai-test2.csv,18,P2_AutoGO,True,3_sigma_from_pre_median,1.0,1.0,300,0.386321898014947,False,3.0,3,False,False,,0.0,1.0,10,600,600,False,False,False,
hai-test2.csv,18,P2_AutoSD,True,3_sigma_from_pre_median,106.79819,106.79819,300,9.050891107102233,False,3.0,3,False,False,,0.0,1.0,10,600,600,False,False,False,
hai-test2.csv,18,P2_Emerg,True,change_from_pre_mode,0.0,0.0,300,0.0,True,3.0,3,False,False,,,1.0,10,600,600,False,False,False,
hai-test2.csv,18,P2_MASW,True,3_sigma_from_pre_median,0.0,0.0,300,0.38632189801494704,False,3.0,3,False,False,,0.0,1.0,10,600,600,False,False,False,
hai-test2.csv,18,P2_MASW_Lamp,True,3_sigma_from_pre_median,0.0,0.0,300,0.38632189801494704,False,3.0,3,False,False,,0.0,1.0,10,600,600,False,False,False,
hai-test2.csv,18,P2_ManualGO,True,3_sigma_from_pre_median,0.0,0.0,300,0.38632189801494704,False,3.0,3,False,False,,0.0,1.0,10,600,600,False,False,False,
hai-test2.csv,18,P2_ManualSD,True,3_sigma_from_pre_median,12.62851,12.62851,300,4.414306207493221,False,3.0,3,False,False,,0.0,1.0,10,600,600,False,False,False,
hai-test2.csv,18,P2_OnOff,True,change_from_pre_mode,1.0,1.0,300,0.0,True,3.0,3,False,False,,,1.0,10,600,600,False,False,False,
hai-test2.csv,18,P2_RTR,True,change_from_pre_mode,2880.0,2880.0,300,0.0,True,3.0,3,False,False,,,1.0,10,600,600,False,False,False,
hai-test2.csv,18,P2_SCO,True,3_sigma_from_pre_median,54712.0,54712.0,300,179.70028495841728,False,3.0,3,False,False,,0.011129642896575266,1.0,10,600,600,False,False,False,
hai-test2.csv,18,P2_SCST,True,3_sigma_from_pre_median,720.55408,720.55261,300,0.25187557511890135,False,3.0,3,False,False,,1.5324630020905385,1.0,10,600,600,False,False,False,
hai-test2.csv,18,P2_SIT01,True,3_sigma_from_pre_median,908.0,908.0,300,34.040295273317895,False,3.0,3,False,False,,0.1762616907939407,1.0,10,600,600,False,False,False,
hai-test2.csv,18,P2_TripEx,True,change_from_pre_mode,1.0,1.0,300,0.0,True,3.0,3,False,False,,,1.0,10,600,600,False,False,False,
hai-test2.csv,18,P2_VIBTR01,True,3_sigma_from_pre_median,6.4541,5.8907,300,0.39473789413008264,False,3.0,3,False,False,,1.3609030396837696,1.0,10,600,600,False,False,False,
hai-test2.csv,18,P2_VIBTR02,True,3_sigma_from_pre_median,-3.20855,-3.6875,300,0.36541918293693737,False,3.0,3,False,False,,1.576408757116106,1.0,10,600,600,False,False,False,
hai-test2.csv,18,P2_VIBTR03,True,3_sigma_from_pre_median,9.3516,9.1964,300,0.29310264016502074,False,3.0,3,False,False,,1.662898702398546,1.0,10,600,600,False,False,False,
hai-test2.csv,18,P2_VIBTR04,True,3_sigma_from_pre_median,-1.0753,-0.9474,300,0.2638662725045679,False,3.0,3,False,False,,1.6622056158860066,1.0,10,600,600,False,False,False,
hai-test2.csv,18,P2_VT01,True,3_sigma_from_pre_median,11.93333,11.88107,300,0.046671016450741364,False,3.0,3,False,False,,1.3929415929608804,1.0,10,600,600,False,False,False,
hai-test2.csv,18,P2_VTR01,True,change_from_pre_mode,50.0,50.0,300,0.0,True,3.0,3,False,False,,,1.0,10,600,600,False,False,False,
hai-test2.csv,18,P2_VTR02,True,change_from_pre_mode,50.0,50.0,300,0.0,True,3.0,3,False,False,,,1.0,10,600,600,False,False,False,
hai-test2.csv,18,P2_VTR03,True,change_from_pre_mode,50.0,50.0,300,0.0,True,3.0,3,False,False,,,1.0,10,600,600,False,False,False,
hai-test2.csv,18,P2_VTR04,True,change_from_pre_mode,50.0,50.0,300,0.0,True,3.0,3,False,False,,,1.0,10,600,600,False,False,False,
hai-test2.csv,18,P3_FIT01,True,3_sigma_from_pre_median,36.0,28.0,300,1688.0235925813643,False,3.0,3,True,False,42.0,3.091189023028117,1.0,10,600,600,True,False,False,45.0
hai-test2.csv,18,P3_LCP01D,True,3_sigma_from_pre_median,592.0,-8.0,300,5147.799146350213,False,3.0,3,False,False,,2.3839313949731005,1.0,10,600,600,False,False,False,
hai-test2.csv,18,P3_LCV01D,True,3_sigma_from_pre_median,15168.0,-128.0,300,6818.667649961868,False,3.0,3,False,False,,2.2432534895707286,1.0,10,600,600,False,False,False,
hai-test2.csv,18,P3_LH01,True,change_from_pre_mode,70.0,70.0,300,0.0,True,3.0,3,False,False,,,1.0,10,600,600,False,False,False,
hai-test2.csv,18,P3_LIT01,True,3_sigma_from_pre_median,16420.0,16139.0,300,3086.289589129662,False,3.0,3,False,False,,0.9632926250573881,1.0,10,600,600,False,False,False,
hai-test2.csv,18,P3_LL01,True,change_from_pre_mode,30.0,30.0,300,0.0,True,3.0,3,False,False,,,1.0,10,600,600,False,False,False,
hai-test2.csv,18,P3_PIT01,True,3_sigma_from_pre_median,24.0,23.0,300,1298.3940193880667,False,3.0,3,False,False,,1.3948000167572587,1.0,10,600,600,False,False,False,
hai-test2.csv,18,P4_HT_FD,True,3_sigma_from_pre_median,-0.00014,-0.00014,300,0.002085799588224817,False,3.0,3,False,False,,10.955031408097643,1.0,10,600,600,False,False,False,
hai-test2.csv,18,P4_HT_PO,True,3_sigma_from_pre_median,70.43909,0.01807,300,31.369744436378745,False,3.0,3,False,False,,2.241988299988803,1.0,10,600,600,False,False,False,
hai-test2.csv,18,P4_HT_PS,True,3_sigma_from_pre_median,5.77804,5.77804,300,1.9005221520029272,False,3.0,3,False,False,,0.0,1.0,10,600,600,False,False,False,
hai-test2.csv,18,P4_LD,True,3_sigma_from_pre_median,422.38138000000004,289.56885,300,61.17702962605878,False,3.0,3,False,False,,2.2865376245795312,1.0,10,600,600,False,False,False,
hai-test2.csv,18,P4_ST_FD,True,3_sigma_from_pre_median,-0.00010499999999999999,7e-05,300,0.0016455065627984334,False,3.0,3,False,False,,3.187468296133734,1.0,10,600,600,False,False,False,
hai-test2.csv,18,P4_ST_GOV,True,3_sigma_from_pre_median,19361.5,19741.0,300,1755.4259694594575,False,3.0,3,False,False,,1.860232249500977,1.0,10,600,600,False,False,False,
hai-test2.csv,18,P4_ST_LD,True,3_sigma_from_pre_median,352.14117,352.24969,300,36.05910881852627,False,3.0,3,False,False,,1.882716800952116,1.0,10,600,600,False,False,False,
hai-test2.csv,18,P4_ST_PO,True,3_sigma_from_pre_median,353.090635,353.29858,300,32.463425616521704,False,3.0,3,False,False,,1.8469740596163353,1.0,10,600,600,False,False,False,
hai-test2.csv,18,P4_ST_PS,True,3_sigma_from_pre_median,6.35276,6.35276,300,10.589736200432041,False,3.0,3,False,False,,0.0,1.0,10,600,600,False,False,False,
hai-test2.csv,18,P4_ST_PT01,True,3_sigma_from_pre_median,9970.0,9998.0,300,30.94037172182327,False,3.0,3,False,False,,1.4867306835733547,1.0,10,600,600,False,False,False,
hai-test2.csv,18,P4_ST_TT01,True,3_sigma_from_pre_median,26984.0,27005.0,300,125.87160191980817,False,3.0,3,False,False,,0.23039350860471036,1.0,10,600,600,False,False,False,
hai-test2.csv,18,x1001_05_SETPOINT_OUT,True,3_sigma_from_pre_median,0.06634,0.06634,300,0.042114897148061825,False,3.0,3,False,False,,0.0,1.0,10,600,600,False,False,False,
hai-test2.csv,18,x1001_15_ASSIGN_OUT,True,3_sigma_from_pre_median,1.11853,1.13329,300,0.10307475471232287,False,3.0,3,False,False,,1.6964386719912807,1.0,10,600,600,False,False,False,
hai-test2.csv,18,x1002_07_SETPOINT_OUT,True,3_sigma_from_pre_median,363.92642,363.92642,300,24.671699804613976,False,3.0,3,False,False,,0.0,1.0,10,600,600,False,False,False,
hai-test2.csv,18,x1002_08_SETPOINT_OUT,True,3_sigma_from_pre_median,970.41528,970.41528,300,22.76031945742657,False,3.0,3,False,False,,0.0,1.0,10,600,600,False,False,False,
hai-test2.csv,18,x1003_10_SETPOINT_OUT,True,3_sigma_from_pre_median,657.62598,264.36136,300,1200.880152569592,False,3.0,3,False,False,,0.40505751465636886,1.0,10,600,600,False,False,False,
hai-test2.csv,18,x1003_18_SETPOINT_OUT,True,3_sigma_from_pre_median,25.42054,25.42054,300,0.8117389494981301,False,3.0,3,False,False,,0.0,1.0,10,600,600,False,False,False,
hai-test2.csv,18,x1003_24_SUM_OUT,True,3_sigma_from_pre_median,29.426135000000002,29.47706,300,0.8617764720875876,False,3.0,3,False,False,,0.6743918160032262,1.0,10,600,600,False,False,False,
hai-test2.csv,19,P1_FCV01D,True,3_sigma_from_pre_median,14.511865,5.93905,300,21.696137110751636,False,3.0,3,False,False,,0.16124921142143345,1.0,10,600,600,False,False,False,
hai-test2.csv,19,P1_FCV01Z,True,3_sigma_from_pre_median,14.104465000000001,16.71753,300,21.93007692173577,False,3.0,3,False,False,,0.15707491643979857,1.0,10,600,600,False,False,False,
hai-test2.csv,19,P1_FCV02D,True,3_sigma_from_pre_median,100.0,100.0,300,41.89070266671058,False,3.0,3,False,False,,2.029089859778056,1.0,10,600,600,False,False,False,
hai-test2.csv,19,P1_FCV02Z,True,3_sigma_from_pre_median,43.920135,97.36022,300,39.02001795893345,False,3.0,3,False,False,,0.36240590701118486,1.0,10,600,600,False,False,False,
hai-test2.csv,19,P1_FCV03D,True,3_sigma_from_pre_median,51.343005,50.13255,300,2.3390876027010608,False,3.0,3,False,False,,0.6435821378650571,1.0,10,600,600,False,False,False,
hai-test2.csv,19,P1_FCV03Z,True,3_sigma_from_pre_median,51.62201,51.62201,300,2.4048024631317655,False,3.0,3,False,False,,0.8787998317532488,1.0,10,600,600,False,False,False,
hai-test2.csv,19,P1_FT01,True,3_sigma_from_pre_median,56.018829999999994,51.72729,300,10.923609818121934,False,3.0,3,False,False,,1.3532101792465363,1.0,10,600,600,False,False,False,
hai-test2.csv,19,P1_FT01Z,True,3_sigma_from_pre_median,291.67136,269.32672,300,46.328484692484196,False,3.0,3,False,False,,1.661281617796704,1.0,10,600,600,False,False,False,
hai-test2.csv,19,P1_FT02,True,3_sigma_from_pre_median,110.85506,49.62919,300,917.5366466123356,False,3.0,3,False,False,,0.14696911616324215,1.0,10,600,600,False,False,False,
hai-test2.csv,19,P1_FT02Z,True,3_sigma_from_pre_median,575.19931,258.40265,300,1200.8789655934509,False,3.0,3,False,False,,0.35308068685378635,1.0,10,600,600,False,False,False,
hai-test2.csv,19,P1_FT03,True,3_sigma_from_pre_median,232.9254,234.45125,300,11.046936280510804,False,3.0,3,False,False,,0.9496207576128902,1.0,10,600,600,False,False,False,
hai-test2.csv,19,P1_FT03Z,True,3_sigma_from_pre_median,969.8524199999999,973.54883,300,23.168311167308214,False,3.0,3,False,False,,1.0417513743538083,1.0,10,600,600,False,False,False,
hai-test2.csv,19,P1_LCV01D,True,3_sigma_from_pre_median,14.5091,10.40439,300,3.266506894832349,False,3.0,3,False,False,,1.3502466524646266,1.0,10,600,600,False,False,False,
hai-test2.csv,19,P1_LCV01Z,True,3_sigma_from_pre_median,14.02817,10.75134,300,3.187700744620662,False,3.0,3,False,False,,1.2888380463357785,1.0,10,600,600,False,False,False,
hai-test2.csv,19,P1_LIT01,True,3_sigma_from_pre_median,364.93406500000003,376.38425,300,26.00444265493099,False,3.0,3,False,False,,0.4619389524859571,1.0,10,600,600,False,False,False,
hai-test2.csv,19,P1_PCV01D,True,3_sigma_from_pre_median,26.908455,22.452,300,2.467222143847526,False,3.0,3,False,False,,1.530180413390985,1.0,10,600,600,False,False,False,
hai-test2.csv,19,P1_PCV01Z,True,3_sigma_from_pre_median,27.20032,29.80957,300,2.497731488619918,False,3.0,3,False,False,,1.2829001093990715,1.0,10,600,600,False,False,False,
hai-test2.csv,19,P1_PCV02D,True,3_sigma_from_pre_median,12.0,12.0,300,0.06927210836219852,False,3.0,3,False,False,,0.0,1.0,10,600,600,False,False,False,
hai-test2.csv,19,P1_PCV02Z,True,3_sigma_from_pre_median,11.79657,11.79657,300,0.11872654359448429,False,3.0,3,False,False,,0.06426532575614508,1.0,10,600,600,False,False,False,
hai-test2.csv,19,P1_PIT01,True,3_sigma_from_pre_median,1.0758999999999999,1.20102,300,0.10877020856385412,False,3.0,3,False,False,,1.522016020616648,1.0,10,600,600,False,False,False,
hai-test2.csv,19,P1_PIT01_HH,True,change_from_pre_mode,524320.0,524320.0,300,0.0,True,3.0,3,False,False,,,1.0,10,600,600,False,False,False,
hai-test2.csv,19,P1_PIT02,True,3_sigma_from_pre_median,0.560535,0.32059,300,0.3667252175292831,False,3.0,3,False,False,,1.170208590757009,1.0,10,600,600,False,False,False,
hai-test2.csv,19,P1_PP01AD,True,change_from_pre_mode,0.0,0.0,300,0.0,True,3.0,3,False,False,,,1.0,10,600,600,False,False,False,
hai-test2.csv,19,P1_PP01AR,True,change_from_pre_mode,0.0,0.0,300,0.0,True,3.0,3,False,False,,,1.0,10,600,600,False,False,False,
hai-test2.csv,19,P1_PP01BD,True,change_from_pre_mode,1.0,1.0,300,0.0,True,3.0,3,False,False,,,1.0,10,600,600,False,False,False,
hai-test2.csv,19,P1_PP01BR,True,change_from_pre_mode,1.0,1.0,300,0.0,True,3.0,3,False,False,,,1.0,10,600,600,False,False,False,
hai-test2.csv,19,P1_PP02D,True,change_from_pre_mode,1.0,1.0,300,0.0,True,3.0,3,False,False,,,1.0,10,600,600,False,False,False,
hai-test2.csv,19,P1_PP02R,True,change_from_pre_mode,1.0,1.0,300,0.0,True,3.0,3,False,False,,,1.0,10,600,600,False,False,False,
hai-test2.csv,19,P1_PP04,True,3_sigma_from_pre_median,40.0,40.0,300,17.14859399100902,False,3.0,3,False,False,,0.0,1.0,10,600,600,False,False,False,
hai-test2.csv,19,P1_PP04D,True,3_sigma_from_pre_median,1.0,1.0,300,0.49507705153684806,False,3.0,3,False,False,,0.0,1.0,10,600,600,False,False,False,
hai-test2.csv,19,P1_PP04SP,True,3_sigma_from_pre_median,27.91761,27.91761,300,0.2822382025676734,False,3.0,3,False,False,,0.0,1.0,10,600,600,False,False,False,
hai-test2.csv,19,P1_SOL01D,True,change_from_pre_mode,524320.0,524320.0,300,0.0,True,3.0,3,False,False,,,1.0,10,600,600,False,False,False,
hai-test2.csv,19,P1_SOL03D,True,change_from_pre_mode,524320.0,524320.0,300,0.0,True,3.0,3,False,False,,,1.0,10,600,600,False,False,False,
hai-test2.csv,19,P1_STSP,True,change_from_pre_mode,1.0,1.0,300,0.0,True,3.0,3,False,False,,,1.0,10,600,600,False,False,False,
hai-test2.csv,19,P1_TIT01,True,3_sigma_from_pre_median,28.57818,29.34875,300,1.3020195632059774,False,3.0,3,False,False,,0.5683939173523181,1.0,10,600,600,False,False,False,
hai-test2.csv,19,P1_TIT02,True,3_sigma_from_pre_median,38.420105,39.34326,300,2.1887095681347657,False,3.0,3,False,False,,1.2026013128106048,1.0,10,600,600,False,False,False,
hai-test2.csv,19,P1_TIT03,True,3_sigma_from_pre_median,27.96481,27.96481,300,1.2331199100797272,False,3.0,3,False,False,,0.0,1.0,10,600,600,False,False,False,
hai-test2.csv,19,P2_24Vdc,True,3_sigma_from_pre_median,28.03253,28.03081,300,0.0035064224696394683,False,3.0,3,False,False,,2.968837922451088,1.0,10,600,600,False,False,False,
hai-test2.csv,19,P2_ATSW_Lamp,True,3_sigma_from_pre_median,1.0,1.0,300,0.386321898014947,False,3.0,3,False,False,,0.0,1.0,10,600,600,False,False,False,
hai-test2.csv,19,P2_AutoGO,True,3_sigma_from_pre_median,1.0,1.0,300,0.386321898014947,False,3.0,3,False,False,,0.0,1.0,10,600,600,False,False,False,
hai-test2.csv,19,P2_AutoSD,True,3_sigma_from_pre_median,106.79819,106.79819,300,9.050891107102233,False,3.0,3,False,False,,0.0,1.0,10,600,600,False,False,False,
hai-test2.csv,19,P2_Emerg,True,change_from_pre_mode,0.0,0.0,300,0.0,True,3.0,3,False,False,,,1.0,10,600,600,False,False,False,
hai-test2.csv,19,P2_MASW,True,3_sigma_from_pre_median,0.0,0.0,300,0.38632189801494704,False,3.0,3,False,False,,0.0,1.0,10,600,600,False,False,False,
hai-test2.csv,19,P2_MASW_Lamp,True,3_sigma_from_pre_median,0.0,0.0,300,0.38632189801494704,False,3.0,3,False,False,,0.0,1.0,10,600,600,False,False,False,
hai-test2.csv,19,P2_ManualGO,True,3_sigma_from_pre_median,0.0,0.0,300,0.38632189801494704,False,3.0,3,False,False,,0.0,1.0,10,600,600,False,False,False,
hai-test2.csv,19,P2_ManualSD,True,3_sigma_from_pre_median,12.62851,12.62851,300,4.414306207493221,False,3.0,3,False,False,,0.0,1.0,10,600,600,False,False,False,
hai-test2.csv,19,P2_OnOff,True,change_from_pre_mode,1.0,1.0,300,0.0,True,3.0,3,False,False,,,1.0,10,600,600,False,False,False,
hai-test2.csv,19,P2_RTR,True,change_from_pre_mode,2880.0,2880.0,300,0.0,True,3.0,3,False,False,,,1.0,10,600,600,False,False,False,
hai-test2.csv,19,P2_SCO,True,3_sigma_from_pre_median,54712.0,54712.0,300,179.70028495841728,False,3.0,3,False,False,,0.005564821448287633,1.0,10,600,600,False,False,False,
hai-test2.csv,19,P2_SCST,True,3_sigma_from_pre_median,720.43271,720.44629,300,0.25187557511890135,False,3.0,3,False,False,,1.4448403733796493,1.0,10,600,600,False,False,False,
hai-test2.csv,19,P2_SIT01,True,3_sigma_from_pre_median,906.0,905.0,300,34.040295273317895,False,3.0,3,False,False,,0.3819003300535382,1.0,10,600,600,False,False,False,
hai-test2.csv,19,P2_TripEx,True,change_from_pre_mode,1.0,1.0,300,0.0,True,3.0,3,False,False,,,1.0,10,600,600,False,False,False,
hai-test2.csv,19,P2_VIBTR01,True,3_sigma_from_pre_median,6.4285,6.2521,300,0.39473789413008264,False,3.0,3,False,False,,1.4812360523140367,1.0,10,600,600,False,False,False,
hai-test2.csv,19,P2_VIBTR02,True,3_sigma_from_pre_median,-3.6071999999999997,-3.9885,300,0.36541918293693737,False,3.0,3,False,False,,1.8814009556762805,1.0,10,600,600,False,False,False,
hai-test2.csv,19,P2_VIBTR03,True,3_sigma_from_pre_median,9.51745,9.7506,300,0.29310264016502074,False,3.0,3,False,False,,2.2447767772735343,1.0,10,600,600,False,False,False,
hai-test2.csv,19,P2_VIBTR04,True,3_sigma_from_pre_median,-1.6181,-1.7361,300,0.2638662725045679,False,3.0,3,False,False,,2.0442173032578927,1.0,10,600,600,False,False,False,
hai-test2.csv,19,P2_VT01,True,3_sigma_from_pre_median,11.92515,11.86557,300,0.046671016450741364,False,3.0,3,False,False,,1.4552929240717274,1.0,10,600,600,False,False,False,
hai-test2.csv,19,P2_VTR01,True,change_from_pre_mode,50.0,50.0,300,0.0,True,3.0,3,False,False,,,1.0,10,600,600,False,False,False,
hai-test2.csv,19,P2_VTR02,True,change_from_pre_mode,50.0,50.0,300,0.0,True,3.0,3,False,False,,,1.0,10,600,600,False,False,False,
hai-test2.csv,19,P2_VTR03,True,change_from_pre_mode,50.0,50.0,300,0.0,True,3.0,3,False,False,,,1.0,10,600,600,False,False,False,
hai-test2.csv,19,P2_VTR04,True,change_from_pre_mode,50.0,50.0,300,0.0,True,3.0,3,False,False,,,1.0,10,600,600,False,False,False,
hai-test2.csv,19,P3_FIT01,True,3_sigma_from_pre_median,30.0,27.0,300,1688.0235925813643,False,3.0,3,True,False,111.0,3.135027272875584,1.0,10,600,600,True,False,False,4.0
hai-test2.csv,19,P3_LCP01D,True,3_sigma_from_pre_median,104.0,-8.0,300,5147.799146350213,False,3.0,3,False,False,,2.508256369939103,1.0,10,600,600,False,False,False,
hai-test2.csv,19,P3_LCV01D,True,3_sigma_from_pre_median,14904.0,15536.0,300,6818.667649961868,False,3.0,3,False,False,,2.192803751050048,1.0,10,600,600,False,False,False,
hai-test2.csv,19,P3_LH01,True,change_from_pre_mode,70.0,70.0,300,0.0,True,3.0,3,False,False,,,1.0,10,600,600,False,False,False,
hai-test2.csv,19,P3_LIT01,True,3_sigma_from_pre_median,16039.0,15519.0,300,3086.289589129662,False,3.0,3,False,False,,0.8761329492617482,1.0,10,600,600,False,False,False,
hai-test2.csv,19,P3_LL01,True,change_from_pre_mode,30.0,30.0,300,0.0,True,3.0,3,False,False,,,1.0,10,600,600,False,False,False,
hai-test2.csv,19,P3_PIT01,True,3_sigma_from_pre_median,23.0,22.0,300,1298.3940193880667,False,3.0,3,False,False,,1.5626997426838642,1.0,10,600,600,False,False,False,
hai-test2.csv,19,P4_HT_FD,True,3_sigma_from_pre_median,-0.00014,-0.00036,300,0.002085799588224817,False,3.0,3,False,False,,12.484420913210617,1.0,10,600,600,False,False,False,
hai-test2.csv,19,P4_HT_PO,True,3_sigma_from_pre_median,69.435395,75.57513,300,31.369744436378745,False,3.0,3,False,False,,2.2007681681951743,1.0,10,600,600,False,False,False,
hai-test2.csv,19,P4_HT_PS,True,3_sigma_from_pre_median,5.77804,5.77804,300,1.9005221520029272,False,3.0,3,False,False,,0.0,1.0,10,600,600,False,False,False,
hai-test2.csv,19,P4_LD,True,3_sigma_from_pre_median,413.69177,426.25146,300,61.17702962605878,False,3.0,3,False,False,,1.8299682198416718,1.0,10,600,600,False,False,False,
hai-test2.csv,19,P4_ST_FD,True,3_sigma_from_pre_median,-7e-05,0.00051,300,0.0016455065627984334,False,3.0,3,False,False,,4.266163477380136,1.0,10,600,600,False,False,False,
hai-test2.csv,19,P4_ST_GOV,True,3_sigma_from_pre_median,18946.0,15977.0,300,1755.4259694594575,False,3.0,3,False,False,,1.2059750948380243,1.0,10,600,600,False,False,False,
hai-test2.csv,19,P4_ST_LD,True,3_sigma_from_pre_median,346.06482,327.98035,300,36.05910881852627,False,3.0,3,False,False,,1.4463945923478765,1.0,10,600,600,False,False,False,
hai-test2.csv,19,P4_ST_PO,True,3_sigma_from_pre_median,346.670625,328.63135,300,32.463425616521704,False,3.0,3,False,False,,1.1779303716037457,1.0,10,600,600,False,False,False,
hai-test2.csv,19,P4_ST_PS,True,3_sigma_from_pre_median,6.35276,6.35276,300,10.589736200432041,False,3.0,3,False,False,,0.0,1.0,10,600,600,False,False,False,
hai-test2.csv,19,P4_ST_PT01,True,3_sigma_from_pre_median,9970.0,9998.0,300,30.94037172182327,False,3.0,3,False,False,,0.96960696754784,1.0,10,600,600,False,False,False,
hai-test2.csv,19,P4_ST_TT01,True,3_sigma_from_pre_median,26933.5,26901.0,300,125.87160191980817,False,3.0,3,False,False,,0.5759837715117759,1.0,10,600,600,False,False,False,
hai-test2.csv,19,x1001_05_SETPOINT_OUT,True,3_sigma_from_pre_median,0.06634,0.06634,300,0.042114897148061825,False,3.0,3,False,False,,0.0,1.0,10,600,600,False,False,False,
hai-test2.csv,19,x1001_15_ASSIGN_OUT,True,3_sigma_from_pre_median,1.095985,1.0454,300,0.10307475471232287,False,3.0,3,False,False,,1.078101037544499,1.0,10,600,600,False,False,False,
hai-test2.csv,19,x1002_07_SETPOINT_OUT,True,3_sigma_from_pre_median,363.92642,363.92642,300,24.671699804613976,False,3.0,3,False,False,,0.0,1.0,10,600,600,False,False,False,
hai-test2.csv,19,x1002_08_SETPOINT_OUT,True,3_sigma_from_pre_median,970.41528,970.41528,300,22.76031945742657,False,3.0,3,False,False,,0.0,1.0,10,600,600,False,False,False,
hai-test2.csv,19,x1003_10_SETPOINT_OUT,True,3_sigma_from_pre_median,571.22702,258.40265,300,1200.880152569592,False,3.0,3,False,False,,0.35638815337586177,1.0,10,600,600,False,False,False,
hai-test2.csv,19,x1003_18_SETPOINT_OUT,True,3_sigma_from_pre_median,25.42054,25.42054,300,0.8117389494981301,False,3.0,3,False,False,,0.0,1.0,10,600,600,False,False,False,
hai-test2.csv,19,x1003_24_SUM_OUT,True,3_sigma_from_pre_median,29.35976,29.1921,300,0.8617764720875876,False,3.0,3,False,False,,0.4380138147489803,1.0,10,600,600,False,False,False,
hai-test2.csv,20,P1_FCV01D,True,3_sigma_from_pre_median,8.797315,5.28406,300,21.696137110751636,False,3.0,3,False,False,,0.18815953177107167,1.0,10,600,600,False,False,False,
hai-test2.csv,20,P1_FCV01Z,True,3_sigma_from_pre_median,9.25598,8.19549,300,21.93007692173577,False,3.0,3,False,False,,0.21152091789529612,1.0,10,600,600,False,False,False,
hai-test2.csv,20,P1_FCV02D,True,3_sigma_from_pre_median,100.0,100.0,300,41.89070266671058,False,3.0,3,False,False,,0.0,1.0,10,600,600,False,False,False,
hai-test2.csv,20,P1_FCV02Z,True,3_sigma_from_pre_median,97.56622,97.57385,300,39.02001795893345,False,3.0,3,False,False,,0.0005863656962967238,1.0,10,600,600,False,False,False,
hai-test2.csv,20,P1_FCV03D,True,3_sigma_from_pre_median,52.76585,51.67659,300,2.3390876027010608,False,3.0,3,False,False,,0.4495684551470794,1.0,10,600,600,False,False,False,
hai-test2.csv,20,P1_FCV03Z,True,3_sigma_from_pre_median,53.28522,54.10919,300,2.4048024631317655,False,3.0,3,False,False,,0.5393332799197718,1.0,10,600,600,False,False,False,
hai-test2.csv,20,P1_FT01,True,3_sigma_from_pre_median,62.02699,58.21227,300,10.923609818121934,False,3.0,3,False,False,,1.152412088091618,1.0,10,600,600,False,False,False,
hai-test2.csv,20,P1_FT01Z,True,3_sigma_from_pre_median,322.95383,303.09189,300,46.328484692484196,False,3.0,3,False,False,,1.4147695620753409,1.0,10,600,600,False,False,False,
hai-test2.csv,20,P1_FT02,True,3_sigma_from_pre_median,48.29405,48.29405,300,917.5366466123356,False,3.0,3,False,False,,0.047395948881782064,1.0,10,600,600,False,False,False,
hai-test2.csv,20,P1_FT02Z,True,3_sigma_from_pre_median,251.45102,251.45102,300,1200.8789655934509,False,3.0,3,False,False,,0.18854942628469237,1.0,10,600,600,False,False,False,
hai-test2.csv,20,P1_FT03,True,3_sigma_from_pre_median,247.99348,248.18417,300,11.046936280510804,False,3.0,3,False,False,,0.34531836729519266,1.0,10,600,600,False,False,False,
hai-test2.csv,20,P1_FT03Z,True,3_sigma_from_pre_median,1004.42517,1004.85992,300,23.168311167308214,False,3.0,3,False,False,,0.37540802768018267,1.0,10,600,600,False,False,False,
hai-test2.csv,20,P1_LCV01D,True,3_sigma_from_pre_median,15.206405,13.68133,300,3.266506894832349,False,3.0,3,False,False,,0.9027916042869258,1.0,10,600,600,False,False,False,
hai-test2.csv,20,P1_LCV01Z,True,3_sigma_from_pre_median,15.26794,17.64069,300,3.187700744620662,False,3.0,3,False,False,,0.8951279397274654,1.0,10,600,600,False,False,False,
hai-test2.csv,20,P1_LIT01,True,3_sigma_from_pre_median,372.371585,366.21198,300,26.00444265493099,False,3.0,3,False,False,,0.27028323941667687,1.0,10,600,600,False,False,False,
hai-test2.csv,20,P1_PCV01D,True,3_sigma_from_pre_median,28.53879,26.26282,300,2.467222143847526,False,3.0,3,False,False,,1.4610763805720663,1.0,10,600,600,False,False,False,
hai-test2.csv,20,P1_PCV01Z,True,3_sigma_from_pre_median,29.45862,27.08587,300,2.497731488619918,False,3.0,3,False,False,,1.5700286511448716,1.0,10,600,600,False,False,False,
hai-test2.csv,20,P1_PCV02D,True,3_sigma_from_pre_median,12.0,12.0,300,0.06927210836219852,False,3.0,3,False,False,,0.0,1.0,10,600,600,False,False,False,
hai-test2.csv,20,P1_PCV02Z,True,3_sigma_from_pre_median,11.91864,11.91864,300,0.11872654359448429,False,3.0,3,False,False,,0.06426532575614508,1.0,10,600,600,False,False,False,
hai-test2.csv,20,P1_PIT01,True,3_sigma_from_pre_median,1.15143,1.20483,300,0.10877020856385412,False,3.0,3,False,False,,1.304677097467281,1.0,10,600,600,False,False,False,
hai-test2.csv,20,P1_PIT01_HH,True,change_from_pre_mode,524320.0,524320.0,300,0.0,True,3.0,3,False,False,,,1.0,10,600,600,False,False,False,
hai-test2.csv,20,P1_PIT02,True,3_sigma_from_pre_median,0.35301,0.32364,300,0.3667252175292831,False,3.0,3,False,False,,0.08425927240068407,1.0,10,600,600,False,False,False,
hai-test2.csv,20,P1_PP01AD,True,change_from_pre_mode,0.0,0.0,300,0.0,True,3.0,3,False,False,,,1.0,10,600,600,False,False,False,
hai-test2.csv,20,P1_PP01AR,True,change_from_pre_mode,0.0,0.0,300,0.0,True,3.0,3,False,False,,,1.0,10,600,600,False,False,False,
hai-test2.csv,20,P1_PP01BD,True,change_from_pre_mode,1.0,1.0,300,0.0,True,3.0,3,False,False,,,1.0,10,600,600,False,False,False,
hai-test2.csv,20,P1_PP01BR,True,change_from_pre_mode,1.0,1.0,300,0.0,True,3.0,3,False,False,,,1.0,10,600,600,False,False,False,
hai-test2.csv,20,P1_PP02D,True,change_from_pre_mode,1.0,1.0,300,0.0,True,3.0,3,False,False,,,1.0,10,600,600,False,False,False,
hai-test2.csv,20,P1_PP02R,True,change_from_pre_mode,1.0,1.0,300,0.0,True,3.0,3,False,False,,,1.0,10,600,600,False,False,False,
hai-test2.csv,20,P1_PP04,True,3_sigma_from_pre_median,1.21516,0.37999,300,17.14859399100902,False,3.0,3,False,False,,0.6596546635794714,1.0,10,600,600,False,False,False,
hai-test2.csv,20,P1_PP04D,True,3_sigma_from_pre_median,0.0,0.0,300,0.49507705153684806,False,3.0,3,False,False,,0.0,1.0,10,600,600,False,False,False,
hai-test2.csv,20,P1_PP04SP,True,3_sigma_from_pre_median,27.91761,27.91761,300,0.2822382025676734,False,3.0,3,False,False,,0.0,1.0,10,600,600,False,False,False,
hai-test2.csv,20,P1_SOL01D,True,change_from_pre_mode,524320.0,524320.0,300,0.0,True,3.0,3,False,False,,,1.0,10,600,600,False,False,False,
hai-test2.csv,20,P1_SOL03D,True,change_from_pre_mode,524320.0,524320.0,300,0.0,True,3.0,3,False,False,,,1.0,10,600,600,False,False,False,
hai-test2.csv,20,P1_STSP,True,change_from_pre_mode,1.0,1.0,300,0.0,True,3.0,3,False,False,,,1.0,10,600,600,False,False,False,
hai-test2.csv,20,P1_TIT01,True,3_sigma_from_pre_median,32.23266,32.21741,300,1.3020195632059774,False,3.0,3,False,False,,0.07031384365268716,1.0,10,600,600,False,False,False,
hai-test2.csv,20,P1_TIT02,True,3_sigma_from_pre_median,38.07678,38.48876,300,2.1887095681347657,False,3.0,3,False,False,,0.1673177681185399,1.0,10,600,600,False,False,False,
hai-test2.csv,20,P1_TIT03,True,3_sigma_from_pre_median,28.72131,28.72131,300,1.2331199100797272,False,3.0,3,False,False,,0.0,1.0,10,600,600,False,False,False,
hai-test2.csv,20,P2_24Vdc,True,3_sigma_from_pre_median,28.03426,28.03257,300,0.0035064224696394683,False,3.0,3,False,False,,2.957430283940661,1.0,10,600,600,False,False,False,
hai-test2.csv,20,P2_ATSW_Lamp,True,3_sigma_from_pre_median,1.0,1.0,300,0.386321898014947,False,3.0,3,False,False,,0.0,1.0,10,600,600,False,False,False,
hai-test2.csv,20,P2_AutoGO,True,3_sigma_from_pre_median,1.0,1.0,300,0.386321898014947,False,3.0,3,False,False,,0.0,1.0,10,600,600,False,False,False,
hai-test2.csv,20,P2_AutoSD,True,3_sigma_from_pre_median,116.10446,116.10446,300,9.050891107102233,False,3.0,3,False,False,,0.0,1.0,10,600,600,False,False,False,
hai-test2.csv,20,P2_Emerg,True,change_from_pre_mode,0.0,0.0,300,0.0,True,3.0,3,False,False,,,1.0,10,600,600,False,False,False,
hai-test2.csv,20,P2_MASW,True,3_sigma_from_pre_median,0.0,0.0,300,0.38632189801494704,False,3.0,3,False,False,,0.0,1.0,10,600,600,False,False,False,
hai-test2.csv,20,P2_MASW_Lamp,True,3_sigma_from_pre_median,0.0,0.0,300,0.38632189801494704,False,3.0,3,False,False,,0.0,1.0,10,600,600,False,False,False,
hai-test2.csv,20,P2_ManualGO,True,3_sigma_from_pre_median,0.0,0.0,300,0.38632189801494704,False,3.0,3,False,False,,0.0,1.0,10,600,600,False,False,False,
hai-test2.csv,20,P2_ManualSD,True,3_sigma_from_pre_median,12.41142,12.41142,300,4.414306207493221,False,3.0,3,False,False,,0.0,1.0,10,600,600,False,False,False,
hai-test2.csv,20,P2_OnOff,True,change_from_pre_mode,1.0,1.0,300,0.0,True,3.0,3,False,False,,,1.0,10,600,600,False,False,False,
hai-test2.csv,20,P2_RTR,True,change_from_pre_mode,2880.0,2880.0,300,0.0,True,3.0,3,False,False,,,1.0,10,600,600,False,False,False,
hai-test2.csv,20,P2_SCO,True,3_sigma_from_pre_median,54761.0,54761.0,300,179.70028495841728,False,3.0,3,False,False,,0.016694464344862898,1.0,10,600,600,False,False,False,
hai-test2.csv,20,P2_SCST,True,3_sigma_from_pre_median,720.52643,720.45587,300,0.25187557511890135,False,3.0,3,False,False,,1.5751031032396288,1.0,10,600,600,False,False,False,
hai-test2.csv,20,P2_SIT01,True,3_sigma_from_pre_median,917.0,917.0,300,34.040295273317895,False,3.0,3,False,False,,0.2056386392595975,1.0,10,600,600,False,False,False,
hai-test2.csv,20,P2_TripEx,True,change_from_pre_mode,1.0,1.0,300,0.0,True,3.0,3,False,False,,,1.0,10,600,600,False,False,False,
hai-test2.csv,20,P2_VIBTR01,True,3_sigma_from_pre_median,6.7435,6.2746,300,0.39473789413008264,False,3.0,3,False,False,,1.3350631085505351,1.0,10,600,600,False,False,False,
hai-test2.csv,20,P2_VIBTR02,True,3_sigma_from_pre_median,-3.3006,-3.7156,300,0.36541918293693737,False,3.0,3,False,False,,1.2528077927397838,1.0,10,600,600,False,False,False,
hai-test2.csv,20,P2_VIBTR03,True,3_sigma_from_pre_median,9.76645,9.6217,300,0.29310264016502074,False,3.0,3,False,False,,1.0199498709110457,1.0,10,600,600,False,False,False,
hai-test2.csv,20,P2_VIBTR04,True,3_sigma_from_pre_median,-1.3439999999999999,-1.5607,300,0.2638662725045679,False,3.0,3,False,False,,1.0979046213455907,1.0,10,600,600,False,False,False,
hai-test2.csv,20,P2_VT01,True,3_sigma_from_pre_median,11.94922,11.95736,300,0.046671016450741364,False,3.0,3,False,False,,1.3370182341295251,1.0,10,600,600,False,False,False,
hai-test2.csv,20,P2_VTR01,True,change_from_pre_mode,50.0,50.0,300,0.0,True,3.0,3,False,False,,,1.0,10,600,600,False,False,False,
hai-test2.csv,20,P2_VTR02,True,change_from_pre_mode,50.0,50.0,300,0.0,True,3.0,3,False,False,,,1.0,10,600,600,False,False,False,
hai-test2.csv,20,P2_VTR03,True,change_from_pre_mode,50.0,50.0,300,0.0,True,3.0,3,False,False,,,1.0,10,600,600,False,False,False,
hai-test2.csv,20,P2_VTR04,True,change_from_pre_mode,50.0,50.0,300,0.0,True,3.0,3,False,False,,,1.0,10,600,600,False,False,False,
hai-test2.csv,20,P3_FIT01,True,3_sigma_from_pre_median,85.0,28.0,300,1688.0235925813643,False,3.0,3,True,False,12.0,3.1539843538907046,1.0,10,600,600,True,False,False,1.0
hai-test2.csv,20,P3_LCP01D,True,3_sigma_from_pre_median,156.0,-8.0,300,5147.799146350213,False,3.0,3,False,False,,2.619371816314968,1.0,10,600,600,False,False,False,
hai-test2.csv,20,P3_LCV01D,True,3_sigma_from_pre_median,14856.0,14928.0,300,6818.667649961868,False,3.0,3,False,False,,2.1998432494482825,1.0,10,600,600,False,False,False,
hai-test2.csv,20,P3_LH01,True,change_from_pre_mode,70.0,70.0,300,0.0,True,3.0,3,False,False,,,1.0,10,600,600,False,False,False,
hai-test2.csv,20,P3_LIT01,True,3_sigma_from_pre_median,10455.5,11065.0,300,3086.289589129662,False,3.0,3,False,False,,0.458317328672612,1.0,10,600,600,False,False,False,
hai-test2.csv,20,P3_LL01,True,change_from_pre_mode,30.0,30.0,300,0.0,True,3.0,3,False,False,,,1.0,10,600,600,False,False,False,
hai-test2.csv,20,P3_PIT01,True,3_sigma_from_pre_median,24.0,24.0,300,1298.3940193880667,False,3.0,3,True,False,34.0,3.2132002594761366,1.0,10,600,600,True,False,False,1.0
hai-test2.csv,20,P4_HT_FD,True,3_sigma_from_pre_median,-0.00017999999999999998,-0.00036,300,0.002085799588224817,False,3.0,3,False,False,,4.420367158978568,1.0,10,600,600,False,False,False,
hai-test2.csv,20,P4_HT_PO,True,3_sigma_from_pre_median,69.22748,70.07739,300,31.369744436378745,False,3.0,3,False,False,,2.2062471736218385,1.0,10,600,600,False,False,False,
hai-test2.csv,20,P4_HT_PS,True,3_sigma_from_pre_median,3.63969,3.63969,300,1.9005221520029272,False,3.0,3,False,False,,0.0,1.0,10,600,600,False,False,False,
hai-test2.csv,20,P4_LD,True,3_sigma_from_pre_median,414.858245,415.92523,300,61.17702962605878,False,3.0,3,False,False,,1.9477690520175814,1.0,10,600,600,False,False,False,
hai-test2.csv,20,P4_ST_FD,True,3_sigma_from_pre_median,-0.000325,0.00051,300,0.0016455065627984334,False,3.0,3,False,False,,2.8349932509940645,1.0,10,600,600,False,False,False,
hai-test2.csv,20,P4_ST_GOV,True,3_sigma_from_pre_median,18838.5,18930.0,300,1755.4259694594575,False,3.0,3,False,False,,1.332155294888389,1.0,10,600,600,False,False,False,
hai-test2.csv,20,P4_ST_LD,True,3_sigma_from_pre_median,346.02863,346.8786,300,36.05910881852627,False,3.0,3,False,False,,1.4052685066350175,1.0,10,600,600,False,False,False,
hai-test2.csv,20,P4_ST_PO,True,3_sigma_from_pre_median,345.5856,324.70703,300,32.463425616521704,False,3.0,3,False,False,,1.3361405697716842,1.0,10,600,600,False,False,False,
hai-test2.csv,20,P4_ST_PS,True,3_sigma_from_pre_median,16.66213,16.66213,300,10.589736200432041,False,3.0,3,False,False,,0.0,1.0,10,600,600,False,False,False,
hai-test2.csv,20,P4_ST_PT01,True,3_sigma_from_pre_median,9980.5,9998.0,300,30.94037172182327,False,3.0,3,False,False,,1.2120087094348,1.0,10,600,600,False,False,False,
hai-test2.csv,20,P4_ST_TT01,True,3_sigma_from_pre_median,27287.0,27284.0,300,125.87160191980817,False,3.0,3,False,False,,0.10327984868487015,1.0,10,600,600,False,False,False,
hai-test2.csv,20,x1001_05_SETPOINT_OUT,True,3_sigma_from_pre_median,0.10877,0.10877,300,0.042114897148061825,False,3.0,3,False,False,,0.0,1.0,10,600,600,False,False,False,
hai-test2.csv,20,x1001_15_ASSIGN_OUT,True,3_sigma_from_pre_median,1.1332650000000002,1.13521,300,0.10307475471232287,False,3.0,3,False,False,,1.2790231746652792,1.0,10,600,600,False,False,False,
hai-test2.csv,20,x1002_07_SETPOINT_OUT,True,3_sigma_from_pre_median,372.55743,372.55743,300,24.671699804613976,False,3.0,3,False,False,,0.0,1.0,10,600,600,False,False,False,
hai-test2.csv,20,x1002_08_SETPOINT_OUT,True,3_sigma_from_pre_median,1004.09467,1004.09467,300,22.76031945742657,False,3.0,3,False,False,,0.0,1.0,10,600,600,False,False,False,
hai-test2.csv,20,x1003_10_SETPOINT_OUT,True,3_sigma_from_pre_median,251.45102,251.45102,300,1200.880152569592,False,3.0,3,False,False,,0.18854923991832606,1.0,10,600,600,False,False,False,
hai-test2.csv,20,x1003_18_SETPOINT_OUT,True,3_sigma_from_pre_median,26.71768,26.71768,300,0.8117389494981301,False,3.0,3,False,False,,0.0,1.0,10,600,600,False,False,False,
hai-test2.csv,20,x1003_24_SUM_OUT,True,3_sigma_from_pre_median,30.63267,30.69562,300,0.8617764720875876,False,3.0,3,False,False,,0.5099350170647694,1.0,10,600,600,False,False,False,
hai-test2.csv,21,P1_FCV01D,True,3_sigma_from_pre_median,2.59663,1.47722,300,21.696137110751636,False,3.0,3,False,False,,0.08738836735413294,1.0,10,600,600,False,False,False,
hai-test2.csv,21,P1_FCV01Z,True,3_sigma_from_pre_median,0.33722,0.33722,300,21.93007692173577,False,3.0,3,False,False,,0.0003479239962189841,1.0,10,600,600,False,False,False,
hai-test2.csv,21,P1_FCV02D,True,3_sigma_from_pre_median,100.0,100.0,300,41.89070266671058,False,3.0,3,False,False,,0.0,1.0,10,600,600,False,False,False,
hai-test2.csv,21,P1_FCV02Z,True,3_sigma_from_pre_median,97.34497,97.34497,300,39.02001795893345,False,3.0,3,False,False,,0.0001955406583364977,1.0,10,600,600,False,False,False,
hai-test2.csv,21,P1_FCV03D,True,3_sigma_from_pre_median,50.078205,50.56527,300,2.3390876027010608,False,3.0,3,False,False,,0.2587098487894208,1.0,10,600,600,False,False,False,
hai-test2.csv,21,P1_FCV03Z,True,3_sigma_from_pre_median,50.68359,50.68359,300,2.4048024631317655,False,3.0,3,False,False,,0.050760926051709655,1.0,10,600,600,False,False,False,
hai-test2.csv,21,P1_FT01,True,3_sigma_from_pre_median,58.0215,56.30488,300,10.923609818121934,False,3.0,3,False,False,,0.5587447832377228,1.0,10,600,600,False,False,False,
hai-test2.csv,21,P1_FT01Z,True,3_sigma_from_pre_median,302.0986,293.16074,300,46.328484692484196,False,3.0,3,False,False,,0.685948616945709,1.0,10,600,600,False,False,False,
hai-test2.csv,21,P1_FT02,True,3_sigma_from_pre_median,4.99723,4.80653,300,917.5366466123356,False,3.0,3,False,False,,0.0006236045198985383,1.0,10,600,600,False,False,False,
hai-test2.csv,21,P1_FT02Z,True,3_sigma_from_pre_median,26.01891,25.02598,300,1200.8789655934509,False,3.0,3,False,False,,0.0024808162065922752,1.0,10,600,600,False,False,False,
hai-test2.csv,21,P1_FT03,True,3_sigma_from_pre_median,225.48676,226.44041,300,11.046936280510804,False,3.0,3,False,False,,0.18992596197929743,1.0,10,600,600,False,False,False,
hai-test2.csv,21,P1_FT03Z,True,3_sigma_from_pre_median,953.1098,955.28412,300,23.168311167308214,False,3.0,3,False,False,,0.2064755590277997,1.0,10,600,600,False,False,False,
hai-test2.csv,21,P1_LCV01D,True,3_sigma_from_pre_median,14.6517,13.01729,300,3.266506894832349,False,3.0,3,False,False,,0.6998791288690472,1.0,10,600,600,False,False,False,
hai-test2.csv,21,P1_LCV01Z,True,3_sigma_from_pre_median,14.07776,13.60474,300,3.187700744620662,False,3.0,3,False,False,,0.595953055883879,1.0,10,600,600,False,False,False,
hai-test2.csv,21,P1_LIT01,True,3_sigma_from_pre_median,372.88277,371.47702,300,26.00444265493099,False,3.0,3,False,False,,0.2368668339381614,1.0,10,600,600,False,False,False,
hai-test2.csv,21,P1_PCV01D,True,3_sigma_from_pre_median,26.48843,24.51043,300,2.467222143847526,False,3.0,3,False,False,,0.6347219296426602,1.0,10,600,600,False,False,False,
hai-test2.csv,21,P1_PCV01Z,True,3_sigma_from_pre_median,26.84937,26.01776,300,2.497731488619918,False,3.0,3,False,False,,0.7789027799280976,1.0,10,600,600,False,False,False,
hai-test2.csv,21,P1_PCV02D,True,3_sigma_from_pre_median,12.0,12.0,300,0.06927210836219852,False,3.0,3,False,False,,0.0,1.0,10,600,600,False,False,False,
hai-test2.csv,21,P1_PCV02Z,True,3_sigma_from_pre_median,11.91864,11.91864,300,0.11872654359448429,False,3.0,3,False,False,,0.1285306515122752,1.0,10,600,600,False,False,False,
hai-test2.csv,21,P1_PIT01,True,3_sigma_from_pre_median,1.07742,1.10336,300,0.10877020856385412,False,3.0,3,False,False,,0.7084660498261472,1.0,10,600,600,False,False,False,
hai-test2.csv,21,P1_PIT01_HH,True,change_from_pre_mode,524320.0,524320.0,300,0.0,True,3.0,3,False,False,,,1.0,10,600,600,False,False,False,
hai-test2.csv,21,P1_PIT02,True,3_sigma_from_pre_median,0.37552,0.37323,300,0.3667252175292831,False,3.0,3,False,False,,0.029122622305479077,1.0,10,600,600,False,False,False,
hai-test2.csv,21,P1_PP01AD,True,change_from_pre_mode,0.0,0.0,300,0.0,True,3.0,3,False,False,,,1.0,10,600,600,False,False,False,
hai-test2.csv,21,P1_PP01AR,True,change_from_pre_mode,0.0,0.0,300,0.0,True,3.0,3,False,False,,,1.0,10,600,600,False,False,False,
hai-test2.csv,21,P1_PP01BD,True,change_from_pre_mode,1.0,1.0,300,0.0,True,3.0,3,False,False,,,1.0,10,600,600,False,False,False,
hai-test2.csv,21,P1_PP01BR,True,change_from_pre_mode,1.0,1.0,300,0.0,True,3.0,3,False,False,,,1.0,10,600,600,False,False,False,
hai-test2.csv,21,P1_PP02D,True,change_from_pre_mode,1.0,1.0,300,0.0,True,3.0,3,False,False,,,1.0,10,600,600,False,False,False,
hai-test2.csv,21,P1_PP02R,True,change_from_pre_mode,1.0,1.0,300,0.0,True,3.0,3,False,False,,,1.0,10,600,600,False,False,False,
hai-test2.csv,21,P1_PP04,True,3_sigma_from_pre_median,37.98901,40.0,300,17.14859399100902,False,3.0,3,False,False,,0.11726850615591917,1.0,10,600,600,False,False,False,
hai-test2.csv,21,P1_PP04D,True,3_sigma_from_pre_median,1.0,1.0,300,0.49507705153684806,False,3.0,3,False,False,,0.0,1.0,10,600,600,False,False,False,
hai-test2.csv,21,P1_PP04SP,True,3_sigma_from_pre_median,27.91761,27.91761,300,0.2822382025676734,False,3.0,3,False,False,,0.0,1.0,10,600,600,False,False,False,
hai-test2.csv,21,P1_SOL01D,True,change_from_pre_mode,524320.0,524320.0,300,0.0,True,3.0,3,False,False,,,1.0,10,600,600,False,False,False,
hai-test2.csv,21,P1_SOL03D,True,change_from_pre_mode,524320.0,524320.0,300,0.0,True,3.0,3,False,False,,,1.0,10,600,600,False,False,False,
hai-test2.csv,21,P1_STSP,True,change_from_pre_mode,1.0,1.0,300,0.0,True,3.0,3,False,False,,,1.0,10,600,600,False,False,False,
hai-test2.csv,21,P1_TIT01,True,3_sigma_from_pre_median,31.675715,32.35473,300,1.3020195632059774,False,3.0,3,False,False,,0.9434074838134215,1.0,10,600,600,False,False,False,
hai-test2.csv,21,P1_TIT02,True,3_sigma_from_pre_median,38.50402,38.45825,300,2.1887095681347657,False,3.0,3,False,False,,0.08366116851038122,1.0,10,600,600,False,False,False,
hai-test2.csv,21,P1_TIT03,True,3_sigma_from_pre_median,30.0466,30.0466,300,1.2331199100797272,False,3.0,3,False,False,,0.0,1.0,10,600,600,False,False,False,
hai-test2.csv,21,P2_24Vdc,True,3_sigma_from_pre_median,28.03345,28.03429,300,0.0035064224696394683,False,3.0,3,False,False,,2.7178698752125756,1.0,10,600,600,False,False,False,
hai-test2.csv,21,P2_ATSW_Lamp,True,3_sigma_from_pre_median,1.0,1.0,300,0.386321898014947,False,3.0,3,False,False,,0.0,1.0,10,600,600,False,False,False,
hai-test2.csv,21,P2_AutoGO,True,3_sigma_from_pre_median,1.0,1.0,300,0.386321898014947,False,3.0,3,False,False,,0.0,1.0,10,600,600,False,False,False,
hai-test2.csv,21,P2_AutoSD,True,3_sigma_from_pre_median,116.10446,116.10446,300,9.050891107102233,False,3.0,3,False,False,,0.0,1.0,10,600,600,False,False,False,
hai-test2.csv,21,P2_Emerg,True,change_from_pre_mode,0.0,0.0,300,0.0,True,3.0,3,False,False,,,1.0,10,600,600,False,False,False,
hai-test2.csv,21,P2_MASW,True,3_sigma_from_pre_median,0.0,0.0,300,0.38632189801494704,False,3.0,3,False,False,,0.0,1.0,10,600,600,False,False,False,
hai-test2.csv,21,P2_MASW_Lamp,True,3_sigma_from_pre_median,0.0,0.0,300,0.38632189801494704,False,3.0,3,False,False,,0.0,1.0,10,600,600,False,False,False,
hai-test2.csv,21,P2_ManualGO,True,3_sigma_from_pre_median,0.0,0.0,300,0.38632189801494704,False,3.0,3,False,False,,0.0,1.0,10,600,600,False,False,False,
hai-test2.csv,21,P2_ManualSD,True,3_sigma_from_pre_median,12.41142,12.41142,300,4.414306207493221,False,3.0,3,False,False,,0.0,1.0,10,600,600,False,False,False,
hai-test2.csv,21,P2_OnOff,True,change_from_pre_mode,1.0,1.0,300,0.0,True,3.0,3,False,False,,,1.0,10,600,600,False,False,False,
hai-test2.csv,21,P2_RTR,True,change_from_pre_mode,2880.0,2880.0,300,0.0,True,3.0,3,False,False,,,1.0,10,600,600,False,False,False,
hai-test2.csv,21,P2_SCO,True,3_sigma_from_pre_median,54761.0,54761.0,300,179.70028495841728,False,3.0,3,False,False,,0.005564821448287633,1.0,10,600,600,False,False,False,
hai-test2.csv,21,P2_SCST,True,3_sigma_from_pre_median,720.4978349999999,720.52612,300,0.25187557511890135,False,3.0,3,False,False,,1.3888802033891392,1.0,10,600,600,False,False,False,
hai-test2.csv,21,P2_SIT01,True,3_sigma_from_pre_median,917.0,916.0,300,34.040295273317895,False,3.0,3,False,False,,0.1468847423282839,1.0,10,600,600,False,False,False,
hai-test2.csv,21,P2_TripEx,True,change_from_pre_mode,1.0,1.0,300,0.0,True,3.0,3,False,False,,,1.0,10,600,600,False,False,False,
hai-test2.csv,21,P2_VIBTR01,True,3_sigma_from_pre_median,6.80735,6.2722,300,0.39473789413008264,False,3.0,3,False,False,,1.637668968733383,1.0,10,600,600,False,False,False,
hai-test2.csv,21,P2_VIBTR02,True,3_sigma_from_pre_median,-3.2874499999999998,-3.3473,300,0.36541918293693737,False,3.0,3,False,False,,1.3232748103523861,1.0,10,600,600,False,False,False,
hai-test2.csv,21,P2_VIBTR03,True,3_sigma_from_pre_median,9.8033,9.7483,300,0.29310264016502074,False,3.0,3,False,False,,1.901722890268664,1.0,10,600,600,False,False,False,
hai-test2.csv,21,P2_VIBTR04,True,3_sigma_from_pre_median,-1.3673,-1.1712,300,0.2638662725045679,False,3.0,3,False,False,,1.1778693693966498,1.0,10,600,600,False,False,False,
hai-test2.csv,21,P2_VT01,True,3_sigma_from_pre_median,11.951775000000001,11.91967,300,0.046671016450741364,False,3.0,3,False,False,,1.2951292814416022,1.0,10,600,600,False,False,False,
hai-test2.csv,21,P2_VTR01,True,change_from_pre_mode,50.0,50.0,300,0.0,True,3.0,3,False,False,,,1.0,10,600,600,False,False,False,
hai-test2.csv,21,P2_VTR02,True,change_from_pre_mode,50.0,50.0,300,0.0,True,3.0,3,False,False,,,1.0,10,600,600,False,False,False,
hai-test2.csv,21,P2_VTR03,True,change_from_pre_mode,50.0,50.0,300,0.0,True,3.0,3,False,False,,,1.0,10,600,600,False,False,False,
hai-test2.csv,21,P2_VTR04,True,change_from_pre_mode,50.0,50.0,300,0.0,True,3.0,3,False,False,,,1.0,10,600,600,False,False,False,
hai-test2.csv,21,P3_FIT01,True,3_sigma_from_pre_median,29.0,28.0,300,1688.0235925813643,False,3.0,3,False,False,,1.872011750243168,1.0,10,600,600,False,False,False,
hai-test2.csv,21,P3_LCP01D,True,3_sigma_from_pre_median,8044.0,32.0,300,5147.799146350213,False,3.0,3,False,False,,1.5641635912910208,1.0,10,600,600,False,False,False,
hai-test2.csv,21,P3_LCV01D,True,3_sigma_from_pre_median,0.0,-144.0,300,6818.667649961868,False,3.0,3,False,False,,2.0484940338862407,1.0,10,600,600,False,False,False,
hai-test2.csv,21,P3_LH01,True,change_from_pre_mode,70.0,70.0,300,0.0,True,3.0,3,False,False,,,1.0,10,600,600,False,False,False,
hai-test2.csv,21,P3_LIT01,True,3_sigma_from_pre_median,14990.5,14743.0,300,3086.289589129662,False,3.0,3,False,False,,0.5046512827201083,1.0,10,600,600,False,False,False,
hai-test2.csv,21,P3_LL01,True,change_from_pre_mode,30.0,30.0,300,0.0,True,3.0,3,False,False,,,1.0,10,600,600,False,False,False,
hai-test2.csv,21,P3_PIT01,True,3_sigma_from_pre_median,708.5,23.0,300,1298.3940193880667,False,3.0,3,False,False,,0.5287301002230028,1.0,10,600,600,False,False,False,
hai-test2.csv,21,P4_HT_FD,True,3_sigma_from_pre_median,-0.000255,-0.00036,300,0.002085799588224817,False,3.0,3,False,False,,7.160323592119838,1.0,10,600,600,False,False,False,
hai-test2.csv,21,P4_HT_PO,True,3_sigma_from_pre_median,0.55159,0.01807,300,31.369744436378745,False,3.0,3,False,False,,2.158109070263597,1.0,10,600,600,False,False,False,
hai-test2.csv,21,P4_HT_PS,True,3_sigma_from_pre_median,3.63969,3.63969,300,1.9005221520029272,False,3.0,3,False,False,,0.0,1.0,10,600,600,False,False,False,
hai-test2.csv,21,P4_LD,True,3_sigma_from_pre_median,349.80832,252.06158,300,61.17702962605878,False,3.0,3,False,False,,1.1318874162943073,1.0,10,600,600,False,False,False,
hai-test2.csv,21,P4_ST_FD,True,3_sigma_from_pre_median,-7e-05,7e-05,300,0.0016455065627984334,False,3.0,3,False,False,,2.8988033884762463,1.0,10,600,600,False,False,False,
hai-test2.csv,21,P4_ST_GOV,True,3_sigma_from_pre_median,18143.5,16184.0,300,1755.4259694594575,False,3.0,3,False,False,,1.1715105255240421,1.0,10,600,600,False,False,False,
hai-test2.csv,21,P4_ST_LD,True,3_sigma_from_pre_median,335.83804499999997,251.59143,300,36.05910881852627,False,3.0,3,False,False,,1.5986062021140062,1.0,10,600,600,False,False,False,
hai-test2.csv,21,P4_ST_PO,True,3_sigma_from_pre_median,331.904635,342.97235,300,32.463425616521704,False,3.0,3,False,False,,1.1425539448037498,1.0,10,600,600,False,False,False,
hai-test2.csv,21,P4_ST_PS,True,3_sigma_from_pre_median,0.84523,0.84523,300,10.589736200432041,False,3.0,3,False,False,,0.0,1.0,10,600,600,False,False,False,
hai-test2.csv,21,P4_ST_PT01,True,3_sigma_from_pre_median,9970.0,9970.0,300,30.94037172182327,False,3.0,3,False,False,,0.7110451095350827,1.0,10,600,600,False,False,False,
hai-test2.csv,21,P4_ST_TT01,True,3_sigma_from_pre_median,27231.5,27293.0,300,125.87160191980817,False,3.0,3,False,False,,0.9732139587612765,1.0,10,600,600,False,False,False,
hai-test2.csv,21,x1001_05_SETPOINT_OUT,True,3_sigma_from_pre_median,0.12409,0.12409,300,0.042114897148061825,False,3.0,3,False,False,,0.0,1.0,10,600,600,False,False,False,
hai-test2.csv,21,x1001_15_ASSIGN_OUT,True,3_sigma_from_pre_median,1.10556,0.98507,300,0.10307475471232287,False,3.0,3,False,False,,0.9648337294380243,1.0,10,600,600,False,False,False,
hai-test2.csv,21,x1002_07_SETPOINT_OUT,True,3_sigma_from_pre_median,372.55743,372.55743,300,24.671699804613976,False,3.0,3,False,False,,0.0,1.0,10,600,600,False,False,False,
hai-test2.csv,21,x1002_08_SETPOINT_OUT,True,3_sigma_from_pre_median,952.23608,952.23608,300,22.76031945742657,False,3.0,3,False,False,,0.0,1.0,10,600,600,False,False,False,
hai-test2.csv,21,x1003_10_SETPOINT_OUT,True,3_sigma_from_pre_median,26.01891,25.02598,300,1200.880152569592,False,3.0,3,False,False,,0.0024808137544994153,1.0,10,600,600,False,False,False,
hai-test2.csv,21,x1003_18_SETPOINT_OUT,True,3_sigma_from_pre_median,26.71768,26.71768,300,0.8117389494981301,False,3.0,3,False,False,,0.0,1.0,10,600,600,False,False,False,
hai-test2.csv,21,x1003_24_SUM_OUT,True,3_sigma_from_pre_median,30.50526,30.54837,300,0.8617764720875876,False,3.0,3,False,False,,0.4032600230523337,1.0,10,600,600,False,False,False,
hai-test2.csv,22,P1_FCV01D,True,3_sigma_from_pre_median,30.247410000000002,23.79262,300,21.696137110751636,False,3.0,3,False,False,,1.0559552552166878,1.0,10,600,600,False,False,False,
hai-test2.csv,22,P1_FCV01Z,True,3_sigma_from_pre_median,29.920195,22.88971,300,21.93007692173577,False,3.0,3,False,False,,1.069259587355064,1.0,10,600,600,False,False,False,
hai-test2.csv,22,P1_FCV02D,True,3_sigma_from_pre_median,15.0,15.0,300,41.89070266671058,False,3.0,3,False,False,,0.0,1.0,10,600,600,False,False,False,
hai-test2.csv,22,P1_FCV02Z,True,3_sigma_from_pre_median,12.4527,12.4527,300,39.02001795893345,False,3.0,3,False,False,,0.0003910813166734051,1.0,10,600,600,False,False,False,
hai-test2.csv,22,P1_FCV03D,True,3_sigma_from_pre_median,49.85383,49.9009,300,2.3390876027010608,False,3.0,3,False,False,,0.29074584432608447,1.0,10,600,600,False,False,False,
hai-test2.csv,22,P1_FCV03Z,True,3_sigma_from_pre_median,50.80566,50.9201,300,2.4048024631317655,False,3.0,3,False,False,,0.42512431506270587,1.0,10,600,600,False,False,False,
hai-test2.csv,22,P1_FT01,True,3_sigma_from_pre_median,57.64009,59.35671,300,10.923609818121934,False,3.0,3,False,False,,0.6635114326379444,1.0,10,600,600,False,False,False,
hai-test2.csv,22,P1_FT01Z,True,3_sigma_from_pre_median,300.11276,309.0506,300,46.328484692484196,False,3.0,3,False,False,,0.8145673282968849,1.0,10,600,600,False,False,False,
hai-test2.csv,22,P1_FT02,True,3_sigma_from_pre_median,923.29025,1037.44495,300,917.5366466123356,False,3.0,3,False,False,,1.459609177404157,1.0,10,600,600,False,False,False,
hai-test2.csv,22,P1_FT02Z,True,3_sigma_from_pre_median,1933.12354,2052.79736,300,1200.8789655934509,False,3.0,3,False,False,,0.9148275483841909,1.0,10,600,600,False,False,False,
hai-test2.csv,22,P1_FT03,True,3_sigma_from_pre_median,225.67746,226.24965,300,11.046936280510804,False,3.0,3,False,False,,0.44890998500180496,1.0,10,600,600,False,False,False,
hai-test2.csv,22,P1_FT03Z,True,3_sigma_from_pre_median,953.54462,954.84918,300,23.168311167308214,False,3.0,3,False,False,,0.48802435008531675,1.0,10,600,600,False,False,False,
hai-test2.csv,22,P1_LCV01D,True,3_sigma_from_pre_median,16.138735,12.49784,300,3.266506894832349,False,3.0,3,False,False,,1.6654105364376426,1.0,10,600,600,False,False,False,
hai-test2.csv,22,P1_LCV01Z,True,3_sigma_from_pre_median,16.21399,16.22162,300,3.187700744620662,False,3.0,3,False,False,,1.7878591676516367,1.0,10,600,600,False,False,False,
hai-test2.csv,22,P1_LIT01,True,3_sigma_from_pre_median,377.8922,372.95941,300,26.00444265493099,False,3.0,3,False,False,,0.41377968152528943,1.0,10,600,600,False,False,False,
hai-test2.csv,22,P1_PCV01D,True,3_sigma_from_pre_median,25.791890000000002,22.93475,300,2.467222143847526,False,3.0,3,False,False,,1.569072330861521,1.0,10,600,600,False,False,False,
hai-test2.csv,22,P1_PCV01Z,True,3_sigma_from_pre_median,26.13983,26.97143,300,2.497731488619918,False,3.0,3,False,False,,1.5700286511448716,1.0,10,600,600,False,False,False,
hai-test2.csv,22,P1_PCV02D,True,3_sigma_from_pre_median,12.0,12.0,300,0.06927210836219852,False,3.0,3,False,False,,0.0,1.0,10,600,600,False,False,False,
hai-test2.csv,22,P1_PCV02Z,True,3_sigma_from_pre_median,11.92627,11.92627,300,0.11872654359448429,False,3.0,3,False,False,,0.06426532575614508,1.0,10,600,600,False,False,False,
hai-test2.csv,22,P1_PIT01,True,3_sigma_from_pre_median,1.01715,1.01791,300,0.10877020856385412,False,3.0,3,False,False,,1.8447146755465431,1.0,10,600,600,False,False,False,
hai-test2.csv,22,P1_PIT01_HH,True,change_from_pre_mode,524320.0,524320.0,300,0.0,True,3.0,3,False,False,,,1.0,10,600,600,False,False,False,
hai-test2.csv,22,P1_PIT02,True,3_sigma_from_pre_median,1.13083,1.05606,300,0.3667252175292831,False,3.0,3,False,False,,1.8328436875119685,1.0,10,600,600,False,False,False,
hai-test2.csv,22,P1_PP01AD,True,change_from_pre_mode,0.0,0.0,300,0.0,True,3.0,3,False,False,,,1.0,10,600,600,False,False,False,
hai-test2.csv,22,P1_PP01AR,True,change_from_pre_mode,0.0,0.0,300,0.0,True,3.0,3,False,False,,,1.0,10,600,600,False,False,False,
hai-test2.csv,22,P1_PP01BD,True,change_from_pre_mode,1.0,1.0,300,0.0,True,3.0,3,False,False,,,1.0,10,600,600,False,False,False,
hai-test2.csv,22,P1_PP01BR,True,change_from_pre_mode,1.0,1.0,300,0.0,True,3.0,3,False,False,,,1.0,10,600,600,False,False,False,
hai-test2.csv,22,P1_PP02D,True,change_from_pre_mode,1.0,1.0,300,0.0,True,3.0,3,False,False,,,1.0,10,600,600,False,False,False,
hai-test2.csv,22,P1_PP02R,True,change_from_pre_mode,1.0,1.0,300,0.0,True,3.0,3,False,False,,,1.0,10,600,600,False,False,False,
hai-test2.csv,22,P1_PP04,True,3_sigma_from_pre_median,38.91749,40.0,300,17.14859399100902,False,3.0,3,False,False,,0.26488060784350814,1.0,10,600,600,False,False,False,
hai-test2.csv,22,P1_PP04D,True,3_sigma_from_pre_median,1.0,1.0,300,0.49507705153684806,False,3.0,3,False,False,,0.0,1.0,10,600,600,False,False,False,
hai-test2.csv,22,P1_PP04SP,True,3_sigma_from_pre_median,27.91761,27.91761,300,0.2822382025676734,False,3.0,3,False,False,,0.0,1.0,10,600,600,False,False,False,
hai-test2.csv,22,P1_SOL01D,True,change_from_pre_mode,524320.0,524320.0,300,0.0,True,3.0,3,False,False,,,1.0,10,600,600,False,False,False,
hai-test2.csv,22,P1_SOL03D,True,change_from_pre_mode,524320.0,524320.0,300,0.0,True,3.0,3,False,False,,,1.0,10,600,600,False,False,False,
hai-test2.csv,22,P1_STSP,True,change_from_pre_mode,1.0,1.0,300,0.0,True,3.0,3,False,False,,,1.0,10,600,600,False,False,False,
hai-test2.csv,22,P1_TIT01,True,3_sigma_from_pre_median,29.2572,29.04358,300,1.3020195632059774,False,3.0,3,False,False,,0.18751638370073942,1.0,10,600,600,False,False,False,
hai-test2.csv,22,P1_TIT02,True,3_sigma_from_pre_median,33.01086,32.72094,300,2.1887095681347657,False,3.0,3,False,False,,0.32069124666831256,1.0,10,600,600,False,False,False,
hai-test2.csv,22,P1_TIT03,True,3_sigma_from_pre_median,27.56137,27.56137,300,1.2331199100797272,False,3.0,3,False,False,,0.3739457908600206,1.0,10,600,600,False,False,False,
hai-test2.csv,22,P2_24Vdc,True,3_sigma_from_pre_median,28.03341,28.03257,300,0.0035064224696394683,False,3.0,3,False,False,,2.4669018279730497,1.0,10,600,600,False,False,False,
hai-test2.csv,22,P2_ATSW_Lamp,True,3_sigma_from_pre_median,1.0,1.0,300,0.386321898014947,False,3.0,3,False,False,,0.0,1.0,10,600,600,False,False,False,
hai-test2.csv,22,P2_AutoGO,True,3_sigma_from_pre_median,1.0,1.0,300,0.386321898014947,False,3.0,3,False,False,,0.0,1.0,10,600,600,False,False,False,
hai-test2.csv,22,P2_AutoSD,True,3_sigma_from_pre_median,104.05981,104.05981,300,9.050891107102233,False,3.0,3,False,False,,0.0,1.0,10,600,600,False,False,False,
hai-test2.csv,22,P2_Emerg,True,change_from_pre_mode,0.0,0.0,300,0.0,True,3.0,3,False,False,,,1.0,10,600,600,False,False,False,
hai-test2.csv,22,P2_MASW,True,3_sigma_from_pre_median,0.0,0.0,300,0.38632189801494704,False,3.0,3,False,False,,0.0,1.0,10,600,600,False,False,False,
hai-test2.csv,22,P2_MASW_Lamp,True,3_sigma_from_pre_median,0.0,0.0,300,0.38632189801494704,False,3.0,3,False,False,,0.0,1.0,10,600,600,False,False,False,
hai-test2.csv,22,P2_ManualGO,True,3_sigma_from_pre_median,0.0,0.0,300,0.38632189801494704,False,3.0,3,False,False,,0.0,1.0,10,600,600,False,False,False,
hai-test2.csv,22,P2_ManualSD,True,3_sigma_from_pre_median,12.41142,12.41142,300,4.414306207493221,False,3.0,3,False,False,,0.0,1.0,10,600,600,False,False,False,
hai-test2.csv,22,P2_OnOff,True,change_from_pre_mode,1.0,1.0,300,0.0,True,3.0,3,False,False,,,1.0,10,600,600,False,False,False,
hai-test2.csv,22,P2_RTR,True,change_from_pre_mode,2880.0,2880.0,300,0.0,True,3.0,3,False,False,,,1.0,10,600,600,False,False,False,
hai-test2.csv,22,P2_SCO,True,3_sigma_from_pre_median,54697.0,54697.0,300,179.70028495841728,False,3.0,3,False,False,,0.011129642896575266,1.0,10,600,600,False,False,False,
hai-test2.csv,22,P2_SCST,True,3_sigma_from_pre_median,720.43341,720.43256,300,0.25187557511890135,False,3.0,3,False,False,,1.6766214818590393,1.0,10,600,600,False,False,False,
hai-test2.csv,22,P2_SIT01,True,3_sigma_from_pre_median,904.0,903.0,300,34.040295273317895,False,3.0,3,False,False,,0.2643925361909111,1.0,10,600,600,False,False,False,
hai-test2.csv,22,P2_TripEx,True,change_from_pre_mode,1.0,1.0,300,0.0,True,3.0,3,False,False,,,1.0,10,600,600,False,False,False,
hai-test2.csv,22,P2_VIBTR01,True,3_sigma_from_pre_median,6.8362,7.1542,300,0.39473789413008264,False,3.0,3,False,False,,1.4576761151043223,1.0,10,600,600,False,False,False,
hai-test2.csv,22,P2_VIBTR02,True,3_sigma_from_pre_median,-3.1277,-3.5965,300,0.36541918293693737,False,3.0,3,False,False,,1.7300679042597025,1.0,10,600,600,False,False,False,
hai-test2.csv,22,P2_VIBTR03,True,3_sigma_from_pre_median,9.7569,9.4399,300,0.29310264016502074,False,3.0,3,False,False,,1.344921355120035,1.0,10,600,600,False,False,False,
hai-test2.csv,22,P2_VIBTR04,True,3_sigma_from_pre_median,-1.06455,-1.3488,300,0.2638662725045679,False,3.0,3,False,False,,1.6286658992863914,1.0,10,600,600,False,False,False,
hai-test2.csv,22,P2_VT01,True,3_sigma_from_pre_median,11.951979999999999,11.91209,300,0.046671016450741364,False,3.0,3,False,False,,1.4647206167483053,1.0,10,600,600,False,False,False,
hai-test2.csv,22,P2_VTR01,True,change_from_pre_mode,50.0,50.0,300,0.0,True,3.0,3,False,False,,,1.0,10,600,600,False,False,False,
hai-test2.csv,22,P2_VTR02,True,change_from_pre_mode,50.0,50.0,300,0.0,True,3.0,3,False,False,,,1.0,10,600,600,False,False,False,
hai-test2.csv,22,P2_VTR03,True,change_from_pre_mode,50.0,50.0,300,0.0,True,3.0,3,False,False,,,1.0,10,600,600,False,False,False,
hai-test2.csv,22,P2_VTR04,True,change_from_pre_mode,50.0,50.0,300,0.0,True,3.0,3,False,False,,,1.0,10,600,600,False,False,False,
hai-test2.csv,22,P3_FIT01,True,3_sigma_from_pre_median,1375.5,28.0,300,1688.0235925813643,False,3.0,3,False,False,,1.3930492502205094,1.0,10,600,600,False,False,False,
hai-test2.csv,22,P3_LCP01D,True,3_sigma_from_pre_median,9884.0,9696.0,300,5147.799146350213,False,3.0,3,False,False,,1.909165396821678,1.0,10,600,600,False,False,False,
hai-test2.csv,22,P3_LCV01D,True,3_sigma_from_pre_median,232.0,-128.0,300,6818.667649961868,False,3.0,3,False,False,,2.3781772088702233,1.0,10,600,600,False,False,False,
hai-test2.csv,22,P3_LH01,True,change_from_pre_mode,70.0,70.0,300,0.0,True,3.0,3,False,False,,,1.0,10,600,600,False,False,False,
hai-test2.csv,22,P3_LIT01,True,3_sigma_from_pre_median,18781.0,18603.0,300,3086.289589129662,False,3.0,3,False,False,,0.61886609951551,1.0,10,600,600,False,False,False,
hai-test2.csv,22,P3_LL01,True,change_from_pre_mode,30.0,30.0,300,0.0,True,3.0,3,False,False,,,1.0,10,600,600,False,False,False,
hai-test2.csv,22,P3_PIT01,True,3_sigma_from_pre_median,1106.0,23.0,300,1298.3940193880667,False,3.0,3,False,False,,0.8348775362589004,1.0,10,600,600,False,False,False,
hai-test2.csv,22,P4_HT_FD,True,3_sigma_from_pre_median,-0.00029,-0.00036,300,0.002085799588224817,False,3.0,3,True,False,126.0,10.475598961353763,1.0,10,600,600,True,False,False,4.0
hai-test2.csv,22,P4_HT_PO,True,3_sigma_from_pre_median,1.6004749999999999,0.05423,300,31.369744436378745,False,3.0,3,False,False,,2.3794833633849235,1.0,10,600,600,False,False,False,
hai-test2.csv,22,P4_HT_PS,True,3_sigma_from_pre_median,3.63969,3.63969,300,1.9005221520029272,False,3.0,3,False,False,,0.0,1.0,10,600,600,False,False,False,
hai-test2.csv,22,P4_LD,True,3_sigma_from_pre_median,291.41348,274.46832,300,61.17702962605878,False,3.0,3,False,False,,2.991564826188349,1.0,10,600,600,False,False,False,
hai-test2.csv,22,P4_ST_FD,True,3_sigma_from_pre_median,-0.00022,-0.00065,300,0.0016455065627984334,False,3.0,3,False,False,,4.922496320054003,1.0,10,600,600,False,False,False,
hai-test2.csv,22,P4_ST_GOV,True,3_sigma_from_pre_median,16153.5,15120.0,300,1755.4259694594575,False,3.0,3,False,False,,2.857141279244266,1.0,10,600,600,False,False,False,
hai-test2.csv,22,P4_ST_LD,True,3_sigma_from_pre_median,291.44061,273.79919,300,36.05910881852627,False,3.0,3,False,False,,2.900059192429979,1.0,10,600,600,False,False,False,
hai-test2.csv,22,P4_ST_PO,True,3_sigma_from_pre_median,294.63250500000004,272.20776,300,32.463425616521704,False,3.0,3,False,False,,2.856111862477388,1.0,10,600,600,False,False,False,
hai-test2.csv,22,P4_ST_PS,True,3_sigma_from_pre_median,0.84523,0.84523,300,10.589736200432041,False,3.0,3,False,False,,0.0,1.0,10,600,600,False,False,False,
hai-test2.csv,22,P4_ST_PT01,True,3_sigma_from_pre_median,9943.0,9943.0,300,30.94037172182327,False,3.0,3,False,False,,1.7776127738377066,1.0,10,600,600,False,False,False,
hai-test2.csv,22,P4_ST_TT01,True,3_sigma_from_pre_median,26998.0,27007.0,300,125.87160191980817,False,3.0,3,False,False,,0.21450430111473032,1.0,10,600,600,False,False,False,
hai-test2.csv,22,x1001_05_SETPOINT_OUT,True,3_sigma_from_pre_median,0.12409,0.12409,300,0.042114897148061825,False,3.0,3,False,False,,0.0,1.0,10,600,600,False,False,False,
hai-test2.csv,22,x1001_15_ASSIGN_OUT,True,3_sigma_from_pre_median,1.00176,0.94626,300,0.10307475471232287,False,3.0,3,False,False,,2.641383923346368,1.0,10,600,600,False,False,False,
hai-test2.csv,22,x1002_07_SETPOINT_OUT,True,3_sigma_from_pre_median,379.08755,379.08755,300,24.671699804613976,False,3.0,3,False,False,,0.0,1.0,10,600,600,False,False,False,
hai-test2.csv,22,x1002_08_SETPOINT_OUT,True,3_sigma_from_pre_median,952.23608,952.23608,300,22.76031945742657,False,3.0,3,False,False,,0.0,1.0,10,600,600,False,False,False,
hai-test2.csv,22,x1003_10_SETPOINT_OUT,True,3_sigma_from_pre_median,1929.5186800000001,2052.79736,300,1200.880152569592,False,3.0,3,False,False,,0.9178284924116324,1.0,10,600,600,False,False,False,
hai-test2.csv,22,x1003_18_SETPOINT_OUT,True,3_sigma_from_pre_median,26.71768,26.71768,300,0.8117389494981301,False,3.0,3,False,False,,0.0,1.0,10,600,600,False,False,False,
hai-test2.csv,22,x1003_24_SUM_OUT,True,3_sigma_from_pre_median,30.143250000000002,29.95823,300,0.8617764720875876,False,3.0,3,False,False,,1.0530688982511032,1.0,10,600,600,False,False,False,
hai-test2.csv,23,P1_FCV01D,True,3_sigma_from_pre_median,67.03408,65.37303,300,21.696137110751636,False,3.0,3,False,False,,0.06736406543428994,1.0,10,600,600,False,False,False,
hai-test2.csv,23,P1_FCV01Z,True,3_sigma_from_pre_median,67.59796,66.18652,300,21.93007692173577,False,3.0,3,False,False,,0.05496788744982603,1.0,10,600,600,False,False,False,
hai-test2.csv,23,P1_FCV02D,True,3_sigma_from_pre_median,15.0,15.0,300,41.89070266671058,False,3.0,3,False,False,,0.0,1.0,10,600,600,False,False,False,
hai-test2.csv,23,P1_FCV02Z,True,3_sigma_from_pre_median,12.44507,12.44507,300,39.02001795893345,False,3.0,3,False,False,,0.00019554065833667978,1.0,10,600,600,False,False,False,
hai-test2.csv,23,P1_FCV03D,True,3_sigma_from_pre_median,54.9338,53.99786,300,2.3390876027010608,False,3.0,3,False,False,,0.4775066990694273,1.0,10,600,600,False,False,False,
hai-test2.csv,23,P1_FCV03Z,True,3_sigma_from_pre_median,56.11572,56.11572,300,2.4048024631317655,False,3.0,3,False,False,,0.006345635549679159,1.0,10,600,600,False,False,False,
hai-test2.csv,23,P1_FT01,True,3_sigma_from_pre_median,62.78987,62.78987,300,10.923609818121934,False,3.0,3,False,False,,0.6984275461160416,1.0,10,600,600,False,False,False,
hai-test2.csv,23,P1_FT01Z,True,3_sigma_from_pre_median,326.9259,326.9259,300,46.328484692484196,False,3.0,3,False,False,,0.857431022483761,1.0,10,600,600,False,False,False,
hai-test2.csv,23,P1_FT02,True,3_sigma_from_pre_median,2442.0166,2428.85596,300,917.5366466123356,False,3.0,3,False,False,,0.030349926733515626,1.0,10,600,600,False,False,False,
hai-test2.csv,23,P1_FT02Z,True,3_sigma_from_pre_median,3151.96289,3143.32959,300,1200.8789655934509,False,3.0,3,False,False,,0.015212040949499378,1.0,10,600,600,False,False,False,
hai-test2.csv,23,P1_FT03,True,3_sigma_from_pre_median,262.87079,260.2005,300,11.046936280510804,False,3.0,3,False,False,,0.36258288255599325,1.0,10,600,600,False,False,False,
hai-test2.csv,23,P1_FT03Z,True,3_sigma_from_pre_median,1030.52002,1026.0553,300,23.168311167308214,False,3.0,3,False,False,,0.289064660416419,1.0,10,600,600,False,False,False,
hai-test2.csv,23,P1_LCV01D,True,3_sigma_from_pre_median,14.47895,12.69459,300,3.266506894832349,False,3.0,3,False,False,,1.6173025712444256,1.0,10,600,600,False,False,False,
hai-test2.csv,23,P1_LCV01Z,True,3_sigma_from_pre_median,14.55841,13.13171,300,3.187700744620662,False,3.0,3,False,False,,1.3594437957555792,1.0,10,600,600,False,False,False,
hai-test2.csv,23,P1_LIT01,True,3_sigma_from_pre_median,381.98158,371.57928,300,26.00444265493099,False,3.0,3,False,False,,0.504201923263054,1.0,10,600,600,False,False,False,
hai-test2.csv,23,P1_PCV01D,True,3_sigma_from_pre_median,30.372799999999998,27.74834,300,2.467222143847526,False,3.0,3,False,False,,2.1617793976518445,1.0,10,600,600,False,False,False,
hai-test2.csv,23,P1_PCV01Z,True,3_sigma_from_pre_median,30.89295,32.9071,300,2.497731488619918,False,3.0,3,False,False,,2.012938549602872,1.0,10,600,600,False,False,False,
hai-test2.csv,23,P1_PCV02D,True,3_sigma_from_pre_median,12.0,12.0,300,0.06927210836219852,False,3.0,3,False,False,,0.0,1.0,10,600,600,False,False,False,
hai-test2.csv,23,P1_PCV02Z,True,3_sigma_from_pre_median,11.92627,11.92627,300,0.11872654359448429,False,3.0,3,False,False,,0.06426532575614508,1.0,10,600,600,False,False,False,
hai-test2.csv,23,P1_PIT01,True,3_sigma_from_pre_median,1.18958,1.27045,300,0.10877020856385412,False,3.0,3,False,False,,2.125398149478445,1.0,10,600,600,False,False,False,
hai-test2.csv,23,P1_PIT01_HH,True,change_from_pre_mode,524320.0,524320.0,300,0.0,True,3.0,3,False,False,,,1.0,10,600,600,False,False,False,
hai-test2.csv,23,P1_PIT02,True,3_sigma_from_pre_median,0.38849,0.38773,300,0.3667252175292831,False,3.0,3,False,False,,0.014561311152739615,1.0,10,600,600,False,False,False,
hai-test2.csv,23,P1_PP01AD,True,change_from_pre_mode,0.0,0.0,300,0.0,True,3.0,3,False,False,,,1.0,10,600,600,False,False,False,
hai-test2.csv,23,P1_PP01AR,True,change_from_pre_mode,0.0,0.0,300,0.0,True,3.0,3,False,False,,,1.0,10,600,600,False,False,False,
hai-test2.csv,23,P1_PP01BD,True,change_from_pre_mode,1.0,1.0,300,0.0,True,3.0,3,False,False,,,1.0,10,600,600,False,False,False,
hai-test2.csv,23,P1_PP01BR,True,change_from_pre_mode,1.0,1.0,300,0.0,True,3.0,3,False,False,,,1.0,10,600,600,False,False,False,
hai-test2.csv,23,P1_PP02D,True,change_from_pre_mode,1.0,1.0,300,0.0,True,3.0,3,False,False,,,1.0,10,600,600,False,False,False,
hai-test2.csv,23,P1_PP02R,True,change_from_pre_mode,1.0,1.0,300,0.0,True,3.0,3,False,False,,,1.0,10,600,600,False,False,False,
hai-test2.csv,23,P1_PP04,True,3_sigma_from_pre_median,6.04453,0.0,300,17.14859399100902,False,3.0,3,False,False,,0.5222276534563323,1.0,10,600,600,False,False,False,
hai-test2.csv,23,P1_PP04D,True,3_sigma_from_pre_median,0.0,0.0,300,0.49507705153684806,False,3.0,3,False,False,,0.0,1.0,10,600,600,False,False,False,
hai-test2.csv,23,P1_PP04SP,True,3_sigma_from_pre_median,27.91761,27.91761,300,0.2822382025676734,False,3.0,3,False,False,,0.0,1.0,10,600,600,False,False,False,
hai-test2.csv,23,P1_SOL01D,True,change_from_pre_mode,524320.0,524320.0,300,0.0,True,3.0,3,False,False,,,1.0,10,600,600,False,False,False,
hai-test2.csv,23,P1_SOL03D,True,change_from_pre_mode,524320.0,524320.0,300,0.0,True,3.0,3,False,False,,,1.0,10,600,600,False,False,False,
hai-test2.csv,23,P1_STSP,True,change_from_pre_mode,1.0,1.0,300,0.0,True,3.0,3,False,False,,,1.0,10,600,600,False,False,False,
hai-test2.csv,23,P1_TIT01,True,3_sigma_from_pre_median,29.63867,29.39452,300,1.3020195632059774,False,3.0,3,False,False,,0.7851955753127706,1.0,10,600,600,False,False,False,
hai-test2.csv,23,P1_TIT02,True,3_sigma_from_pre_median,34.58252,34.44519,300,2.1887095681347657,False,3.0,3,False,False,,0.23006250227576858,1.0,10,600,600,False,False,False,
hai-test2.csv,23,P1_TIT03,True,3_sigma_from_pre_median,26.50684,26.50684,300,1.2331199100797272,False,3.0,3,False,False,,0.0,1.0,10,600,600,False,False,False,
hai-test2.csv,23,P2_24Vdc,True,3_sigma_from_pre_median,28.03432,28.03514,300,0.0035064224696394683,False,3.0,3,False,False,,2.4840132857397035,1.0,10,600,600,False,False,False,
hai-test2.csv,23,P2_ATSW_Lamp,True,3_sigma_from_pre_median,1.0,1.0,300,0.386321898014947,False,3.0,3,False,False,,0.0,1.0,10,600,600,False,False,False,
hai-test2.csv,23,P2_AutoGO,True,3_sigma_from_pre_median,1.0,1.0,300,0.386321898014947,False,3.0,3,False,False,,0.0,1.0,10,600,600,False,False,False,
hai-test2.csv,23,P2_AutoSD,True,3_sigma_from_pre_median,104.05981,104.05981,300,9.050891107102233,False,3.0,3,False,False,,1.8686712501411336,1.0,10,600,600,False,False,False,
hai-test2.csv,23,P2_Emerg,True,change_from_pre_mode,0.0,0.0,300,0.0,True,3.0,3,False,False,,,1.0,10,600,600,False,False,False,
hai-test2.csv,23,P2_MASW,True,3_sigma_from_pre_median,0.0,0.0,300,0.38632189801494704,False,3.0,3,False,False,,0.0,1.0,10,600,600,False,False,False,
hai-test2.csv,23,P2_MASW_Lamp,True,3_sigma_from_pre_median,0.0,0.0,300,0.38632189801494704,False,3.0,3,False,False,,0.0,1.0,10,600,600,False,False,False,
hai-test2.csv,23,P2_ManualGO,True,3_sigma_from_pre_median,0.0,0.0,300,0.38632189801494704,False,3.0,3,False,False,,0.0,1.0,10,600,600,False,False,False,
hai-test2.csv,23,P2_ManualSD,True,3_sigma_from_pre_median,12.41142,12.41142,300,4.414306207493221,False,3.0,3,False,False,,0.0,1.0,10,600,600,False,False,False,
hai-test2.csv,23,P2_OnOff,True,change_from_pre_mode,1.0,1.0,300,0.0,True,3.0,3,False,False,,,1.0,10,600,600,False,False,False,
hai-test2.csv,23,P2_RTR,True,change_from_pre_mode,2880.0,2880.0,300,0.0,True,3.0,3,False,False,,,1.0,10,600,600,False,False,False,
hai-test2.csv,23,P2_SCO,True,3_sigma_from_pre_median,54698.0,54698.0,300,179.70028495841728,False,3.0,3,False,False,,0.5063987517941746,1.0,10,600,600,False,False,False,
hai-test2.csv,23,P2_SCST,True,3_sigma_from_pre_median,720.54102,720.50507,300,0.25187557511890135,False,3.0,3,False,False,,1.9421891136886889,1.0,10,600,600,False,False,False,
hai-test2.csv,23,P2_SIT01,True,3_sigma_from_pre_median,906.0,906.0,300,34.040295273317895,False,3.0,3,False,False,,0.5581620208474789,1.0,10,600,600,False,False,False,
hai-test2.csv,23,P2_TripEx,True,change_from_pre_mode,1.0,1.0,300,0.0,True,3.0,3,False,False,,,1.0,10,600,600,False,False,False,
hai-test2.csv,23,P2_VIBTR01,True,3_sigma_from_pre_median,6.8703,6.4494,300,0.39473789413008264,False,3.0,3,False,False,,1.3218898103257473,1.0,10,600,600,False,False,False,
hai-test2.csv,23,P2_VIBTR02,True,3_sigma_from_pre_median,-3.1757999999999997,-3.5516,300,0.36541918293693737,False,3.0,3,False,False,,1.335999922270778,1.0,10,600,600,False,False,False,
hai-test2.csv,23,P2_VIBTR03,True,3_sigma_from_pre_median,9.8582,9.591,300,0.29310264016502074,False,3.0,3,False,False,,1.148061988832803,1.0,10,600,600,False,False,False,
hai-test2.csv,23,P2_VIBTR04,True,3_sigma_from_pre_median,-1.1991,-1.3965,300,0.2638662725045679,False,3.0,3,False,False,,1.0133921151115326,1.0,10,600,600,False,False,False,
hai-test2.csv,23,P2_VT01,True,3_sigma_from_pre_median,11.96085,11.99211,300,0.046671016450741364,False,3.0,3,False,False,,1.3901561383064351,1.0,10,600,600,False,False,False,
hai-test2.csv,23,P2_VTR01,True,change_from_pre_mode,50.0,50.0,300,0.0,True,3.0,3,False,False,,,1.0,10,600,600,False,False,False,
hai-test2.csv,23,P2_VTR02,True,change_from_pre_mode,50.0,50.0,300,0.0,True,3.0,3,False,False,,,1.0,10,600,600,False,False,False,
hai-test2.csv,23,P2_VTR03,True,change_from_pre_mode,50.0,50.0,300,0.0,True,3.0,3,False,False,,,1.0,10,600,600,False,False,False,
hai-test2.csv,23,P2_VTR04,True,change_from_pre_mode,50.0,50.0,300,0.0,True,3.0,3,False,False,,,1.0,10,600,600,False,False,False,
hai-test2.csv,23,P3_FIT01,True,3_sigma_from_pre_median,40.0,29.0,300,1688.0235925813643,False,3.0,3,False,True,,3.108961286479793,1.0,10,600,600,False,False,False,
hai-test2.csv,23,P3_LCP01D,True,3_sigma_from_pre_median,444.0,8.0,300,5147.799146350213,False,3.0,3,False,False,,2.5851824481993173,1.0,10,600,600,False,False,False,
hai-test2.csv,23,P3_LCV01D,True,3_sigma_from_pre_median,14456.0,16416.0,300,6818.667649961868,False,3.0,3,False,False,,2.1435272622624066,1.0,10,600,600,False,False,False,
hai-test2.csv,23,P3_LH01,True,change_from_pre_mode,70.0,70.0,300,0.0,True,3.0,3,False,False,,,1.0,10,600,600,False,False,False,
hai-test2.csv,23,P3_LIT01,True,3_sigma_from_pre_median,16421.5,17203.0,300,3086.289589129662,False,3.0,3,False,False,,0.5464490454622554,1.0,10,600,600,False,False,False,
hai-test2.csv,23,P3_LL01,True,change_from_pre_mode,30.0,30.0,300,0.0,True,3.0,3,False,False,,,1.0,10,600,600,False,False,False,
hai-test2.csv,23,P3_PIT01,True,3_sigma_from_pre_median,25.0,25.0,300,1298.3940193880667,False,3.0,3,True,False,28.0,3.076107822710376,1.0,10,600,600,True,False,False,1.0
hai-test2.csv,23,P4_HT_FD,True,3_sigma_from_pre_median,-0.00022,-0.00014,300,0.002085799588224817,False,3.0,3,False,False,,4.4731047281203935,1.0,10,600,600,False,False,False,
hai-test2.csv,23,P4_HT_PO,True,3_sigma_from_pre_median,67.56366,76.15381,300,31.369744436378745,False,3.0,3,False,False,,2.153784202387318,1.0,10,600,600,False,False,False,
hai-test2.csv,23,P4_HT_PS,True,3_sigma_from_pre_median,3.63969,3.63969,300,1.9005221520029272,False,3.0,3,False,False,,0.0,1.0,10,600,600,False,False,False,
hai-test2.csv,23,P4_LD,True,3_sigma_from_pre_median,404.80325500000004,457.15784,300,61.17702962605878,False,3.0,3,False,False,,2.0760637738760095,1.0,10,600,600,False,False,False,
hai-test2.csv,23,P4_ST_FD,True,3_sigma_from_pre_median,7e-05,-0.00043,300,0.0016455065627984334,False,3.0,3,False,False,,3.075040911046081,1.0,10,600,600,False,False,False,
hai-test2.csv,23,P4_ST_GOV,True,3_sigma_from_pre_median,18937.5,16073.0,300,1755.4259694594575,False,3.0,3,False,False,,1.992963566032512,1.0,10,600,600,False,False,False,
hai-test2.csv,23,P4_ST_LD,True,3_sigma_from_pre_median,348.94928,314.1095,300,36.05910881852627,False,3.0,3,False,False,,2.0013306585913964,1.0,10,600,600,False,False,False,
hai-test2.csv,23,P4_ST_PO,True,3_sigma_from_pre_median,346.89673000000005,381.47424,300,32.463425616521704,False,3.0,3,False,False,,1.9920932178853998,1.0,10,600,600,False,False,False,
hai-test2.csv,23,P4_ST_PS,True,3_sigma_from_pre_median,0.84523,0.84523,300,10.589736200432041,False,3.0,3,False,False,,0.0,1.0,10,600,600,False,False,False,
hai-test2.csv,23,P4_ST_PT01,True,3_sigma_from_pre_median,9998.0,9998.0,300,30.94037172182327,False,3.0,3,False,False,,1.8745734705924906,1.0,10,600,600,False,False,False,
hai-test2.csv,23,P4_ST_TT01,True,3_sigma_from_pre_median,27035.0,27012.0,300,125.87160191980817,False,3.0,3,False,False,,0.7944603744990012,1.0,10,600,600,False,False,False,
hai-test2.csv,23,x1001_05_SETPOINT_OUT,True,3_sigma_from_pre_median,0.12409,0.12409,300,0.042114897148061825,False,3.0,3,False,False,,0.0,1.0,10,600,600,False,False,False,
hai-test2.csv,23,x1001_15_ASSIGN_OUT,True,3_sigma_from_pre_median,1.15397,1.05646,300,0.10307475471232287,False,3.0,3,False,False,,1.8608824297989672,1.0,10,600,600,False,False,False,
hai-test2.csv,23,x1002_07_SETPOINT_OUT,True,3_sigma_from_pre_median,379.08755,379.08755,300,24.671699804613976,False,3.0,3,False,False,,0.0,1.0,10,600,600,False,False,False,
hai-test2.csv,23,x1002_08_SETPOINT_OUT,True,3_sigma_from_pre_median,1030.73999,1030.73999,300,22.76031945742657,False,3.0,3,False,False,,0.0,1.0,10,600,600,False,False,False,
hai-test2.csv,23,x1003_10_SETPOINT_OUT,True,3_sigma_from_pre_median,3151.90027,3143.32959,300,1200.880152569592,False,3.0,3,False,False,,0.015264171000559077,1.0,10,600,600,False,False,False,
hai-test2.csv,23,x1003_18_SETPOINT_OUT,True,3_sigma_from_pre_median,26.71768,26.71768,300,0.8117389494981301,False,3.0,3,False,False,,0.0,1.0,10,600,600,False,False,False,
hai-test2.csv,23,x1003_24_SUM_OUT,True,3_sigma_from_pre_median,30.65327,30.32559,300,0.8617764720875876,False,3.0,3,False,False,,0.7449843675179237,1.0,10,600,600,False,False,False,
hai-test2.csv,24,P1_FCV01D,True,3_sigma_from_pre_median,65.296105,53.46727,300,21.696137110751636,False,3.0,3,False,False,,1.1947571527446885,1.0,10,600,600,False,False,False,
hai-test2.csv,24,P1_FCV01Z,True,3_sigma_from_pre_median,65.82794000000001,67.48351,300,21.93007692173577,False,3.0,3,False,False,,1.1637132004177246,1.0,10,600,600,False,False,False,
hai-test2.csv,24,P1_FCV02D,True,3_sigma_from_pre_median,15.0,15.0,300,41.89070266671058,False,3.0,3,False,False,,0.0,1.0,10,600,600,False,False,False,
hai-test2.csv,24,P1_FCV02Z,True,3_sigma_from_pre_median,12.31537,12.31537,300,39.02001795893345,False,3.0,3,False,False,,0.0003910813166734051,1.0,10,600,600,False,False,False,
hai-test2.csv,24,P1_FCV03D,True,3_sigma_from_pre_median,54.842330000000004,54.83895,300,2.3390876027010608,False,3.0,3,False,False,,1.0170504077114857,1.0,10,600,600,False,False,False,
hai-test2.csv,24,P1_FCV03Z,True,3_sigma_from_pre_median,55.87921,55.87921,300,2.4048024631317655,False,3.0,3,False,False,,0.9295607578049614,1.0,10,600,600,False,False,False,
hai-test2.csv,24,P1_FT01,True,3_sigma_from_pre_median,66.0324,63.93431,300,10.923609818121934,False,3.0,3,True,False,85.0,4.819181651166916,1.0,10,600,600,True,False,False,10.0
hai-test2.csv,24,P1_FT01Z,True,3_sigma_from_pre_median,343.80869,332.88461,300,46.328484692484196,False,3.0,3,True,False,80.0,5.916313296654528,1.0,10,600,600,True,False,False,12.0
hai-test2.csv,24,P1_FT02,True,3_sigma_from_pre_median,2436.0083050000003,2446.21265,300,917.5366466123356,False,3.0,3,False,False,,0.8923123212820488,1.0,10,600,600,False,False,False,
hai-test2.csv,24,P1_FT02Z,True,3_sigma_from_pre_median,3148.08398,3154.71558,300,1200.8789655934509,False,3.0,3,False,False,,0.4625756016348274,1.0,10,600,600,False,False,False,
hai-test2.csv,24,P1_FT03,True,3_sigma_from_pre_median,263.44296,263.44296,300,11.046936280510804,False,3.0,3,False,False,,0.8632927499387245,1.0,10,600,600,False,False,False,
hai-test2.csv,24,P1_FT03Z,True,3_sigma_from_pre_median,1031.47668,1031.47668,300,23.168311167308214,False,3.0,3,False,False,,0.6882456768148008,1.0,10,600,600,False,False,False,
hai-test2.csv,24,P1_LCV01D,True,3_sigma_from_pre_median,16.09753,14.99353,300,3.266506894832349,False,3.0,3,True,False,74.0,3.2194054194824333,1.0,10,600,600,True,False,False,1.0
hai-test2.csv,24,P1_LCV01Z,True,3_sigma_from_pre_median,16.22162,16.22162,300,3.187700744620662,False,3.0,3,True,False,72.0,3.463229733415185,1.0,10,600,600,True,False,False,1.0
hai-test2.csv,24,P1_LIT01,True,3_sigma_from_pre_median,380.83142,381.39374,300,26.00444265493099,False,3.0,3,False,False,,1.3720578623220132,1.0,10,600,600,False,False,False,
hai-test2.csv,24,P1_PCV01D,True,3_sigma_from_pre_median,29.001725,28.60683,300,2.467222143847526,False,3.0,3,True,False,88.0,3.3373707432600206,1.0,10,600,600,True,False,False,29.0
hai-test2.csv,24,P1_PCV01Z,True,3_sigma_from_pre_median,29.22974,30.29785,300,2.497731488619918,False,3.0,3,False,False,,3.0239839768258467,1.0,10,600,600,False,False,False,
hai-test2.csv,24,P1_PCV02D,True,3_sigma_from_pre_median,12.0,12.0,300,0.06927210836219852,False,3.0,3,False,False,,0.0,1.0,10,600,600,False,False,False,
hai-test2.csv,24,P1_PCV02Z,True,3_sigma_from_pre_median,11.92627,11.92627,300,0.11872654359448429,False,3.0,3,False,False,,0.12853065151229015,1.0,10,600,600,False,False,False,
hai-test2.csv,24,P1_PIT01,True,3_sigma_from_pre_median,1.14838,1.14838,300,0.10877020856385412,False,3.0,3,True,False,85.0,4.706527704223982,1.0,10,600,600,True,False,False,91.0
hai-test2.csv,24,P1_PIT01_HH,True,change_from_pre_mode,524320.0,524320.0,300,0.0,True,3.0,3,False,False,,,1.0,10,600,600,False,False,False,
hai-test2.csv,24,P1_PIT02,True,3_sigma_from_pre_median,0.38696,0.38391,300,0.3667252175292831,False,3.0,3,False,False,,0.9590832132287577,1.0,10,600,600,False,False,False,
hai-test2.csv,24,P1_PP01AD,True,change_from_pre_mode,0.0,0.0,300,0.0,True,3.0,3,False,False,,,1.0,10,600,600,False,False,False,
hai-test2.csv,24,P1_PP01AR,True,change_from_pre_mode,0.0,0.0,300,0.0,True,3.0,3,False,False,,,1.0,10,600,600,False,False,False,
hai-test2.csv,24,P1_PP01BD,True,change_from_pre_mode,1.0,1.0,300,0.0,True,3.0,3,False,False,,,1.0,10,600,600,False,False,False,
hai-test2.csv,24,P1_PP01BR,True,change_from_pre_mode,1.0,1.0,300,0.0,True,3.0,3,False,False,,,1.0,10,600,600,False,False,False,
hai-test2.csv,24,P1_PP02D,True,change_from_pre_mode,1.0,1.0,300,0.0,True,3.0,3,False,False,,,1.0,10,600,600,False,False,False,
hai-test2.csv,24,P1_PP02R,True,change_from_pre_mode,1.0,1.0,300,0.0,True,3.0,3,False,False,,,1.0,10,600,600,False,False,False,
hai-test2.csv,24,P1_PP04,True,3_sigma_from_pre_median,0.0,0.0,300,17.14859399100902,False,3.0,3,False,False,,0.0,1.0,10,600,600,False,False,False,
hai-test2.csv,24,P1_PP04D,True,3_sigma_from_pre_median,0.0,0.0,300,0.49507705153684806,False,3.0,3,False,False,,0.0,1.0,10,600,600,False,False,False,
hai-test2.csv,24,P1_PP04SP,True,3_sigma_from_pre_median,27.91761,27.91761,300,0.2822382025676734,False,3.0,3,False,False,,0.0,1.0,10,600,600,False,False,False,
hai-test2.csv,24,P1_SOL01D,True,change_from_pre_mode,524320.0,524320.0,300,0.0,True,3.0,3,False,False,,,1.0,10,600,600,False,False,False,
hai-test2.csv,24,P1_SOL03D,True,change_from_pre_mode,524320.0,524320.0,300,0.0,True,3.0,3,False,False,,,1.0,10,600,600,False,False,False,
hai-test2.csv,24,P1_STSP,True,change_from_pre_mode,1.0,1.0,300,0.0,True,3.0,3,False,False,,,1.0,10,600,600,False,False,False,
hai-test2.csv,24,P1_TIT01,True,3_sigma_from_pre_median,30.9967,31.14929,300,1.3020195632059774,False,3.0,3,False,False,,0.7617627476793098,1.0,10,600,600,False,False,False,
hai-test2.csv,24,P1_TIT02,True,3_sigma_from_pre_median,35.20813,34.84191,300,2.1887095681347657,False,3.0,3,False,False,,0.3973802703943085,1.0,10,600,600,False,False,False,
hai-test2.csv,24,P1_TIT03,True,3_sigma_from_pre_median,26.91428,26.91428,300,1.2331199100797272,False,3.0,3,False,False,,0.6732759670925419,1.0,10,600,600,False,False,False,
hai-test2.csv,24,P2_24Vdc,True,3_sigma_from_pre_median,28.034275,28.03426,300,0.0035064224696394683,False,3.0,3,False,False,,2.2316192836868813,1.0,10,600,600,False,False,False,
hai-test2.csv,24,P2_ATSW_Lamp,True,3_sigma_from_pre_median,1.0,1.0,300,0.386321898014947,False,3.0,3,False,False,,0.0,1.0,10,600,600,False,False,False,
hai-test2.csv,24,P2_AutoGO,True,3_sigma_from_pre_median,1.0,1.0,300,0.386321898014947,False,3.0,3,False,False,,0.0,1.0,10,600,600,False,False,False,
hai-test2.csv,24,P2_AutoSD,True,3_sigma_from_pre_median,120.97295,120.97295,300,9.050891107102233,False,3.0,3,False,False,,0.0,1.0,10,600,600,False,False,False,
hai-test2.csv,24,P2_Emerg,True,change_from_pre_mode,0.0,0.0,300,0.0,True,3.0,3,False,False,,,1.0,10,600,600,False,False,False,
hai-test2.csv,24,P2_MASW,True,3_sigma_from_pre_median,0.0,0.0,300,0.38632189801494704,False,3.0,3,False,False,,0.0,1.0,10,600,600,False,False,False,
hai-test2.csv,24,P2_MASW_Lamp,True,3_sigma_from_pre_median,0.0,0.0,300,0.38632189801494704,False,3.0,3,False,False,,0.0,1.0,10,600,600,False,False,False,
hai-test2.csv,24,P2_ManualGO,True,3_sigma_from_pre_median,0.0,0.0,300,0.38632189801494704,False,3.0,3,False,False,,0.0,1.0,10,600,600,False,False,False,
hai-test2.csv,24,P2_ManualSD,True,3_sigma_from_pre_median,12.41142,12.41142,300,4.414306207493221,False,3.0,3,False,False,,0.0,1.0,10,600,600,False,False,False,
hai-test2.csv,24,P2_OnOff,True,change_from_pre_mode,1.0,1.0,300,0.0,True,3.0,3,False,False,,,1.0,10,600,600,False,False,False,
hai-test2.csv,24,P2_RTR,True,change_from_pre_mode,2880.0,2880.0,300,0.0,True,3.0,3,False,False,,,1.0,10,600,600,False,False,False,
hai-test2.csv,24,P2_SCO,True,3_sigma_from_pre_median,54787.0,54787.0,300,179.70028495841728,False,3.0,3,True,False,29.0,5.865321806495165,1.0,10,600,600,True,False,False,1.0
hai-test2.csv,24,P2_SCST,True,3_sigma_from_pre_median,720.5085750000001,720.60883,300,0.25187557511890135,False,3.0,3,False,False,,1.6219714825745237,1.0,10,600,600,False,False,False,
hai-test2.csv,24,P2_SIT01,True,3_sigma_from_pre_median,922.0,923.0,300,34.040295273317895,False,3.0,3,True,False,29.0,6.081028332390955,1.0,10,600,600,True,False,False,1.0
hai-test2.csv,24,P2_TripEx,True,change_from_pre_mode,1.0,1.0,300,0.0,True,3.0,3,False,False,,,1.0,10,600,600,False,False,False,
hai-test2.csv,24,P2_VIBTR01,True,3_sigma_from_pre_median,6.8345,6.36,300,0.39473789413008264,False,3.0,3,False,False,,1.2243567369306891,1.0,10,600,600,False,False,False,
hai-test2.csv,24,P2_VIBTR02,True,3_sigma_from_pre_median,-3.261,-3.6512,300,0.36541918293693737,False,3.0,3,False,False,,1.3083604318673894,1.0,10,600,600,False,False,False,
hai-test2.csv,24,P2_VIBTR03,True,3_sigma_from_pre_median,9.86055,9.6136,300,0.29310264016502074,False,3.0,3,False,False,,1.4245862806452854,1.0,10,600,600,False,False,False,
hai-test2.csv,24,P2_VIBTR04,True,3_sigma_from_pre_median,-1.3190499999999998,-1.5708,300,0.2638662725045679,False,3.0,3,False,False,,0.8832125371231967,1.0,10,600,600,False,False,False,
hai-test2.csv,24,P2_VT01,True,3_sigma_from_pre_median,11.952585,11.90795,300,0.046671016450741364,False,3.0,3,False,False,,1.3819069072144958,1.0,10,600,600,False,False,False,
hai-test2.csv,24,P2_VTR01,True,change_from_pre_mode,50.0,50.0,300,0.0,True,3.0,3,False,False,,,1.0,10,600,600,False,False,False,
hai-test2.csv,24,P2_VTR02,True,change_from_pre_mode,50.0,50.0,300,0.0,True,3.0,3,False,False,,,1.0,10,600,600,False,False,False,
hai-test2.csv,24,P2_VTR03,True,change_from_pre_mode,50.0,50.0,300,0.0,True,3.0,3,False,False,,,1.0,10,600,600,False,False,False,
hai-test2.csv,24,P2_VTR04,True,change_from_pre_mode,50.0,50.0,300,0.0,True,3.0,3,False,False,,,1.0,10,600,600,False,False,False,
hai-test2.csv,24,P3_FIT01,True,3_sigma_from_pre_median,29.0,29.0,300,1688.0235925813643,False,3.0,3,True,False,30.0,3.1048144250077354,1.0,10,600,600,True,False,False,45.0
hai-test2.csv,24,P3_LCP01D,True,3_sigma_from_pre_median,1764.0,72.0,300,5147.799146350213,False,3.0,3,False,False,,2.223085958610835,1.0,10,600,600,False,False,False,
hai-test2.csv,24,P3_LCV01D,True,3_sigma_from_pre_median,9832.0,-160.0,300,6818.667649961868,False,3.0,3,False,False,,1.4583494181675813,1.0,10,600,600,False,False,False,
hai-test2.csv,24,P3_LH01,True,change_from_pre_mode,70.0,70.0,300,0.0,True,3.0,3,False,False,,,1.0,10,600,600,False,False,False,
hai-test2.csv,24,P3_LIT01,True,3_sigma_from_pre_median,17536.0,18602.0,300,3086.289589129662,False,3.0,3,False,False,,0.4464908299122371,1.0,10,600,600,False,False,False,
hai-test2.csv,24,P3_LL01,True,change_from_pre_mode,30.0,30.0,300,0.0,True,3.0,3,False,False,,,1.0,10,600,600,False,False,False,
hai-test2.csv,24,P3_PIT01,True,3_sigma_from_pre_median,24.0,24.0,300,1298.3940193880667,False,3.0,3,False,False,,2.8119353181561304,1.0,10,600,600,False,False,False,
hai-test2.csv,24,P4_HT_FD,True,3_sigma_from_pre_median,-0.00010499999999999999,-0.00029,300,0.002085799588224817,False,3.0,3,True,False,58.0,8.756833639776955,1.0,10,600,600,True,False,False,1.0
hai-test2.csv,24,P4_HT_PO,True,3_sigma_from_pre_median,45.681425000000004,0.05423,300,31.369744436378745,False,3.0,3,False,False,,1.4527671748307314,1.0,10,600,600,False,False,False,
hai-test2.csv,24,P4_HT_PS,True,3_sigma_from_pre_median,3.63969,3.63969,300,1.9005221520029272,False,3.0,3,False,False,,0.0,1.0,10,600,600,False,False,False,
hai-test2.csv,24,P4_LD,True,3_sigma_from_pre_median,366.69922,312.02979,300,61.17702962605878,False,3.0,3,False,False,,1.5377585439344037,1.0,10,600,600,False,False,False,
hai-test2.csv,24,P4_ST_FD,True,3_sigma_from_pre_median,0.0,0.00029,300,0.0016455065627984334,False,3.0,3,False,False,,3.208738341961128,1.0,10,600,600,False,False,False,
hai-test2.csv,24,P4_ST_GOV,True,3_sigma_from_pre_median,18660.5,16233.0,300,1755.4259694594575,False,3.0,3,False,False,,1.9211861158909953,1.0,10,600,600,False,False,False,
hai-test2.csv,24,P4_ST_LD,True,3_sigma_from_pre_median,341.552735,354.6911,300,36.05910881852627,False,3.0,3,False,False,,1.947667241402177,1.0,10,600,600,False,False,False,
hai-test2.csv,24,P4_ST_PO,True,3_sigma_from_pre_median,341.97769500000004,296.94739,300,32.463425616521704,False,3.0,3,False,False,,1.9263575489141642,1.0,10,600,600,False,False,False,
hai-test2.csv,24,P4_ST_PS,True,3_sigma_from_pre_median,0.84523,0.84523,300,10.589736200432041,False,3.0,3,False,False,,0.0,1.0,10,600,600,False,False,False,
hai-test2.csv,24,P4_ST_PT01,True,3_sigma_from_pre_median,9977.0,9970.0,300,30.94037172182327,False,3.0,3,True,False,87.0,4.944995534493984,1.0,10,600,600,True,False,False,94.0
hai-test2.csv,24,P4_ST_TT01,True,3_sigma_from_pre_median,27166.5,27150.0,300,125.87160191980817,False,3.0,3,False,False,,0.7825434688815162,1.0,10,600,600,False,False,False,
hai-test2.csv,24,x1001_05_SETPOINT_OUT,True,3_sigma_from_pre_median,0.11795,0.11795,300,0.042114897148061825,False,3.0,3,False,False,,0.0,1.0,10,600,600,False,False,False,
hai-test2.csv,24,x1001_15_ASSIGN_OUT,True,3_sigma_from_pre_median,1.13141,1.1658,300,0.10307475471232287,False,3.0,3,False,False,,1.7914182819580804,1.0,10,600,600,False,False,False,
hai-test2.csv,24,x1002_07_SETPOINT_OUT,True,3_sigma_from_pre_median,379.08755,379.08755,300,24.671699804613976,False,3.0,3,False,False,,0.0,1.0,10,600,600,False,False,False,
hai-test2.csv,24,x1002_08_SETPOINT_OUT,True,3_sigma_from_pre_median,1030.73999,1030.73999,300,22.76031945742657,False,3.0,3,False,False,,0.0,1.0,10,600,600,False,False,False,
hai-test2.csv,24,x1003_10_SETPOINT_OUT,True,3_sigma_from_pre_median,3148.08398,3154.71558,300,1200.880152569592,False,3.0,3,False,False,,0.46257514441501124,1.0,10,600,600,False,False,False,
hai-test2.csv,24,x1003_18_SETPOINT_OUT,True,3_sigma_from_pre_median,26.71768,26.71768,300,0.8117389494981301,False,3.0,3,False,False,,0.0,1.0,10,600,600,False,False,False,
hai-test2.csv,24,x1003_24_SUM_OUT,True,3_sigma_from_pre_median,30.595860000000002,30.3336,300,0.8617764720875876,False,3.0,3,False,False,,0.7142223301931174,1.0,10,600,600,False,False,False,
hai-test2.csv,25,P1_FCV01D,True,3_sigma_from_pre_median,19.120155,14.67767,300,21.696137110751636,False,3.0,3,False,False,,0.6868801079163033,1.0,10,600,600,False,False,False,
hai-test2.csv,25,P1_FCV01Z,True,3_sigma_from_pre_median,18.14423,18.14423,300,21.93007692173577,False,3.0,3,False,False,,0.6930094251031517,1.0,10,600,600,False,False,False,
hai-test2.csv,25,P1_FCV02D,True,3_sigma_from_pre_median,15.0,15.0,300,41.89070266671058,False,3.0,3,False,False,,0.0,1.0,10,600,600,False,False,False,
hai-test2.csv,25,P1_FCV02Z,True,3_sigma_from_pre_median,12.69684,12.68921,300,39.02001795893345,False,3.0,3,False,False,,0.0003910813166734051,1.0,10,600,600,False,False,False,
hai-test2.csv,25,P1_FCV03D,True,3_sigma_from_pre_median,56.010995,54.94416,300,2.3390876027010608,False,3.0,3,False,False,,0.1609024816194966,1.0,10,600,600,False,False,False,
hai-test2.csv,25,P1_FCV03Z,True,3_sigma_from_pre_median,56.23016,56.23016,300,2.4048024631317655,False,3.0,3,False,False,,0.006345635549679159,1.0,10,600,600,False,False,False,
hai-test2.csv,25,P1_FT01,True,3_sigma_from_pre_median,66.0324,67.55824,300,10.923609818121934,False,3.0,3,False,False,,1.7286153857925384,1.0,10,600,600,False,False,False,
hai-test2.csv,25,P1_FT01Z,True,3_sigma_from_pre_median,343.80869,355.72568,300,46.328484692484196,False,3.0,3,False,False,,2.1221501340394506,1.0,10,600,600,False,False,False,
hai-test2.csv,25,P1_FT02,True,3_sigma_from_pre_median,422.420485,400.77206,300,917.5366466123356,False,3.0,3,False,False,,0.8422141806031823,1.0,10,600,600,False,False,False,
hai-test2.csv,25,P1_FT02Z,True,3_sigma_from_pre_median,1295.3736600000002,1261.09094,300,1200.8789655934509,False,3.0,3,False,False,,0.7562969258531184,1.0,10,600,600,False,False,False,
hai-test2.csv,25,P1_FT03,True,3_sigma_from_pre_median,262.29858,262.29858,300,11.046936280510804,False,3.0,3,False,False,,0.310785715860147,1.0,10,600,600,False,False,False,
hai-test2.csv,25,P1_FT03Z,True,3_sigma_from_pre_median,1029.56323,1029.56323,300,23.168311167308214,False,3.0,3,False,False,,0.24776773578990857,1.0,10,600,600,False,False,False,
hai-test2.csv,25,P1_LCV01D,True,3_sigma_from_pre_median,15.777899999999999,15.0952,300,3.266506894832349,False,3.0,3,False,False,,1.6387230066675662,1.0,10,600,600,False,False,False,
hai-test2.csv,25,P1_LCV01Z,True,3_sigma_from_pre_median,15.74096,15.74096,300,3.187700744620662,False,3.0,3,False,False,,1.684944864747385,1.0,10,600,600,False,False,False,
hai-test2.csv,25,P1_LIT01,True,3_sigma_from_pre_median,368.94673,370.65918,300,26.00444265493099,False,3.0,3,False,False,,0.28011252141252047,1.0,10,600,600,False,False,False,
hai-test2.csv,25,P1_PCV01D,True,3_sigma_from_pre_median,29.977915,28.24661,300,2.467222143847526,False,3.0,3,False,False,,0.7020871648382265,1.0,10,600,600,False,False,False,
hai-test2.csv,25,P1_PCV01Z,True,3_sigma_from_pre_median,30.18341,31.12182,300,2.497731488619918,False,3.0,3,False,False,,0.7575233801634315,1.0,10,600,600,False,False,False,
hai-test2.csv,25,P1_PCV02D,True,3_sigma_from_pre_median,12.0,12.0,300,0.06927210836219852,False,3.0,3,False,False,,0.0,1.0,10,600,600,False,False,False,
hai-test2.csv,25,P1_PCV02Z,True,3_sigma_from_pre_median,11.92627,11.92627,300,0.11872654359448429,False,3.0,3,False,False,,0.12853065151229015,1.0,10,600,600,False,False,False,
hai-test2.csv,25,P1_PIT01,True,3_sigma_from_pre_median,1.16516,1.17355,300,0.10877020856385412,False,3.0,3,False,False,,1.6133094007720277,1.0,10,600,600,False,False,False,
hai-test2.csv,25,P1_PIT01_HH,True,change_from_pre_mode,524320.0,524320.0,300,0.0,True,3.0,3,False,False,,,1.0,10,600,600,False,False,False,
hai-test2.csv,25,P1_PIT02,True,3_sigma_from_pre_median,1.40472,1.48941,300,0.3667252175292831,False,3.0,3,False,False,,1.113013178504441,1.0,10,600,600,False,False,False,
hai-test2.csv,25,P1_PP01AD,True,change_from_pre_mode,0.0,0.0,300,0.0,True,3.0,3,False,False,,,1.0,10,600,600,False,False,False,
hai-test2.csv,25,P1_PP01AR,True,change_from_pre_mode,0.0,0.0,300,0.0,True,3.0,3,False,False,,,1.0,10,600,600,False,False,False,
hai-test2.csv,25,P1_PP01BD,True,change_from_pre_mode,1.0,1.0,300,0.0,True,3.0,3,False,False,,,1.0,10,600,600,False,False,False,
hai-test2.csv,25,P1_PP01BR,True,change_from_pre_mode,1.0,1.0,300,0.0,True,3.0,3,False,False,,,1.0,10,600,600,False,False,False,
hai-test2.csv,25,P1_PP02D,True,change_from_pre_mode,1.0,1.0,300,0.0,True,3.0,3,False,False,,,1.0,10,600,600,False,False,False,
hai-test2.csv,25,P1_PP02R,True,change_from_pre_mode,1.0,1.0,300,0.0,True,3.0,3,False,False,,,1.0,10,600,600,False,False,False,
hai-test2.csv,25,P1_PP04,True,3_sigma_from_pre_median,40.0,40.0,300,17.14859399100902,False,3.0,3,False,False,,0.04460015791387927,1.0,10,600,600,False,False,False,
hai-test2.csv,25,P1_PP04D,True,3_sigma_from_pre_median,1.0,1.0,300,0.49507705153684806,False,3.0,3,False,False,,0.0,1.0,10,600,600,False,False,False,
hai-test2.csv,25,P1_PP04SP,True,3_sigma_from_pre_median,27.91761,27.91761,300,0.2822382025676734,False,3.0,3,False,False,,0.0,1.0,10,600,600,False,False,False,
hai-test2.csv,25,P1_SOL01D,True,change_from_pre_mode,524320.0,524320.0,300,0.0,True,3.0,3,False,False,,,1.0,10,600,600,False,False,False,
hai-test2.csv,25,P1_SOL03D,True,change_from_pre_mode,524320.0,524320.0,300,0.0,True,3.0,3,False,False,,,1.0,10,600,600,False,False,False,
hai-test2.csv,25,P1_STSP,True,change_from_pre_mode,1.0,1.0,300,0.0,True,3.0,3,False,False,,,1.0,10,600,600,False,False,False,
hai-test2.csv,25,P1_TIT01,True,3_sigma_from_pre_median,29.72259,29.76074,300,1.3020195632059774,False,3.0,3,False,False,,0.29884343599409047,1.0,10,600,600,False,False,False,
hai-test2.csv,25,P1_TIT02,True,3_sigma_from_pre_median,34.895325,34.552,300,2.1887095681347657,False,3.0,3,False,False,,0.7006434395527691,1.0,10,600,600,False,False,False,
hai-test2.csv,25,P1_TIT03,True,3_sigma_from_pre_median,28.20267,28.20267,300,1.2331199100797272,False,3.0,3,False,False,,0.5354548204134583,1.0,10,600,600,False,False,False,
hai-test2.csv,25,P2_24Vdc,True,3_sigma_from_pre_median,28.03341,28.03169,300,0.0035064224696394683,False,3.0,3,False,False,,2.207378051850704,1.0,10,600,600,False,False,False,
hai-test2.csv,25,P2_ATSW_Lamp,True,3_sigma_from_pre_median,1.0,1.0,300,0.386321898014947,False,3.0,3,False,False,,0.0,1.0,10,600,600,False,False,False,
hai-test2.csv,25,P2_AutoGO,True,3_sigma_from_pre_median,1.0,1.0,300,0.386321898014947,False,3.0,3,False,False,,0.0,1.0,10,600,600,False,False,False,
hai-test2.csv,25,P2_AutoSD,True,3_sigma_from_pre_median,120.97295,120.97295,300,9.050891107102233,False,3.0,3,True,False,24.0,13.365860727798674,1.0,10,600,600,True,False,False,1.0
hai-test2.csv,25,P2_Emerg,True,change_from_pre_mode,0.0,0.0,300,0.0,True,3.0,3,True,False,24.0,,1.0,10,600,600,True,False,False,1.0
hai-test2.csv,25,P2_MASW,True,3_sigma_from_pre_median,0.0,0.0,300,0.38632189801494704,False,3.0,3,False,False,,0.0,1.0,10,600,600,False,False,False,
hai-test2.csv,25,P2_MASW_Lamp,True,3_sigma_from_pre_median,0.0,0.0,300,0.38632189801494704,False,3.0,3,False,False,,0.0,1.0,10,600,600,False,False,False,
hai-test2.csv,25,P2_ManualGO,True,3_sigma_from_pre_median,0.0,0.0,300,0.38632189801494704,False,3.0,3,False,False,,0.0,1.0,10,600,600,False,False,False,
hai-test2.csv,25,P2_ManualSD,True,3_sigma_from_pre_median,12.41142,12.41142,300,4.414306207493221,False,3.0,3,False,False,,2.8116354907441163,1.0,10,600,600,False,False,False,
hai-test2.csv,25,P2_OnOff,True,change_from_pre_mode,1.0,1.0,300,0.0,True,3.0,3,True,False,24.0,,1.0,10,600,600,True,False,False,1.0
hai-test2.csv,25,P2_RTR,True,change_from_pre_mode,2880.0,2880.0,300,0.0,True,3.0,3,False,False,,,1.0,10,600,600,False,False,False,
hai-test2.csv,25,P2_SCO,True,3_sigma_from_pre_median,54786.0,54786.0,300,179.70028495841728,False,3.0,3,True,False,24.0,17.462409704726593,1.0,10,600,600,True,False,False,8.0
hai-test2.csv,25,P2_SCST,True,3_sigma_from_pre_median,720.45502,720.41858,300,0.25187557511890135,False,3.0,3,False,False,,0.8401370394893225,1.0,10,600,600,False,False,False,
hai-test2.csv,25,P2_SIT01,True,3_sigma_from_pre_median,921.0,921.0,300,34.040295273317895,False,3.0,3,True,False,25.0,27.0561695368699,1.0,10,600,600,True,False,False,9.0
hai-test2.csv,25,P2_TripEx,True,change_from_pre_mode,1.0,1.0,300,0.0,True,3.0,3,False,False,,,1.0,10,600,600,False,False,False,
hai-test2.csv,25,P2_VIBTR01,True,3_sigma_from_pre_median,6.78335,6.2473,300,0.39473789413008264,False,3.0,3,True,False,25.0,17.184440867905636,1.0,10,600,600,True,False,False,7.0
hai-test2.csv,25,P2_VIBTR02,True,3_sigma_from_pre_median,-3.2965999999999998,-3.7505,300,0.36541918293693737,False,3.0,3,True,False,25.0,9.02142020433808,1.0,10,600,600,False,True,True,
hai-test2.csv,25,P2_VIBTR03,True,3_sigma_from_pre_median,9.7835,9.5038,300,0.29310264016502074,False,3.0,3,True,False,25.0,33.379092028962134,1.0,10,600,600,True,False,False,165.0
hai-test2.csv,25,P2_VIBTR04,True,3_sigma_from_pre_median,-1.3948,-1.6271,300,0.2638662725045679,False,3.0,3,True,False,25.0,5.286010928038762,1.0,10,600,600,False,True,True,
hai-test2.csv,25,P2_VT01,True,3_sigma_from_pre_median,11.942615,11.90761,300,0.046671016450741364,False,3.0,3,True,False,25.0,255.8888986830775,1.0,10,600,600,True,False,False,87.0
hai-test2.csv,25,P2_VTR01,True,change_from_pre_mode,50.0,50.0,300,0.0,True,3.0,3,False,False,,,1.0,10,600,600,False,False,False,
hai-test2.csv,25,P2_VTR02,True,change_from_pre_mode,50.0,50.0,300,0.0,True,3.0,3,False,False,,,1.0,10,600,600,False,False,False,
hai-test2.csv,25,P2_VTR03,True,change_from_pre_mode,50.0,50.0,300,0.0,True,3.0,3,False,False,,,1.0,10,600,600,False,False,False,
hai-test2.csv,25,P2_VTR04,True,change_from_pre_mode,50.0,50.0,300,0.0,True,3.0,3,False,False,,,1.0,10,600,600,False,False,False,
hai-test2.csv,25,P3_FIT01,True,3_sigma_from_pre_median,29.0,28.0,300,1688.0235925813643,False,3.0,3,False,False,,0.06161051329914224,1.0,10,600,600,False,False,False,
hai-test2.csv,25,P3_LCP01D,True,3_sigma_from_pre_median,-8.0,-8.0,300,5147.799146350213,False,3.0,3,False,False,,0.0,1.0,10,600,600,False,False,False,
hai-test2.csv,25,P3_LCV01D,True,3_sigma_from_pre_median,14856.0,13792.0,300,6818.667649961868,False,3.0,3,False,False,,0.7051230895564895,1.0,10,600,600,False,False,False,
hai-test2.csv,25,P3_LH01,True,change_from_pre_mode,70.0,70.0,300,0.0,True,3.0,3,False,False,,,1.0,10,600,600,False,False,False,
hai-test2.csv,25,P3_LIT01,True,3_sigma_from_pre_median,16339.5,17944.0,300,3086.289589129662,False,3.0,3,False,False,,1.0677870319127556,1.0,10,600,600,False,False,False,
hai-test2.csv,25,P3_LL01,True,change_from_pre_mode,30.0,30.0,300,0.0,True,3.0,3,False,False,,,1.0,10,600,600,False,False,False,
hai-test2.csv,25,P3_PIT01,True,3_sigma_from_pre_median,24.0,24.0,300,1298.3940193880667,False,3.0,3,False,False,,0.0007701822290211257,1.0,10,600,600,False,False,False,
hai-test2.csv,25,P4_HT_FD,True,3_sigma_from_pre_median,-0.00014,-0.00036,300,0.002085799588224817,False,3.0,3,False,False,,10.854350594281428,1.0,10,600,600,False,False,False,
hai-test2.csv,25,P4_HT_PO,True,3_sigma_from_pre_median,68.929045,64.14569,300,31.369744436378745,False,3.0,3,False,False,,0.5052972309719527,1.0,10,600,600,False,False,False,
hai-test2.csv,25,P4_HT_PS,True,3_sigma_from_pre_median,3.63969,3.63969,300,1.9005221520029272,False,3.0,3,False,False,,0.0,1.0,10,600,600,False,False,False,
hai-test2.csv,25,P4_LD,True,3_sigma_from_pre_median,418.61075,382.61359,300,61.17702962605878,False,3.0,3,False,False,,1.1305576688303125,1.0,10,600,600,False,False,False,
hai-test2.csv,25,P4_ST_FD,True,3_sigma_from_pre_median,-0.00014,-0.00014,300,0.0016455065627984334,False,3.0,3,False,False,,2.588868434991365,1.0,10,600,600,False,False,False,
hai-test2.csv,25,P4_ST_GOV,True,3_sigma_from_pre_median,19121.5,17466.0,300,1755.4259694594575,False,3.0,3,False,False,,1.1754981616430151,1.0,10,600,600,False,False,False,
hai-test2.csv,25,P4_ST_LD,True,3_sigma_from_pre_median,348.696135,319.19128,300,36.05910881852627,False,3.0,3,False,False,,1.5238794523886912,1.0,10,600,600,False,False,False,
hai-test2.csv,25,P4_ST_PO,True,3_sigma_from_pre_median,351.056125,333.47803,300,32.463425616521704,False,3.0,3,False,False,,1.1631676042463763,1.0,10,600,600,False,False,False,
hai-test2.csv,25,P4_ST_PS,True,3_sigma_from_pre_median,0.84523,0.84523,300,10.589736200432041,False,3.0,3,False,False,,0.0,1.0,10,600,600,False,False,False,
hai-test2.csv,25,P4_ST_PT01,True,3_sigma_from_pre_median,9996.0,9998.0,300,30.94037172182327,False,3.0,3,False,False,,1.7129723093345173,1.0,10,600,600,False,False,False,
hai-test2.csv,25,P4_ST_TT01,True,3_sigma_from_pre_median,27041.0,27046.0,300,125.87160191980817,False,3.0,3,False,False,,0.30189494230962044,1.0,10,600,600,False,False,False,
hai-test2.csv,25,x1001_05_SETPOINT_OUT,True,3_sigma_from_pre_median,0.11795,0.11795,300,0.042114897148061825,False,3.0,3,False,False,,0.0,1.0,10,600,600,False,False,False,
hai-test2.csv,25,x1001_15_ASSIGN_OUT,True,3_sigma_from_pre_median,1.15853,1.0874,300,0.10307475471232287,False,3.0,3,False,False,,1.0963887356841742,1.0,10,600,600,False,False,False,
hai-test2.csv,25,x1002_07_SETPOINT_OUT,True,3_sigma_from_pre_median,368.48166,368.48166,300,24.671699804613976,False,3.0,3,False,False,,0.0,1.0,10,600,600,False,False,False,
hai-test2.csv,25,x1002_08_SETPOINT_OUT,True,3_sigma_from_pre_median,1030.73999,1030.73999,300,22.76031945742657,False,3.0,3,False,False,,0.0,1.0,10,600,600,False,False,False,
hai-test2.csv,25,x1003_10_SETPOINT_OUT,True,3_sigma_from_pre_median,1295.3736600000002,1261.09094,300,1200.880152569592,False,3.0,3,False,False,,0.7562961783127375,1.0,10,600,600,False,False,False,
hai-test2.csv,25,x1003_18_SETPOINT_OUT,True,3_sigma_from_pre_median,26.71768,26.71768,300,0.8117389494981301,False,3.0,3,False,False,,0.0,1.0,10,600,600,False,False,False,
hai-test2.csv,25,x1003_24_SUM_OUT,True,3_sigma_from_pre_median,30.68627,30.44919,300,0.8617764720875876,False,3.0,3,False,False,,0.43712031159016523,1.0,10,600,600,False,False,False,
hai-test2.csv,26,P1_FCV01D,True,3_sigma_from_pre_median,55.16326,50.27059,300,21.696137110751636,False,3.0,3,False,False,,0.30338349939437526,1.0,10,600,600,False,False,False,
hai-test2.csv,26,P1_FCV01Z,True,3_sigma_from_pre_median,54.79965,58.37402,300,21.93007692173577,False,3.0,3,False,False,,0.3198908068145867,1.0,10,600,600,False,False,False,
hai-test2.csv,26,P1_FCV02D,True,3_sigma_from_pre_median,15.0,15.0,300,41.89070266671058,False,3.0,3,False,False,,0.0,1.0,10,600,600,False,False,False,
hai-test2.csv,26,P1_FCV02Z,True,3_sigma_from_pre_median,12.33063,12.33063,300,39.02001795893345,False,3.0,3,False,False,,0.00019554065833667978,1.0,10,600,600,False,False,False,
hai-test2.csv,26,P1_FCV03D,True,3_sigma_from_pre_median,52.551975,52.42382,300,2.3390876027010608,False,3.0,3,False,False,,1.0056250126261805,1.0,10,600,600,False,False,False,
hai-test2.csv,26,P1_FCV03Z,True,3_sigma_from_pre_median,53.27759,52.69012,300,2.4048024631317655,False,3.0,3,False,False,,1.0310826099083807,1.0,10,600,600,False,False,False,
hai-test2.csv,26,P1_FT01,True,3_sigma_from_pre_median,59.92889,53.63461,300,10.923609818121934,False,3.0,3,True,False,73.0,4.4350421524236845,1.0,10,600,600,True,False,False,1.0
hai-test2.csv,26,P1_FT01Z,True,3_sigma_from_pre_median,312.02975,279.25751,300,46.328484692484196,False,3.0,3,True,False,70.0,5.444720276830498,1.0,10,600,600,True,False,False,4.0
hai-test2.csv,26,P1_FT02,True,3_sigma_from_pre_median,2303.256955,2292.48022,300,917.5366466123356,False,3.0,3,False,False,,0.12586975727498684,1.0,10,600,600,False,False,False,
hai-test2.csv,26,P1_FT02Z,True,3_sigma_from_pre_median,3059.87305,3053.86694,300,1200.8789655934509,False,3.0,3,False,False,,0.06397393259530891,1.0,10,600,600,False,False,False,
hai-test2.csv,26,P1_FT03,True,3_sigma_from_pre_median,243.60651,243.03433,300,11.046936280510804,False,3.0,3,False,False,,1.8301771175840562,1.0,10,600,600,False,False,False,
hai-test2.csv,26,P1_FT03Z,True,3_sigma_from_pre_median,994.42285,993.11829,300,23.168311167308214,False,3.0,3,False,False,,1.9896461018291722,1.0,10,600,600,False,False,False,
hai-test2.csv,26,P1_LCV01D,True,3_sigma_from_pre_median,15.22593,12.42533,300,3.266506894832349,False,3.0,3,False,False,,2.109360311132494,1.0,10,600,600,False,False,False,
hai-test2.csv,26,P1_LCV01Z,True,3_sigma_from_pre_median,14.8407,12.30011,300,3.187700744620662,False,3.0,3,False,False,,2.362270050821881,1.0,10,600,600,False,False,False,
hai-test2.csv,26,P1_LIT01,True,3_sigma_from_pre_median,368.30777,361.71371,300,26.00444265493099,False,3.0,3,False,False,,0.717479326420484,1.0,10,600,600,False,False,False,
hai-test2.csv,26,P1_PCV01D,True,3_sigma_from_pre_median,26.699215000000002,25.91023,300,2.467222143847526,False,3.0,3,True,False,73.0,5.165949499838663,1.0,10,600,600,True,False,False,2.0
hai-test2.csv,26,P1_PCV01Z,True,3_sigma_from_pre_median,26.97143,26.96381,300,2.497731488619918,False,3.0,3,True,False,75.0,5.293499345402202,1.0,10,600,600,True,False,False,6.0
hai-test2.csv,26,P1_PCV02D,True,3_sigma_from_pre_median,12.0,12.0,300,0.06927210836219852,False,3.0,3,True,False,25.0,5.649459923375988,1.0,10,600,600,True,False,False,1.0
hai-test2.csv,26,P1_PCV02Z,True,3_sigma_from_pre_median,11.91864,11.91864,300,0.11872654359448429,False,3.0,3,False,False,,0.1285306515122752,1.0,10,600,600,False,False,False,
hai-test2.csv,26,P1_PIT01,True,3_sigma_from_pre_median,1.13922,1.14304,300,0.10877020856385412,False,3.0,3,True,False,40.0,3.5001311942552915,1.0,10,600,600,True,False,False,1.0
hai-test2.csv,26,P1_PIT01_HH,True,change_from_pre_mode,524320.0,524320.0,300,0.0,True,3.0,3,False,False,,,1.0,10,600,600,False,False,False,
hai-test2.csv,26,P1_PIT02,True,3_sigma_from_pre_median,0.448,0.41977,300,0.3667252175292831,False,3.0,3,False,False,,0.12276221499931388,1.0,10,600,600,False,False,False,
hai-test2.csv,26,P1_PP01AD,True,change_from_pre_mode,0.0,0.0,300,0.0,True,3.0,3,False,False,,,1.0,10,600,600,False,False,False,
hai-test2.csv,26,P1_PP01AR,True,change_from_pre_mode,0.0,0.0,300,0.0,True,3.0,3,False,False,,,1.0,10,600,600,False,False,False,
hai-test2.csv,26,P1_PP01BD,True,change_from_pre_mode,1.0,1.0,300,0.0,True,3.0,3,False,False,,,1.0,10,600,600,False,False,False,
hai-test2.csv,26,P1_PP01BR,True,change_from_pre_mode,1.0,1.0,300,0.0,True,3.0,3,False,False,,,1.0,10,600,600,False,False,False,
hai-test2.csv,26,P1_PP02D,True,change_from_pre_mode,1.0,1.0,300,0.0,True,3.0,3,False,False,,,1.0,10,600,600,False,False,False,
hai-test2.csv,26,P1_PP02R,True,change_from_pre_mode,1.0,1.0,300,0.0,True,3.0,3,False,False,,,1.0,10,600,600,False,False,False,
hai-test2.csv,26,P1_PP04,True,3_sigma_from_pre_median,33.197745,28.68795,300,17.14859399100902,False,3.0,3,False,False,,0.9627783483973276,1.0,10,600,600,False,False,False,
hai-test2.csv,26,P1_PP04D,True,3_sigma_from_pre_median,1.0,1.0,300,0.49507705153684806,False,3.0,3,False,False,,0.0,1.0,10,600,600,False,False,False,
hai-test2.csv,26,P1_PP04SP,True,3_sigma_from_pre_median,27.91761,27.91761,300,0.2822382025676734,False,3.0,3,False,False,,0.0,1.0,10,600,600,False,False,False,
hai-test2.csv,26,P1_SOL01D,True,change_from_pre_mode,524320.0,524320.0,300,0.0,True,3.0,3,False,False,,,1.0,10,600,600,False,False,False,
hai-test2.csv,26,P1_SOL03D,True,change_from_pre_mode,524320.0,524320.0,300,0.0,True,3.0,3,False,False,,,1.0,10,600,600,False,False,False,
hai-test2.csv,26,P1_STSP,True,change_from_pre_mode,1.0,1.0,300,0.0,True,3.0,3,False,False,,,1.0,10,600,600,False,False,False,
hai-test2.csv,26,P1_TIT01,True,3_sigma_from_pre_median,29.21143,29.22668,300,1.3020195632059774,False,3.0,3,False,False,,0.11718717929575569,1.0,10,600,600,False,False,False,
hai-test2.csv,26,P1_TIT02,True,3_sigma_from_pre_median,33.66699,33.86535,300,2.1887095681347657,False,3.0,3,False,False,,0.23006250227576858,1.0,10,600,600,False,False,False,
hai-test2.csv,26,P1_TIT03,True,3_sigma_from_pre_median,27.05191,27.05191,300,1.2331199100797272,False,3.0,3,False,False,,0.3414996356459543,1.0,10,600,600,False,False,False,
hai-test2.csv,26,P2_24Vdc,True,3_sigma_from_pre_median,28.03341,28.03257,300,0.0035064224696394683,False,3.0,3,False,False,,2.960282193568268,1.0,10,600,600,False,False,False,
hai-test2.csv,26,P2_ATSW_Lamp,True,3_sigma_from_pre_median,0.0,0.0,300,0.386321898014947,False,3.0,3,False,False,,0.0,1.0,10,600,600,False,False,False,
hai-test2.csv,26,P2_AutoGO,True,3_sigma_from_pre_median,0.0,0.0,300,0.386321898014947,False,3.0,3,False,False,,0.0,1.0,10,600,600,False,False,False,
hai-test2.csv,26,P2_AutoSD,True,3_sigma_from_pre_median,112.0,112.0,300,9.050891107102233,False,3.0,3,False,False,,0.0,1.0,10,600,600,False,False,False,
hai-test2.csv,26,P2_Emerg,True,change_from_pre_mode,0.0,0.0,300,0.0,True,3.0,3,False,False,,,1.0,10,600,600,False,False,False,
hai-test2.csv,26,P2_MASW,True,3_sigma_from_pre_median,1.0,1.0,300,0.38632189801494704,False,3.0,3,False,False,,0.0,1.0,10,600,600,False,False,False,
hai-test2.csv,26,P2_MASW_Lamp,True,3_sigma_from_pre_median,1.0,1.0,300,0.38632189801494704,False,3.0,3,False,False,,0.0,1.0,10,600,600,False,False,False,
hai-test2.csv,26,P2_ManualGO,True,3_sigma_from_pre_median,1.0,1.0,300,0.38632189801494704,False,3.0,3,False,False,,0.0,1.0,10,600,600,False,False,False,
hai-test2.csv,26,P2_ManualSD,True,3_sigma_from_pre_median,12.94872,12.94872,300,4.414306207493221,False,3.0,3,False,False,,0.0,1.0,10,600,600,False,False,False,
hai-test2.csv,26,P2_OnOff,True,change_from_pre_mode,1.0,1.0,300,0.0,True,3.0,3,False,False,,,1.0,10,600,600,False,False,False,
hai-test2.csv,26,P2_RTR,True,change_from_pre_mode,2880.0,2880.0,300,0.0,True,3.0,3,False,False,,,1.0,10,600,600,False,False,False,
hai-test2.csv,26,P2_SCO,True,3_sigma_from_pre_median,54342.0,54342.0,300,179.70028495841728,False,3.0,3,False,False,,0.0,1.0,10,600,600,False,False,False,
hai-test2.csv,26,P2_SCST,True,3_sigma_from_pre_median,720.6344899999999,720.5293,300,0.25187557511890135,False,3.0,3,False,False,,1.387907500895719,1.0,10,600,600,False,False,False,
hai-test2.csv,26,P2_SIT01,True,3_sigma_from_pre_median,840.0,839.0,300,34.040295273317895,False,3.0,3,False,False,,0.1468847423282839,1.0,10,600,600,False,False,False,
hai-test2.csv,26,P2_TripEx,True,change_from_pre_mode,1.0,1.0,300,0.0,True,3.0,3,False,False,,,1.0,10,600,600,False,False,False,
hai-test2.csv,26,P2_VIBTR01,True,3_sigma_from_pre_median,6.715999999999999,6.5783,300,0.39473789413008264,False,3.0,3,False,False,,1.8075285160356878,1.0,10,600,600,False,False,False,
hai-test2.csv,26,P2_VIBTR02,True,3_sigma_from_pre_median,-3.18795,-3.7922,300,0.36541918293693737,False,3.0,3,False,False,,1.762770073598367,1.0,10,600,600,False,False,False,
hai-test2.csv,26,P2_VIBTR03,True,3_sigma_from_pre_median,9.9042,10.1886,300,0.29310264016502074,False,3.0,3,False,False,,1.4315804175757694,1.0,10,600,600,False,False,False,
hai-test2.csv,26,P2_VIBTR04,True,3_sigma_from_pre_median,-1.3025,-0.9831,300,0.2638662725045679,False,3.0,3,False,False,,1.2267577698638854,1.0,10,600,600,False,False,False,
hai-test2.csv,26,P2_VT01,True,3_sigma_from_pre_median,11.955905,12.00558,300,0.046671016450741364,False,3.0,3,False,False,,1.8335790927184972,1.0,10,600,600,False,False,False,
hai-test2.csv,26,P2_VTR01,True,change_from_pre_mode,50.0,50.0,300,0.0,True,3.0,3,False,False,,,1.0,10,600,600,False,False,False,
hai-test2.csv,26,P2_VTR02,True,change_from_pre_mode,50.0,50.0,300,0.0,True,3.0,3,False,False,,,1.0,10,600,600,False,False,False,
hai-test2.csv,26,P2_VTR03,True,change_from_pre_mode,50.0,50.0,300,0.0,True,3.0,3,False,False,,,1.0,10,600,600,False,False,False,
hai-test2.csv,26,P2_VTR04,True,change_from_pre_mode,50.0,50.0,300,0.0,True,3.0,3,False,False,,,1.0,10,600,600,False,False,False,
hai-test2.csv,26,P3_FIT01,True,3_sigma_from_pre_median,1485.0,29.0,300,1688.0235925813643,False,3.0,3,False,False,,0.8637320037514363,1.0,10,600,600,False,False,False,
hai-test2.csv,26,P3_LCP01D,True,3_sigma_from_pre_median,6784.0,13744.0,300,5147.799146350213,False,3.0,3,False,False,,1.3023041127688777,1.0,10,600,600,False,False,False,
hai-test2.csv,26,P3_LCV01D,True,3_sigma_from_pre_median,4568.0,-144.0,300,6818.667649961868,False,3.0,3,False,False,,1.2682829614152498,1.0,10,600,600,False,False,False,
hai-test2.csv,26,P3_LH01,True,change_from_pre_mode,70.0,70.0,300,0.0,True,3.0,3,False,False,,,1.0,10,600,600,False,False,False,
hai-test2.csv,26,P3_LIT01,True,3_sigma_from_pre_median,17551.5,16512.0,300,3086.289589129662,False,3.0,3,False,False,,0.6605018554253231,1.0,10,600,600,False,False,False,
hai-test2.csv,26,P3_LL01,True,change_from_pre_mode,30.0,30.0,300,0.0,True,3.0,3,False,False,,,1.0,10,600,600,False,False,False,
hai-test2.csv,26,P3_PIT01,True,3_sigma_from_pre_median,36.5,24.0,300,1298.3940193880667,False,3.0,3,False,False,,1.215732648509847,1.0,10,600,600,False,False,False,
hai-test2.csv,26,P4_HT_FD,True,3_sigma_from_pre_median,-0.00036,-0.00043,300,0.002085799588224817,False,3.0,3,False,False,,12.100874955815513,1.0,10,600,600,False,False,False,
hai-test2.csv,26,P4_HT_PO,True,3_sigma_from_pre_median,21.95459,0.01807,300,31.369744436378745,False,3.0,3,False,False,,1.340350415836979,1.0,10,600,600,False,False,False,
hai-test2.csv,26,P4_HT_PS,True,3_sigma_from_pre_median,3.63969,3.63969,300,1.9005221520029272,False,3.0,3,False,False,,0.0,1.0,10,600,600,False,False,False,
hai-test2.csv,26,P4_LD,True,3_sigma_from_pre_median,341.51657,340.44049,300,61.17702962605878,False,3.0,3,False,False,,0.6327517082246714,1.0,10,600,600,False,False,False,
hai-test2.csv,26,P4_ST_FD,True,3_sigma_from_pre_median,-0.00014,-0.00029,300,0.0016455065627984334,False,3.0,3,False,False,,2.64356283854752,1.0,10,600,600,False,False,False,
hai-test2.csv,26,P4_ST_GOV,True,3_sigma_from_pre_median,18388.0,15752.0,300,1755.4259694594575,False,3.0,3,False,False,,1.088054998176961,1.0,10,600,600,False,False,False,
hai-test2.csv,26,P4_ST_LD,True,3_sigma_from_pre_median,338.975675,341.36285,300,36.05910881852627,False,3.0,3,False,False,,1.165039469262096,1.0,10,600,600,False,False,False,
hai-test2.csv,26,P4_ST_PO,True,3_sigma_from_pre_median,336.16354,295.66333,300,32.463425616521704,False,3.0,3,False,False,,1.0046807870886239,1.0,10,600,600,False,False,False,
hai-test2.csv,26,P4_ST_PS,True,3_sigma_from_pre_median,0.84523,0.84523,300,10.589736200432041,False,3.0,3,False,False,,0.0,1.0,10,600,600,False,False,False,
hai-test2.csv,26,P4_ST_PT01,True,3_sigma_from_pre_median,9970.0,9970.0,300,30.94037172182327,False,3.0,3,False,False,,2.714899509133952,1.0,10,600,600,False,False,False,
hai-test2.csv,26,P4_ST_TT01,True,3_sigma_from_pre_median,26993.0,26993.0,300,125.87160191980817,False,3.0,3,False,False,,0.16683667864479026,1.0,10,600,600,False,False,False,
hai-test2.csv,26,x1001_05_SETPOINT_OUT,True,3_sigma_from_pre_median,0.11795,0.11795,300,0.042114897148061825,False,3.0,3,False,False,,0.0,1.0,10,600,600,False,False,False,
hai-test2.csv,26,x1001_15_ASSIGN_OUT,True,3_sigma_from_pre_median,1.11704,1.11704,300,0.10307475471232287,False,3.0,3,False,False,,1.0346859451439454,1.0,10,600,600,False,False,False,
hai-test2.csv,26,x1002_07_SETPOINT_OUT,True,3_sigma_from_pre_median,368.48166,368.48166,300,24.671699804613976,False,3.0,3,False,False,,0.0,1.0,10,600,600,False,False,False,
hai-test2.csv,26,x1002_08_SETPOINT_OUT,True,3_sigma_from_pre_median,994.77173,994.77173,300,22.76031945742657,False,3.0,3,False,False,,0.0,1.0,10,600,600,False,False,False,
hai-test2.csv,26,x1003_10_SETPOINT_OUT,True,3_sigma_from_pre_median,3059.247435,3053.86694,300,1200.880152569592,False,3.0,3,False,False,,0.06449483308910905,1.0,10,600,600,False,False,False,
hai-test2.csv,26,x1003_18_SETPOINT_OUT,True,3_sigma_from_pre_median,26.71768,26.71768,300,0.8117389494981301,False,3.0,3,False,False,,0.0,1.0,10,600,600,False,False,False,
hai-test2.csv,26,x1003_24_SUM_OUT,True,3_sigma_from_pre_median,30.54799,30.19169,300,0.8617764720875876,False,3.0,3,False,False,,0.41255477669140106,1.0,10,600,600,False,False,False,
hai-test2.csv,27,P1_FCV01D,True,3_sigma_from_pre_median,65.90713500000001,64.46729,300,21.696137110751636,False,3.0,3,False,False,,0.22292931572612318,1.0,10,600,600,False,False,False,
hai-test2.csv,27,P1_FCV01Z,True,3_sigma_from_pre_median,65.59143,66.77399,300,21.93007692173577,False,3.0,3,False,False,,0.17220869828581914,1.0,10,600,600,False,False,False,
hai-test2.csv,27,P1_FCV02D,True,3_sigma_from_pre_median,15.0,15.0,300,41.89070266671058,False,3.0,3,False,False,,0.0,1.0,10,600,600,False,False,False,
hai-test2.csv,27,P1_FCV02Z,True,3_sigma_from_pre_median,12.68158,12.68158,300,39.02001795893345,False,3.0,3,False,False,,0.00019554065833672532,1.0,10,600,600,False,False,False,
hai-test2.csv,27,P1_FCV03D,True,3_sigma_from_pre_median,52.93593,52.02295,300,2.3390876027010608,False,3.0,3,False,False,,1.9171919832423316,1.0,10,600,600,False,False,False,
hai-test2.csv,27,P1_FCV03Z,True,3_sigma_from_pre_median,53.5141,53.75061,300,2.4048024631317655,False,3.0,3,False,False,,1.6180081564507298,1.0,10,600,600,False,False,False,
hai-test2.csv,27,P1_FT01,True,3_sigma_from_pre_median,62.78987,67.17683,300,10.923609818121934,False,3.0,3,True,False,73.0,4.749330199796495,1.0,10,600,600,True,False,False,4.0
hai-test2.csv,27,P1_FT01Z,True,3_sigma_from_pre_median,326.42944,349.76736,300,46.328484692484196,False,3.0,3,True,False,74.0,5.819843273305695,1.0,10,600,600,True,False,False,6.0
hai-test2.csv,27,P1_FT02,True,3_sigma_from_pre_median,2437.343625,2433.81494,300,917.5366466123356,False,3.0,3,False,False,,0.03710590211922591,1.0,10,600,600,False,False,False,
hai-test2.csv,27,P1_FT02Z,True,3_sigma_from_pre_median,3148.6470950000003,3146.58252,300,1200.8789655934509,False,3.0,3,False,False,,0.0188067204498323,1.0,10,600,600,False,False,False,
hai-test2.csv,27,P1_FT03,True,3_sigma_from_pre_median,243.22511,242.08067,300,11.046936280510804,False,3.0,3,False,False,,0.9173475561616455,1.0,10,600,600,False,False,False,
hai-test2.csv,27,P1_FT03Z,True,3_sigma_from_pre_median,993.55328,990.94391,300,23.168311167308214,False,3.0,3,False,False,,0.9639170433584354,1.0,10,600,600,False,False,False,
hai-test2.csv,27,P1_LCV01D,True,3_sigma_from_pre_median,16.307,12.73526,300,3.266506894832349,False,3.0,3,True,False,70.0,3.3941119235167037,1.0,10,600,600,True,False,False,97.0
hai-test2.csv,27,P1_LCV01Z,True,3_sigma_from_pre_median,16.22162,19.5404,300,3.187700744620662,False,3.0,3,True,False,74.0,3.5015237922932014,1.0,10,600,600,True,False,False,101.0
hai-test2.csv,27,P1_LIT01,True,3_sigma_from_pre_median,368.64003,378.88901,300,26.00444265493099,False,3.0,3,False,False,,1.6384111963238337,1.0,10,600,600,False,False,False,
hai-test2.csv,27,P1_PCV01D,True,3_sigma_from_pre_median,27.30169,24.32509,300,2.467222143847526,False,3.0,3,True,False,85.0,3.7975988596586774,1.0,10,600,600,True,False,False,23.0
hai-test2.csv,27,P1_PCV01Z,True,3_sigma_from_pre_median,27.31857,25.54474,300,2.497731488619918,False,3.0,3,True,False,88.0,3.5967076689111024,1.0,10,600,600,True,False,False,22.0
hai-test2.csv,27,P1_PCV02D,True,3_sigma_from_pre_median,12.0,12.0,300,0.06927210836219852,False,3.0,3,True,False,85.0,19.403047370411254,1.0,10,600,600,True,False,False,1.0
hai-test2.csv,27,P1_PCV02Z,True,3_sigma_from_pre_median,11.91864,11.91864,300,0.11872654359448429,False,3.0,3,False,False,,8.867941137039164,1.0,10,600,600,False,False,False,
hai-test2.csv,27,P1_PIT01,True,3_sigma_from_pre_median,1.0373700000000001,1.07666,300,0.10877020856385412,False,3.0,3,True,False,74.0,5.341352266130229,1.0,10,600,600,True,False,False,77.0
hai-test2.csv,27,P1_PIT01_HH,True,change_from_pre_mode,524320.0,524320.0,300,0.0,True,3.0,3,False,False,,,1.0,10,600,600,False,False,False,
hai-test2.csv,27,P1_PIT02,True,3_sigma_from_pre_median,0.39154,0.38925,300,0.3667252175292831,False,3.0,3,False,False,,0.02912262230547923,1.0,10,600,600,False,False,False,
hai-test2.csv,27,P1_PP01AD,True,change_from_pre_mode,0.0,0.0,300,0.0,True,3.0,3,False,False,,,1.0,10,600,600,False,False,False,
hai-test2.csv,27,P1_PP01AR,True,change_from_pre_mode,0.0,0.0,300,0.0,True,3.0,3,False,False,,,1.0,10,600,600,False,False,False,
hai-test2.csv,27,P1_PP01BD,True,change_from_pre_mode,1.0,1.0,300,0.0,True,3.0,3,False,False,,,1.0,10,600,600,False,False,False,
hai-test2.csv,27,P1_PP01BR,True,change_from_pre_mode,1.0,1.0,300,0.0,True,3.0,3,False,False,,,1.0,10,600,600,False,False,False,
hai-test2.csv,27,P1_PP02D,True,change_from_pre_mode,1.0,1.0,300,0.0,True,3.0,3,False,False,,,1.0,10,600,600,False,False,False,
hai-test2.csv,27,P1_PP02R,True,change_from_pre_mode,1.0,1.0,300,0.0,True,3.0,3,False,False,,,1.0,10,600,600,False,False,False,
hai-test2.csv,27,P1_PP04,True,3_sigma_from_pre_median,0.0,0.0,300,17.14859399100902,False,3.0,3,False,False,,0.0,1.0,10,600,600,False,False,False,
hai-test2.csv,27,P1_PP04D,True,3_sigma_from_pre_median,0.0,0.0,300,0.49507705153684806,False,3.0,3,False,False,,0.0,1.0,10,600,600,False,False,False,
hai-test2.csv,27,P1_PP04SP,True,3_sigma_from_pre_median,27.91761,27.91761,300,0.2822382025676734,False,3.0,3,False,False,,0.0,1.0,10,600,600,False,False,False,
hai-test2.csv,27,P1_SOL01D,True,change_from_pre_mode,524320.0,524320.0,300,0.0,True,3.0,3,False,False,,,1.0,10,600,600,False,False,False,
hai-test2.csv,27,P1_SOL03D,True,change_from_pre_mode,524320.0,524320.0,300,0.0,True,3.0,3,False,False,,,1.0,10,600,600,False,False,False,
hai-test2.csv,27,P1_STSP,True,change_from_pre_mode,1.0,1.0,300,0.0,True,3.0,3,False,False,,,1.0,10,600,600,False,False,False,
hai-test2.csv,27,P1_TIT01,True,3_sigma_from_pre_median,29.69971,29.2572,300,1.3020195632059774,False,3.0,3,False,False,,0.9258232626181367,1.0,10,600,600,False,False,False,
hai-test2.csv,27,P1_TIT02,True,3_sigma_from_pre_median,34.36889,34.27734,300,2.1887095681347657,False,3.0,3,False,False,,0.3834405497277572,1.0,10,600,600,False,False,False,
hai-test2.csv,27,P1_TIT03,True,3_sigma_from_pre_median,26.30441,26.30441,300,1.2331199100797272,False,3.0,3,False,False,,0.33095727079259823,1.0,10,600,600,False,False,False,
hai-test2.csv,27,P2_24Vdc,True,3_sigma_from_pre_median,28.03341,28.03341,300,0.0035064224696394683,False,3.0,3,False,False,,2.957430283939648,1.0,10,600,600,False,False,False,
hai-test2.csv,27,P2_ATSW_Lamp,True,3_sigma_from_pre_median,0.0,0.0,300,0.386321898014947,False,3.0,3,False,False,,0.0,1.0,10,600,600,False,False,False,
hai-test2.csv,27,P2_AutoGO,True,3_sigma_from_pre_median,0.0,0.0,300,0.386321898014947,False,3.0,3,False,False,,0.0,1.0,10,600,600,False,False,False,
hai-test2.csv,27,P2_AutoSD,True,3_sigma_from_pre_median,112.0,112.0,300,9.050891107102233,False,3.0,3,False,False,,0.0,1.0,10,600,600,False,False,False,
hai-test2.csv,27,P2_Emerg,True,change_from_pre_mode,0.0,0.0,300,0.0,True,3.0,3,False,False,,,1.0,10,600,600,False,False,False,
hai-test2.csv,27,P2_MASW,True,3_sigma_from_pre_median,1.0,1.0,300,0.38632189801494704,False,3.0,3,False,False,,0.0,1.0,10,600,600,False,False,False,
hai-test2.csv,27,P2_MASW_Lamp,True,3_sigma_from_pre_median,1.0,1.0,300,0.38632189801494704,False,3.0,3,False,False,,0.0,1.0,10,600,600,False,False,False,
hai-test2.csv,27,P2_ManualGO,True,3_sigma_from_pre_median,1.0,1.0,300,0.38632189801494704,False,3.0,3,False,False,,0.0,1.0,10,600,600,False,False,False,
hai-test2.csv,27,P2_ManualSD,True,3_sigma_from_pre_median,12.94872,12.94872,300,4.414306207493221,False,3.0,3,False,False,,0.0,1.0,10,600,600,False,False,False,
hai-test2.csv,27,P2_OnOff,True,change_from_pre_mode,1.0,1.0,300,0.0,True,3.0,3,False,False,,,1.0,10,600,600,False,False,False,
hai-test2.csv,27,P2_RTR,True,change_from_pre_mode,2880.0,2880.0,300,0.0,True,3.0,3,False,False,,,1.0,10,600,600,False,False,False,
hai-test2.csv,27,P2_SCO,True,3_sigma_from_pre_median,54342.0,54342.0,300,179.70028495841728,False,3.0,3,False,False,,0.0,1.0,10,600,600,False,False,False,
hai-test2.csv,27,P2_SCST,True,3_sigma_from_pre_median,720.56567,720.66815,300,0.25187557511890135,False,3.0,3,False,False,,1.8247104737450726,1.0,10,600,600,False,False,False,
hai-test2.csv,27,P2_SIT01,True,3_sigma_from_pre_median,839.0,838.0,300,34.040295273317895,False,3.0,3,False,False,,0.23501558772525427,1.0,10,600,600,False,False,False,
hai-test2.csv,27,P2_TripEx,True,change_from_pre_mode,1.0,1.0,300,0.0,True,3.0,3,False,False,,,1.0,10,600,600,False,False,False,
hai-test2.csv,27,P2_VIBTR01,True,3_sigma_from_pre_median,6.5464,6.0254,300,0.39473789413008264,False,3.0,3,False,False,,2.124194338746913,1.0,10,600,600,False,False,False,
hai-test2.csv,27,P2_VIBTR02,True,3_sigma_from_pre_median,-3.25875,-3.8796,300,0.36541918293693737,False,3.0,3,False,False,,1.5736721739078487,1.0,10,600,600,False,False,False,
hai-test2.csv,27,P2_VIBTR03,True,3_sigma_from_pre_median,9.76005,10.2568,300,0.29310264016502074,False,3.0,3,False,False,,1.793399062199005,1.0,10,600,600,False,False,False,
hai-test2.csv,27,P2_VIBTR04,True,3_sigma_from_pre_median,-1.2123499999999998,-1.6367,300,0.2638662725045679,False,3.0,3,False,False,,1.4459976122692797,1.0,10,600,600,False,False,False,
hai-test2.csv,27,P2_VT01,True,3_sigma_from_pre_median,11.9496,11.94575,300,0.046671016450741364,False,3.0,3,False,False,,1.7829052445819948,1.0,10,600,600,False,False,False,
hai-test2.csv,27,P2_VTR01,True,change_from_pre_mode,50.0,50.0,300,0.0,True,3.0,3,False,False,,,1.0,10,600,600,False,False,False,
hai-test2.csv,27,P2_VTR02,True,change_from_pre_mode,50.0,50.0,300,0.0,True,3.0,3,False,False,,,1.0,10,600,600,False,False,False,
hai-test2.csv,27,P2_VTR03,True,change_from_pre_mode,50.0,50.0,300,0.0,True,3.0,3,False,False,,,1.0,10,600,600,False,False,False,
hai-test2.csv,27,P2_VTR04,True,change_from_pre_mode,50.0,50.0,300,0.0,True,3.0,3,False,False,,,1.0,10,600,600,False,False,False,
hai-test2.csv,27,P3_FIT01,True,3_sigma_from_pre_median,29.0,29.0,300,1688.0235925813643,False,3.0,3,True,False,71.0,3.0698623068861064,1.0,10,600,600,True,False,False,1.0
hai-test2.csv,27,P3_LCP01D,True,3_sigma_from_pre_median,4404.0,13800.0,300,5147.799146350213,False,3.0,3,False,False,,1.8112594790359509,1.0,10,600,600,False,False,False,
hai-test2.csv,27,P3_LCV01D,True,3_sigma_from_pre_median,6128.0,-160.0,300,6818.667649961868,False,3.0,3,False,False,,1.2342587191571164,1.0,10,600,600,False,False,False,
hai-test2.csv,27,P3_LH01,True,change_from_pre_mode,70.0,70.0,300,0.0,True,3.0,3,False,False,,,1.0,10,600,600,False,False,False,
hai-test2.csv,27,P3_LIT01,True,3_sigma_from_pre_median,18818.5,18953.0,300,3086.289589129662,False,3.0,3,False,False,,0.6575857324433129,1.0,10,600,600,False,False,False,
hai-test2.csv,27,P3_LL01,True,change_from_pre_mode,30.0,30.0,300,0.0,True,3.0,3,False,False,,,1.0,10,600,600,False,False,False,
hai-test2.csv,27,P3_PIT01,True,3_sigma_from_pre_median,25.0,24.0,300,1298.3940193880667,False,3.0,3,False,False,,2.9644313995023133,1.0,10,600,600,False,False,False,
hai-test2.csv,27,P4_HT_FD,True,3_sigma_from_pre_median,-0.00022,-0.00036,300,0.002085799588224817,False,3.0,3,False,False,,11.4440525037764,1.0,10,600,600,False,False,False,
hai-test2.csv,27,P4_HT_PO,True,3_sigma_from_pre_median,28.021945000000002,0.05423,300,31.369744436378745,False,3.0,3,False,False,,1.2893278452436443,1.0,10,600,600,False,False,False,
hai-test2.csv,27,P4_HT_PS,True,3_sigma_from_pre_median,3.63969,3.63969,300,1.9005221520029272,False,3.0,3,False,False,,0.0,1.0,10,600,600,False,False,False,
hai-test2.csv,27,P4_LD,True,3_sigma_from_pre_median,366.49127,335.53961,300,61.17702962605878,False,3.0,3,False,False,,1.8749019150014818,1.0,10,600,600,False,False,False,
hai-test2.csv,27,P4_ST_FD,True,3_sigma_from_pre_median,7e-05,-0.00065,300,0.0016455065627984334,False,3.0,3,False,False,,3.6888336620651603,1.0,10,600,600,False,False,False,
hai-test2.csv,27,P4_ST_GOV,True,3_sigma_from_pre_median,18477.0,16349.0,300,1755.4259694594575,False,3.0,3,False,False,,2.5395545454831896,1.0,10,600,600,False,False,False,
hai-test2.csv,27,P4_ST_LD,True,3_sigma_from_pre_median,337.375245,334.979,300,36.05910881852627,False,3.0,3,False,False,,2.40756296659769,1.0,10,600,600,False,False,False,
hai-test2.csv,27,P4_ST_PO,True,3_sigma_from_pre_median,336.85977,335.63007,300,32.463425616521704,False,3.0,3,False,False,,2.359202657929666,1.0,10,600,600,False,False,False,
hai-test2.csv,27,P4_ST_PS,True,3_sigma_from_pre_median,0.84523,0.84523,300,10.589736200432041,False,3.0,3,False,False,,0.0,1.0,10,600,600,False,False,False,
hai-test2.csv,27,P4_ST_PT01,True,3_sigma_from_pre_median,9943.0,9943.0,300,30.94037172182327,False,3.0,3,True,False,75.0,5.33283832151312,1.0,10,600,600,True,False,False,72.0
hai-test2.csv,27,P4_ST_TT01,True,3_sigma_from_pre_median,27040.0,27007.0,300,125.87160191980817,False,3.0,3,False,False,,0.9692416568887815,1.0,10,600,600,False,False,False,
hai-test2.csv,27,x1001_05_SETPOINT_OUT,True,3_sigma_from_pre_median,0.06518,0.06518,300,0.042114897148061825,False,3.0,3,False,False,,0.0,1.0,10,600,600,False,False,False,
hai-test2.csv,27,x1001_15_ASSIGN_OUT,True,3_sigma_from_pre_median,1.0698850000000002,1.06634,300,0.10307475471232287,False,3.0,3,False,False,,2.3105075599227027,1.0,10,600,600,False,False,False,
hai-test2.csv,27,x1002_07_SETPOINT_OUT,True,3_sigma_from_pre_median,368.48166,368.48166,300,24.671699804613976,False,3.0,3,False,False,,0.0,1.0,10,600,600,False,False,False,
hai-test2.csv,27,x1002_08_SETPOINT_OUT,True,3_sigma_from_pre_median,994.77173,994.77173,300,22.76031945742657,False,3.0,3,False,False,,0.0,1.0,10,600,600,False,False,False,
hai-test2.csv,27,x1003_10_SETPOINT_OUT,True,3_sigma_from_pre_median,3148.39673,3146.58252,300,1200.880152569592,False,3.0,3,False,False,,0.019015186445657268,1.0,10,600,600,False,False,False,
hai-test2.csv,27,x1003_18_SETPOINT_OUT,True,3_sigma_from_pre_median,26.71768,26.71768,300,0.8117389494981301,False,3.0,3,False,False,,0.0,1.0,10,600,600,False,False,False,
hai-test2.csv,27,x1003_24_SUM_OUT,True,3_sigma_from_pre_median,30.566679999999998,30.55485,300,0.8617764720875876,False,3.0,3,False,False,,0.9211669449236445,1.0,10,600,600,False,False,False,
hai-test2.csv,28,P1_FCV01D,True,3_sigma_from_pre_median,5.5721050000000005,0.81266,300,21.696137110751636,False,3.0,3,False,False,,0.5825283521893335,1.0,10,600,600,False,False,False,
hai-test2.csv,28,P1_FCV01Z,True,3_sigma_from_pre_median,5.296325,0.32959,300,21.93007692173577,False,3.0,3,False,False,,0.5837701821880664,1.0,10,600,600,False,False,False,
hai-test2.csv,28,P1_FCV02D,True,3_sigma_from_pre_median,100.0,100.0,300,41.89070266671058,False,3.0,3,False,False,,2.029089859778056,1.0,10,600,600,False,False,False,
hai-test2.csv,28,P1_FCV02Z,True,3_sigma_from_pre_median,97.34497,97.34497,300,39.02001795893345,False,3.0,3,False,False,,1.696571746063068,1.0,10,600,600,False,False,False,
hai-test2.csv,28,P1_FCV03D,True,3_sigma_from_pre_median,52.059065000000004,51.97567,300,2.3390876027010608,False,3.0,3,False,False,,0.47747891045649793,1.0,10,600,600,False,False,False,
hai-test2.csv,28,P1_FCV03Z,True,3_sigma_from_pre_median,52.45361,52.45361,300,2.4048024631317655,False,3.0,3,False,False,,0.5393374382654805,1.0,10,600,600,False,False,False,
hai-test2.csv,28,P1_FT01,True,3_sigma_from_pre_median,59.833505,57.8308,300,10.923609818121934,False,3.0,3,True,False,84.0,4.5136127910944435,1.0,10,600,600,True,False,False,1.0
hai-test2.csv,28,P1_FT01Z,True,3_sigma_from_pre_median,312.02975,301.10565,300,46.328484692484196,False,3.0,3,True,False,83.0,5.53045824185063,1.0,10,600,600,True,False,False,1.0
hai-test2.csv,28,P1_FT02,True,3_sigma_from_pre_median,6.23702,4.99723,300,917.5366466123356,False,3.0,3,False,False,,0.24830914475316931,1.0,10,600,600,False,False,False,
hai-test2.csv,28,P1_FT02Z,True,3_sigma_from_pre_median,32.474064999999996,26.01891,300,1200.8789655934509,False,3.0,3,False,False,,0.7829307048736333,1.0,10,600,600,False,False,False,
hai-test2.csv,28,P1_FT03,True,3_sigma_from_pre_median,243.79729,243.79729,300,11.046936280510804,False,3.0,3,False,False,,0.5870387802852561,1.0,10,600,600,False,False,False,
hai-test2.csv,28,P1_FT03Z,True,3_sigma_from_pre_median,994.85779,994.85779,300,23.168311167308214,False,3.0,3,False,False,,0.6307835687489146,1.0,10,600,600,False,False,False,
hai-test2.csv,28,P1_LCV01D,True,3_sigma_from_pre_median,15.011385,13.56614,300,3.266506894832349,False,3.0,3,False,False,,2.2280176452447162,1.0,10,600,600,False,False,False,
hai-test2.csv,28,P1_LCV01Z,True,3_sigma_from_pre_median,14.79492,15.97748,300,3.187700744620662,False,3.0,3,False,False,,2.233029562769411,1.0,10,600,600,False,False,False,
hai-test2.csv,28,P1_LIT01,True,3_sigma_from_pre_median,385.63644,381.75153,300,26.00444265493099,False,3.0,3,False,False,,0.7548298673602954,1.0,10,600,600,False,False,False,
hai-test2.csv,28,P1_PCV01D,True,3_sigma_from_pre_median,27.08887,25.59909,300,2.467222143847526,False,3.0,3,True,False,83.0,5.337131896629805,1.0,10,600,600,True,False,False,20.0
hai-test2.csv,28,P1_PCV01Z,True,3_sigma_from_pre_median,27.79541,26.96381,300,2.497731488619918,False,3.0,3,True,False,38.0,5.238517454584194,1.0,10,600,600,True,False,False,26.0
hai-test2.csv,28,P1_PCV02D,True,3_sigma_from_pre_median,12.0,12.0,300,0.06927210836219852,False,3.0,3,False,False,,2.3582362925327915,1.0,10,600,600,False,False,False,
hai-test2.csv,28,P1_PCV02Z,True,3_sigma_from_pre_median,11.91864,11.91864,300,0.11872654359448429,False,3.0,3,False,False,,0.1285306515122752,1.0,10,600,600,False,False,False,
hai-test2.csv,28,P1_PIT01,True,3_sigma_from_pre_median,1.09573,1.06598,300,0.10877020856385412,False,3.0,3,False,False,,0.997331911304706,1.0,10,600,600,False,False,False,
hai-test2.csv,28,P1_PIT01_HH,True,change_from_pre_mode,524320.0,524320.0,300,0.0,True,3.0,3,False,False,,,1.0,10,600,600,False,False,False,
hai-test2.csv,28,P1_PIT02,True,3_sigma_from_pre_median,0.36597999999999997,0.3183,300,0.3667252175292831,False,3.0,3,False,False,,1.575921077622245,1.0,10,600,600,False,False,False,
hai-test2.csv,28,P1_PP01AD,True,change_from_pre_mode,0.0,0.0,300,0.0,True,3.0,3,False,False,,,1.0,10,600,600,False,False,False,
hai-test2.csv,28,P1_PP01AR,True,change_from_pre_mode,0.0,0.0,300,0.0,True,3.0,3,False,False,,,1.0,10,600,600,False,False,False,
hai-test2.csv,28,P1_PP01BD,True,change_from_pre_mode,1.0,1.0,300,0.0,True,3.0,3,False,False,,,1.0,10,600,600,False,False,False,
hai-test2.csv,28,P1_PP01BR,True,change_from_pre_mode,1.0,1.0,300,0.0,True,3.0,3,False,False,,,1.0,10,600,600,False,False,False,
hai-test2.csv,28,P1_PP02D,True,change_from_pre_mode,1.0,1.0,300,0.0,True,3.0,3,False,False,,,1.0,10,600,600,False,False,False,
hai-test2.csv,28,P1_PP02R,True,change_from_pre_mode,1.0,1.0,300,0.0,True,3.0,3,False,False,,,1.0,10,600,600,False,False,False,
hai-test2.csv,28,P1_PP04,True,3_sigma_from_pre_median,40.0,40.0,300,17.14859399100902,False,3.0,3,False,False,,0.0,1.0,10,600,600,False,False,False,
hai-test2.csv,28,P1_PP04D,True,3_sigma_from_pre_median,1.0,1.0,300,0.49507705153684806,False,3.0,3,False,False,,0.0,1.0,10,600,600,False,False,False,
hai-test2.csv,28,P1_PP04SP,True,3_sigma_from_pre_median,27.91761,27.91761,300,0.2822382025676734,False,3.0,3,False,False,,0.0,1.0,10,600,600,False,False,False,
hai-test2.csv,28,P1_SOL01D,True,change_from_pre_mode,524320.0,524320.0,300,0.0,True,3.0,3,False,False,,,1.0,10,600,600,False,False,False,
hai-test2.csv,28,P1_SOL03D,True,change_from_pre_mode,524320.0,524320.0,300,0.0,True,3.0,3,False,False,,,1.0,10,600,600,False,False,False,
hai-test2.csv,28,P1_STSP,True,change_from_pre_mode,1.0,1.0,300,0.0,True,3.0,3,False,False,,,1.0,10,600,600,False,False,False,
hai-test2.csv,28,P1_TIT01,True,3_sigma_from_pre_median,30.05065,29.82178,300,1.3020195632059774,False,3.0,3,False,False,,0.21094921133420022,1.0,10,600,600,False,False,False,
hai-test2.csv,28,P1_TIT02,True,3_sigma_from_pre_median,38.61084,38.68713,300,2.1887095681347657,False,3.0,3,False,False,,0.7668765305533016,1.0,10,600,600,False,False,False,
hai-test2.csv,28,P1_TIT03,True,3_sigma_from_pre_median,29.75168,29.75168,300,1.2331199100797272,False,3.0,3,False,False,,0.6259326393895438,1.0,10,600,600,False,False,False,
hai-test2.csv,28,P2_24Vdc,True,3_sigma_from_pre_median,28.03257,28.03514,300,0.0035064224696394683,False,3.0,3,False,False,,2.697906507818315,1.0,10,600,600,False,False,False,
hai-test2.csv,28,P2_ATSW_Lamp,True,3_sigma_from_pre_median,0.0,0.0,300,0.386321898014947,False,3.0,3,False,False,,0.0,1.0,10,600,600,False,False,False,
hai-test2.csv,28,P2_AutoGO,True,3_sigma_from_pre_median,0.0,0.0,300,0.386321898014947,False,3.0,3,False,False,,0.0,1.0,10,600,600,False,False,False,
hai-test2.csv,28,P2_AutoSD,True,3_sigma_from_pre_median,112.0,112.0,300,9.050891107102233,False,3.0,3,False,False,,0.0,1.0,10,600,600,False,False,False,
hai-test2.csv,28,P2_Emerg,True,change_from_pre_mode,0.0,0.0,300,0.0,True,3.0,3,False,False,,,1.0,10,600,600,False,False,False,
hai-test2.csv,28,P2_MASW,True,3_sigma_from_pre_median,1.0,1.0,300,0.38632189801494704,False,3.0,3,False,False,,0.0,1.0,10,600,600,False,False,False,
hai-test2.csv,28,P2_MASW_Lamp,True,3_sigma_from_pre_median,1.0,1.0,300,0.38632189801494704,False,3.0,3,False,False,,0.0,1.0,10,600,600,False,False,False,
hai-test2.csv,28,P2_ManualGO,True,3_sigma_from_pre_median,1.0,1.0,300,0.38632189801494704,False,3.0,3,False,False,,0.0,1.0,10,600,600,False,False,False,
hai-test2.csv,28,P2_ManualSD,True,3_sigma_from_pre_median,12.94872,12.94872,300,4.414306207493221,False,3.0,3,False,False,,0.0,1.0,10,600,600,False,False,False,
hai-test2.csv,28,P2_OnOff,True,change_from_pre_mode,1.0,1.0,300,0.0,True,3.0,3,False,False,,,1.0,10,600,600,False,False,False,
hai-test2.csv,28,P2_RTR,True,change_from_pre_mode,2880.0,2880.0,300,0.0,True,3.0,3,False,False,,,1.0,10,600,600,False,False,False,
hai-test2.csv,28,P2_SCO,True,3_sigma_from_pre_median,54342.0,54342.0,300,179.70028495841728,False,3.0,3,False,False,,0.5564821448287632,1.0,10,600,600,False,False,False,
hai-test2.csv,28,P2_SCST,True,3_sigma_from_pre_median,720.58563,720.58551,300,0.25187557511890135,False,3.0,3,False,False,,1.6591922412593043,1.0,10,600,600,False,False,False,
hai-test2.csv,28,P2_SIT01,True,3_sigma_from_pre_median,838.0,838.0,300,34.040295273317895,False,3.0,3,False,False,,0.5287850723818222,1.0,10,600,600,False,False,False,
hai-test2.csv,28,P2_TripEx,True,change_from_pre_mode,1.0,1.0,300,0.0,True,3.0,3,False,False,,,1.0,10,600,600,False,False,False,
hai-test2.csv,28,P2_VIBTR01,True,3_sigma_from_pre_median,6.78765,6.6166,300,0.39473789413008264,False,3.0,3,False,False,,2.0604811752174137,1.0,10,600,600,False,False,False,
hai-test2.csv,28,P2_VIBTR02,True,3_sigma_from_pre_median,-3.37775,-3.9968,300,0.36541918293693737,False,3.0,3,False,False,,1.7589388571068085,1.0,10,600,600,False,False,False,
hai-test2.csv,28,P2_VIBTR03,True,3_sigma_from_pre_median,9.8686,9.5038,300,0.29310264016502074,False,3.0,3,False,False,,2.1825118997216864,1.0,10,600,600,False,False,False,
hai-test2.csv,28,P2_VIBTR04,True,3_sigma_from_pre_median,-1.40565,-1.1708,300,0.2638662725045679,False,3.0,3,False,False,,1.5521119698725807,1.0,10,600,600,False,False,False,
hai-test2.csv,28,P2_VT01,True,3_sigma_from_pre_median,11.92041,11.95017,300,0.046671016450741364,False,3.0,3,False,False,,1.9592459507821132,1.0,10,600,600,False,False,False,
hai-test2.csv,28,P2_VTR01,True,change_from_pre_mode,50.0,50.0,300,0.0,True,3.0,3,False,False,,,1.0,10,600,600,False,False,False,
hai-test2.csv,28,P2_VTR02,True,change_from_pre_mode,50.0,50.0,300,0.0,True,3.0,3,False,False,,,1.0,10,600,600,False,False,False,
hai-test2.csv,28,P2_VTR03,True,change_from_pre_mode,50.0,50.0,300,0.0,True,3.0,3,False,False,,,1.0,10,600,600,False,False,False,
hai-test2.csv,28,P2_VTR04,True,change_from_pre_mode,50.0,50.0,300,0.0,True,3.0,3,False,False,,,1.0,10,600,600,False,False,False,
hai-test2.csv,28,P3_FIT01,True,3_sigma_from_pre_median,28.0,28.0,300,1688.0235925813643,False,3.0,3,False,False,,0.16705927644575105,1.0,10,600,600,False,False,False,
hai-test2.csv,28,P3_LCP01D,True,3_sigma_from_pre_median,2960.0,0.0,300,5147.799146350213,False,3.0,3,False,False,,0.5765570714048373,1.0,10,600,600,False,False,False,
hai-test2.csv,28,P3_LCV01D,True,3_sigma_from_pre_median,12016.0,-160.0,300,6818.667649961868,False,3.0,3,False,False,,0.7250683350181539,1.0,10,600,600,False,False,False,
hai-test2.csv,28,P3_LH01,True,change_from_pre_mode,70.0,70.0,300,0.0,True,3.0,3,False,False,,,1.0,10,600,600,False,False,False,
hai-test2.csv,28,P3_LIT01,True,3_sigma_from_pre_median,17966.0,17170.0,300,3086.289589129662,False,3.0,3,False,False,,1.1800577667201506,1.0,10,600,600,False,False,False,
hai-test2.csv,28,P3_LL01,True,change_from_pre_mode,30.0,30.0,300,0.0,True,3.0,3,False,False,,,1.0,10,600,600,False,False,False,
hai-test2.csv,28,P3_PIT01,True,3_sigma_from_pre_median,24.0,24.0,300,1298.3940193880667,False,3.0,3,False,False,,0.0015403644580422515,1.0,10,600,600,False,False,False,
hai-test2.csv,28,P4_HT_FD,True,3_sigma_from_pre_median,-0.00014,-0.00014,300,0.002085799588224817,False,3.0,3,False,False,,7.90584104680657,1.0,10,600,600,False,False,False,
hai-test2.csv,28,P4_HT_PO,True,3_sigma_from_pre_median,55.971500000000006,0.01807,300,31.369744436378745,False,3.0,3,False,False,,0.7258066780294217,1.0,10,600,600,False,False,False,
hai-test2.csv,28,P4_HT_PS,True,3_sigma_from_pre_median,3.63969,3.63969,300,1.9005221520029272,False,3.0,3,False,False,,0.0,1.0,10,600,600,False,False,False,
hai-test2.csv,28,P4_LD,True,3_sigma_from_pre_median,395.462615,282.84143,300,61.17702962605878,False,3.0,3,False,False,,1.3037838791379464,1.0,10,600,600,False,False,False,
hai-test2.csv,28,P4_ST_FD,True,3_sigma_from_pre_median,7e-05,-0.00065,300,0.0016455065627984334,False,3.0,3,False,False,,2.5949455909420487,1.0,10,600,600,False,False,False,
hai-test2.csv,28,P4_ST_GOV,True,3_sigma_from_pre_median,18576.5,20136.0,300,1755.4259694594575,False,3.0,3,False,False,,1.7132593754016807,1.0,10,600,600,False,False,False,
hai-test2.csv,28,P4_ST_LD,True,3_sigma_from_pre_median,350.00723500000004,284.3786,300,36.05910881852627,False,3.0,3,False,False,,1.5677629551109493,1.0,10,600,600,False,False,False,
hai-test2.csv,28,P4_ST_PO,True,3_sigma_from_pre_median,339.35546999999997,329.49945,300,32.463425616521704,False,3.0,3,False,False,,1.6879290758555243,1.0,10,600,600,False,False,False,
hai-test2.csv,28,P4_ST_PS,True,3_sigma_from_pre_median,0.84523,0.84523,300,10.589736200432041,False,3.0,3,False,False,,0.0,1.0,10,600,600,False,False,False,
hai-test2.csv,28,P4_ST_PT01,True,3_sigma_from_pre_median,9970.0,9970.0,300,30.94037172182327,False,3.0,3,False,False,,0.872646270793056,1.0,10,600,600,False,False,False,
hai-test2.csv,28,P4_ST_TT01,True,3_sigma_from_pre_median,27075.5,27059.0,300,125.87160191980817,False,3.0,3,False,False,,0.21847660298722532,1.0,10,600,600,False,False,False,
hai-test2.csv,28,x1001_05_SETPOINT_OUT,True,3_sigma_from_pre_median,0.06518,0.06518,300,0.042114897148061825,False,3.0,3,False,False,,0.0,1.0,10,600,600,False,False,False,
hai-test2.csv,28,x1001_15_ASSIGN_OUT,True,3_sigma_from_pre_median,1.0741749999999999,1.04448,300,0.10307475471232287,False,3.0,3,False,False,,1.5749249217528578,1.0,10,600,600,False,False,False,
hai-test2.csv,28,x1002_07_SETPOINT_OUT,True,3_sigma_from_pre_median,383.7872,383.7872,300,24.671699804613976,False,3.0,3,False,False,,0.0,1.0,10,600,600,False,False,False,
hai-test2.csv,28,x1002_08_SETPOINT_OUT,True,3_sigma_from_pre_median,994.77173,994.77173,300,22.76031945742657,False,3.0,3,False,False,,0.0,1.0,10,600,600,False,False,False,
hai-test2.csv,28,x1003_10_SETPOINT_OUT,True,3_sigma_from_pre_median,31.97761,26.01891,300,1200.880152569592,False,3.0,3,False,False,,0.783343340288477,1.0,10,600,600,False,False,False,
hai-test2.csv,28,x1003_18_SETPOINT_OUT,True,3_sigma_from_pre_median,26.71768,26.71768,300,0.8117389494981301,False,3.0,3,False,False,,0.0,1.0,10,600,600,False,False,False,
hai-test2.csv,28,x1003_24_SUM_OUT,True,3_sigma_from_pre_median,30.580985,30.48009,300,0.8617764720875876,False,3.0,3,False,False,,0.6279064438707541,1.0,10,600,600,False,False,False,
hai-test2.csv,29,P1_FCV01D,True,3_sigma_from_pre_median,15.49734,13.89443,300,21.696137110751636,False,3.0,3,False,False,,0.7543315160877051,1.0,10,600,600,False,False,False,
hai-test2.csv,29,P1_FCV01Z,True,3_sigma_from_pre_median,15.302275,14.10065,300,21.93007692173577,False,3.0,3,False,False,,0.7182320908500176,1.0,10,600,600,False,False,False,
hai-test2.csv,29,P1_FCV02D,True,3_sigma_from_pre_median,15.0,15.0,300,41.89070266671058,False,3.0,3,False,False,,2.029089859778056,1.0,10,600,600,False,False,False,
hai-test2.csv,29,P1_FCV02Z,True,3_sigma_from_pre_median,32.71255,97.3526,300,39.02001795893345,False,3.0,3,False,False,,0.5190212885425736,1.0,10,600,600,False,False,False,
hai-test2.csv,29,P1_FCV03D,True,3_sigma_from_pre_median,51.63329,51.58256,300,2.3390876027010608,False,3.0,3,False,False,,0.3564338501205539,1.0,10,600,600,False,False,False,
hai-test2.csv,29,P1_FCV03Z,True,3_sigma_from_pre_median,51.98822,51.98059,300,2.4048024631317655,False,3.0,3,False,False,,0.4885723538680621,1.0,10,600,600,False,False,False,
hai-test2.csv,29,P1_FT01,True,3_sigma_from_pre_median,62.02699,64.12508,300,10.923609818121934,False,3.0,3,False,False,,0.890496837763509,1.0,10,600,600,False,False,False,
hai-test2.csv,29,P1_FT01Z,True,3_sigma_from_pre_median,322.95383,333.87793,300,46.328484692484196,False,3.0,3,False,False,,1.0932276403207397,1.0,10,600,600,False,False,False,
hai-test2.csv,29,P1_FT02,True,3_sigma_from_pre_median,203.456875,48.67553,300,917.5366466123356,False,3.0,3,False,False,,0.9114371813786875,1.0,10,600,600,False,False,False,
hai-test2.csv,29,P1_FT02Z,True,3_sigma_from_pre_median,900.054965,253.43724,300,1200.8789655934509,False,3.0,3,False,False,,0.9617377505061518,1.0,10,600,600,False,False,False,
hai-test2.csv,29,P1_FT03,True,3_sigma_from_pre_median,243.79729,243.98799,300,11.046936280510804,False,3.0,3,False,False,,0.20718957201174143,1.0,10,600,600,False,False,False,
hai-test2.csv,29,P1_FT03Z,True,3_sigma_from_pre_median,994.85779,995.2926,300,23.168311167308214,False,3.0,3,False,False,,0.22524300378715326,1.0,10,600,600,False,False,False,
hai-test2.csv,29,P1_LCV01D,True,3_sigma_from_pre_median,16.153930000000003,13.64244,300,3.266506894832349,False,3.0,3,False,False,,0.5232592659467578,1.0,10,600,600,False,False,False,
hai-test2.csv,29,P1_LCV01Z,True,3_sigma_from_pre_median,16.21399,17.2821,300,3.187700744620662,False,3.0,3,False,False,,0.4116603486743423,1.0,10,600,600,False,False,False,
hai-test2.csv,29,P1_LIT01,True,3_sigma_from_pre_median,390.33919,388.29449,300,26.00444265493099,False,3.0,3,False,False,,0.3086145743053705,1.0,10,600,600,False,False,False,
hai-test2.csv,29,P1_PCV01D,True,3_sigma_from_pre_median,27.065685000000002,25.65103,300,2.467222143847526,False,3.0,3,False,False,,1.0854981204989973,1.0,10,600,600,False,False,False,
hai-test2.csv,29,P1_PCV01Z,True,3_sigma_from_pre_median,27.43682,26.36872,300,2.497731488619918,False,3.0,3,False,False,,1.1759991069428262,1.0,10,600,600,False,False,False,
hai-test2.csv,29,P1_PCV02D,True,3_sigma_from_pre_median,12.0,12.0,300,0.06927210836219852,False,3.0,3,False,False,,0.0,1.0,10,600,600,False,False,False,
hai-test2.csv,29,P1_PCV02Z,True,3_sigma_from_pre_median,11.91864,11.91864,300,0.11872654359448429,False,3.0,3,False,False,,0.06426532575614508,1.0,10,600,600,False,False,False,
hai-test2.csv,29,P1_PIT01,True,3_sigma_from_pre_median,1.08963,1.00723,300,0.10877020856385412,False,3.0,3,False,False,,1.0030320015057466,1.0,10,600,600,False,False,False,
hai-test2.csv,29,P1_PIT01_HH,True,change_from_pre_mode,524320.0,524320.0,300,0.0,True,3.0,3,False,False,,,1.0,10,600,600,False,False,False,
hai-test2.csv,29,P1_PIT02,True,3_sigma_from_pre_median,0.8969849999999999,0.32059,300,0.3667252175292831,False,3.0,3,False,False,,1.6861807436261822,1.0,10,600,600,False,False,False,
hai-test2.csv,29,P1_PP01AD,True,change_from_pre_mode,0.0,0.0,300,0.0,True,3.0,3,False,False,,,1.0,10,600,600,False,False,False,
hai-test2.csv,29,P1_PP01AR,True,change_from_pre_mode,0.0,0.0,300,0.0,True,3.0,3,False,False,,,1.0,10,600,600,False,False,False,
hai-test2.csv,29,P1_PP01BD,True,change_from_pre_mode,1.0,1.0,300,0.0,True,3.0,3,False,False,,,1.0,10,600,600,False,False,False,
hai-test2.csv,29,P1_PP01BR,True,change_from_pre_mode,1.0,1.0,300,0.0,True,3.0,3,False,False,,,1.0,10,600,600,False,False,False,
hai-test2.csv,29,P1_PP02D,True,change_from_pre_mode,1.0,1.0,300,0.0,True,3.0,3,False,False,,,1.0,10,600,600,False,False,False,
hai-test2.csv,29,P1_PP02R,True,change_from_pre_mode,1.0,1.0,300,0.0,True,3.0,3,False,False,,,1.0,10,600,600,False,False,False,
hai-test2.csv,29,P1_PP04,True,3_sigma_from_pre_median,40.0,40.0,300,17.14859399100902,False,3.0,3,False,False,,0.0,1.0,10,600,600,False,False,False,
hai-test2.csv,29,P1_PP04D,True,3_sigma_from_pre_median,1.0,1.0,300,0.49507705153684806,False,3.0,3,False,False,,0.0,1.0,10,600,600,False,False,False,
hai-test2.csv,29,P1_PP04SP,True,3_sigma_from_pre_median,27.91761,27.91761,300,0.2822382025676734,False,3.0,3,False,False,,0.0,1.0,10,600,600,False,False,False,
hai-test2.csv,29,P1_SOL01D,True,change_from_pre_mode,524320.0,524320.0,300,0.0,True,3.0,3,False,False,,,1.0,10,600,600,False,False,False,
hai-test2.csv,29,P1_SOL03D,True,change_from_pre_mode,524320.0,524320.0,300,0.0,True,3.0,3,False,False,,,1.0,10,600,600,False,False,False,
hai-test2.csv,29,P1_STSP,True,change_from_pre_mode,1.0,1.0,300,0.0,True,3.0,3,False,False,,,1.0,10,600,600,False,False,False,
hai-test2.csv,29,P1_TIT01,True,3_sigma_from_pre_median,29.89807,30.14221,300,1.3020195632059774,False,3.0,3,False,False,,0.21094921133420022,1.0,10,600,600,False,False,False,
hai-test2.csv,29,P1_TIT02,True,3_sigma_from_pre_median,37.49695,36.32202,300,2.1887095681347657,False,3.0,3,False,False,,1.0108833223978342,1.0,10,600,600,False,False,False,
hai-test2.csv,29,P1_TIT03,True,3_sigma_from_pre_median,29.31073,29.31073,300,1.2331199100797272,False,3.0,3,False,False,,0.6227374918878339,1.0,10,600,600,False,False,False,
hai-test2.csv,29,P2_24Vdc,True,3_sigma_from_pre_median,28.03341,28.03514,300,0.0035064224696394683,False,3.0,3,False,False,,2.960282193568268,1.0,10,600,600,False,False,False,
hai-test2.csv,29,P2_ATSW_Lamp,True,3_sigma_from_pre_median,0.0,0.0,300,0.386321898014947,False,3.0,3,False,False,,0.0,1.0,10,600,600,False,False,False,
hai-test2.csv,29,P2_AutoGO,True,3_sigma_from_pre_median,0.0,0.0,300,0.386321898014947,False,3.0,3,False,False,,0.0,1.0,10,600,600,False,False,False,
hai-test2.csv,29,P2_AutoSD,True,3_sigma_from_pre_median,112.0,112.0,300,9.050891107102233,False,3.0,3,False,False,,0.0,1.0,10,600,600,False,False,False,
hai-test2.csv,29,P2_Emerg,True,change_from_pre_mode,0.0,0.0,300,0.0,True,3.0,3,False,False,,,1.0,10,600,600,False,False,False,
hai-test2.csv,29,P2_MASW,True,3_sigma_from_pre_median,1.0,1.0,300,0.38632189801494704,False,3.0,3,False,False,,0.0,1.0,10,600,600,False,False,False,
hai-test2.csv,29,P2_MASW_Lamp,True,3_sigma_from_pre_median,1.0,1.0,300,0.38632189801494704,False,3.0,3,False,False,,0.0,1.0,10,600,600,False,False,False,
hai-test2.csv,29,P2_ManualGO,True,3_sigma_from_pre_median,1.0,1.0,300,0.38632189801494704,False,3.0,3,False,False,,0.0,1.0,10,600,600,False,False,False,
hai-test2.csv,29,P2_ManualSD,True,3_sigma_from_pre_median,12.94872,12.94872,300,4.414306207493221,False,3.0,3,False,False,,0.0,1.0,10,600,600,False,False,False,
hai-test2.csv,29,P2_OnOff,True,change_from_pre_mode,1.0,1.0,300,0.0,True,3.0,3,False,False,,,1.0,10,600,600,False,False,False,
hai-test2.csv,29,P2_RTR,True,change_from_pre_mode,2880.0,2880.0,300,0.0,True,3.0,3,False,False,,,1.0,10,600,600,False,False,False,
hai-test2.csv,29,P2_SCO,True,3_sigma_from_pre_median,54342.0,54342.0,300,179.70028495841728,False,3.0,3,False,False,,0.0,1.0,10,600,600,False,False,False,
hai-test2.csv,29,P2_SCST,True,3_sigma_from_pre_median,720.345245,720.13361,300,0.25187557511890135,False,3.0,3,False,False,,1.2594909206667904,1.0,10,600,600,False,False,False,
hai-test2.csv,29,P2_SIT01,True,3_sigma_from_pre_median,834.0,834.0,300,34.040295273317895,False,3.0,3,False,False,,0.1762616907939407,1.0,10,600,600,False,False,False,
hai-test2.csv,29,P2_TripEx,True,change_from_pre_mode,1.0,1.0,300,0.0,True,3.0,3,False,False,,,1.0,10,600,600,False,False,False,
hai-test2.csv,29,P2_VIBTR01,True,3_sigma_from_pre_median,6.6301000000000005,6.0938,300,0.39473789413008264,False,3.0,3,False,False,,1.5916890912757142,1.0,10,600,600,False,False,False,
hai-test2.csv,29,P2_VIBTR02,True,3_sigma_from_pre_median,-3.46985,-4.057,300,0.36541918293693737,False,3.0,3,False,False,,1.583797531778398,1.0,10,600,600,False,False,False,
hai-test2.csv,29,P2_VIBTR03,True,3_sigma_from_pre_median,9.76925,9.5326,300,0.29310264016502074,False,3.0,3,False,False,,1.3590802176866241,1.0,10,600,600,False,False,False,
hai-test2.csv,29,P2_VIBTR04,True,3_sigma_from_pre_median,-1.5465499999999999,-1.7469,300,0.2638662725045679,False,3.0,3,False,False,,1.3137336451137342,1.0,10,600,600,False,False,False,
hai-test2.csv,29,P2_VT01,True,3_sigma_from_pre_median,11.929845,11.85802,300,0.046671016450741364,False,3.0,3,False,False,,1.7577290198207436,1.0,10,600,600,False,False,False,
hai-test2.csv,29,P2_VTR01,True,change_from_pre_mode,50.0,50.0,300,0.0,True,3.0,3,False,False,,,1.0,10,600,600,False,False,False,
hai-test2.csv,29,P2_VTR02,True,change_from_pre_mode,50.0,50.0,300,0.0,True,3.0,3,False,False,,,1.0,10,600,600,False,False,False,
hai-test2.csv,29,P2_VTR03,True,change_from_pre_mode,50.0,50.0,300,0.0,True,3.0,3,False,False,,,1.0,10,600,600,False,False,False,
hai-test2.csv,29,P2_VTR04,True,change_from_pre_mode,50.0,50.0,300,0.0,True,3.0,3,False,False,,,1.0,10,600,600,False,False,False,
hai-test2.csv,29,P3_FIT01,True,3_sigma_from_pre_median,27.0,26.0,300,1688.0235925813643,False,3.0,3,True,False,11.0,3.0674926717592164,1.0,10,600,600,True,False,False,1.0
hai-test2.csv,29,P3_LCP01D,True,3_sigma_from_pre_median,940.0,0.0,300,5147.799146350213,False,3.0,3,False,False,,2.2432887670428103,1.0,10,600,600,False,False,False,
hai-test2.csv,29,P3_LCV01D,True,3_sigma_from_pre_median,13504.0,13200.0,300,6818.667649961868,False,3.0,3,False,False,,1.9616735536413485,1.0,10,600,600,False,False,False,
hai-test2.csv,29,P3_LH01,True,change_from_pre_mode,70.0,70.0,300,0.0,True,3.0,3,False,False,,,1.0,10,600,600,False,False,False,
hai-test2.csv,29,P3_LIT01,True,3_sigma_from_pre_median,17330.0,18298.0,300,3086.289589129662,False,3.0,3,False,False,,0.9982861008415111,1.0,10,600,600,False,False,False,
hai-test2.csv,29,P3_LL01,True,change_from_pre_mode,30.0,30.0,300,0.0,True,3.0,3,False,False,,,1.0,10,600,600,False,False,False,
hai-test2.csv,29,P3_PIT01,True,3_sigma_from_pre_median,22.0,22.0,300,1298.3940193880667,False,3.0,3,False,False,,1.2037948239600196,1.0,10,600,600,False,False,False,
hai-test2.csv,29,P4_HT_FD,True,3_sigma_from_pre_median,-7e-05,-0.00029,300,0.002085799588224817,False,3.0,3,False,False,,6.002494233233369,1.0,10,600,600,False,False,False,
hai-test2.csv,29,P4_HT_PO,True,3_sigma_from_pre_median,62.74414,61.32452,300,31.369744436378745,False,3.0,3,False,False,,1.9655592070586148,1.0,10,600,600,False,False,False,
hai-test2.csv,29,P4_HT_PS,True,3_sigma_from_pre_median,3.63969,3.63969,300,1.9005221520029272,False,3.0,3,False,False,,0.0,1.0,10,600,600,False,False,False,
hai-test2.csv,29,P4_LD,True,3_sigma_from_pre_median,389.60324,273.90771,300,61.17702962605878,False,3.0,3,False,False,,2.127351569625143,1.0,10,600,600,False,False,False,
hai-test2.csv,29,P4_ST_FD,True,3_sigma_from_pre_median,0.00010499999999999999,-0.00137,300,0.0016455065627984334,False,3.0,3,False,False,,4.153736092292483,1.0,10,600,600,False,False,False,
hai-test2.csv,29,P4_ST_GOV,True,3_sigma_from_pre_median,18323.0,18158.0,300,1755.4259694594575,False,3.0,3,False,False,,1.9038114156583266,1.0,10,600,600,False,False,False,
hai-test2.csv,29,P4_ST_LD,True,3_sigma_from_pre_median,339.43686,270.72485,300,36.05910881852627,False,3.0,3,False,False,,2.178869433390814,1.0,10,600,600,False,False,False,
hai-test2.csv,29,P4_ST_PO,True,3_sigma_from_pre_median,334.46359,287.19977,300,32.463425616521704,False,3.0,3,False,False,,1.8803979814420033,1.0,10,600,600,False,False,False,
hai-test2.csv,29,P4_ST_PS,True,3_sigma_from_pre_median,0.84523,0.84523,300,10.589736200432041,False,3.0,3,False,False,,0.0,1.0,10,600,600,False,False,False,
hai-test2.csv,29,P4_ST_PT01,True,3_sigma_from_pre_median,9970.0,9943.0,300,30.94037172182327,False,3.0,3,False,False,,0.872646270793056,1.0,10,600,600,False,False,False,
hai-test2.csv,29,P4_ST_TT01,True,3_sigma_from_pre_median,27058.5,27081.0,300,125.87160191980817,False,3.0,3,False,False,,0.24231041422219537,1.0,10,600,600,False,False,False,
hai-test2.csv,29,x1001_05_SETPOINT_OUT,True,3_sigma_from_pre_median,0.06518,0.06518,300,0.042114897148061825,False,3.0,3,False,False,,0.0,1.0,10,600,600,False,False,False,
hai-test2.csv,29,x1001_15_ASSIGN_OUT,True,3_sigma_from_pre_median,1.059585,0.97707,300,0.10307475471232287,False,3.0,3,False,False,,1.7841905179718427,1.0,10,600,600,False,False,False,
hai-test2.csv,29,x1002_07_SETPOINT_OUT,True,3_sigma_from_pre_median,388.88617,388.88617,300,24.671699804613976,False,3.0,3,False,False,,0.0,1.0,10,600,600,False,False,False,
hai-test2.csv,29,x1002_08_SETPOINT_OUT,True,3_sigma_from_pre_median,994.77173,994.77173,300,22.76031945742657,False,3.0,3,False,False,,0.0,1.0,10,600,600,False,False,False,
hai-test2.csv,29,x1003_10_SETPOINT_OUT,True,3_sigma_from_pre_median,894.184115,253.43724,300,1200.880152569592,False,3.0,3,False,False,,0.9666255891698823,1.0,10,600,600,False,False,False,
hai-test2.csv,29,x1003_18_SETPOINT_OUT,True,3_sigma_from_pre_median,26.71768,26.71768,300,0.8117389494981301,False,3.0,3,False,False,,0.0,1.0,10,600,600,False,False,False,
hai-test2.csv,29,x1003_24_SUM_OUT,True,3_sigma_from_pre_median,30.53063,30.50564,300,0.8617764720875876,False,3.0,3,False,False,,0.7093602805367242,1.0,10,600,600,False,False,False,
hai-test2.csv,30,P1_FCV01D,True,3_sigma_from_pre_median,62.06254,59.0956,300,21.696137110751636,False,3.0,3,False,False,,0.32708587541527373,1.0,10,600,600,False,False,False,
hai-test2.csv,30,P1_FCV01Z,True,3_sigma_from_pre_median,62.123865,63.69171,300,21.93007692173577,False,3.0,3,False,False,,0.325109438760495,1.0,10,600,600,False,False,False,
hai-test2.csv,30,P1_FCV02D,True,3_sigma_from_pre_median,15.0,15.0,300,41.89070266671058,False,3.0,3,False,False,,0.0,1.0,10,600,600,False,False,False,
hai-test2.csv,30,P1_FCV02Z,True,3_sigma_from_pre_median,12.43744,12.43744,300,39.02001795893345,False,3.0,3,False,False,,0.0003910813166734051,1.0,10,600,600,False,False,False,
hai-test2.csv,30,P1_FCV03D,True,3_sigma_from_pre_median,52.03002,51.67292,300,2.3390876027010608,False,3.0,3,False,False,,1.211126080412154,1.0,10,600,600,False,False,False,
hai-test2.csv,30,P1_FCV03Z,True,3_sigma_from_pre_median,53.04108,53.04108,300,2.4048024631317655,False,3.0,3,False,False,,1.129431644236959,1.0,10,600,600,False,False,False,
hai-test2.csv,30,P1_FT01,True,3_sigma_from_pre_median,64.79261500000001,58.21227,300,10.923609818121934,False,3.0,3,False,False,,2.750072137340844,1.0,10,600,600,False,False,False,
hai-test2.csv,30,P1_FT01Z,True,3_sigma_from_pre_median,337.353535,303.09189,300,46.328484692484196,False,3.0,3,True,False,114.0,3.3761519729863845,1.0,10,600,600,True,False,False,104.0
hai-test2.csv,30,P1_FT02,True,3_sigma_from_pre_median,2397.76611,2407.49341,300,917.5366466123356,False,3.0,3,False,False,,0.07462768953459649,1.0,10,600,600,False,False,False,
hai-test2.csv,30,P1_FT02Z,True,3_sigma_from_pre_median,3122.93457,3128.43994,300,1200.8789655934509,False,3.0,3,False,False,,0.03740485201837325,1.0,10,600,600,False,False,False,
hai-test2.csv,30,P1_FT03,True,3_sigma_from_pre_median,250.85446,250.66376,300,11.046936280510804,False,3.0,3,False,False,,0.6733685984161428,1.0,10,600,600,False,False,False,
hai-test2.csv,30,P1_FT03Z,True,3_sigma_from_pre_median,1010.74762,1010.42865,300,23.168311167308214,False,3.0,3,False,False,,0.7233837580552153,1.0,10,600,600,False,False,False,
hai-test2.csv,30,P1_LCV01D,True,3_sigma_from_pre_median,13.49217,9.61981,300,3.266506894832349,False,3.0,3,True,False,142.0,4.151352021161424,1.0,10,600,600,True,False,False,98.0
hai-test2.csv,30,P1_LCV01Z,True,3_sigma_from_pre_median,13.72681,9.56878,300,3.187700744620662,False,3.0,3,True,False,147.0,3.9682300860099398,1.0,10,600,600,True,False,False,102.0
hai-test2.csv,30,P1_LIT01,True,3_sigma_from_pre_median,394.32629,399.13132,300,26.00444265493099,False,3.0,3,False,False,,1.7121247546352423,1.0,10,600,600,False,False,False,
hai-test2.csv,30,P1_PCV01D,True,3_sigma_from_pre_median,33.106179999999995,28.13328,300,2.467222143847526,False,3.0,3,True,False,86.0,8.378248408456834,1.0,10,600,600,True,False,False,45.0
hai-test2.csv,30,P1_PCV01Z,True,3_sigma_from_pre_median,33.6319,32.42645,300,2.497731488619918,False,3.0,3,True,False,88.0,8.32053809414199,1.0,10,600,600,True,False,False,49.0
hai-test2.csv,30,P1_PCV02D,True,3_sigma_from_pre_median,12.0,12.0,300,0.06927210836219852,False,3.0,3,True,False,105.0,70.98297014853472,1.0,10,600,600,True,False,False,11.0
hai-test2.csv,30,P1_PCV02Z,True,3_sigma_from_pre_median,11.91864,11.91864,300,0.11872654359448429,False,3.0,3,True,False,112.0,41.76917688211371,1.0,10,600,600,True,False,False,55.0
hai-test2.csv,30,P1_PIT01,True,3_sigma_from_pre_median,1.2601499999999999,1.02783,300,0.10877020856385412,False,3.0,3,False,False,,1.0907398410507951,1.0,10,600,600,False,False,False,
hai-test2.csv,30,P1_PIT01_HH,True,change_from_pre_mode,524320.0,524320.0,300,0.0,True,3.0,3,False,False,,,1.0,10,600,600,False,False,False,
hai-test2.csv,30,P1_PIT02,True,3_sigma_from_pre_median,0.40298,0.39764,300,0.3667252175292831,False,3.0,3,False,False,,0.058245244610958306,1.0,10,600,600,False,False,False,
hai-test2.csv,30,P1_PP01AD,True,change_from_pre_mode,0.0,0.0,300,0.0,True,3.0,3,False,False,,,1.0,10,600,600,False,False,False,
hai-test2.csv,30,P1_PP01AR,True,change_from_pre_mode,0.0,0.0,300,0.0,True,3.0,3,False,False,,,1.0,10,600,600,False,False,False,
hai-test2.csv,30,P1_PP01BD,True,change_from_pre_mode,1.0,1.0,300,0.0,True,3.0,3,False,False,,,1.0,10,600,600,False,False,False,
hai-test2.csv,30,P1_PP01BR,True,change_from_pre_mode,1.0,1.0,300,0.0,True,3.0,3,False,False,,,1.0,10,600,600,False,False,False,
hai-test2.csv,30,P1_PP02D,True,change_from_pre_mode,1.0,1.0,300,0.0,True,3.0,3,False,False,,,1.0,10,600,600,False,False,False,
hai-test2.csv,30,P1_PP02R,True,change_from_pre_mode,1.0,1.0,300,0.0,True,3.0,3,False,False,,,1.0,10,600,600,False,False,False,
hai-test2.csv,30,P1_PP04,True,3_sigma_from_pre_median,29.590805,16.3365,300,17.14859399100902,False,3.0,3,False,False,,1.461934722645147,1.0,10,600,600,False,False,False,
hai-test2.csv,30,P1_PP04D,True,3_sigma_from_pre_median,1.0,1.0,300,0.49507705153684806,False,3.0,3,False,False,,2.0198876051631554,1.0,10,600,600,False,False,False,
hai-test2.csv,30,P1_PP04SP,True,3_sigma_from_pre_median,27.91761,27.91761,300,0.2822382025676734,False,3.0,3,False,False,,0.0,1.0,10,600,600,False,False,False,
hai-test2.csv,30,P1_SOL01D,True,change_from_pre_mode,524320.0,524320.0,300,0.0,True,3.0,3,False,False,,,1.0,10,600,600,False,False,False,
hai-test2.csv,30,P1_SOL03D,True,change_from_pre_mode,524320.0,524320.0,300,0.0,True,3.0,3,False,False,,,1.0,10,600,600,False,False,False,
hai-test2.csv,30,P1_STSP,True,change_from_pre_mode,1.0,1.0,300,0.0,True,3.0,3,False,False,,,1.0,10,600,600,False,False,False,
hai-test2.csv,30,P1_TIT01,True,3_sigma_from_pre_median,29.27246,29.22668,300,1.3020195632059774,False,3.0,3,False,False,,0.28126305498688464,1.0,10,600,600,False,False,False,
hai-test2.csv,30,P1_TIT02,True,3_sigma_from_pre_median,34.07897,34.07897,300,2.1887095681347657,False,3.0,3,False,False,,0.16035019223637392,1.0,10,600,600,False,False,False,
hai-test2.csv,30,P1_TIT03,True,3_sigma_from_pre_median,26.93185,26.93185,300,1.2331199100797272,False,3.0,3,False,False,,0.28331389116684763,1.0,10,600,600,False,False,False,
hai-test2.csv,30,P2_24Vdc,True,3_sigma_from_pre_median,28.03341,28.03253,300,0.0035064224696394683,False,3.0,3,False,False,,1.9934848297720924,1.0,10,600,600,False,False,False,
hai-test2.csv,30,P2_ATSW_Lamp,True,3_sigma_from_pre_median,1.0,1.0,300,0.386321898014947,False,3.0,3,False,False,,0.0,1.0,10,600,600,False,False,False,
hai-test2.csv,30,P2_AutoGO,True,3_sigma_from_pre_median,1.0,1.0,300,0.386321898014947,False,3.0,3,False,False,,0.0,1.0,10,600,600,False,False,False,
hai-test2.csv,30,P2_AutoSD,True,3_sigma_from_pre_median,111.01037,111.01037,300,9.050891107102233,False,3.0,3,False,False,,0.0,1.0,10,600,600,False,False,False,
hai-test2.csv,30,P2_Emerg,True,change_from_pre_mode,0.0,0.0,300,0.0,True,3.0,3,False,False,,,1.0,10,600,600,False,False,False,
hai-test2.csv,30,P2_MASW,True,3_sigma_from_pre_median,0.0,0.0,300,0.38632189801494704,False,3.0,3,False,False,,0.0,1.0,10,600,600,False,False,False,
hai-test2.csv,30,P2_MASW_Lamp,True,3_sigma_from_pre_median,0.0,0.0,300,0.38632189801494704,False,3.0,3,False,False,,0.0,1.0,10,600,600,False,False,False,
hai-test2.csv,30,P2_ManualGO,True,3_sigma_from_pre_median,0.0,0.0,300,0.38632189801494704,False,3.0,3,False,False,,0.0,1.0,10,600,600,False,False,False,
hai-test2.csv,30,P2_ManualSD,True,3_sigma_from_pre_median,12.94872,12.94872,300,4.414306207493221,False,3.0,3,False,False,,0.0,1.0,10,600,600,False,False,False,
hai-test2.csv,30,P2_OnOff,True,change_from_pre_mode,1.0,1.0,300,0.0,True,3.0,3,False,False,,,1.0,10,600,600,False,False,False,
hai-test2.csv,30,P2_RTR,True,change_from_pre_mode,2880.0,2880.0,300,0.0,True,3.0,3,False,False,,,1.0,10,600,600,False,False,False,
hai-test2.csv,30,P2_SCO,True,3_sigma_from_pre_median,54732.0,54732.0,300,179.70028495841728,False,3.0,3,False,False,,0.016694464344862898,1.0,10,600,600,False,False,False,
hai-test2.csv,30,P2_SCST,True,3_sigma_from_pre_median,720.143795,720.10968,300,0.25187557511890135,False,3.0,3,False,False,,1.9398268362042808,1.0,10,600,600,False,False,False,
hai-test2.csv,30,P2_SIT01,True,3_sigma_from_pre_median,904.0,903.0,300,34.040295273317895,False,3.0,3,False,False,,0.2643925361909111,1.0,10,600,600,False,False,False,
hai-test2.csv,30,P2_TripEx,True,change_from_pre_mode,1.0,1.0,300,0.0,True,3.0,3,False,False,,,1.0,10,600,600,False,False,False,
hai-test2.csv,30,P2_VIBTR01,True,3_sigma_from_pre_median,6.6391,6.6505,300,0.39473789413008264,False,3.0,3,False,False,,1.3127698346316647,1.0,10,600,600,False,False,False,
hai-test2.csv,30,P2_VIBTR02,True,3_sigma_from_pre_median,-3.47715,-3.8675,300,0.36541918293693737,False,3.0,3,False,False,,1.4245283890578744,1.0,10,600,600,False,False,False,
hai-test2.csv,30,P2_VIBTR03,True,3_sigma_from_pre_median,9.7506,9.523,300,0.29310264016502074,False,3.0,3,False,False,,1.088355941865272,1.0,10,600,600,False,False,False,
hai-test2.csv,30,P2_VIBTR04,True,3_sigma_from_pre_median,-1.44635,-1.6803,300,0.2638662725045679,False,3.0,3,False,False,,1.0313936579192355,1.0,10,600,600,False,False,False,
hai-test2.csv,30,P2_VT01,True,3_sigma_from_pre_median,11.933164999999999,11.94036,300,0.046671016450741364,False,3.0,3,False,False,,1.4560428541710466,1.0,10,600,600,False,False,False,
hai-test2.csv,30,P2_VTR01,True,change_from_pre_mode,50.0,50.0,300,0.0,True,3.0,3,False,False,,,1.0,10,600,600,False,False,False,
hai-test2.csv,30,P2_VTR02,True,change_from_pre_mode,50.0,50.0,300,0.0,True,3.0,3,False,False,,,1.0,10,600,600,False,False,False,
hai-test2.csv,30,P2_VTR03,True,change_from_pre_mode,50.0,50.0,300,0.0,True,3.0,3,False,False,,,1.0,10,600,600,False,False,False,
hai-test2.csv,30,P2_VTR04,True,change_from_pre_mode,50.0,50.0,300,0.0,True,3.0,3,False,False,,,1.0,10,600,600,False,False,False,
hai-test2.csv,30,P3_FIT01,True,3_sigma_from_pre_median,25.0,24.0,300,1688.0235925813643,False,3.0,3,True,False,83.0,3.1723490261241025,1.0,10,600,600,True,False,False,1.0
hai-test2.csv,30,P3_LCP01D,True,3_sigma_from_pre_median,0.0,0.0,300,5147.799146350213,False,3.0,3,False,False,,2.6232569717826557,1.0,10,600,600,False,False,False,
hai-test2.csv,30,P3_LCV01D,True,3_sigma_from_pre_median,-128.0,-144.0,300,6818.667649961868,False,3.0,3,False,False,,1.982792048836052,1.0,10,600,600,False,False,False,
hai-test2.csv,30,P3_LH01,True,change_from_pre_mode,70.0,70.0,300,0.0,True,3.0,3,False,False,,,1.0,10,600,600,False,False,False,
hai-test2.csv,30,P3_LIT01,True,3_sigma_from_pre_median,8304.0,8303.0,300,3086.289589129662,False,3.0,3,False,False,,0.6334467144255613,1.0,10,600,600,False,False,False,
hai-test2.csv,30,P3_LL01,True,change_from_pre_mode,30.0,30.0,300,0.0,True,3.0,3,False,False,,,1.0,10,600,600,False,False,False,
hai-test2.csv,30,P3_PIT01,True,3_sigma_from_pre_median,20.0,20.0,300,1298.3940193880667,False,3.0,3,True,False,104.0,3.2201318995373267,1.0,10,600,600,True,False,False,1.0
hai-test2.csv,30,P4_HT_FD,True,3_sigma_from_pre_median,-0.00022,-0.00022,300,0.002085799588224817,False,3.0,3,False,False,,4.1279133664648,1.0,10,600,600,False,False,False,
hai-test2.csv,30,P4_HT_PO,True,3_sigma_from_pre_median,0.07236,0.07236,300,31.369744436378745,False,3.0,3,False,False,,1.9324087935412502,1.0,10,600,600,False,False,False,
hai-test2.csv,30,P4_HT_PS,True,3_sigma_from_pre_median,4.17313,4.17313,300,1.9005221520029272,False,3.0,3,False,False,,0.0,1.0,10,600,600,False,False,False,
hai-test2.csv,30,P4_LD,True,3_sigma_from_pre_median,424.533415,385.45282,300,61.17702962605878,False,3.0,3,False,False,,2.6625525298570087,1.0,10,600,600,False,False,False,
hai-test2.csv,30,P4_ST_FD,True,3_sigma_from_pre_median,7e-05,-0.00014,300,0.0016455065627984334,False,3.0,3,False,False,,3.208738341961128,1.0,10,600,600,False,False,False,
hai-test2.csv,30,P4_ST_GOV,True,3_sigma_from_pre_median,21990.5,19098.0,300,1755.4259694594575,False,3.0,3,True,False,78.0,4.203822962851771,1.0,10,600,600,True,False,False,144.0
hai-test2.csv,30,P4_ST_LD,True,3_sigma_from_pre_median,402.00915499999996,344.92548,300,36.05910881852627,False,3.0,3,True,False,74.0,3.8649902775299902,1.0,10,600,600,True,False,False,131.0
hai-test2.csv,30,P4_ST_PO,True,3_sigma_from_pre_median,405.19205,468.56915,300,32.463425616521704,False,3.0,3,True,False,77.0,4.197263148059584,1.0,10,600,600,True,False,False,146.0
hai-test2.csv,30,P4_ST_PS,True,3_sigma_from_pre_median,0.84523,0.84523,300,10.589736200432041,False,3.0,3,False,False,,0.0,1.0,10,600,600,False,False,False,
hai-test2.csv,30,P4_ST_PT01,True,3_sigma_from_pre_median,10020.0,9943.0,300,30.94037172182327,False,3.0,3,False,False,,1.0019271997994346,1.0,10,600,600,False,False,False,
hai-test2.csv,30,P4_ST_TT01,True,3_sigma_from_pre_median,26999.0,26998.0,300,125.87160191980817,False,3.0,3,False,False,,0.29395033856463043,1.0,10,600,600,False,False,False,
hai-test2.csv,30,x1001_05_SETPOINT_OUT,True,3_sigma_from_pre_median,0.06518,0.06518,300,0.042114897148061825,False,3.0,3,False,False,,0.0,1.0,10,600,600,False,False,False,
hai-test2.csv,30,x1001_15_ASSIGN_OUT,True,3_sigma_from_pre_median,1.257965,1.17551,300,0.10307475471232287,False,3.0,3,True,False,84.0,3.846480169722881,1.0,10,600,600,True,False,False,145.0
hai-test2.csv,30,x1002_07_SETPOINT_OUT,True,3_sigma_from_pre_median,388.88617,388.88617,300,24.671699804613976,False,3.0,3,False,False,,0.0,1.0,10,600,600,False,False,False,
hai-test2.csv,30,x1002_08_SETPOINT_OUT,True,3_sigma_from_pre_median,1009.79407,1009.79407,300,22.76031945742657,False,3.0,3,False,False,,0.0,1.0,10,600,600,False,False,False,
hai-test2.csv,30,x1003_10_SETPOINT_OUT,True,3_sigma_from_pre_median,3122.55908,3128.43994,300,1200.880152569592,False,3.0,3,False,False,,0.03771749404225018,1.0,10,600,600,False,False,False,
hai-test2.csv,30,x1003_18_SETPOINT_OUT,True,3_sigma_from_pre_median,26.71768,26.71768,300,0.8117389494981301,False,3.0,3,False,False,,0.0,1.0,10,600,600,False,False,False,
hai-test2.csv,30,x1003_24_SUM_OUT,True,3_sigma_from_pre_median,31.18695,30.91878,300,0.8617764720875876,False,3.0,3,False,False,,1.5258365046967262,1.0,10,600,600,False,False,False,
hai-test2.csv,31,P1_FCV01D,True,3_sigma_from_pre_median,28.13433,22.28627,300,21.696137110751636,False,3.0,3,False,False,,0.8137609893353199,1.0,10,600,600,False,False,False,
hai-test2.csv,31,P1_FCV01Z,True,3_sigma_from_pre_median,27.82593,23.36273,300,21.93007692173577,False,3.0,3,False,False,,0.7740693322956387,1.0,10,600,600,False,False,False,
hai-test2.csv,31,P1_FCV02D,True,3_sigma_from_pre_median,15.0,15.0,300,41.89070266671058,False,3.0,3,False,False,,0.0,1.0,10,600,600,False,False,False,
hai-test2.csv,31,P1_FCV02Z,True,3_sigma_from_pre_median,12.4527,12.4527,300,39.02001795893345,False,3.0,3,False,False,,0.00019554065833672532,1.0,10,600,600,False,False,False,
hai-test2.csv,31,P1_FCV03D,True,3_sigma_from_pre_median,52.258305,52.21125,300,2.3390876027010608,False,3.0,3,False,False,,1.2924334242586963,1.0,10,600,600,False,False,False,
hai-test2.csv,31,P1_FCV03Z,True,3_sigma_from_pre_median,53.15551,53.15551,300,2.4048024631317655,False,3.0,3,False,False,,1.402273181144536,1.0,10,600,600,False,False,False,
hai-test2.csv,31,P1_FT01,True,3_sigma_from_pre_median,65.46022,69.84711,300,10.923609818121934,False,3.0,3,False,False,,0.9254266829660547,1.0,10,600,600,False,False,False,
hai-test2.csv,31,P1_FT01Z,True,3_sigma_from_pre_median,340.82953,363.67062,300,46.328484692484196,False,3.0,3,False,False,,1.3290236106079403,1.0,10,600,600,False,False,False,
hai-test2.csv,31,P1_FT02,True,3_sigma_from_pre_median,802.8411900000001,444.25958,300,917.5366466123356,False,3.0,3,False,False,,1.1670220736724566,1.0,10,600,600,False,False,False,
hai-test2.csv,31,P1_FT02Z,True,3_sigma_from_pre_median,1802.729495,1333.802,300,1200.8789655934509,False,3.0,3,False,False,,0.7971325940636663,1.0,10,600,600,False,False,False,
hai-test2.csv,31,P1_FT03,True,3_sigma_from_pre_median,250.09151,249.51932,300,11.046936280510804,False,3.0,3,False,False,,1.881980620878414,1.0,10,600,600,False,False,False,
hai-test2.csv,31,P1_FT03Z,True,3_sigma_from_pre_median,1009.15302,1007.90405,300,23.168311167308214,False,3.0,3,False,False,,2.0435598286856402,1.0,10,600,600,False,False,False,
hai-test2.csv,31,P1_LCV01D,True,3_sigma_from_pre_median,16.371245000000002,13.99227,300,3.266506894832349,False,3.0,3,False,False,,1.399343441531172,1.0,10,600,600,False,False,False,
hai-test2.csv,31,P1_LCV01Z,True,3_sigma_from_pre_median,16.54205,14.07776,300,3.187700744620662,False,3.0,3,False,False,,1.2613135052859124,1.0,10,600,600,False,False,False,
hai-test2.csv,31,P1_LIT01,True,3_sigma_from_pre_median,400.25589,387.93668,300,26.00444265493099,False,3.0,3,False,False,,0.3990372005928124,1.0,10,600,600,False,False,False,
hai-test2.csv,31,P1_PCV01D,True,3_sigma_from_pre_median,27.612695000000002,23.81192,300,2.467222143847526,False,3.0,3,False,False,,1.717755740223249,1.0,10,600,600,False,False,False,
hai-test2.csv,31,P1_PCV01Z,True,3_sigma_from_pre_median,28.234099999999998,30.05371,300,2.497731488619918,False,3.0,3,False,False,,1.3455209318183887,1.0,10,600,600,False,False,False,
hai-test2.csv,31,P1_PCV02D,True,3_sigma_from_pre_median,12.0,12.0,300,0.06927210836219852,False,3.0,3,False,False,,0.0,1.0,10,600,600,False,False,False,
hai-test2.csv,31,P1_PCV02Z,True,3_sigma_from_pre_median,11.8042,11.8042,300,0.11872654359448429,False,3.0,3,False,False,,0.1285306515122752,1.0,10,600,600,False,False,False,
hai-test2.csv,31,P1_PIT01,True,3_sigma_from_pre_median,1.020585,1.01715,300,0.10877020856385412,False,3.0,3,False,False,,1.9323765466222274,1.0,10,600,600,False,False,False,
hai-test2.csv,31,P1_PIT01_HH,True,change_from_pre_mode,524320.0,524320.0,300,0.0,True,3.0,3,False,False,,,1.0,10,600,600,False,False,False,
hai-test2.csv,31,P1_PIT02,True,3_sigma_from_pre_median,1.217425,1.36963,300,0.3667252175292831,False,3.0,3,False,False,,1.5925684193052925,1.0,10,600,600,False,False,False,
hai-test2.csv,31,P1_PP01AD,True,change_from_pre_mode,0.0,0.0,300,0.0,True,3.0,3,False,False,,,1.0,10,600,600,False,False,False,
hai-test2.csv,31,P1_PP01AR,True,change_from_pre_mode,0.0,0.0,300,0.0,True,3.0,3,False,False,,,1.0,10,600,600,False,False,False,
hai-test2.csv,31,P1_PP01BD,True,change_from_pre_mode,1.0,1.0,300,0.0,True,3.0,3,False,False,,,1.0,10,600,600,False,False,False,
hai-test2.csv,31,P1_PP01BR,True,change_from_pre_mode,1.0,1.0,300,0.0,True,3.0,3,False,False,,,1.0,10,600,600,False,False,False,
hai-test2.csv,31,P1_PP02D,True,change_from_pre_mode,1.0,1.0,300,0.0,True,3.0,3,False,False,,,1.0,10,600,600,False,False,False,
hai-test2.csv,31,P1_PP02R,True,change_from_pre_mode,1.0,1.0,300,0.0,True,3.0,3,False,False,,,1.0,10,600,600,False,False,False,
hai-test2.csv,31,P1_PP04,True,3_sigma_from_pre_median,39.818475,40.0,300,17.14859399100902,False,3.0,3,False,False,,0.03794392708470187,1.0,10,600,600,False,False,False,
hai-test2.csv,31,P1_PP04D,True,3_sigma_from_pre_median,1.0,1.0,300,0.49507705153684806,False,3.0,3,False,False,,0.0,1.0,10,600,600,False,False,False,
hai-test2.csv,31,P1_PP04SP,True,3_sigma_from_pre_median,27.91761,27.91761,300,0.2822382025676734,False,3.0,3,False,False,,0.0,1.0,10,600,600,False,False,False,
hai-test2.csv,31,P1_SOL01D,True,change_from_pre_mode,524320.0,524320.0,300,0.0,True,3.0,3,False,False,,,1.0,10,600,600,False,False,False,
hai-test2.csv,31,P1_SOL03D,True,change_from_pre_mode,524320.0,524320.0,300,0.0,True,3.0,3,False,False,,,1.0,10,600,600,False,False,False,
hai-test2.csv,31,P1_STSP,True,change_from_pre_mode,1.0,1.0,300,0.0,True,3.0,3,False,False,,,1.0,10,600,600,False,False,False,
hai-test2.csv,31,P1_TIT01,True,3_sigma_from_pre_median,29.53186,29.50134,300,1.3020195632059774,False,3.0,3,False,False,,0.3398643250109121,1.0,10,600,600,False,False,False,
hai-test2.csv,31,P1_TIT02,True,3_sigma_from_pre_median,33.70513,33.23975,300,2.1887095681347657,False,3.0,3,False,False,,0.45663436325712686,1.0,10,600,600,False,False,False,
hai-test2.csv,31,P1_TIT03,True,3_sigma_from_pre_median,27.7851,27.7851,300,1.2331199100797272,False,3.0,3,False,False,,0.0,1.0,10,600,600,False,False,False,
hai-test2.csv,31,P2_24Vdc,True,3_sigma_from_pre_median,28.03341,28.03341,300,0.0035064224696394683,False,3.0,3,False,False,,1.987781010516879,1.0,10,600,600,False,False,False,
hai-test2.csv,31,P2_ATSW_Lamp,True,3_sigma_from_pre_median,1.0,1.0,300,0.386321898014947,False,3.0,3,False,False,,0.0,1.0,10,600,600,False,False,False,
hai-test2.csv,31,P2_AutoGO,True,3_sigma_from_pre_median,1.0,1.0,300,0.386321898014947,False,3.0,3,False,False,,0.0,1.0,10,600,600,False,False,False,
hai-test2.csv,31,P2_AutoSD,True,3_sigma_from_pre_median,111.01037,111.01037,300,9.050891107102233,False,3.0,3,False,False,,0.0,1.0,10,600,600,False,False,False,
hai-test2.csv,31,P2_Emerg,True,change_from_pre_mode,0.0,0.0,300,0.0,True,3.0,3,False,False,,,1.0,10,600,600,False,False,False,
hai-test2.csv,31,P2_MASW,True,3_sigma_from_pre_median,0.0,0.0,300,0.38632189801494704,False,3.0,3,False,False,,0.0,1.0,10,600,600,False,False,False,
hai-test2.csv,31,P2_MASW_Lamp,True,3_sigma_from_pre_median,0.0,0.0,300,0.38632189801494704,False,3.0,3,False,False,,0.0,1.0,10,600,600,False,False,False,
hai-test2.csv,31,P2_ManualGO,True,3_sigma_from_pre_median,0.0,0.0,300,0.38632189801494704,False,3.0,3,False,False,,0.0,1.0,10,600,600,False,False,False,
hai-test2.csv,31,P2_ManualSD,True,3_sigma_from_pre_median,12.94872,12.94872,300,4.414306207493221,False,3.0,3,False,False,,0.0,1.0,10,600,600,False,False,False,
hai-test2.csv,31,P2_OnOff,True,change_from_pre_mode,1.0,1.0,300,0.0,True,3.0,3,False,False,,,1.0,10,600,600,False,False,False,
hai-test2.csv,31,P2_RTR,True,change_from_pre_mode,2880.0,2880.0,300,0.0,True,3.0,3,False,False,,,1.0,10,600,600,False,False,False,
hai-test2.csv,31,P2_SCO,True,3_sigma_from_pre_median,54734.0,54734.0,300,179.70028495841728,False,3.0,3,False,False,,0.011129642896575266,1.0,10,600,600,False,False,False,
hai-test2.csv,31,P2_SCST,True,3_sigma_from_pre_median,720.52298,720.34863,300,0.25187557511890135,False,3.0,3,False,False,,1.2904784429638267,1.0,10,600,600,False,False,False,
hai-test2.csv,31,P2_SIT01,True,3_sigma_from_pre_median,912.0,911.0,300,34.040295273317895,False,3.0,3,False,False,,0.23501558772525427,1.0,10,600,600,False,False,False,
hai-test2.csv,31,P2_TripEx,True,change_from_pre_mode,1.0,1.0,300,0.0,True,3.0,3,False,False,,,1.0,10,600,600,False,False,False,
hai-test2.csv,31,P2_VIBTR01,True,3_sigma_from_pre_median,6.60605,6.2833,300,0.39473789413008264,False,3.0,3,False,False,,1.540642560654664,1.0,10,600,600,False,False,False,
hai-test2.csv,31,P2_VIBTR02,True,3_sigma_from_pre_median,-3.5035,-3.9098,300,0.36541918293693737,False,3.0,3,False,False,,1.7169323048600709,1.0,10,600,600,False,False,False,
hai-test2.csv,31,P2_VIBTR03,True,3_sigma_from_pre_median,9.73715,9.4769,300,0.29310264016502074,False,3.0,3,False,False,,1.7995402556013773,1.0,10,600,600,False,False,False,
hai-test2.csv,31,P2_VIBTR04,True,3_sigma_from_pre_median,-1.53055,-1.6361,300,0.2638662725045679,False,3.0,3,False,False,,2.001582070292281,1.0,10,600,600,False,False,False,
hai-test2.csv,31,P2_VT01,True,3_sigma_from_pre_median,11.931650000000001,11.87322,300,0.046671016450741364,False,3.0,3,False,False,,1.4019407541521385,1.0,10,600,600,False,False,False,
hai-test2.csv,31,P2_VTR01,True,change_from_pre_mode,50.0,50.0,300,0.0,True,3.0,3,False,False,,,1.0,10,600,600,False,False,False,
hai-test2.csv,31,P2_VTR02,True,change_from_pre_mode,50.0,50.0,300,0.0,True,3.0,3,False,False,,,1.0,10,600,600,False,False,False,
hai-test2.csv,31,P2_VTR03,True,change_from_pre_mode,50.0,50.0,300,0.0,True,3.0,3,False,False,,,1.0,10,600,600,False,False,False,
hai-test2.csv,31,P2_VTR04,True,change_from_pre_mode,50.0,50.0,300,0.0,True,3.0,3,False,False,,,1.0,10,600,600,False,False,False,
hai-test2.csv,31,P3_FIT01,True,3_sigma_from_pre_median,49.5,27.0,300,1688.0235925813643,False,3.0,3,False,False,,2.9190942719377246,1.0,10,600,600,False,False,False,
hai-test2.csv,31,P3_LCP01D,True,3_sigma_from_pre_median,964.0,-8.0,300,5147.799146350213,False,3.0,3,False,False,,2.1236259786380325,1.0,10,600,600,False,False,False,
hai-test2.csv,31,P3_LCV01D,True,3_sigma_from_pre_median,13200.0,-144.0,300,6818.667649961868,False,3.0,3,False,False,,1.8912785696590035,1.0,10,600,600,False,False,False,
hai-test2.csv,31,P3_LH01,True,change_from_pre_mode,70.0,70.0,300,0.0,True,3.0,3,False,False,,,1.0,10,600,600,False,False,False,
hai-test2.csv,31,P3_LIT01,True,3_sigma_from_pre_median,15251.0,14128.0,300,3086.289589129662,False,3.0,3,False,False,,0.3752078236853197,1.0,10,600,600,False,False,False,
hai-test2.csv,31,P3_LL01,True,change_from_pre_mode,30.0,30.0,300,0.0,True,3.0,3,False,False,,,1.0,10,600,600,False,False,False,
hai-test2.csv,31,P3_PIT01,True,3_sigma_from_pre_median,23.0,23.0,300,1298.3940193880667,False,3.0,3,False,False,,1.0697831161103437,1.0,10,600,600,False,False,False,
hai-test2.csv,31,P4_HT_FD,True,3_sigma_from_pre_median,-0.00036,-0.00014,300,0.002085799588224817,False,3.0,3,False,False,,12.033754413271371,1.0,10,600,600,False,False,False,
hai-test2.csv,31,P4_HT_PO,True,3_sigma_from_pre_median,61.396879999999996,0.01807,300,31.369744436378745,False,3.0,3,False,False,,1.8937852719994257,1.0,10,600,600,False,False,False,
hai-test2.csv,31,P4_HT_PS,True,3_sigma_from_pre_median,4.17313,4.17313,300,1.9005221520029272,False,3.0,3,False,False,,0.0,1.0,10,600,600,False,False,False,
hai-test2.csv,31,P4_LD,True,3_sigma_from_pre_median,374.61121,272.38855,300,61.17702962605878,False,3.0,3,False,False,,2.073846520099075,1.0,10,600,600,False,False,False,
hai-test2.csv,31,P4_ST_FD,True,3_sigma_from_pre_median,-0.00017999999999999998,0.00029,300,0.0016455065627984334,False,3.0,3,False,False,,2.6617943063995715,1.0,10,600,600,False,False,False,
hai-test2.csv,31,P4_ST_GOV,True,3_sigma_from_pre_median,17771.5,17427.0,300,1755.4259694594575,False,3.0,3,False,False,,1.982709644583724,1.0,10,600,600,False,False,False,
hai-test2.csv,31,P4_ST_LD,True,3_sigma_from_pre_median,322.54596,270.61627,300,36.05910881852627,False,3.0,3,False,False,,2.0404492071694813,1.0,10,600,600,False,False,False,
hai-test2.csv,31,P4_ST_PO,True,3_sigma_from_pre_median,324.22781499999996,272.33435,300,32.463425616521704,False,3.0,3,False,False,,1.9466908928994018,1.0,10,600,600,False,False,False,
hai-test2.csv,31,P4_ST_PS,True,3_sigma_from_pre_median,0.84523,0.84523,300,10.589736200432041,False,3.0,3,False,False,,0.0,1.0,10,600,600,False,False,False,
hai-test2.csv,31,P4_ST_PT01,True,3_sigma_from_pre_median,9943.5,9970.0,300,30.94037172182327,False,3.0,3,False,False,,1.7614526577119094,1.0,10,600,600,False,False,False,
hai-test2.csv,31,P4_ST_TT01,True,3_sigma_from_pre_median,27027.0,27018.0,300,125.87160191980817,False,3.0,3,False,False,,0.4051747909944906,1.0,10,600,600,False,False,False,
hai-test2.csv,31,x1001_05_SETPOINT_OUT,True,3_sigma_from_pre_median,0.09124,0.09124,300,0.042114897148061825,False,3.0,3,False,False,,0.0,1.0,10,600,600,False,False,False,
hai-test2.csv,31,x1001_15_ASSIGN_OUT,True,3_sigma_from_pre_median,1.05623,1.00931,300,0.10307475471232287,False,3.0,3,False,False,,1.7997617410562872,1.0,10,600,600,False,False,False,
hai-test2.csv,31,x1002_07_SETPOINT_OUT,True,3_sigma_from_pre_median,398.59204,398.59204,300,24.671699804613976,False,3.0,3,False,False,,0.0,1.0,10,600,600,False,False,False,
hai-test2.csv,31,x1002_08_SETPOINT_OUT,True,3_sigma_from_pre_median,1009.79407,1009.79407,300,22.76031945742657,False,3.0,3,False,False,,0.0,1.0,10,600,600,False,False,False,
hai-test2.csv,31,x1003_10_SETPOINT_OUT,True,3_sigma_from_pre_median,1799.94855,1333.802,300,1200.880152569592,False,3.0,3,False,False,,0.7994475618118475,1.0,10,600,600,False,False,False,
hai-test2.csv,31,x1003_18_SETPOINT_OUT,True,3_sigma_from_pre_median,26.99597,26.99597,300,0.8117389494981301,False,3.0,3,False,False,,0.0,1.0,10,600,600,False,False,False,
hai-test2.csv,31,x1003_24_SUM_OUT,True,3_sigma_from_pre_median,30.712595,31.08529,300,0.8617764720875876,False,3.0,3,False,False,,0.7175468581801251,1.0,10,600,600,False,False,False,
hai-test2.csv,32,P1_FCV01D,True,3_sigma_from_pre_median,5.11706,4.13748,300,21.696137110751636,False,3.0,3,False,False,,0.38571981534228417,1.0,10,600,600,False,False,False,
hai-test2.csv,32,P1_FCV01Z,True,3_sigma_from_pre_median,4.84619,4.85382,300,21.93007692173577,False,3.0,3,False,False,,0.340938612604201,1.0,10,600,600,False,False,False,
hai-test2.csv,32,P1_FCV02D,True,3_sigma_from_pre_median,100.0,100.0,300,41.89070266671058,False,3.0,3,False,False,,0.0,1.0,10,600,600,False,False,False,
hai-test2.csv,32,P1_FCV02Z,True,3_sigma_from_pre_median,97.32971,97.32971,300,39.02001795893345,False,3.0,3,False,False,,0.00019554065833686187,1.0,10,600,600,False,False,False,
hai-test2.csv,32,P1_FCV03D,True,3_sigma_from_pre_median,50.68461,50.66917,300,2.3390876027010608,False,3.0,3,False,False,,0.38188821956411456,1.0,10,600,600,False,False,False,
hai-test2.csv,32,P1_FCV03Z,True,3_sigma_from_pre_median,51.35498,51.98822,300,2.4048024631317655,False,3.0,3,False,False,,0.3584993001368057,1.0,10,600,600,False,False,False,
hai-test2.csv,32,P1_FT01,True,3_sigma_from_pre_median,57.8308,55.542,300,10.923609818121934,False,3.0,3,False,False,,0.9428833665326567,1.0,10,600,600,False,False,False,
hai-test2.csv,32,P1_FT01Z,True,3_sigma_from_pre_median,301.10565,289.18866,300,46.328484692484196,False,3.0,3,False,False,,1.1361006160544393,1.0,10,600,600,False,False,False,
hai-test2.csv,32,P1_FT02,True,3_sigma_from_pre_median,5.37871,5.37871,300,917.5366466123356,False,3.0,3,False,False,,0.04885108422153064,1.0,10,600,600,False,False,False,
hai-test2.csv,32,P1_FT02Z,True,3_sigma_from_pre_median,28.00514,28.00514,300,1200.8789655934509,False,3.0,3,False,False,,0.19433821116574373,1.0,10,600,600,False,False,False,
hai-test2.csv,32,P1_FT03,True,3_sigma_from_pre_median,238.83813,239.79187,300,11.046936280510804,False,3.0,3,False,False,,0.3453111254683192,1.0,10,600,600,False,False,False,
hai-test2.csv,32,P1_FT03Z,True,3_sigma_from_pre_median,983.7684300000001,985.72546,300,23.168311167308214,False,3.0,3,False,False,,0.38478635475940376,1.0,10,600,600,False,False,False,
hai-test2.csv,32,P1_LCV01D,True,3_sigma_from_pre_median,16.5898,11.99811,300,3.266506894832349,False,3.0,3,False,False,,1.3661260005480664,1.0,10,600,600,False,False,False,
hai-test2.csv,32,P1_LCV01Z,True,3_sigma_from_pre_median,16.78238,20.95947,300,3.187700744620662,False,3.0,3,False,False,,1.5951905173599086,1.0,10,600,600,False,False,False,
hai-test2.csv,32,P1_LIT01,True,3_sigma_from_pre_median,397.36776499999996,387.47665,300,26.00444265493099,False,3.0,3,False,False,,0.23883207505784818,1.0,10,600,600,False,False,False,
hai-test2.csv,32,P1_PCV01D,True,3_sigma_from_pre_median,25.831275,22.47175,300,2.467222143847526,False,3.0,3,False,False,,1.5044632317589106,1.0,10,600,600,False,False,False,
hai-test2.csv,32,P1_PCV01Z,True,3_sigma_from_pre_median,25.785065,22.92786,300,2.497731488619918,False,3.0,3,False,False,,1.3424641580879897,1.0,10,600,600,False,False,False,
hai-test2.csv,32,P1_PCV02D,True,3_sigma_from_pre_median,12.0,12.0,300,0.06927210836219852,False,3.0,3,False,False,,0.0,1.0,10,600,600,False,False,False,
hai-test2.csv,32,P1_PCV02Z,True,3_sigma_from_pre_median,11.79657,11.79657,300,0.11872654359448429,False,3.0,3,False,False,,0.06426532575614508,1.0,10,600,600,False,False,False,
hai-test2.csv,32,P1_PIT01,True,3_sigma_from_pre_median,1.0099,1.13159,300,0.10877020856385412,False,3.0,3,False,False,,1.2450100242338034,1.0,10,600,600,False,False,False,
hai-test2.csv,32,P1_PIT01_HH,True,change_from_pre_mode,524320.0,524320.0,300,0.0,True,3.0,3,False,False,,,1.0,10,600,600,False,False,False,
hai-test2.csv,32,P1_PIT02,True,3_sigma_from_pre_median,0.3717,0.37094,300,0.3667252175292831,False,3.0,3,False,False,,0.15185756893184774,1.0,10,600,600,False,False,False,
hai-test2.csv,32,P1_PP01AD,True,change_from_pre_mode,0.0,0.0,300,0.0,True,3.0,3,False,False,,,1.0,10,600,600,False,False,False,
hai-test2.csv,32,P1_PP01AR,True,change_from_pre_mode,0.0,0.0,300,0.0,True,3.0,3,False,False,,,1.0,10,600,600,False,False,False,
hai-test2.csv,32,P1_PP01BD,True,change_from_pre_mode,1.0,1.0,300,0.0,True,3.0,3,False,False,,,1.0,10,600,600,False,False,False,
hai-test2.csv,32,P1_PP01BR,True,change_from_pre_mode,1.0,1.0,300,0.0,True,3.0,3,False,False,,,1.0,10,600,600,False,False,False,
hai-test2.csv,32,P1_PP02D,True,change_from_pre_mode,1.0,1.0,300,0.0,True,3.0,3,False,False,,,1.0,10,600,600,False,False,False,
hai-test2.csv,32,P1_PP02R,True,change_from_pre_mode,1.0,1.0,300,0.0,True,3.0,3,False,False,,,1.0,10,600,600,False,False,False,
hai-test2.csv,32,P1_PP04,True,3_sigma_from_pre_median,32.07851,45.0,300,17.14859399100902,False,3.0,3,False,False,,0.4619323312542838,1.0,10,600,600,False,False,False,
hai-test2.csv,32,P1_PP04D,True,3_sigma_from_pre_median,1.0,1.0,300,0.49507705153684806,False,3.0,3,False,False,,0.0,1.0,10,600,600,False,False,False,
hai-test2.csv,32,P1_PP04SP,True,3_sigma_from_pre_median,27.91761,27.91761,300,0.2822382025676734,False,3.0,3,False,False,,0.0,1.0,10,600,600,False,False,False,
hai-test2.csv,32,P1_SOL01D,True,change_from_pre_mode,524320.0,524320.0,300,0.0,True,3.0,3,False,False,,,1.0,10,600,600,False,False,False,
hai-test2.csv,32,P1_SOL03D,True,change_from_pre_mode,524320.0,524320.0,300,0.0,True,3.0,3,False,False,,,1.0,10,600,600,False,False,False,
hai-test2.csv,32,P1_STSP,True,change_from_pre_mode,1.0,1.0,300,0.0,True,3.0,3,False,False,,,1.0,10,600,600,False,False,False,
hai-test2.csv,32,P1_TIT01,True,3_sigma_from_pre_median,32.7362,32.82775,300,1.3020195632059774,False,3.0,3,False,False,,0.6445602076312521,1.0,10,600,600,False,False,False,
hai-test2.csv,32,P1_TIT02,True,3_sigma_from_pre_median,38.25989,38.25989,300,2.1887095681347657,False,3.0,3,False,False,,0.19521091615828726,1.0,10,600,600,False,False,False,
hai-test2.csv,32,P1_TIT03,True,3_sigma_from_pre_median,29.82251,29.82251,300,1.2331199100797272,False,3.0,3,False,False,,0.2242928670108951,1.0,10,600,600,False,False,False,
hai-test2.csv,32,P2_24Vdc,True,3_sigma_from_pre_median,28.03338,28.03253,300,0.0035064224696394683,False,3.0,3,False,False,,2.7178698752125756,1.0,10,600,600,False,False,False,
hai-test2.csv,32,P2_ATSW_Lamp,True,3_sigma_from_pre_median,1.0,1.0,300,0.386321898014947,False,3.0,3,False,False,,0.0,1.0,10,600,600,False,False,False,
hai-test2.csv,32,P2_AutoGO,True,3_sigma_from_pre_median,1.0,1.0,300,0.386321898014947,False,3.0,3,False,False,,0.0,1.0,10,600,600,False,False,False,
hai-test2.csv,32,P2_AutoSD,True,3_sigma_from_pre_median,111.01037,111.01037,300,9.050891107102233,False,3.0,3,False,False,,0.0,1.0,10,600,600,False,False,False,
hai-test2.csv,32,P2_Emerg,True,change_from_pre_mode,0.0,0.0,300,0.0,True,3.0,3,False,False,,,1.0,10,600,600,False,False,False,
hai-test2.csv,32,P2_MASW,True,3_sigma_from_pre_median,0.0,0.0,300,0.38632189801494704,False,3.0,3,False,False,,0.0,1.0,10,600,600,False,False,False,
hai-test2.csv,32,P2_MASW_Lamp,True,3_sigma_from_pre_median,0.0,0.0,300,0.38632189801494704,False,3.0,3,False,False,,0.0,1.0,10,600,600,False,False,False,
hai-test2.csv,32,P2_ManualGO,True,3_sigma_from_pre_median,0.0,0.0,300,0.38632189801494704,False,3.0,3,False,False,,0.0,1.0,10,600,600,False,False,False,
hai-test2.csv,32,P2_ManualSD,True,3_sigma_from_pre_median,12.94872,12.94872,300,4.414306207493221,False,3.0,3,False,False,,0.0,1.0,10,600,600,False,False,False,
hai-test2.csv,32,P2_OnOff,True,change_from_pre_mode,1.0,1.0,300,0.0,True,3.0,3,False,False,,,1.0,10,600,600,False,False,False,
hai-test2.csv,32,P2_RTR,True,change_from_pre_mode,2880.0,2880.0,300,0.0,True,3.0,3,False,False,,,1.0,10,600,600,False,False,False,
hai-test2.csv,32,P2_SCO,True,3_sigma_from_pre_median,54734.0,54734.0,300,179.70028495841728,False,3.0,3,True,False,31.0,5.859756985046878,1.0,10,600,600,True,False,False,1.0
hai-test2.csv,32,P2_SCST,True,3_sigma_from_pre_median,720.51233,720.51099,300,0.25187557511890135,False,3.0,3,False,False,,1.1122555248471395,1.0,10,600,600,False,False,False,
hai-test2.csv,32,P2_SIT01,True,3_sigma_from_pre_median,912.0,910.0,300,34.040295273317895,False,3.0,3,False,False,,0.6462928662444493,1.0,10,600,600,False,False,False,
hai-test2.csv,32,P2_TripEx,True,change_from_pre_mode,1.0,1.0,300,0.0,True,3.0,3,False,False,,,1.0,10,600,600,False,False,False,
hai-test2.csv,32,P2_VIBTR01,True,3_sigma_from_pre_median,6.60555,6.7934,300,0.39473789413008264,False,3.0,3,False,False,,1.4167628908100325,1.0,10,600,600,False,False,False,
hai-test2.csv,32,P2_VIBTR02,True,3_sigma_from_pre_median,-3.4378,-3.835,300,0.36541918293693737,False,3.0,3,False,False,,1.4246652182182868,1.0,10,600,600,False,False,False,
hai-test2.csv,32,P2_VIBTR03,True,3_sigma_from_pre_median,9.7349,9.5458,300,0.29310264016502074,False,3.0,3,False,False,,1.3418507584188486,1.0,10,600,600,False,False,False,
hai-test2.csv,32,P2_VIBTR04,True,3_sigma_from_pre_median,-1.4351,-1.6544,300,0.2638662725045679,False,3.0,3,False,False,,1.204397958797475,1.0,10,600,600,False,False,False,
hai-test2.csv,32,P2_VT01,True,3_sigma_from_pre_median,11.93883,11.94939,300,0.046671016450741364,False,3.0,3,False,False,,1.3395894230412915,1.0,10,600,600,False,False,False,
hai-test2.csv,32,P2_VTR01,True,change_from_pre_mode,50.0,50.0,300,0.0,True,3.0,3,False,False,,,1.0,10,600,600,False,False,False,
hai-test2.csv,32,P2_VTR02,True,change_from_pre_mode,50.0,50.0,300,0.0,True,3.0,3,False,False,,,1.0,10,600,600,False,False,False,
hai-test2.csv,32,P2_VTR03,True,change_from_pre_mode,50.0,50.0,300,0.0,True,3.0,3,False,False,,,1.0,10,600,600,False,False,False,
hai-test2.csv,32,P2_VTR04,True,change_from_pre_mode,50.0,50.0,300,0.0,True,3.0,3,False,False,,,1.0,10,600,600,False,False,False,
hai-test2.csv,32,P3_FIT01,True,3_sigma_from_pre_median,81.5,27.0,300,1688.0235925813643,False,3.0,3,False,False,,0.05302058596416567,1.0,10,600,600,False,False,False,
hai-test2.csv,32,P3_LCP01D,True,3_sigma_from_pre_median,2552.0,0.0,300,5147.799146350213,False,3.0,3,False,False,,0.4972998998640106,1.0,10,600,600,False,False,False,
hai-test2.csv,32,P3_LCV01D,True,3_sigma_from_pre_median,13096.0,-128.0,300,6818.667649961868,False,3.0,3,False,False,,0.5220961312023924,1.0,10,600,600,False,False,False,
hai-test2.csv,32,P3_LH01,True,change_from_pre_mode,70.0,70.0,300,0.0,True,3.0,3,False,False,,,1.0,10,600,600,False,False,False,
hai-test2.csv,32,P3_LIT01,True,3_sigma_from_pre_median,14129.0,14755.0,300,3086.289589129662,False,3.0,3,False,False,,0.9036741107585118,1.0,10,600,600,False,False,False,
hai-test2.csv,32,P3_LL01,True,change_from_pre_mode,30.0,30.0,300,0.0,True,3.0,3,False,False,,,1.0,10,600,600,False,False,False,
hai-test2.csv,32,P3_PIT01,True,3_sigma_from_pre_median,23.0,23.0,300,1298.3940193880667,False,3.0,3,False,False,,0.0,1.0,10,600,600,False,False,False,
hai-test2.csv,32,P4_HT_FD,True,3_sigma_from_pre_median,-0.00022,-0.00036,300,0.002085799588224817,False,3.0,3,False,False,,0.27807081911145,1.0,10,600,600,False,False,False,
hai-test2.csv,32,P4_HT_PO,True,3_sigma_from_pre_median,60.87238,0.01807,300,31.369744436378745,False,3.0,3,False,False,,0.5211534328294081,1.0,10,600,600,False,False,False,
hai-test2.csv,32,P4_HT_PS,True,3_sigma_from_pre_median,4.17313,4.17313,300,1.9005221520029272,False,3.0,3,False,False,,0.0,1.0,10,600,600,False,False,False,
hai-test2.csv,32,P4_LD,True,3_sigma_from_pre_median,368.082675,265.96863,300,61.17702962605878,False,3.0,3,False,False,,1.703743147339774,1.0,10,600,600,False,False,False,
hai-test2.csv,32,P4_ST_FD,True,3_sigma_from_pre_median,0.00022,-0.00029,300,0.0016455065627984334,False,3.0,3,False,False,,3.081118066996765,1.0,10,600,600,False,False,False,
hai-test2.csv,32,P4_ST_GOV,True,3_sigma_from_pre_median,16881.5,16929.0,300,1755.4259694594575,False,3.0,3,False,False,,2.391157515627117,1.0,10,600,600,False,False,False,
hai-test2.csv,32,P4_ST_LD,True,3_sigma_from_pre_median,309.073,303.27692,300,36.05910881852627,False,3.0,3,False,False,,2.356909052514778,1.0,10,600,600,False,False,False,
hai-test2.csv,32,P4_ST_PO,True,3_sigma_from_pre_median,309.950105,251.66376,300,32.463425616521704,False,3.0,3,False,False,,2.346391471429731,1.0,10,600,600,False,False,False,
hai-test2.csv,32,P4_ST_PS,True,3_sigma_from_pre_median,0.84523,0.84523,300,10.589736200432041,False,3.0,3,False,False,,0.0,1.0,10,600,600,False,False,False,
hai-test2.csv,32,P4_ST_PT01,True,3_sigma_from_pre_median,9943.0,9970.0,300,30.94037172182327,False,3.0,3,False,False,,1.0988878965542186,1.0,10,600,600,False,False,False,
hai-test2.csv,32,P4_ST_TT01,True,3_sigma_from_pre_median,27336.0,27343.0,300,125.87160191980817,False,3.0,3,False,False,,0.6832359220691411,1.0,10,600,600,False,False,False,
hai-test2.csv,32,x1001_05_SETPOINT_OUT,True,3_sigma_from_pre_median,0.09124,0.09124,300,0.042114897148061825,False,3.0,3,False,False,,0.0,1.0,10,600,600,False,False,False,
hai-test2.csv,32,x1001_15_ASSIGN_OUT,True,3_sigma_from_pre_median,1.00954,0.89842,300,0.10307475471232287,False,3.0,3,False,False,,2.1727919763191528,1.0,10,600,600,False,False,False,
hai-test2.csv,32,x1002_07_SETPOINT_OUT,True,3_sigma_from_pre_median,398.59204,398.59204,300,24.671699804613976,False,3.0,3,False,False,,0.0,1.0,10,600,600,False,False,False,
hai-test2.csv,32,x1002_08_SETPOINT_OUT,True,3_sigma_from_pre_median,983.1485,983.1485,300,22.76031945742657,False,3.0,3,False,False,,0.0,1.0,10,600,600,False,False,False,
hai-test2.csv,32,x1003_10_SETPOINT_OUT,True,3_sigma_from_pre_median,28.00514,28.00514,300,1200.880152569592,False,3.0,3,False,False,,0.19433801907761616,1.0,10,600,600,False,False,False,
hai-test2.csv,32,x1003_18_SETPOINT_OUT,True,3_sigma_from_pre_median,26.99597,26.99597,300,0.8117389494981301,False,3.0,3,False,False,,0.0,1.0,10,600,600,False,False,False,
hai-test2.csv,32,x1003_24_SUM_OUT,True,3_sigma_from_pre_median,30.556955000000002,30.53979,300,0.8617764720875876,False,3.0,3,False,False,,0.8662745203423505,1.0,10,600,600,False,False,False,
hai-test2.csv,33,P1_FCV01D,True,3_sigma_from_pre_median,60.07353,55.58809,300,21.696137110751636,False,3.0,3,False,False,,2.1482921020490022,1.0,10,600,600,False,False,False,
hai-test2.csv,33,P1_FCV01Z,True,3_sigma_from_pre_median,60.02197,61.08245,300,21.93007692173577,False,3.0,3,False,False,,2.125646898839531,1.0,10,600,600,False,False,False,
hai-test2.csv,33,P1_FCV02D,True,3_sigma_from_pre_median,15.0,15.0,300,41.89070266671058,False,3.0,3,False,False,,2.029089859778056,1.0,10,600,600,False,False,False,
hai-test2.csv,33,P1_FCV02Z,True,3_sigma_from_pre_median,13.26141,13.26141,300,39.02001795893345,False,3.0,3,False,False,,0.539258337147499,1.0,10,600,600,False,False,False,
hai-test2.csv,33,P1_FCV03D,True,3_sigma_from_pre_median,50.96436,50.45523,300,2.3390876027010608,False,3.0,3,True,False,486.0,8.498433310939365,1.0,10,600,600,True,False,False,112.0
hai-test2.csv,33,P1_FCV03Z,True,3_sigma_from_pre_median,51.62201,51.03454,300,2.4048024631317655,False,3.0,3,True,False,489.0,8.140805866651059,1.0,10,600,600,True,False,False,115.0
hai-test2.csv,33,P1_FT01,True,3_sigma_from_pre_median,60.11959,59.54741,300,10.923609818121934,False,3.0,3,True,False,178.0,40.10743950897767,1.0,10,600,600,True,False,False,6.0
hai-test2.csv,33,P1_FT01Z,True,3_sigma_from_pre_median,313.02267,310.04352,300,46.328484692484196,False,3.0,3,True,False,179.0,23.98158880815372,1.0,10,600,600,True,False,False,8.0
hai-test2.csv,33,P1_FT02,True,3_sigma_from_pre_median,2349.414915,2364.38745,300,917.5366466123356,False,3.0,3,False,False,,2.3561831922266623,1.0,10,600,600,False,False,False,
hai-test2.csv,33,P1_FT02Z,True,3_sigma_from_pre_median,3090.7156999999997,3101.03809,300,1200.8789655934509,False,3.0,3,False,False,,1.8520985409223736,1.0,10,600,600,False,False,False,
hai-test2.csv,33,P1_FT03,True,3_sigma_from_pre_median,238.83813,237.88448,300,11.046936280510804,False,3.0,3,True,False,872.0,4.8689789308274065,1.0,10,600,600,True,False,False,43.0
hai-test2.csv,33,P1_FT03Z,True,3_sigma_from_pre_median,983.55096,981.37659,300,23.168311167308214,False,3.0,3,True,False,877.0,4.17461675568635,1.0,10,600,600,True,False,False,45.0
hai-test2.csv,33,P1_LCV01D,True,3_sigma_from_pre_median,16.62032,12.80085,300,3.266506894832349,False,3.0,3,True,False,174.0,24.60722802304859,1.0,10,600,600,True,False,False,307.0
hai-test2.csv,33,P1_LCV01Z,True,3_sigma_from_pre_median,16.33606,17.40417,300,3.187700744620662,False,3.0,3,True,False,177.0,25.649901465179717,1.0,10,600,600,True,False,False,308.0
hai-test2.csv,33,P1_LIT01,True,3_sigma_from_pre_median,398.26233,398.36453,300,26.00444265493099,False,3.0,3,True,False,518.0,11.748990126579999,1.0,10,600,600,True,False,False,96.0
hai-test2.csv,33,P1_PCV01D,True,3_sigma_from_pre_median,27.23898,25.87999,300,2.467222143847526,False,3.0,3,True,False,253.0,24.678552011149122,1.0,10,600,600,True,False,False,39.0
hai-test2.csv,33,P1_PCV01Z,True,3_sigma_from_pre_median,27.89459,26.25427,300,2.497731488619918,False,3.0,3,True,False,257.0,24.775289210207276,1.0,10,600,600,True,False,False,44.0
hai-test2.csv,33,P1_PCV02D,True,3_sigma_from_pre_median,12.0,12.0,300,0.06927210836219852,False,3.0,3,True,False,254.0,187.66571867609045,1.0,10,600,600,True,False,False,28.0
hai-test2.csv,33,P1_PCV02Z,True,3_sigma_from_pre_median,11.8042,11.8042,300,0.11872654359448429,False,3.0,3,True,False,258.0,113.35502232733435,1.0,10,600,600,True,False,False,31.0
hai-test2.csv,33,P1_PIT01,True,3_sigma_from_pre_median,1.06064,1.06064,300,0.10877020856385412,False,3.0,3,True,False,178.0,9.805901947626152,1.0,10,600,600,True,False,False,271.0
hai-test2.csv,33,P1_PIT01_HH,True,change_from_pre_mode,524320.0,524320.0,300,0.0,True,3.0,3,False,False,,,1.0,10,600,600,False,False,False,
hai-test2.csv,33,P1_PIT02,True,3_sigma_from_pre_median,0.40756,0.39764,300,0.3667252175292831,False,3.0,3,True,False,2026.0,3.039496458710244,1.0,10,600,600,True,False,False,18.0
hai-test2.csv,33,P1_PP01AD,True,change_from_pre_mode,0.0,0.0,300,0.0,True,3.0,3,False,False,,,1.0,10,600,600,False,False,False,
hai-test2.csv,33,P1_PP01AR,True,change_from_pre_mode,0.0,0.0,300,0.0,True,3.0,3,False,False,,,1.0,10,600,600,False,False,False,
hai-test2.csv,33,P1_PP01BD,True,change_from_pre_mode,1.0,1.0,300,0.0,True,3.0,3,False,False,,,1.0,10,600,600,False,False,False,
hai-test2.csv,33,P1_PP01BR,True,change_from_pre_mode,1.0,1.0,300,0.0,True,3.0,3,False,False,,,1.0,10,600,600,False,False,False,
hai-test2.csv,33,P1_PP02D,True,change_from_pre_mode,1.0,1.0,300,0.0,True,3.0,3,False,False,,,1.0,10,600,600,False,False,False,
hai-test2.csv,33,P1_PP02R,True,change_from_pre_mode,1.0,1.0,300,0.0,True,3.0,3,False,False,,,1.0,10,600,600,False,False,False,
hai-test2.csv,33,P1_PP04,True,3_sigma_from_pre_median,39.664185,39.46745,300,17.14859399100902,False,3.0,3,False,False,,2.312970090772216,1.0,10,600,600,False,False,False,
hai-test2.csv,33,P1_PP04D,True,3_sigma_from_pre_median,1.0,1.0,300,0.49507705153684806,False,3.0,3,False,False,,2.0198876051631554,1.0,10,600,600,False,False,False,
hai-test2.csv,33,P1_PP04SP,True,3_sigma_from_pre_median,27.91761,27.91761,300,0.2822382025676734,False,3.0,3,False,False,,0.0,1.0,10,600,600,False,False,False,
hai-test2.csv,33,P1_SOL01D,True,change_from_pre_mode,524320.0,524320.0,300,0.0,True,3.0,3,False,False,,,1.0,10,600,600,False,False,False,
hai-test2.csv,33,P1_SOL03D,True,change_from_pre_mode,524320.0,524320.0,300,0.0,True,3.0,3,False,False,,,1.0,10,600,600,False,False,False,
hai-test2.csv,33,P1_STSP,True,change_from_pre_mode,1.0,1.0,300,0.0,True,3.0,3,False,False,,,1.0,10,600,600,False,False,False,
hai-test2.csv,33,P1_TIT01,True,3_sigma_from_pre_median,29.77599,29.77599,300,1.3020195632059774,False,3.0,3,True,False,1691.0,3.117349473617622,1.0,10,600,600,True,False,False,542.0
hai-test2.csv,33,P1_TIT02,True,3_sigma_from_pre_median,33.6975,33.80431,300,2.1887095681347657,False,3.0,3,False,False,,2.021762075893449,1.0,10,600,600,False,False,False,
hai-test2.csv,33,P1_TIT03,True,3_sigma_from_pre_median,27.8309,27.8309,300,1.2331199100797272,False,3.0,3,False,False,,0.9631504530027506,1.0,10,600,600,False,False,False,
hai-test2.csv,33,P2_24Vdc,True,3_sigma_from_pre_median,28.03255,28.03341,300,0.0035064224696394683,False,3.0,3,False,False,,3.938487195873857,1.0,10,600,600,False,False,False,
hai-test2.csv,33,P2_ATSW_Lamp,True,3_sigma_from_pre_median,1.0,1.0,300,0.386321898014947,False,3.0,3,False,False,,0.0,1.0,10,600,600,False,False,False,
hai-test2.csv,33,P2_AutoGO,True,3_sigma_from_pre_median,1.0,1.0,300,0.386321898014947,False,3.0,3,False,False,,0.0,1.0,10,600,600,False,False,False,
hai-test2.csv,33,P2_AutoSD,True,3_sigma_from_pre_median,111.01037,111.01037,300,9.050891107102233,False,3.0,3,True,False,30.0,12.26513154189759,1.0,10,600,600,True,False,False,1.0
hai-test2.csv,33,P2_Emerg,True,change_from_pre_mode,0.0,0.0,300,0.0,True,3.0,3,True,False,30.0,,1.0,10,600,600,True,False,False,1.0
hai-test2.csv,33,P2_MASW,True,3_sigma_from_pre_median,0.0,0.0,300,0.38632189801494704,False,3.0,3,False,False,,0.0,1.0,10,600,600,False,False,False,
hai-test2.csv,33,P2_MASW_Lamp,True,3_sigma_from_pre_median,0.0,0.0,300,0.38632189801494704,False,3.0,3,False,False,,0.0,1.0,10,600,600,False,False,False,
hai-test2.csv,33,P2_ManualGO,True,3_sigma_from_pre_median,0.0,0.0,300,0.38632189801494704,False,3.0,3,False,False,,0.0,1.0,10,600,600,False,False,False,
hai-test2.csv,33,P2_ManualSD,True,3_sigma_from_pre_median,12.94872,12.94872,300,4.414306207493221,False,3.0,3,False,False,,2.9333533722739342,1.0,10,600,600,False,False,False,
hai-test2.csv,33,P2_OnOff,True,change_from_pre_mode,1.0,1.0,300,0.0,True,3.0,3,True,False,30.0,,1.0,10,600,600,True,False,False,1.0
hai-test2.csv,33,P2_RTR,True,change_from_pre_mode,2880.0,2880.0,300,0.0,True,3.0,3,False,False,,,1.0,10,600,600,False,False,False,
hai-test2.csv,33,P2_SCO,True,3_sigma_from_pre_median,54735.0,54734.0,300,179.70028495841728,False,3.0,3,True,False,30.0,17.178603810863923,1.0,10,600,600,True,False,False,1.0
hai-test2.csv,33,P2_SCST,True,3_sigma_from_pre_median,720.59503,720.45453,300,0.25187557511890135,False,3.0,3,True,False,1213.0,4.0424324570548515,1.0,10,600,600,True,False,False,62.0
hai-test2.csv,33,P2_SIT01,True,3_sigma_from_pre_median,913.0,912.0,300,34.040295273317895,False,3.0,3,True,False,32.0,26.821153949144644,1.0,10,600,600,True,False,False,1.0
hai-test2.csv,33,P2_TripEx,True,change_from_pre_mode,1.0,1.0,300,0.0,True,3.0,3,False,False,,,1.0,10,600,600,False,False,False,
hai-test2.csv,33,P2_VIBTR01,True,3_sigma_from_pre_median,6.7364,7.1432,300,0.39473789413008264,False,3.0,3,True,False,32.0,212.8280341190521,1.0,10,600,600,True,False,False,1.0
hai-test2.csv,33,P2_VIBTR02,True,3_sigma_from_pre_median,-3.4093999999999998,-3.1426,300,0.36541918293693737,False,3.0,3,True,False,31.0,209.08918734347262,1.0,10,600,600,True,False,False,416.0
hai-test2.csv,33,P2_VIBTR03,True,3_sigma_from_pre_median,9.82075,9.5567,300,0.29310264016502074,False,3.0,3,True,False,32.0,287.5734928642895,1.0,10,600,600,True,False,False,1.0
hai-test2.csv,33,P2_VIBTR04,True,3_sigma_from_pre_median,-1.4588,-1.69,300,0.2638662725045679,False,3.0,3,True,False,32.0,294.01484040995416,1.0,10,600,600,True,False,False,1.0
hai-test2.csv,33,P2_VT01,True,3_sigma_from_pre_median,11.94339,11.88205,300,0.046671016450741364,False,3.0,3,True,False,32.0,255.90550427813284,1.0,10,600,600,False,True,True,
hai-test2.csv,33,P2_VTR01,True,change_from_pre_mode,50.0,50.0,300,0.0,True,3.0,3,False,False,,,1.0,10,600,600,False,False,False,
hai-test2.csv,33,P2_VTR02,True,change_from_pre_mode,50.0,50.0,300,0.0,True,3.0,3,False,False,,,1.0,10,600,600,False,False,False,
hai-test2.csv,33,P2_VTR03,True,change_from_pre_mode,50.0,50.0,300,0.0,True,3.0,3,False,False,,,1.0,10,600,600,False,False,False,
hai-test2.csv,33,P2_VTR04,True,change_from_pre_mode,50.0,50.0,300,0.0,True,3.0,3,False,False,,,1.0,10,600,600,False,False,False,
hai-test2.csv,33,P3_FIT01,True,3_sigma_from_pre_median,733.5,79.0,300,1688.0235925813643,False,3.0,3,False,False,,2.733077914476853,1.0,10,600,600,False,False,False,
hai-test2.csv,33,P3_LCP01D,True,3_sigma_from_pre_median,3396.0,-8.0,300,5147.799146350213,False,3.0,3,False,False,,2.0241659986652305,1.0,10,600,600,False,False,False,
hai-test2.csv,33,P3_LCV01D,True,3_sigma_from_pre_median,7168.0,-144.0,300,6818.667649961868,False,3.0,3,False,False,,1.4736016646970895,1.0,10,600,600,False,False,False,
hai-test2.csv,33,P3_LH01,True,change_from_pre_mode,70.0,70.0,300,0.0,True,3.0,3,False,False,,,1.0,10,600,600,False,False,False,
hai-test2.csv,33,P3_LIT01,True,3_sigma_from_pre_median,13558.5,12526.0,300,3086.289589129662,False,3.0,3,False,False,,1.977293388635288,1.0,10,600,600,False,False,False,
hai-test2.csv,33,P3_LL01,True,change_from_pre_mode,30.0,30.0,300,0.0,True,3.0,3,False,False,,,1.0,10,600,600,False,False,False,
hai-test2.csv,33,P3_PIT01,True,3_sigma_from_pre_median,24.0,23.0,300,1298.3940193880667,False,3.0,3,False,True,,3.1115362052453484,1.0,10,600,600,False,False,False,
hai-test2.csv,33,P4_HT_FD,True,3_sigma_from_pre_median,-0.00036,-0.00036,300,0.002085799588224817,False,3.0,3,True,False,36.0,12.829612274866209,1.0,10,600,600,True,False,False,1.0
hai-test2.csv,33,P4_HT_PO,True,3_sigma_from_pre_median,36.539699999999996,0.01807,300,31.369744436378745,False,3.0,3,False,False,,1.3821464209864345,1.0,10,600,600,False,False,False,
hai-test2.csv,33,P4_HT_PS,True,3_sigma_from_pre_median,4.17313,4.17313,300,1.9005221520029272,False,3.0,3,False,False,,0.0,1.0,10,600,600,False,False,False,
hai-test2.csv,33,P4_LD,True,3_sigma_from_pre_median,338.57785,280.56281,300,61.17702962605878,False,3.0,3,False,False,,2.3976862050445025,1.0,10,600,600,False,False,False,
hai-test2.csv,33,P4_ST_FD,True,3_sigma_from_pre_median,-0.00014,-0.00014,300,0.0016455065627984334,False,3.0,3,False,False,,5.141273934278625,1.0,10,600,600,False,False,False,
hai-test2.csv,33,P4_ST_GOV,True,3_sigma_from_pre_median,16783.5,16581.0,300,1755.4259694594575,False,3.0,3,False,False,,2.791630114432564,1.0,10,600,600,False,False,False,
hai-test2.csv,33,P4_ST_LD,True,3_sigma_from_pre_median,304.95874,305.10339,300,36.05910881852627,False,3.0,3,False,False,,2.768911469844824,1.0,10,600,600,False,False,False,
hai-test2.csv,33,P4_ST_PO,True,3_sigma_from_pre_median,307.19223,304.57904,300,32.463425616521704,False,3.0,3,False,False,,2.8346644955782643,1.0,10,600,600,False,False,False,
hai-test2.csv,33,P4_ST_PS,True,3_sigma_from_pre_median,27.49363,27.49363,300,10.589736200432041,False,3.0,3,False,False,,0.0,1.0,10,600,600,False,False,False,
hai-test2.csv,33,P4_ST_PT01,True,3_sigma_from_pre_median,9968.0,9943.0,300,30.94037172182327,False,3.0,3,True,False,179.0,9.760710139981589,1.0,10,600,600,True,False,False,231.0
hai-test2.csv,33,P4_ST_TT01,True,3_sigma_from_pre_median,27046.0,27046.0,300,125.87160191980817,False,3.0,3,True,False,1693.0,3.1540076867610347,1.0,10,600,600,True,False,False,556.0
hai-test2.csv,33,x1001_05_SETPOINT_OUT,True,3_sigma_from_pre_median,0.14169,0.14169,300,0.042114897148061825,False,3.0,3,False,False,,0.0,1.0,10,600,600,False,False,False,
hai-test2.csv,33,x1001_15_ASSIGN_OUT,True,3_sigma_from_pre_median,1.0530650000000001,1.04134,300,0.10307475471232287,False,3.0,3,False,False,,2.593020965666644,1.0,10,600,600,False,False,False,
hai-test2.csv,33,x1002_07_SETPOINT_OUT,True,3_sigma_from_pre_median,398.59204,398.59204,300,24.671699804613976,False,3.0,3,False,False,,2.0475638241412377,1.0,10,600,600,False,False,False,
hai-test2.csv,33,x1002_08_SETPOINT_OUT,True,3_sigma_from_pre_median,983.1485,983.1485,300,22.76031945742657,False,3.0,3,False,False,,0.0,1.0,10,600,600,False,False,False,
hai-test2.csv,33,x1003_10_SETPOINT_OUT,True,3_sigma_from_pre_median,3090.21509,3101.03809,300,1200.880152569592,False,3.0,3,False,False,,1.8516798410248838,1.0,10,600,600,False,False,False,
hai-test2.csv,33,x1003_18_SETPOINT_OUT,True,3_sigma_from_pre_median,27.95496,27.95496,300,0.8117389494981301,False,3.0,3,False,False,,0.0,1.0,10,600,600,False,False,False,
hai-test2.csv,33,x1003_24_SUM_OUT,True,3_sigma_from_pre_median,31.49287,31.46865,300,0.8617764720875876,False,3.0,3,False,False,,1.0338179665567013,1.0,10,600,600,False,False,False,
hai-test2.csv,34,P1_FCV01D,True,3_sigma_from_pre_median,23.97644,13.01885,300,21.696137110751636,False,3.0,3,False,False,,0.9498557229244047,1.0,10,600,600,False,False,False,
hai-test2.csv,34,P1_FCV01Z,True,3_sigma_from_pre_median,24.15237,32.28149,300,21.93007692173577,False,3.0,3,False,False,,0.9513227005292567,1.0,10,600,600,False,False,False,
hai-test2.csv,34,P1_FCV02D,True,3_sigma_from_pre_median,15.0,15.0,300,41.89070266671058,False,3.0,3,False,False,,2.029089859778056,1.0,10,600,600,False,False,False,
hai-test2.csv,34,P1_FCV02Z,True,3_sigma_from_pre_median,12.65106,12.65106,300,39.02001795893345,False,3.0,3,False,False,,2.176585876751386,1.0,10,600,600,False,False,False,
hai-test2.csv,34,P1_FCV03D,True,3_sigma_from_pre_median,56.224689999999995,54.91801,300,2.3390876027010608,False,3.0,3,False,False,,0.4625179487722961,1.0,10,600,600,False,False,False,
hai-test2.csv,34,P1_FCV03Z,True,3_sigma_from_pre_median,56.71082,57.17621,300,2.4048024631317655,False,3.0,3,False,False,,0.4885723538680621,1.0,10,600,600,False,False,False,
hai-test2.csv,34,P1_FT01,True,3_sigma_from_pre_median,64.31578,62.02699,300,10.923609818121934,False,3.0,3,False,False,,1.344482295187382,1.0,10,600,600,False,False,False,
hai-test2.csv,34,P1_FT01Z,True,3_sigma_from_pre_median,334.87082,322.95383,300,46.328484692484196,False,3.0,3,False,False,,1.6505661799123195,1.0,10,600,600,False,False,False,
hai-test2.csv,34,P1_FT02,True,3_sigma_from_pre_median,599.708525,118.67519,300,917.5366466123356,False,3.0,3,False,False,,0.64857657424056,1.0,10,600,600,False,False,False,
hai-test2.csv,34,P1_FT02Z,True,3_sigma_from_pre_median,1562.805605,617.90216,300,1200.8789655934509,False,3.0,3,False,False,,1.281372202434713,1.0,10,600,600,False,False,False,
hai-test2.csv,34,P1_FT03,True,3_sigma_from_pre_median,256.95798,256.95798,300,11.046936280510804,False,3.0,3,False,False,,0.34531655683847173,1.0,10,600,600,False,False,False,
hai-test2.csv,34,P1_FT03Z,True,3_sigma_from_pre_median,1020.63373,1023.82288,300,23.168311167308214,False,3.0,3,False,False,,0.28906725016065005,1.0,10,600,600,False,False,False,
hai-test2.csv,34,P1_LCV01D,True,3_sigma_from_pre_median,14.649235000000001,12.13817,300,3.266506894832349,False,3.0,3,False,False,,1.2492381407354833,1.0,10,600,600,False,False,False,
hai-test2.csv,34,P1_LCV01Z,True,3_sigma_from_pre_median,14.20746,12.1933,300,3.187700744620662,False,3.0,3,False,False,,1.249345631556116,1.0,10,600,600,False,False,False,
hai-test2.csv,34,P1_LIT01,True,3_sigma_from_pre_median,346.37861499999997,343.2605,300,26.00444265493099,False,3.0,3,False,False,,0.3833112338637229,1.0,10,600,600,False,False,False,
hai-test2.csv,34,P1_PCV01D,True,3_sigma_from_pre_median,29.208714999999998,27.93843,300,2.467222143847526,False,3.0,3,False,False,,1.6052121653804152,1.0,10,600,600,False,False,False,
hai-test2.csv,34,P1_PCV01Z,True,3_sigma_from_pre_median,29.290770000000002,32.19757,300,2.497731488619918,False,3.0,3,False,False,,1.6861019766087664,1.0,10,600,600,False,False,False,
hai-test2.csv,34,P1_PCV02D,True,3_sigma_from_pre_median,12.0,12.0,300,0.06927210836219852,False,3.0,3,False,False,,0.0,1.0,10,600,600,False,False,False,
hai-test2.csv,34,P1_PCV02Z,True,3_sigma_from_pre_median,11.8042,11.8042,300,0.11872654359448429,False,3.0,3,False,False,,0.06426532575614508,1.0,10,600,600,False,False,False,
hai-test2.csv,34,P1_PIT01,True,3_sigma_from_pre_median,1.16821,1.16669,300,0.10877020856385412,False,3.0,3,False,False,,1.4378937216819294,1.0,10,600,600,False,False,False,
hai-test2.csv,34,P1_PIT01_HH,True,change_from_pre_mode,524320.0,524320.0,300,0.0,True,3.0,3,False,False,,,1.0,10,600,600,False,False,False,
hai-test2.csv,34,P1_PIT02,True,3_sigma_from_pre_median,1.13693,0.96603,300,0.3667252175292831,False,3.0,3,False,False,,2.238515271817786,1.0,10,600,600,False,False,False,
hai-test2.csv,34,P1_PP01AD,True,change_from_pre_mode,0.0,0.0,300,0.0,True,3.0,3,False,False,,,1.0,10,600,600,False,False,False,
hai-test2.csv,34,P1_PP01AR,True,change_from_pre_mode,0.0,0.0,300,0.0,True,3.0,3,False,False,,,1.0,10,600,600,False,False,False,
hai-test2.csv,34,P1_PP01BD,True,change_from_pre_mode,1.0,1.0,300,0.0,True,3.0,3,False,False,,,1.0,10,600,600,False,False,False,
hai-test2.csv,34,P1_PP01BR,True,change_from_pre_mode,1.0,1.0,300,0.0,True,3.0,3,False,False,,,1.0,10,600,600,False,False,False,
hai-test2.csv,34,P1_PP02D,True,change_from_pre_mode,1.0,1.0,300,0.0,True,3.0,3,False,False,,,1.0,10,600,600,False,False,False,
hai-test2.csv,34,P1_PP02R,True,change_from_pre_mode,1.0,1.0,300,0.0,True,3.0,3,False,False,,,1.0,10,600,600,False,False,False,
hai-test2.csv,34,P1_PP04,True,3_sigma_from_pre_median,11.507919999999999,5.52666,300,17.14859399100902,False,3.0,3,False,False,,0.6710707598555067,1.0,10,600,600,False,False,False,
hai-test2.csv,34,P1_PP04D,True,3_sigma_from_pre_median,0.0,0.0,300,0.49507705153684806,False,3.0,3,False,False,,0.0,1.0,10,600,600,False,False,False,
hai-test2.csv,34,P1_PP04SP,True,3_sigma_from_pre_median,27.91761,27.91761,300,0.2822382025676734,False,3.0,3,False,False,,0.0,1.0,10,600,600,False,False,False,
hai-test2.csv,34,P1_SOL01D,True,change_from_pre_mode,524320.0,524320.0,300,0.0,True,3.0,3,False,False,,,1.0,10,600,600,False,False,False,
hai-test2.csv,34,P1_SOL03D,True,change_from_pre_mode,524320.0,524320.0,300,0.0,True,3.0,3,False,False,,,1.0,10,600,600,False,False,False,
hai-test2.csv,34,P1_STSP,True,change_from_pre_mode,1.0,1.0,300,0.0,True,3.0,3,False,False,,,1.0,10,600,600,False,False,False,
hai-test2.csv,34,P1_TIT01,True,3_sigma_from_pre_median,33.68225,33.94165,300,1.3020195632059774,False,3.0,3,False,False,,0.2109492113341975,1.0,10,600,600,False,False,False,
hai-test2.csv,34,P1_TIT02,True,3_sigma_from_pre_median,37.93946,38.12255,300,2.1887095681347657,False,3.0,3,False,False,,0.2718999398842832,1.0,10,600,600,False,False,False,
hai-test2.csv,34,P1_TIT03,True,3_sigma_from_pre_median,29.2287,29.2287,300,1.2331199100797272,False,3.0,3,False,False,,1.4470287807490125,1.0,10,600,600,False,False,False,
hai-test2.csv,34,P2_24Vdc,True,3_sigma_from_pre_median,28.03423,28.03426,300,0.0035064224696394683,False,3.0,3,False,False,,2.4754575568558703,1.0,10,600,600,False,False,False,
hai-test2.csv,34,P2_ATSW_Lamp,True,3_sigma_from_pre_median,1.0,1.0,300,0.386321898014947,False,3.0,3,False,False,,0.0,1.0,10,600,600,False,False,False,
hai-test2.csv,34,P2_AutoGO,True,3_sigma_from_pre_median,1.0,1.0,300,0.386321898014947,False,3.0,3,False,False,,0.0,1.0,10,600,600,False,False,False,
hai-test2.csv,34,P2_AutoSD,True,3_sigma_from_pre_median,106.25629,106.25629,300,9.050891107102233,False,3.0,3,False,False,,0.0,1.0,10,600,600,False,False,False,
hai-test2.csv,34,P2_Emerg,True,change_from_pre_mode,0.0,0.0,300,0.0,True,3.0,3,False,False,,,1.0,10,600,600,False,False,False,
hai-test2.csv,34,P2_MASW,True,3_sigma_from_pre_median,0.0,0.0,300,0.38632189801494704,False,3.0,3,False,False,,0.0,1.0,10,600,600,False,False,False,
hai-test2.csv,34,P2_MASW_Lamp,True,3_sigma_from_pre_median,0.0,0.0,300,0.38632189801494704,False,3.0,3,False,False,,0.0,1.0,10,600,600,False,False,False,
hai-test2.csv,34,P2_ManualGO,True,3_sigma_from_pre_median,0.0,0.0,300,0.38632189801494704,False,3.0,3,False,False,,0.0,1.0,10,600,600,False,False,False,
hai-test2.csv,34,P2_ManualSD,True,3_sigma_from_pre_median,0.0,0.0,300,4.414306207493221,False,3.0,3,False,False,,0.0,1.0,10,600,600,False,False,False,
hai-test2.csv,34,P2_OnOff,True,change_from_pre_mode,1.0,1.0,300,0.0,True,3.0,3,False,False,,,1.0,10,600,600,False,False,False,
hai-test2.csv,34,P2_RTR,True,change_from_pre_mode,2880.0,2880.0,300,0.0,True,3.0,3,False,False,,,1.0,10,600,600,False,False,False,
hai-test2.csv,34,P2_SCO,True,3_sigma_from_pre_median,54707.0,54707.0,300,179.70028495841728,False,3.0,3,False,False,,0.02225928579315053,1.0,10,600,600,False,False,False,
hai-test2.csv,34,P2_SCST,True,3_sigma_from_pre_median,720.13824,720.03424,300,0.25187557511890135,False,3.0,3,False,False,,2.8099985465675648,1.0,10,600,600,False,False,False,
hai-test2.csv,34,P2_SIT01,True,3_sigma_from_pre_median,901.0,900.0,300,34.040295273317895,False,3.0,3,False,False,,0.3525233815878814,1.0,10,600,600,False,False,False,
hai-test2.csv,34,P2_TripEx,True,change_from_pre_mode,1.0,1.0,300,0.0,True,3.0,3,False,False,,,1.0,10,600,600,False,False,False,
hai-test2.csv,34,P2_VIBTR01,True,3_sigma_from_pre_median,6.856,6.9204,300,0.39473789413008264,False,3.0,3,False,False,,1.806768518061178,1.0,10,600,600,False,False,False,
hai-test2.csv,34,P2_VIBTR02,True,3_sigma_from_pre_median,-3.4341,-3.8322,300,0.36541918293693737,False,3.0,3,False,False,,1.8009454093535437,1.0,10,600,600,False,False,False,
hai-test2.csv,34,P2_VIBTR03,True,3_sigma_from_pre_median,9.9604,9.7197,300,0.29310264016502074,False,3.0,3,False,False,,1.8624874879757156,1.0,10,600,600,False,False,False,
hai-test2.csv,34,P2_VIBTR04,True,3_sigma_from_pre_median,-1.3485,-1.5501,300,0.2638662725045679,False,3.0,3,False,False,,1.7929536636472174,1.0,10,600,600,False,False,False,
hai-test2.csv,34,P2_VT01,True,3_sigma_from_pre_median,11.92996,12.00062,300,0.046671016450741364,False,3.0,3,False,False,,1.7083407661402006,1.0,10,600,600,False,False,False,
hai-test2.csv,34,P2_VTR01,True,change_from_pre_mode,50.0,50.0,300,0.0,True,3.0,3,False,False,,,1.0,10,600,600,False,False,False,
hai-test2.csv,34,P2_VTR02,True,change_from_pre_mode,50.0,50.0,300,0.0,True,3.0,3,False,False,,,1.0,10,600,600,False,False,False,
hai-test2.csv,34,P2_VTR03,True,change_from_pre_mode,50.0,50.0,300,0.0,True,3.0,3,False,False,,,1.0,10,600,600,False,False,False,
hai-test2.csv,34,P2_VTR04,True,change_from_pre_mode,50.0,50.0,300,0.0,True,3.0,3,False,False,,,1.0,10,600,600,False,False,False,
hai-test2.csv,34,P3_FIT01,True,3_sigma_from_pre_median,62.0,24.0,300,1688.0235925813643,False,3.0,3,True,False,103.0,3.165832529525155,1.0,10,600,600,True,False,False,60.0
hai-test2.csv,34,P3_LCP01D,True,3_sigma_from_pre_median,20.0,0.0,300,5147.799146350213,False,3.0,3,False,False,,2.653561184430619,1.0,10,600,600,False,False,False,
hai-test2.csv,34,P3_LCV01D,True,3_sigma_from_pre_median,15096.0,16736.0,300,6818.667649961868,False,3.0,3,False,False,,2.232694241973377,1.0,10,600,600,False,False,False,
hai-test2.csv,34,P3_LH01,True,change_from_pre_mode,70.0,70.0,300,0.0,True,3.0,3,False,False,,,1.0,10,600,600,False,False,False,
hai-test2.csv,34,P3_LIT01,True,3_sigma_from_pre_median,13967.0,12218.0,300,3086.289589129662,False,3.0,3,False,False,,1.3547011319760982,1.0,10,600,600,False,False,False,
hai-test2.csv,34,P3_LL01,True,change_from_pre_mode,30.0,30.0,300,0.0,True,3.0,3,False,False,,,1.0,10,600,600,False,False,False,
hai-test2.csv,34,P3_PIT01,True,3_sigma_from_pre_median,20.0,20.0,300,1298.3940193880667,False,3.0,3,True,False,375.0,3.1939457037506087,1.0,10,600,600,True,False,False,1.0
hai-test2.csv,34,P4_HT_FD,True,3_sigma_from_pre_median,-7e-05,0.0,300,0.002085799588224817,False,3.0,3,True,False,256.0,12.51798118448269,1.0,10,600,600,True,False,False,1.0
hai-test2.csv,34,P4_HT_PO,True,3_sigma_from_pre_median,69.93268,69.93268,300,31.369744436378745,False,3.0,3,False,False,,2.228727433269163,1.0,10,600,600,False,False,False,
hai-test2.csv,34,P4_HT_PS,True,3_sigma_from_pre_median,5.33824,5.33824,300,1.9005221520029272,False,3.0,3,False,False,,0.0,1.0,10,600,600,False,False,False,
hai-test2.csv,34,P4_LD,True,3_sigma_from_pre_median,424.95840499999997,458.09821,300,61.17702962605878,False,3.0,3,False,False,,2.6621075916152144,1.0,10,600,600,False,False,False,
hai-test2.csv,34,P4_ST_FD,True,3_sigma_from_pre_median,0.0,0.0008,300,0.0016455065627984334,False,3.0,3,False,False,,3.2512784336159153,1.0,10,600,600,False,False,False,
hai-test2.csv,34,P4_ST_GOV,True,3_sigma_from_pre_median,19294.0,17075.0,300,1755.4259694594575,False,3.0,3,False,False,,2.51505906646664,1.0,10,600,600,False,False,False,
hai-test2.csv,34,P4_ST_LD,True,3_sigma_from_pre_median,356.87936,384.80182,300,36.05910881852627,False,3.0,3,False,False,,2.6370097075484593,1.0,10,600,600,False,False,False,
hai-test2.csv,34,P4_ST_PO,True,3_sigma_from_pre_median,355.56824,315.59247,300,32.463425616521704,False,3.0,3,False,False,,2.5271624433327506,1.0,10,600,600,False,False,False,
hai-test2.csv,34,P4_ST_PS,True,3_sigma_from_pre_median,27.49363,27.49363,300,10.589736200432041,False,3.0,3,False,False,,0.0,1.0,10,600,600,False,False,False,
hai-test2.csv,34,P4_ST_PT01,True,3_sigma_from_pre_median,9998.0,9998.0,300,30.94037172182327,False,3.0,3,False,False,,1.7776127738377066,1.0,10,600,600,False,False,False,
hai-test2.csv,34,P4_ST_TT01,True,3_sigma_from_pre_median,27424.0,27449.0,300,125.87160191980817,False,3.0,3,False,False,,0.23039350860471036,1.0,10,600,600,False,False,False,
hai-test2.csv,34,x1001_05_SETPOINT_OUT,True,3_sigma_from_pre_median,0.14169,0.14169,300,0.042114897148061825,False,3.0,3,False,False,,0.0,1.0,10,600,600,False,False,False,
hai-test2.csv,34,x1001_15_ASSIGN_OUT,True,3_sigma_from_pre_median,1.190225,1.09226,300,0.10307475471232287,False,3.0,3,False,False,,2.321567494076138,1.0,10,600,600,False,False,False,
hai-test2.csv,34,x1002_07_SETPOINT_OUT,True,3_sigma_from_pre_median,348.07516,348.07516,300,24.671699804613976,False,3.0,3,False,False,,0.0,1.0,10,600,600,False,False,False,
hai-test2.csv,34,x1002_08_SETPOINT_OUT,True,3_sigma_from_pre_median,1020.46564,1020.46564,300,22.76031945742657,False,3.0,3,False,False,,0.0,1.0,10,600,600,False,False,False,
hai-test2.csv,34,x1003_10_SETPOINT_OUT,True,3_sigma_from_pre_median,1562.805605,617.90216,300,1200.880152569592,False,3.0,3,False,False,,1.2813709358984737,1.0,10,600,600,False,False,False,
hai-test2.csv,34,x1003_18_SETPOINT_OUT,True,3_sigma_from_pre_median,27.95496,27.95496,300,0.8117389494981301,False,3.0,3,False,False,,0.0,1.0,10,600,600,False,False,False,
hai-test2.csv,34,x1003_24_SUM_OUT,True,3_sigma_from_pre_median,31.944535000000002,31.90963,300,0.8617764720875876,False,3.0,3,False,False,,0.9209522720867891,1.0,10,600,600,False,False,False,
hai-test2.csv,35,P1_FCV01D,True,3_sigma_from_pre_median,75.320815,75.91,300,21.696137110751636,False,3.0,3,False,False,,0.6456649369651177,1.0,10,600,600,False,False,False,
hai-test2.csv,35,P1_FCV01Z,True,3_sigma_from_pre_median,75.0595,75.0595,300,21.93007692173577,False,3.0,3,False,False,,0.6251701737722337,1.0,10,600,600,False,False,False,
hai-test2.csv,35,P1_FCV02D,True,3_sigma_from_pre_median,15.0,15.0,300,41.89070266671058,False,3.0,3,False,False,,0.0,1.0,10,600,600,False,False,False,
hai-test2.csv,35,P1_FCV02Z,True,3_sigma_from_pre_median,12.42981,12.42981,300,39.02001795893345,False,3.0,3,False,False,,0.00019554065833667978,1.0,10,600,600,False,False,False,
hai-test2.csv,35,P1_FCV03D,True,3_sigma_from_pre_median,56.432005000000004,55.46203,300,2.3390876027010608,False,3.0,3,False,False,,0.40051727815503096,1.0,10,600,600,False,False,False,
hai-test2.csv,35,P1_FCV03Z,True,3_sigma_from_pre_median,57.057950000000005,57.88574,300,2.4048024631317655,False,3.0,3,False,False,,0.3442236993228872,1.0,10,600,600,False,False,False,
hai-test2.csv,35,P1_FT01,True,3_sigma_from_pre_median,63.7436,68.70267,300,10.923609818121934,False,3.0,3,False,False,,0.54127986063645,1.0,10,600,600,False,False,False,
hai-test2.csv,35,P1_FT01Z,True,3_sigma_from_pre_median,331.89169,357.71191,300,46.328484692484196,False,3.0,3,False,False,,0.685947969395931,1.0,10,600,600,False,False,False,
hai-test2.csv,35,P1_FT02,True,3_sigma_from_pre_median,2464.71387,2460.51758,300,917.5366466123356,False,3.0,3,False,False,,0.05363241913191012,1.0,10,600,600,False,False,False,
hai-test2.csv,35,P1_FT02Z,True,3_sigma_from_pre_median,3166.78979,3164.09961,300,1200.8789655934509,False,3.0,3,False,False,,0.01932768469179586,1.0,10,600,600,False,False,False,
hai-test2.csv,35,P1_FT03,True,3_sigma_from_pre_median,256.57648,256.57648,300,11.046936280510804,False,3.0,3,False,False,,0.3107884315452272,1.0,10,600,600,False,False,False,
hai-test2.csv,35,P1_FT03Z,True,3_sigma_from_pre_median,1019.99585,1019.677,300,23.168311167308214,False,3.0,3,False,False,,0.2477729152783511,1.0,10,600,600,False,False,False,
hai-test2.csv,35,P1_LCV01D,True,3_sigma_from_pre_median,14.922754999999999,10.82798,300,3.266506894832349,False,3.0,3,False,False,,0.40388557026686217,1.0,10,600,600,False,False,False,
hai-test2.csv,35,P1_LCV01Z,True,3_sigma_from_pre_median,14.55841,11.11755,300,3.187700744620662,False,3.0,3,False,False,,0.7443421419040248,1.0,10,600,600,False,False,False,
hai-test2.csv,35,P1_LIT01,True,3_sigma_from_pre_median,346.301955,339.58005,300,26.00444265493099,False,3.0,3,False,False,,0.27618107779895473,1.0,10,600,600,False,False,False,
hai-test2.csv,35,P1_PCV01D,True,3_sigma_from_pre_median,28.559195000000003,27.7757,300,2.467222143847526,False,3.0,3,False,False,,1.4633886976912303,1.0,10,600,600,False,False,False,
hai-test2.csv,35,P1_PCV01Z,True,3_sigma_from_pre_median,28.75671,28.74908,300,2.497731488619918,False,3.0,3,False,False,,1.4234116101744885,1.0,10,600,600,False,False,False,
hai-test2.csv,35,P1_PCV02D,True,3_sigma_from_pre_median,12.0,12.0,300,0.06927210836219852,False,3.0,3,False,False,,0.0,1.0,10,600,600,False,False,False,
hai-test2.csv,35,P1_PCV02Z,True,3_sigma_from_pre_median,11.8042,11.8042,300,0.11872654359448429,False,3.0,3,False,False,,0.06426532575614508,1.0,10,600,600,False,False,False,
hai-test2.csv,35,P1_PIT01,True,3_sigma_from_pre_median,1.16478,1.06216,300,0.10877020856385412,False,3.0,3,False,False,,0.6698525355610337,1.0,10,600,600,False,False,False,
hai-test2.csv,35,P1_PIT01_HH,True,change_from_pre_mode,524320.0,524320.0,300,0.0,True,3.0,3,False,False,,,1.0,10,600,600,False,False,False,
hai-test2.csv,35,P1_PIT02,True,3_sigma_from_pre_median,0.37323,0.37399,300,0.3667252175292831,False,3.0,3,False,False,,0.02705022596164353,1.0,10,600,600,False,False,False,
hai-test2.csv,35,P1_PP01AD,True,change_from_pre_mode,0.0,0.0,300,0.0,True,3.0,3,False,False,,,1.0,10,600,600,False,False,False,
hai-test2.csv,35,P1_PP01AR,True,change_from_pre_mode,0.0,0.0,300,0.0,True,3.0,3,False,False,,,1.0,10,600,600,False,False,False,
hai-test2.csv,35,P1_PP01BD,True,change_from_pre_mode,1.0,1.0,300,0.0,True,3.0,3,False,False,,,1.0,10,600,600,False,False,False,
hai-test2.csv,35,P1_PP01BR,True,change_from_pre_mode,1.0,1.0,300,0.0,True,3.0,3,False,False,,,1.0,10,600,600,False,False,False,
hai-test2.csv,35,P1_PP02D,True,change_from_pre_mode,1.0,1.0,300,0.0,True,3.0,3,False,False,,,1.0,10,600,600,False,False,False,
hai-test2.csv,35,P1_PP02R,True,change_from_pre_mode,1.0,1.0,300,0.0,True,3.0,3,False,False,,,1.0,10,600,600,False,False,False,
hai-test2.csv,35,P1_PP04,True,3_sigma_from_pre_median,8.166235,0.18106,300,17.14859399100902,False,3.0,3,False,False,,0.476204346798434,1.0,10,600,600,False,False,False,
hai-test2.csv,35,P1_PP04D,True,3_sigma_from_pre_median,0.0,0.0,300,0.49507705153684806,False,3.0,3,False,False,,0.0,1.0,10,600,600,False,False,False,
hai-test2.csv,35,P1_PP04SP,True,3_sigma_from_pre_median,27.91761,27.91761,300,0.2822382025676734,False,3.0,3,False,False,,0.0,1.0,10,600,600,False,False,False,
hai-test2.csv,35,P1_SOL01D,True,change_from_pre_mode,524320.0,524320.0,300,0.0,True,3.0,3,False,False,,,1.0,10,600,600,False,False,False,
hai-test2.csv,35,P1_SOL03D,True,change_from_pre_mode,524320.0,524320.0,300,0.0,True,3.0,3,False,False,,,1.0,10,600,600,False,False,False,
hai-test2.csv,35,P1_STSP,True,change_from_pre_mode,1.0,1.0,300,0.0,True,3.0,3,False,False,,,1.0,10,600,600,False,False,False,
hai-test2.csv,35,P1_TIT01,True,3_sigma_from_pre_median,30.149835,29.94384,300,1.3020195632059774,False,3.0,3,False,False,,0.6973051908409539,1.0,10,600,600,False,False,False,
hai-test2.csv,35,P1_TIT02,True,3_sigma_from_pre_median,35.10132,35.02502,300,2.1887095681347657,False,3.0,3,False,False,,0.18822963356946995,1.0,10,600,600,False,False,False,
hai-test2.csv,35,P1_TIT03,True,3_sigma_from_pre_median,26.84708,26.84708,300,1.2331199100797272,False,3.0,3,False,False,,0.0025220580533826414,1.0,10,600,600,False,False,False,
hai-test2.csv,35,P2_24Vdc,True,3_sigma_from_pre_median,28.03426,28.03429,300,0.0035064224696394683,False,3.0,3,False,False,,2.7178698752125756,1.0,10,600,600,False,False,False,
hai-test2.csv,35,P2_ATSW_Lamp,True,3_sigma_from_pre_median,1.0,1.0,300,0.386321898014947,False,3.0,3,False,False,,0.0,1.0,10,600,600,False,False,False,
hai-test2.csv,35,P2_AutoGO,True,3_sigma_from_pre_median,1.0,1.0,300,0.386321898014947,False,3.0,3,False,False,,0.0,1.0,10,600,600,False,False,False,
hai-test2.csv,35,P2_AutoSD,True,3_sigma_from_pre_median,106.25629,106.25629,300,9.050891107102233,False,3.0,3,False,False,,0.0,1.0,10,600,600,False,False,False,
hai-test2.csv,35,P2_Emerg,True,change_from_pre_mode,0.0,0.0,300,0.0,True,3.0,3,False,False,,,1.0,10,600,600,False,False,False,
hai-test2.csv,35,P2_MASW,True,3_sigma_from_pre_median,0.0,0.0,300,0.38632189801494704,False,3.0,3,False,False,,0.0,1.0,10,600,600,False,False,False,
hai-test2.csv,35,P2_MASW_Lamp,True,3_sigma_from_pre_median,0.0,0.0,300,0.38632189801494704,False,3.0,3,False,False,,0.0,1.0,10,600,600,False,False,False,
hai-test2.csv,35,P2_ManualGO,True,3_sigma_from_pre_median,0.0,0.0,300,0.38632189801494704,False,3.0,3,False,False,,0.0,1.0,10,600,600,False,False,False,
hai-test2.csv,35,P2_ManualSD,True,3_sigma_from_pre_median,0.0,0.0,300,4.414306207493221,False,3.0,3,False,False,,0.0,1.0,10,600,600,False,False,False,
hai-test2.csv,35,P2_OnOff,True,change_from_pre_mode,1.0,1.0,300,0.0,True,3.0,3,False,False,,,1.0,10,600,600,False,False,False,
hai-test2.csv,35,P2_RTR,True,change_from_pre_mode,2880.0,2880.0,300,0.0,True,3.0,3,False,False,,,1.0,10,600,600,False,False,False,
hai-test2.csv,35,P2_SCO,True,3_sigma_from_pre_median,54708.0,54708.0,300,179.70028495841728,False,3.0,3,False,False,,0.011129642896575266,1.0,10,600,600,False,False,False,
hai-test2.csv,35,P2_SCST,True,3_sigma_from_pre_median,720.3252299999999,720.28778,300,0.25187557511890135,False,3.0,3,False,False,,0.8385489537854013,1.0,10,600,600,False,False,False,
hai-test2.csv,35,P2_SIT01,True,3_sigma_from_pre_median,905.0,905.0,300,34.040295273317895,False,3.0,3,False,False,,0.05875389693131357,1.0,10,600,600,False,False,False,
hai-test2.csv,35,P2_TripEx,True,change_from_pre_mode,1.0,1.0,300,0.0,True,3.0,3,False,False,,,1.0,10,600,600,False,False,False,
hai-test2.csv,35,P2_VIBTR01,True,3_sigma_from_pre_median,6.850149999999999,7.3204,300,0.39473789413008264,False,3.0,3,False,False,,1.3083365131137046,1.0,10,600,600,False,False,False,
hai-test2.csv,35,P2_VIBTR02,True,3_sigma_from_pre_median,-3.32245,-3.7538,300,0.36541918293693737,False,3.0,3,False,False,,1.39086841559632,1.0,10,600,600,False,False,False,
hai-test2.csv,35,P2_VIBTR03,True,3_sigma_from_pre_median,9.889600000000002,9.6469,300,0.29310264016502074,False,3.0,3,False,False,,1.1658032142174357,1.0,10,600,600,False,False,False,
hai-test2.csv,35,P2_VIBTR04,True,3_sigma_from_pre_median,-1.3484,-1.5032,300,0.2638662725045679,False,3.0,3,False,False,,1.0168029337487812,1.0,10,600,600,False,False,False,
hai-test2.csv,35,P2_VT01,True,3_sigma_from_pre_median,11.946775,11.9613,300,0.046671016450741364,False,3.0,3,False,False,,1.4292596363398746,1.0,10,600,600,False,False,False,
hai-test2.csv,35,P2_VTR01,True,change_from_pre_mode,50.0,50.0,300,0.0,True,3.0,3,False,False,,,1.0,10,600,600,False,False,False,
hai-test2.csv,35,P2_VTR02,True,change_from_pre_mode,50.0,50.0,300,0.0,True,3.0,3,False,False,,,1.0,10,600,600,False,False,False,
hai-test2.csv,35,P2_VTR03,True,change_from_pre_mode,50.0,50.0,300,0.0,True,3.0,3,False,False,,,1.0,10,600,600,False,False,False,
hai-test2.csv,35,P2_VTR04,True,change_from_pre_mode,50.0,50.0,300,0.0,True,3.0,3,False,False,,,1.0,10,600,600,False,False,False,
hai-test2.csv,35,P3_FIT01,True,3_sigma_from_pre_median,52.5,27.0,300,1688.0235925813643,False,3.0,3,False,False,,0.048281315710385506,1.0,10,600,600,False,False,False,
hai-test2.csv,35,P3_LCP01D,True,3_sigma_from_pre_median,-8.0,-8.0,300,5147.799146350213,False,3.0,3,False,False,,0.24709588774493024,1.0,10,600,600,False,False,False,
hai-test2.csv,35,P3_LCV01D,True,3_sigma_from_pre_median,14360.0,14800.0,300,6818.667649961868,False,3.0,3,False,False,,0.4024246584324058,1.0,10,600,600,False,False,False,
hai-test2.csv,35,P3_LH01,True,change_from_pre_mode,70.0,70.0,300,0.0,True,3.0,3,False,False,,,1.0,10,600,600,False,False,False,
hai-test2.csv,35,P3_LIT01,True,3_sigma_from_pre_median,13803.5,13017.0,300,3086.289589129662,False,3.0,3,False,False,,0.6468932815092753,1.0,10,600,600,False,False,False,
hai-test2.csv,35,P3_LL01,True,change_from_pre_mode,30.0,30.0,300,0.0,True,3.0,3,False,False,,,1.0,10,600,600,False,False,False,
hai-test2.csv,35,P3_PIT01,True,3_sigma_from_pre_median,23.0,23.0,300,1298.3940193880667,False,3.0,3,False,False,,0.0,1.0,10,600,600,False,False,False,
hai-test2.csv,35,P4_HT_FD,True,3_sigma_from_pre_median,-0.00029,-0.00029,300,0.002085799588224817,False,3.0,3,False,False,,0.24451054783937845,1.0,10,600,600,False,False,False,
hai-test2.csv,35,P4_HT_PO,True,3_sigma_from_pre_median,66.75891,68.68488,300,31.369744436378745,False,3.0,3,False,False,,0.38942204405826514,1.0,10,600,600,False,False,False,
hai-test2.csv,35,P4_HT_PS,True,3_sigma_from_pre_median,5.33824,5.33824,300,1.9005221520029272,False,3.0,3,False,False,,0.0,1.0,10,600,600,False,False,False,
hai-test2.csv,35,P4_LD,True,3_sigma_from_pre_median,401.864535,411.29559,300,61.17702962605878,False,3.0,3,False,False,,1.3691129744606394,1.0,10,600,600,False,False,False,
hai-test2.csv,35,P4_ST_FD,True,3_sigma_from_pre_median,-3.5e-05,-0.00043,300,0.0016455065627984334,False,3.0,3,False,False,,2.130043160714726,1.0,10,600,600,False,False,False,
hai-test2.csv,35,P4_ST_GOV,True,3_sigma_from_pre_median,18312.0,16023.0,300,1755.4259694594575,False,3.0,3,False,False,,1.9055204025664578,1.0,10,600,600,False,False,False,
hai-test2.csv,35,P4_ST_LD,True,3_sigma_from_pre_median,336.16360499999996,334.56305,300,36.05910881852627,False,3.0,3,False,False,,1.9035305432932588,1.0,10,600,600,False,False,False,
hai-test2.csv,35,P4_ST_PO,True,3_sigma_from_pre_median,336.009825,343.62341,300,32.463425616521704,False,3.0,3,False,False,,1.8907038870464237,1.0,10,600,600,False,False,False,
hai-test2.csv,35,P4_ST_PS,True,3_sigma_from_pre_median,27.49363,27.49363,300,10.589736200432041,False,3.0,3,False,False,,0.0,1.0,10,600,600,False,False,False,
hai-test2.csv,35,P4_ST_PT01,True,3_sigma_from_pre_median,9998.0,9970.0,300,30.94037172182327,False,3.0,3,False,False,,0.9049665030446506,1.0,10,600,600,False,False,False,
hai-test2.csv,35,P4_ST_TT01,True,3_sigma_from_pre_median,27083.0,27070.0,300,125.87160191980817,False,3.0,3,False,False,,0.7547373557740512,1.0,10,600,600,False,False,False,
hai-test2.csv,35,x1001_05_SETPOINT_OUT,True,3_sigma_from_pre_median,0.16693,0.16693,300,0.042114897148061825,False,3.0,3,False,False,,0.0,1.0,10,600,600,False,False,False,
hai-test2.csv,35,x1001_15_ASSIGN_OUT,True,3_sigma_from_pre_median,1.16276,1.15904,300,0.10307475471232287,False,3.0,3,False,False,,1.723700439509841,1.0,10,600,600,False,False,False,
hai-test2.csv,35,x1002_07_SETPOINT_OUT,True,3_sigma_from_pre_median,348.07516,348.07516,300,24.671699804613976,False,3.0,3,False,False,,0.0,1.0,10,600,600,False,False,False,
hai-test2.csv,35,x1002_08_SETPOINT_OUT,True,3_sigma_from_pre_median,1020.46564,1020.46564,300,22.76031945742657,False,3.0,3,False,False,,0.0,1.0,10,600,600,False,False,False,
hai-test2.csv,35,x1003_10_SETPOINT_OUT,True,3_sigma_from_pre_median,3166.72729,3164.09961,300,1200.880152569592,False,3.0,3,False,False,,0.019379710748156042,1.0,10,600,600,False,False,False,
hai-test2.csv,35,x1003_18_SETPOINT_OUT,True,3_sigma_from_pre_median,27.95496,27.95496,300,0.8117389494981301,False,3.0,3,False,False,,1.0909049030448663,1.0,10,600,600,False,False,False,
hai-test2.csv,35,x1003_24_SUM_OUT,True,3_sigma_from_pre_median,31.77516,31.762,300,0.8617764720875876,False,3.0,3,False,False,,0.9919393574638207,1.0,10,600,600,False,False,False,
hai-test2.csv,36,P1_FCV01D,True,3_sigma_from_pre_median,71.01093,63.40112,300,21.696137110751636,False,3.0,3,False,False,,1.0054780668393484,1.0,10,600,600,False,False,False,
hai-test2.csv,36,P1_FCV01Z,True,3_sigma_from_pre_median,71.51184,71.51184,300,21.93007692173577,False,3.0,3,False,False,,0.9880257181644678,1.0,10,600,600,False,False,False,
hai-test2.csv,36,P1_FCV02D,True,3_sigma_from_pre_median,15.0,15.0,300,41.89070266671058,False,3.0,3,False,False,,0.0,1.0,10,600,600,False,False,False,
hai-test2.csv,36,P1_FCV02Z,True,3_sigma_from_pre_median,12.43744,12.43744,300,39.02001795893345,False,3.0,3,False,False,,0.00019554065833672532,1.0,10,600,600,False,False,False,
hai-test2.csv,36,P1_FCV03D,True,3_sigma_from_pre_median,53.134285,53.14394,300,2.3390876027010608,False,3.0,3,False,False,,0.19524493202932416,1.0,10,600,600,False,False,False,
hai-test2.csv,36,P1_FCV03Z,True,3_sigma_from_pre_median,54.07867,54.10919,300,2.4048024631317655,False,3.0,3,False,False,,0.23794054138435483,1.0,10,600,600,False,False,False,
hai-test2.csv,36,P1_FT01,True,3_sigma_from_pre_median,65.46022,65.26945,300,10.923609818121934,False,3.0,3,False,False,,0.48889974000537667,1.0,10,600,600,False,False,False,
hai-test2.csv,36,P1_FT01Z,True,3_sigma_from_pre_median,340.82953,339.83624,300,46.328484692484196,False,3.0,3,False,False,,0.600202881328234,1.0,10,600,600,False,False,False,
hai-test2.csv,36,P1_FT02,True,3_sigma_from_pre_median,2450.59961,2444.30542,300,917.5366466123356,False,3.0,3,False,False,,0.3105682601911338,1.0,10,600,600,False,False,False,
hai-test2.csv,36,P1_FT02Z,True,3_sigma_from_pre_median,3157.59326,3155.8418,300,1200.8789655934509,False,3.0,3,False,False,,0.15819162084009136,1.0,10,600,600,False,False,False,
hai-test2.csv,36,P1_FT03,True,3_sigma_from_pre_median,257.33945,258.29309,300,11.046936280510804,False,3.0,3,False,False,,0.1726560153483392,1.0,10,600,600,False,False,False,
hai-test2.csv,36,P1_FT03Z,True,3_sigma_from_pre_median,1021.4310350000001,1022.86603,300,23.168311167308214,False,3.0,3,False,False,,0.1445299562760087,1.0,10,600,600,False,False,False,
hai-test2.csv,36,P1_LCV01D,True,3_sigma_from_pre_median,15.933005,15.46937,300,3.266506894832349,False,3.0,3,False,False,,0.529561104780335,1.0,10,600,600,False,False,False,
hai-test2.csv,36,P1_LCV01Z,True,3_sigma_from_pre_median,15.97748,15.97748,300,3.187700744620662,False,3.0,3,False,False,,0.6007402053757978,1.0,10,600,600,False,False,False,
hai-test2.csv,36,P1_LIT01,True,3_sigma_from_pre_median,392.511655,389.36795,300,26.00444265493099,False,3.0,3,False,False,,0.1700338307062907,1.0,10,600,600,False,False,False,
hai-test2.csv,36,P1_PCV01D,True,3_sigma_from_pre_median,29.203845,27.4229,300,2.467222143847526,False,3.0,3,False,False,,0.6358142512265581,1.0,10,600,600,False,False,False,
hai-test2.csv,36,P1_PCV01Z,True,3_sigma_from_pre_median,29.46625,30.52673,300,2.497731488619918,False,3.0,3,False,False,,0.7178113452822111,1.0,10,600,600,False,False,False,
hai-test2.csv,36,P1_PCV02D,True,3_sigma_from_pre_median,12.0,12.0,300,0.06927210836219852,False,3.0,3,False,False,,0.0,1.0,10,600,600,False,False,False,
hai-test2.csv,36,P1_PCV02Z,True,3_sigma_from_pre_median,11.8042,11.8042,300,0.11872654359448429,False,3.0,3,False,False,,0.06426532575614508,1.0,10,600,600,False,False,False,
hai-test2.csv,36,P1_PIT01,True,3_sigma_from_pre_median,1.15295,1.15524,300,0.10877020856385412,False,3.0,3,False,False,,0.4488361348626065,1.0,10,600,600,False,False,False,
hai-test2.csv,36,P1_PIT01_HH,True,change_from_pre_mode,524320.0,524320.0,300,0.0,True,3.0,3,False,False,,,1.0,10,600,600,False,False,False,
hai-test2.csv,36,P1_PIT02,True,3_sigma_from_pre_median,0.37857,0.37857,300,0.3667252175292831,False,3.0,3,False,False,,0.31413165632876394,1.0,10,600,600,False,False,False,
hai-test2.csv,36,P1_PP01AD,True,change_from_pre_mode,0.0,0.0,300,0.0,True,3.0,3,False,False,,,1.0,10,600,600,False,False,False,
hai-test2.csv,36,P1_PP01AR,True,change_from_pre_mode,0.0,0.0,300,0.0,True,3.0,3,False,False,,,1.0,10,600,600,False,False,False,
hai-test2.csv,36,P1_PP01BD,True,change_from_pre_mode,1.0,1.0,300,0.0,True,3.0,3,False,False,,,1.0,10,600,600,False,False,False,
hai-test2.csv,36,P1_PP01BR,True,change_from_pre_mode,1.0,1.0,300,0.0,True,3.0,3,False,False,,,1.0,10,600,600,False,False,False,
hai-test2.csv,36,P1_PP02D,True,change_from_pre_mode,1.0,1.0,300,0.0,True,3.0,3,False,False,,,1.0,10,600,600,False,False,False,
hai-test2.csv,36,P1_PP02R,True,change_from_pre_mode,1.0,1.0,300,0.0,True,3.0,3,False,False,,,1.0,10,600,600,False,False,False,
hai-test2.csv,36,P1_PP04,True,3_sigma_from_pre_median,0.0,0.0,300,17.14859399100902,False,3.0,3,False,False,,0.0,1.0,10,600,600,False,False,False,
hai-test2.csv,36,P1_PP04D,True,3_sigma_from_pre_median,0.0,0.0,300,0.49507705153684806,False,3.0,3,False,False,,0.0,1.0,10,600,600,False,False,False,
hai-test2.csv,36,P1_PP04SP,True,3_sigma_from_pre_median,27.91761,27.91761,300,0.2822382025676734,False,3.0,3,False,False,,0.0,1.0,10,600,600,False,False,False,
hai-test2.csv,36,P1_SOL01D,True,change_from_pre_mode,524320.0,524320.0,300,0.0,True,3.0,3,False,False,,,1.0,10,600,600,False,False,False,
hai-test2.csv,36,P1_SOL03D,True,change_from_pre_mode,524320.0,524320.0,300,0.0,True,3.0,3,False,False,,,1.0,10,600,600,False,False,False,
hai-test2.csv,36,P1_STSP,True,change_from_pre_mode,1.0,1.0,300,0.0,True,3.0,3,False,False,,,1.0,10,600,600,False,False,False,
hai-test2.csv,36,P1_TIT01,True,3_sigma_from_pre_median,30.88989,30.85937,300,1.3020195632059774,False,3.0,3,False,False,,0.7617550673031602,1.0,10,600,600,False,False,False,
hai-test2.csv,36,P1_TIT02,True,3_sigma_from_pre_median,35.19287,34.91821,300,2.1887095681347657,False,3.0,3,False,False,,0.3834405497277605,1.0,10,600,600,False,False,False,
hai-test2.csv,36,P1_TIT03,True,3_sigma_from_pre_median,27.02985,27.02985,300,1.2331199100797272,False,3.0,3,False,False,,0.6665694011435246,1.0,10,600,600,False,False,False,
hai-test2.csv,36,P2_24Vdc,True,3_sigma_from_pre_median,28.03429,28.03429,300,0.0035064224696394683,False,3.0,3,False,False,,1.9849291008892722,1.0,10,600,600,False,False,False,
hai-test2.csv,36,P2_ATSW_Lamp,True,3_sigma_from_pre_median,1.0,1.0,300,0.386321898014947,False,3.0,3,False,False,,0.0,1.0,10,600,600,False,False,False,
hai-test2.csv,36,P2_AutoGO,True,3_sigma_from_pre_median,1.0,1.0,300,0.386321898014947,False,3.0,3,False,False,,0.0,1.0,10,600,600,False,False,False,
hai-test2.csv,36,P2_AutoSD,True,3_sigma_from_pre_median,106.25629,106.25629,300,9.050891107102233,False,3.0,3,False,False,,0.0,1.0,10,600,600,False,False,False,
hai-test2.csv,36,P2_Emerg,True,change_from_pre_mode,0.0,0.0,300,0.0,True,3.0,3,False,False,,,1.0,10,600,600,False,False,False,
hai-test2.csv,36,P2_MASW,True,3_sigma_from_pre_median,0.0,0.0,300,0.38632189801494704,False,3.0,3,False,False,,0.0,1.0,10,600,600,False,False,False,
hai-test2.csv,36,P2_MASW_Lamp,True,3_sigma_from_pre_median,0.0,0.0,300,0.38632189801494704,False,3.0,3,False,False,,0.0,1.0,10,600,600,False,False,False,
hai-test2.csv,36,P2_ManualGO,True,3_sigma_from_pre_median,0.0,0.0,300,0.38632189801494704,False,3.0,3,False,False,,0.0,1.0,10,600,600,False,False,False,
hai-test2.csv,36,P2_ManualSD,True,3_sigma_from_pre_median,0.0,0.0,300,4.414306207493221,False,3.0,3,False,False,,0.0,1.0,10,600,600,False,False,False,
hai-test2.csv,36,P2_OnOff,True,change_from_pre_mode,1.0,1.0,300,0.0,True,3.0,3,False,False,,,1.0,10,600,600,False,False,False,
hai-test2.csv,36,P2_RTR,True,change_from_pre_mode,2880.0,2880.0,300,0.0,True,3.0,3,False,False,,,1.0,10,600,600,False,False,False,
hai-test2.csv,36,P2_SCO,True,3_sigma_from_pre_median,54706.0,54706.0,300,179.70028495841728,False,3.0,3,False,False,,0.011129642896575266,1.0,10,600,600,False,False,False,
hai-test2.csv,36,P2_SCST,True,3_sigma_from_pre_median,719.87372,719.76721,300,0.25187557511890135,False,3.0,3,False,False,,1.2920665286672965,1.0,10,600,600,False,False,False,
hai-test2.csv,36,P2_SIT01,True,3_sigma_from_pre_median,898.0,898.0,300,34.040295273317895,False,3.0,3,False,False,,0.08813084539697034,1.0,10,600,600,False,False,False,
hai-test2.csv,36,P2_TripEx,True,change_from_pre_mode,1.0,1.0,300,0.0,True,3.0,3,False,False,,,1.0,10,600,600,False,False,False,
hai-test2.csv,36,P2_VIBTR01,True,3_sigma_from_pre_median,6.9829,6.9057,300,0.39473789413008264,False,3.0,3,False,False,,1.623862338863174,1.0,10,600,600,False,False,False,
hai-test2.csv,36,P2_VIBTR02,True,3_sigma_from_pre_median,-3.3718500000000002,-3.6241,300,0.36541918293693737,False,3.0,3,False,False,,1.6193731134857312,1.0,10,600,600,False,False,False,
hai-test2.csv,36,P2_VIBTR03,True,3_sigma_from_pre_median,10.068349999999999,10.2037,300,0.29310264016502074,False,3.0,3,False,False,,1.5439983745803412,1.0,10,600,600,False,False,False,
hai-test2.csv,36,P2_VIBTR04,True,3_sigma_from_pre_median,-1.28225,-1.5002,300,0.2638662725045679,False,3.0,3,False,False,,1.1390239349168703,1.0,10,600,600,False,False,False,
hai-test2.csv,36,P2_VT01,True,3_sigma_from_pre_median,11.934954999999999,11.90176,300,0.046671016450741364,False,3.0,3,False,False,,1.861862170748193,1.0,10,600,600,False,False,False,
hai-test2.csv,36,P2_VTR01,True,change_from_pre_mode,50.0,50.0,300,0.0,True,3.0,3,False,False,,,1.0,10,600,600,False,False,False,
hai-test2.csv,36,P2_VTR02,True,change_from_pre_mode,50.0,50.0,300,0.0,True,3.0,3,False,False,,,1.0,10,600,600,False,False,False,
hai-test2.csv,36,P2_VTR03,True,change_from_pre_mode,50.0,50.0,300,0.0,True,3.0,3,False,False,,,1.0,10,600,600,False,False,False,
hai-test2.csv,36,P2_VTR04,True,change_from_pre_mode,50.0,50.0,300,0.0,True,3.0,3,False,False,,,1.0,10,600,600,False,False,False,
hai-test2.csv,36,P3_FIT01,True,3_sigma_from_pre_median,26.5,22.0,300,1688.0235925813643,False,3.0,3,False,False,,2.99314536965304,1.0,10,600,600,False,False,False,
hai-test2.csv,36,P3_LCP01D,True,3_sigma_from_pre_median,1572.0,0.0,300,5147.799146350213,False,3.0,3,False,False,,2.00240912804618,1.0,10,600,600,False,False,False,
hai-test2.csv,36,P3_LCV01D,True,3_sigma_from_pre_median,8368.0,-32.0,300,6818.667649961868,False,3.0,3,False,False,,1.175596232505162,1.0,10,600,600,False,False,False,
hai-test2.csv,36,P3_LH01,True,change_from_pre_mode,70.0,70.0,300,0.0,True,3.0,3,False,False,,,1.0,10,600,600,False,False,False,
hai-test2.csv,36,P3_LIT01,True,3_sigma_from_pre_median,17214.0,16397.0,300,3086.289589129662,False,3.0,3,False,False,,0.3765038783439909,1.0,10,600,600,False,False,False,
hai-test2.csv,36,P3_LL01,True,change_from_pre_mode,30.0,30.0,300,0.0,True,3.0,3,False,False,,,1.0,10,600,600,False,False,False,
hai-test2.csv,36,P3_PIT01,True,3_sigma_from_pre_median,20.0,20.0,300,1298.3940193880667,False,3.0,3,False,False,,0.9465539594669636,1.0,10,600,600,False,False,False,
hai-test2.csv,36,P4_HT_FD,True,3_sigma_from_pre_median,-0.00014,-0.00014,300,0.002085799588224817,False,3.0,3,False,False,,8.078436727634367,1.0,10,600,600,False,False,False,
hai-test2.csv,36,P4_HT_PO,True,3_sigma_from_pre_median,39.22525,0.07236,300,31.369744436378745,False,3.0,3,False,False,,1.1933444365771635,1.0,10,600,600,False,False,False,
hai-test2.csv,36,P4_HT_PS,True,3_sigma_from_pre_median,5.33824,5.33824,300,1.9005221520029272,False,3.0,3,False,False,,0.0,1.0,10,600,600,False,False,False,
hai-test2.csv,36,P4_LD,True,3_sigma_from_pre_median,358.05487,341.90533,300,61.17702962605878,False,3.0,3,False,False,,1.308364765161884,1.0,10,600,600,False,False,False,
hai-test2.csv,36,P4_ST_FD,True,3_sigma_from_pre_median,-0.00014,-0.00065,300,0.0016455065627984334,False,3.0,3,False,False,,3.160121094355657,1.0,10,600,600,False,False,False,
hai-test2.csv,36,P4_ST_GOV,True,3_sigma_from_pre_median,17733.5,18219.0,300,1755.4259694594575,False,3.0,3,False,False,,1.0957454392635522,1.0,10,600,600,False,False,False,
hai-test2.csv,36,P4_ST_LD,True,3_sigma_from_pre_median,320.73749,279.0437,300,36.05910881852627,False,3.0,3,False,False,,1.206916128155679,1.0,10,600,600,False,False,False,
hai-test2.csv,36,P4_ST_PO,True,3_sigma_from_pre_median,325.493685,334.18329,300,32.463425616521704,False,3.0,3,False,False,,1.0486907759566142,1.0,10,600,600,False,False,False,
hai-test2.csv,36,P4_ST_PS,True,3_sigma_from_pre_median,27.49363,27.49363,300,10.589736200432041,False,3.0,3,False,False,,0.0,1.0,10,600,600,False,False,False,
hai-test2.csv,36,P4_ST_PT01,True,3_sigma_from_pre_median,9985.0,9970.0,300,30.94037172182327,False,3.0,3,False,False,,0.48480348377392,1.0,10,600,600,False,False,False,
hai-test2.csv,36,P4_ST_TT01,True,3_sigma_from_pre_median,27155.0,27132.0,300,125.87160191980817,False,3.0,3,False,False,,0.7944603744990012,1.0,10,600,600,False,False,False,
hai-test2.csv,36,x1001_05_SETPOINT_OUT,True,3_sigma_from_pre_median,0.16693,0.16693,300,0.042114897148061825,False,3.0,3,False,False,,0.0,1.0,10,600,600,False,False,False,
hai-test2.csv,36,x1001_15_ASSIGN_OUT,True,3_sigma_from_pre_median,1.130715,1.11887,300,0.10307475471232287,False,3.0,3,False,False,,0.9865170213967368,1.0,10,600,600,False,False,False,
hai-test2.csv,36,x1002_07_SETPOINT_OUT,True,3_sigma_from_pre_median,392.08701,392.08701,300,24.671699804613976,False,3.0,3,False,False,,0.0,1.0,10,600,600,False,False,False,
hai-test2.csv,36,x1002_08_SETPOINT_OUT,True,3_sigma_from_pre_median,1020.46564,1020.46564,300,22.76031945742657,False,3.0,3,False,False,,0.0,1.0,10,600,600,False,False,False,
hai-test2.csv,36,x1003_10_SETPOINT_OUT,True,3_sigma_from_pre_median,3157.59326,3153.46436,300,1200.880152569592,False,3.0,3,False,False,,0.15049793238174666,1.0,10,600,600,False,False,False,
hai-test2.csv,36,x1003_18_SETPOINT_OUT,True,3_sigma_from_pre_median,27.06943,27.06943,300,0.8117389494981301,False,3.0,3,False,False,,0.0,1.0,10,600,600,False,False,False,
hai-test2.csv,36,x1003_24_SUM_OUT,True,3_sigma_from_pre_median,30.78377,30.8799,300,0.8617764720875876,False,3.0,3,False,False,,0.39661096707831844,1.0,10,600,600,False,False,False,
hai-test2.csv,37,P1_FCV01D,True,3_sigma_from_pre_median,16.010795,14.40774,300,21.696137110751636,False,3.0,3,False,False,,0.6878899651036984,1.0,10,600,600,False,False,False,
hai-test2.csv,37,P1_FCV01Z,True,3_sigma_from_pre_median,15.817260000000001,16.12243,300,21.93007692173577,False,3.0,3,False,False,,0.6672653293567099,1.0,10,600,600,False,False,False,
hai-test2.csv,37,P1_FCV02D,True,3_sigma_from_pre_median,15.0,15.0,300,41.89070266671058,False,3.0,3,False,False,,0.0,1.0,10,600,600,False,False,False,
hai-test2.csv,37,P1_FCV02Z,True,3_sigma_from_pre_median,28.180695,12.46796,300,39.02001795893345,False,3.0,3,False,False,,0.40327057298028235,1.0,10,600,600,False,False,False,
hai-test2.csv,37,P1_FCV03D,True,3_sigma_from_pre_median,60.07044,58.26297,300,2.3390876027010608,False,3.0,3,False,False,,0.6661101526085624,1.0,10,600,600,False,False,False,
hai-test2.csv,37,P1_FCV03Z,True,3_sigma_from_pre_median,60.6018,61.30371,300,2.4048024631317655,False,3.0,3,False,False,,0.6884432403000597,1.0,10,600,600,False,False,False,
hai-test2.csv,37,P1_FT01,True,3_sigma_from_pre_median,66.41388,66.41388,300,10.923609818121934,False,3.0,3,False,False,,1.5365515868348494,1.0,10,600,600,False,False,False,
hai-test2.csv,37,P1_FT01Z,True,3_sigma_from_pre_median,345.79492,345.79492,300,46.328484692484196,False,3.0,3,False,False,,1.8863615026497407,1.0,10,600,600,False,False,False,
hai-test2.csv,37,P1_FT02,True,3_sigma_from_pre_median,259.05606,249.9008,300,917.5366466123356,False,3.0,3,False,False,,0.7884779018593955,1.0,10,600,600,False,False,False,
hai-test2.csv,37,P1_FT02Z,True,3_sigma_from_pre_median,1024.14172,832.21429,300,1200.8789655934509,False,3.0,3,False,False,,0.8110499125269311,1.0,10,600,600,False,False,False,
hai-test2.csv,37,P1_FT03,True,3_sigma_from_pre_median,263.63373,263.44296,300,11.046936280510804,False,3.0,3,False,False,,0.5007098673827287,1.0,10,600,600,False,False,False,
hai-test2.csv,37,P1_FT03Z,True,3_sigma_from_pre_median,1031.79565,1031.47668,300,23.168311167308214,False,3.0,3,False,False,,0.3991836061426031,1.0,10,600,600,False,False,False,
hai-test2.csv,37,P1_LCV01D,True,3_sigma_from_pre_median,18.66503,13.66826,300,3.266506894832349,False,3.0,3,False,False,,1.4527261545068784,1.0,10,600,600,False,False,False,
hai-test2.csv,37,P1_LCV01Z,True,3_sigma_from_pre_median,18.483735,14.20746,300,3.187700744620662,False,3.0,3,False,False,,1.6789609278824864,1.0,10,600,600,False,False,False,
hai-test2.csv,37,P1_LIT01,True,3_sigma_from_pre_median,334.85176,329.51001,300,26.00444265493099,False,3.0,3,False,False,,0.4412984408963646,1.0,10,600,600,False,False,False,
hai-test2.csv,37,P1_PCV01D,True,3_sigma_from_pre_median,27.42315,24.31385,300,2.467222143847526,False,3.0,3,False,False,,1.5069174088240374,1.0,10,600,600,False,False,False,
hai-test2.csv,37,P1_PCV01Z,True,3_sigma_from_pre_median,27.81829,30.53436,300,2.497731488619918,False,3.0,3,False,False,,1.5089412201318968,1.0,10,600,600,False,False,False,
hai-test2.csv,37,P1_PCV02D,True,3_sigma_from_pre_median,12.0,12.0,300,0.06927210836219852,False,3.0,3,False,False,,0.0,1.0,10,600,600,False,False,False,
hai-test2.csv,37,P1_PCV02Z,True,3_sigma_from_pre_median,11.68976,11.68976,300,0.11872654359448429,False,3.0,3,False,False,,0.06426532575613011,1.0,10,600,600,False,False,False,
hai-test2.csv,37,P1_PIT01,True,3_sigma_from_pre_median,0.98968,0.90805,300,0.10877020856385412,False,3.0,3,False,False,,1.8307402608601198,1.0,10,600,600,False,False,False,
hai-test2.csv,37,P1_PIT01_HH,True,change_from_pre_mode,524320.0,524320.0,300,0.0,True,3.0,3,False,False,,,1.0,10,600,600,False,False,False,
hai-test2.csv,37,P1_PIT02,True,3_sigma_from_pre_median,1.0682649999999998,1.50543,300,0.3667252175292831,False,3.0,3,False,False,,1.1255157274998184,1.0,10,600,600,False,False,False,
hai-test2.csv,37,P1_PP01AD,True,change_from_pre_mode,0.0,0.0,300,0.0,True,3.0,3,False,False,,,1.0,10,600,600,False,False,False,
hai-test2.csv,37,P1_PP01AR,True,change_from_pre_mode,0.0,0.0,300,0.0,True,3.0,3,False,False,,,1.0,10,600,600,False,False,False,
hai-test2.csv,37,P1_PP01BD,True,change_from_pre_mode,1.0,1.0,300,0.0,True,3.0,3,False,False,,,1.0,10,600,600,False,False,False,
hai-test2.csv,37,P1_PP01BR,True,change_from_pre_mode,1.0,1.0,300,0.0,True,3.0,3,False,False,,,1.0,10,600,600,False,False,False,
hai-test2.csv,37,P1_PP02D,True,change_from_pre_mode,1.0,1.0,300,0.0,True,3.0,3,False,False,,,1.0,10,600,600,False,False,False,
hai-test2.csv,37,P1_PP02R,True,change_from_pre_mode,1.0,1.0,300,0.0,True,3.0,3,False,False,,,1.0,10,600,600,False,False,False,
hai-test2.csv,37,P1_PP04,True,3_sigma_from_pre_median,40.0,40.0,300,17.14859399100902,False,3.0,3,False,False,,0.003969421635131588,1.0,10,600,600,False,False,False,
hai-test2.csv,37,P1_PP04D,True,3_sigma_from_pre_median,1.0,1.0,300,0.49507705153684806,False,3.0,3,False,False,,0.0,1.0,10,600,600,False,False,False,
hai-test2.csv,37,P1_PP04SP,True,3_sigma_from_pre_median,27.91761,27.91761,300,0.2822382025676734,False,3.0,3,False,False,,0.0,1.0,10,600,600,False,False,False,
hai-test2.csv,37,P1_SOL01D,True,change_from_pre_mode,524320.0,524320.0,300,0.0,True,3.0,3,False,False,,,1.0,10,600,600,False,False,False,
hai-test2.csv,37,P1_SOL03D,True,change_from_pre_mode,524320.0,524320.0,300,0.0,True,3.0,3,False,False,,,1.0,10,600,600,False,False,False,
hai-test2.csv,37,P1_STSP,True,change_from_pre_mode,1.0,1.0,300,0.0,True,3.0,3,False,False,,,1.0,10,600,600,False,False,False,
hai-test2.csv,37,P1_TIT01,True,3_sigma_from_pre_median,30.41687,30.64574,300,1.3020195632059774,False,3.0,3,False,False,,0.57425404435472,1.0,10,600,600,False,False,False,
hai-test2.csv,37,P1_TIT02,True,3_sigma_from_pre_median,35.94818,35.13183,300,2.1887095681347657,False,3.0,3,False,False,,1.007392681103424,1.0,10,600,600,False,False,False,
hai-test2.csv,37,P1_TIT03,True,3_sigma_from_pre_median,29.30731,29.30731,300,1.2331199100797272,False,3.0,3,False,False,,1.169253685885891,1.0,10,600,600,False,False,False,
hai-test2.csv,37,P2_24Vdc,True,3_sigma_from_pre_median,28.03348,28.03257,300,0.0035064224696394683,False,3.0,3,False,False,,2.9488745550568276,1.0,10,600,600,False,False,False,
hai-test2.csv,37,P2_ATSW_Lamp,True,3_sigma_from_pre_median,1.0,1.0,300,0.386321898014947,False,3.0,3,False,False,,0.0,1.0,10,600,600,False,False,False,
hai-test2.csv,37,P2_AutoGO,True,3_sigma_from_pre_median,1.0,1.0,300,0.386321898014947,False,3.0,3,False,False,,0.0,1.0,10,600,600,False,False,False,
hai-test2.csv,37,P2_AutoSD,True,3_sigma_from_pre_median,111.68986,111.68986,300,9.050891107102233,False,3.0,3,False,False,,0.0,1.0,10,600,600,False,False,False,
hai-test2.csv,37,P2_Emerg,True,change_from_pre_mode,0.0,0.0,300,0.0,True,3.0,3,False,False,,,1.0,10,600,600,False,False,False,
hai-test2.csv,37,P2_MASW,True,3_sigma_from_pre_median,0.0,0.0,300,0.38632189801494704,False,3.0,3,False,False,,0.0,1.0,10,600,600,False,False,False,
hai-test2.csv,37,P2_MASW_Lamp,True,3_sigma_from_pre_median,0.0,0.0,300,0.38632189801494704,False,3.0,3,False,False,,0.0,1.0,10,600,600,False,False,False,
hai-test2.csv,37,P2_ManualGO,True,3_sigma_from_pre_median,0.0,0.0,300,0.38632189801494704,False,3.0,3,False,False,,0.0,1.0,10,600,600,False,False,False,
hai-test2.csv,37,P2_ManualSD,True,3_sigma_from_pre_median,0.0,0.0,300,4.414306207493221,False,3.0,3,False,False,,0.0,1.0,10,600,600,False,False,False,
hai-test2.csv,37,P2_OnOff,True,change_from_pre_mode,1.0,1.0,300,0.0,True,3.0,3,False,False,,,1.0,10,600,600,False,False,False,
hai-test2.csv,37,P2_RTR,True,change_from_pre_mode,2880.0,2880.0,300,0.0,True,3.0,3,False,False,,,1.0,10,600,600,False,False,False,
hai-test2.csv,37,P2_SCO,True,3_sigma_from_pre_median,54738.0,54737.0,300,179.70028495841728,False,3.0,3,False,False,,0.016694464344862898,1.0,10,600,600,False,False,False,
hai-test2.csv,37,P2_SCST,True,3_sigma_from_pre_median,720.43085,720.36096,300,0.25187557511890135,False,3.0,3,False,False,,1.12245897549401,1.0,10,600,600,False,False,False,
hai-test2.csv,37,P2_SIT01,True,3_sigma_from_pre_median,913.0,912.0,300,34.040295273317895,False,3.0,3,False,False,,0.2056386392595975,1.0,10,600,600,False,False,False,
hai-test2.csv,37,P2_TripEx,True,change_from_pre_mode,1.0,1.0,300,0.0,True,3.0,3,False,False,,,1.0,10,600,600,False,False,False,
hai-test2.csv,37,P2_VIBTR01,True,3_sigma_from_pre_median,6.95845,7.3838,300,0.39473789413008264,False,3.0,3,False,False,,1.3617897039873634,1.0,10,600,600,False,False,False,
hai-test2.csv,37,P2_VIBTR02,True,3_sigma_from_pre_median,-3.1515500000000003,-3.6238,300,0.36541918293693737,False,3.0,3,False,False,,1.3495460091516471,1.0,10,600,600,False,False,False,
hai-test2.csv,37,P2_VIBTR03,True,3_sigma_from_pre_median,10.0298,9.7998,300,0.29310264016502074,False,3.0,3,False,False,,1.0944971352676505,1.0,10,600,600,False,False,False,
hai-test2.csv,37,P2_VIBTR04,True,3_sigma_from_pre_median,-1.1832500000000001,-1.4085,300,0.2638662725045679,False,3.0,3,False,False,,1.1219698417306254,1.0,10,600,600,False,False,False,
hai-test2.csv,37,P2_VT01,True,3_sigma_from_pre_median,11.968215,11.90851,300,0.046671016450741364,False,3.0,3,False,False,,1.3767645293909252,1.0,10,600,600,False,False,False,
hai-test2.csv,37,P2_VTR01,True,change_from_pre_mode,50.0,50.0,300,0.0,True,3.0,3,False,False,,,1.0,10,600,600,False,False,False,
hai-test2.csv,37,P2_VTR02,True,change_from_pre_mode,50.0,50.0,300,0.0,True,3.0,3,False,False,,,1.0,10,600,600,False,False,False,
hai-test2.csv,37,P2_VTR03,True,change_from_pre_mode,50.0,50.0,300,0.0,True,3.0,3,False,False,,,1.0,10,600,600,False,False,False,
hai-test2.csv,37,P2_VTR04,True,change_from_pre_mode,50.0,50.0,300,0.0,True,3.0,3,False,False,,,1.0,10,600,600,False,False,False,
hai-test2.csv,37,P3_FIT01,True,3_sigma_from_pre_median,47.5,28.0,300,1688.0235925813643,False,3.0,3,True,False,30.0,3.095632088891036,1.0,10,600,600,True,False,False,40.0
hai-test2.csv,37,P3_LCP01D,True,3_sigma_from_pre_median,6264.0,8.0,300,5147.799146350213,False,3.0,3,False,False,,1.4235209633607302,1.0,10,600,600,False,False,False,
hai-test2.csv,37,P3_LCV01D,True,3_sigma_from_pre_median,2424.0,-128.0,300,6818.667649961868,False,3.0,3,False,False,,1.9745793007047785,1.0,10,600,600,False,False,False,
hai-test2.csv,37,P3_LH01,True,change_from_pre_mode,70.0,70.0,300,0.0,True,3.0,3,False,False,,,1.0,10,600,600,False,False,False,
hai-test2.csv,37,P3_LIT01,True,3_sigma_from_pre_median,18021.0,18844.0,300,3086.289589129662,False,3.0,3,False,False,,0.40436905350542224,1.0,10,600,600,False,False,False,
hai-test2.csv,37,P3_LL01,True,change_from_pre_mode,30.0,30.0,300,0.0,True,3.0,3,False,False,,,1.0,10,600,600,False,False,False,
hai-test2.csv,37,P3_PIT01,True,3_sigma_from_pre_median,130.5,22.0,300,1298.3940193880667,False,3.0,3,False,False,,2.8700840764472253,1.0,10,600,600,False,False,False,
hai-test2.csv,37,P4_HT_FD,True,3_sigma_from_pre_median,-0.000255,-0.00036,300,0.002085799588224817,False,3.0,3,False,False,,10.837570458645391,1.0,10,600,600,False,False,False,
hai-test2.csv,37,P4_HT_PO,True,3_sigma_from_pre_median,12.116605,0.01807,300,31.369744436378745,False,3.0,3,False,False,,1.9641175313034385,1.0,10,600,600,False,False,False,
hai-test2.csv,37,P4_HT_PS,True,3_sigma_from_pre_median,5.33824,5.33824,300,1.9005221520029272,False,3.0,3,False,False,,0.0,1.0,10,600,600,False,False,False,
hai-test2.csv,37,P4_LD,True,3_sigma_from_pre_median,346.73395,457.89935,300,61.17702962605878,False,3.0,3,False,False,,1.6228945832588988,1.0,10,600,600,False,False,False,
hai-test2.csv,37,P4_ST_FD,True,3_sigma_from_pre_median,-0.00014,0.00051,300,0.0016455065627984334,False,3.0,3,False,False,,3.603753478755585,1.0,10,600,600,False,False,False,
hai-test2.csv,37,P4_ST_GOV,True,3_sigma_from_pre_median,17793.5,13971.0,300,1755.4259694594575,False,3.0,3,False,False,,1.3680440199591475,1.0,10,600,600,False,False,False,
hai-test2.csv,37,P4_ST_LD,True,3_sigma_from_pre_median,323.694305,263.36444,300,36.05910881852627,False,3.0,3,False,False,,1.3616363967035694,1.0,10,600,600,False,False,False,
hai-test2.csv,37,P4_ST_PO,True,3_sigma_from_pre_median,325.98196,328.90265,300,32.463425616521704,False,3.0,3,False,False,,1.322769214415425,1.0,10,600,600,False,False,False,
hai-test2.csv,37,P4_ST_PS,True,3_sigma_from_pre_median,18.59929,18.59929,300,10.589736200432041,False,3.0,3,False,False,,0.0,1.0,10,600,600,False,False,False,
hai-test2.csv,37,P4_ST_PT01,True,3_sigma_from_pre_median,9943.0,9998.0,300,30.94037172182327,False,3.0,3,False,False,,1.7776127738377066,1.0,10,600,600,False,False,False,
hai-test2.csv,37,P4_ST_TT01,True,3_sigma_from_pre_median,27110.5,27129.0,300,125.87160191980817,False,3.0,3,False,False,,0.6157067902367259,1.0,10,600,600,False,False,False,
hai-test2.csv,37,x1001_05_SETPOINT_OUT,True,3_sigma_from_pre_median,0.06833,0.06833,300,0.042114897148061825,False,3.0,3,False,False,,0.0,1.0,10,600,600,False,False,False,
hai-test2.csv,37,x1001_15_ASSIGN_OUT,True,3_sigma_from_pre_median,1.035435,0.84175,300,0.10307475471232287,False,3.0,3,False,False,,1.2529256107418143,1.0,10,600,600,False,False,False,
hai-test2.csv,37,x1002_07_SETPOINT_OUT,True,3_sigma_from_pre_median,335.63828,335.63828,300,24.671699804613976,False,3.0,3,False,False,,0.0,1.0,10,600,600,False,False,False,
hai-test2.csv,37,x1002_08_SETPOINT_OUT,True,3_sigma_from_pre_median,1031.71008,1031.71008,300,22.76031945742657,False,3.0,3,False,False,,0.0,1.0,10,600,600,False,False,False,
hai-test2.csv,37,x1003_10_SETPOINT_OUT,True,3_sigma_from_pre_median,1023.5038750000001,880.92047,300,1200.880152569592,False,3.0,3,False,False,,0.8115802587914953,1.0,10,600,600,False,False,False,
hai-test2.csv,37,x1003_18_SETPOINT_OUT,True,3_sigma_from_pre_median,27.06943,27.06943,300,0.8117389494981301,False,3.0,3,False,False,,0.0,1.0,10,600,600,False,False,False,
hai-test2.csv,37,x1003_24_SUM_OUT,True,3_sigma_from_pre_median,30.793115,30.14747,300,0.8617764720875876,False,3.0,3,False,False,,0.4995320874300315,1.0,10,600,600,False,False,False,
hai-test2.csv,38,P1_FCV01D,True,3_sigma_from_pre_median,66.77562,56.94974,300,21.696137110751636,False,3.0,3,False,False,,1.1682706405574466,1.0,10,600,600,False,False,False,
hai-test2.csv,38,P1_FCV01Z,True,3_sigma_from_pre_median,67.84209,71.03882,300,21.93007692173577,False,3.0,3,False,False,,1.1849347402080714,1.0,10,600,600,False,False,False,
hai-test2.csv,38,P1_FCV02D,True,3_sigma_from_pre_median,15.0,15.0,300,41.89070266671058,False,3.0,3,False,False,,0.0,1.0,10,600,600,False,False,False,
hai-test2.csv,38,P1_FCV02Z,True,3_sigma_from_pre_median,12.43744,12.43744,300,39.02001795893345,False,3.0,3,False,False,,0.0003910813166734051,1.0,10,600,600,False,False,False,
hai-test2.csv,38,P1_FCV03D,True,3_sigma_from_pre_median,58.696795,57.6252,300,2.3390876027010608,False,3.0,3,False,False,,0.9078518468260176,1.0,10,600,600,False,False,False,
hai-test2.csv,38,P1_FCV03Z,True,3_sigma_from_pre_median,59.41925,59.41925,300,2.4048024631317655,False,3.0,3,False,False,,0.8375573590260564,1.0,10,600,600,False,False,False,
hai-test2.csv,38,P1_FT01,True,3_sigma_from_pre_median,73.089605,79.38386,300,10.923609818121934,False,3.0,3,False,False,,0.7682748779691285,1.0,10,600,600,False,False,False,
hai-test2.csv,38,P1_FT01Z,True,3_sigma_from_pre_median,377.573855,413.32526,300,46.328484692484196,False,3.0,3,False,False,,0.8788710718743921,1.0,10,600,600,False,False,False,
hai-test2.csv,38,P1_FT02,True,3_sigma_from_pre_median,2440.6813949999996,2449.83667,300,917.5366466123356,False,3.0,3,False,False,,0.7938826069666072,1.0,10,600,600,False,False,False,
hai-test2.csv,38,P1_FT02Z,True,3_sigma_from_pre_median,3151.087035,3154.46533,300,1200.8789655934509,False,3.0,3,False,False,,0.4263321114522086,1.0,10,600,600,False,False,False,
hai-test2.csv,38,P1_FT03,True,3_sigma_from_pre_median,264.77811,265.35034,300,11.046936280510804,False,3.0,3,False,False,,0.3107848106317853,1.0,10,600,600,False,False,False,
hai-test2.csv,38,P1_FT03Z,True,3_sigma_from_pre_median,1033.70898,1034.66577,300,23.168311167308214,False,3.0,3,False,False,,0.24776773578989875,1.0,10,600,600,False,False,False,
hai-test2.csv,38,P1_LCV01D,True,3_sigma_from_pre_median,18.427955,14.52793,300,3.266506894832349,False,3.0,3,False,False,,0.7693218110072221,1.0,10,600,600,False,False,False,
hai-test2.csv,38,P1_LCV01Z,True,3_sigma_from_pre_median,18.24341,18.71643,300,3.187700744620662,False,3.0,3,False,False,,0.5911659063919604,1.0,10,600,600,False,False,False,
hai-test2.csv,38,P1_LIT01,True,3_sigma_from_pre_median,342.62152000000003,344.99844,300,26.00444265493099,False,3.0,3,False,False,,0.6693202477346517,1.0,10,600,600,False,False,False,
hai-test2.csv,38,P1_PCV01D,True,3_sigma_from_pre_median,29.80011,24.52353,300,2.467222143847526,False,3.0,3,False,False,,1.0732920854343835,1.0,10,600,600,False,False,False,
hai-test2.csv,38,P1_PCV01Z,True,3_sigma_from_pre_median,30.57251,30.77087,300,2.497731488619918,False,3.0,3,False,False,,1.2034840469024586,1.0,10,600,600,False,False,False,
hai-test2.csv,38,P1_PCV02D,True,3_sigma_from_pre_median,12.0,12.0,300,0.06927210836219852,False,3.0,3,False,False,,0.0,1.0,10,600,600,False,False,False,
hai-test2.csv,38,P1_PCV02Z,True,3_sigma_from_pre_median,11.68976,11.68976,300,0.11872654359448429,False,3.0,3,False,False,,0.06426532575613011,1.0,10,600,600,False,False,False,
hai-test2.csv,38,P1_PIT01,True,3_sigma_from_pre_median,1.08734,0.91797,300,0.10877020856385412,False,3.0,3,False,False,,0.5120887487064172,1.0,10,600,600,False,False,False,
hai-test2.csv,38,P1_PIT01_HH,True,change_from_pre_mode,524320.0,524320.0,300,0.0,True,3.0,3,False,False,,,1.0,10,600,600,False,False,False,
hai-test2.csv,38,P1_PIT02,True,3_sigma_from_pre_median,0.38315,0.37857,300,0.3667252175292831,False,3.0,3,False,False,,0.8779325353438271,1.0,10,600,600,False,False,False,
hai-test2.csv,38,P1_PP01AD,True,change_from_pre_mode,0.0,0.0,300,0.0,True,3.0,3,False,False,,,1.0,10,600,600,False,False,False,
hai-test2.csv,38,P1_PP01AR,True,change_from_pre_mode,0.0,0.0,300,0.0,True,3.0,3,False,False,,,1.0,10,600,600,False,False,False,
hai-test2.csv,38,P1_PP01BD,True,change_from_pre_mode,1.0,1.0,300,0.0,True,3.0,3,False,False,,,1.0,10,600,600,False,False,False,
hai-test2.csv,38,P1_PP01BR,True,change_from_pre_mode,1.0,1.0,300,0.0,True,3.0,3,False,False,,,1.0,10,600,600,False,False,False,
hai-test2.csv,38,P1_PP02D,True,change_from_pre_mode,1.0,1.0,300,0.0,True,3.0,3,False,False,,,1.0,10,600,600,False,False,False,
hai-test2.csv,38,P1_PP02R,True,change_from_pre_mode,1.0,1.0,300,0.0,True,3.0,3,False,False,,,1.0,10,600,600,False,False,False,
hai-test2.csv,38,P1_PP04,True,3_sigma_from_pre_median,0.0,0.0,300,17.14859399100902,False,3.0,3,False,False,,0.030555274693349316,1.0,10,600,600,False,False,False,
hai-test2.csv,38,P1_PP04D,True,3_sigma_from_pre_median,0.0,0.0,300,0.49507705153684806,False,3.0,3,False,False,,0.0,1.0,10,600,600,False,False,False,
hai-test2.csv,38,P1_PP04SP,True,3_sigma_from_pre_median,27.91761,27.91761,300,0.2822382025676734,False,3.0,3,False,False,,0.0,1.0,10,600,600,False,False,False,
hai-test2.csv,38,P1_SOL01D,True,change_from_pre_mode,524320.0,524320.0,300,0.0,True,3.0,3,False,False,,,1.0,10,600,600,False,False,False,
hai-test2.csv,38,P1_SOL03D,True,change_from_pre_mode,524320.0,524320.0,300,0.0,True,3.0,3,False,False,,,1.0,10,600,600,False,False,False,
hai-test2.csv,38,P1_STSP,True,change_from_pre_mode,1.0,1.0,300,0.0,True,3.0,3,False,False,,,1.0,10,600,600,False,False,False,
hai-test2.csv,38,P1_TIT01,True,3_sigma_from_pre_median,31.39343,31.48498,300,1.3020195632059774,False,3.0,3,False,False,,0.7500424936745033,1.0,10,600,600,False,False,False,
hai-test2.csv,38,P1_TIT02,True,3_sigma_from_pre_median,35.63538,35.28442,300,2.1887095681347657,False,3.0,3,False,False,,0.3973802703943085,1.0,10,600,600,False,False,False,
hai-test2.csv,38,P1_TIT03,True,3_sigma_from_pre_median,27.00308,27.00308,300,1.2331199100797272,False,3.0,3,False,False,,0.7808810741996234,1.0,10,600,600,False,False,False,
hai-test2.csv,38,P2_24Vdc,True,3_sigma_from_pre_median,28.03429,28.03169,300,0.0035064224696394683,False,3.0,3,False,False,,2.2358971481287977,1.0,10,600,600,False,False,False,
hai-test2.csv,38,P2_ATSW_Lamp,True,3_sigma_from_pre_median,1.0,1.0,300,0.386321898014947,False,3.0,3,False,False,,0.0,1.0,10,600,600,False,False,False,
hai-test2.csv,38,P2_AutoGO,True,3_sigma_from_pre_median,1.0,1.0,300,0.386321898014947,False,3.0,3,False,False,,0.0,1.0,10,600,600,False,False,False,
hai-test2.csv,38,P2_AutoSD,True,3_sigma_from_pre_median,111.68986,111.68986,300,9.050891107102233,False,3.0,3,False,False,,0.0,1.0,10,600,600,False,False,False,
hai-test2.csv,38,P2_Emerg,True,change_from_pre_mode,0.0,0.0,300,0.0,True,3.0,3,False,False,,,1.0,10,600,600,False,False,False,
hai-test2.csv,38,P2_MASW,True,3_sigma_from_pre_median,0.0,0.0,300,0.38632189801494704,False,3.0,3,False,False,,0.0,1.0,10,600,600,False,False,False,
hai-test2.csv,38,P2_MASW_Lamp,True,3_sigma_from_pre_median,0.0,0.0,300,0.38632189801494704,False,3.0,3,False,False,,0.0,1.0,10,600,600,False,False,False,
hai-test2.csv,38,P2_ManualGO,True,3_sigma_from_pre_median,0.0,0.0,300,0.38632189801494704,False,3.0,3,False,False,,0.0,1.0,10,600,600,False,False,False,
hai-test2.csv,38,P2_ManualSD,True,3_sigma_from_pre_median,0.0,0.0,300,4.414306207493221,False,3.0,3,False,False,,0.0,1.0,10,600,600,False,False,False,
hai-test2.csv,38,P2_OnOff,True,change_from_pre_mode,1.0,1.0,300,0.0,True,3.0,3,False,False,,,1.0,10,600,600,False,False,False,
hai-test2.csv,38,P2_RTR,True,change_from_pre_mode,2880.0,2880.0,300,0.0,True,3.0,3,False,False,,,1.0,10,600,600,False,False,False,
hai-test2.csv,38,P2_SCO,True,3_sigma_from_pre_median,54738.0,54738.0,300,179.70028495841728,False,3.0,3,False,False,,0.016694464344862898,1.0,10,600,600,False,False,False,
hai-test2.csv,38,P2_SCST,True,3_sigma_from_pre_median,720.4375,720.50708,300,0.25187557511890135,False,3.0,3,False,False,,1.537783089198607,1.0,10,600,600,False,False,False,
hai-test2.csv,38,P2_SIT01,True,3_sigma_from_pre_median,913.0,913.0,300,34.040295273317895,False,3.0,3,False,False,,0.2056386392595975,1.0,10,600,600,False,False,False,
hai-test2.csv,38,P2_TripEx,True,change_from_pre_mode,1.0,1.0,300,0.0,True,3.0,3,False,False,,,1.0,10,600,600,False,False,False,
hai-test2.csv,38,P2_VIBTR01,True,3_sigma_from_pre_median,7.11775,6.5819,300,0.39473789413008264,False,3.0,3,False,False,,1.5725624755839556,1.0,10,600,600,False,False,False,
hai-test2.csv,38,P2_VIBTR02,True,3_sigma_from_pre_median,-3.08175,-3.5671,300,0.36541918293693737,False,3.0,3,False,False,,1.4614722623693361,1.0,10,600,600,False,False,False,
hai-test2.csv,38,P2_VIBTR03,True,3_sigma_from_pre_median,10.144200000000001,9.9415,300,0.29310264016502074,False,3.0,3,False,False,,1.0501440718060626,1.0,10,600,600,False,False,False,
hai-test2.csv,38,P2_VIBTR04,True,3_sigma_from_pre_median,-1.0903,-1.0319,300,0.2638662725045679,False,3.0,3,False,False,,1.2150093945578055,1.0,10,600,600,False,False,False,
hai-test2.csv,38,P2_VT01,True,3_sigma_from_pre_median,11.974450000000001,12.03014,300,0.046671016450741364,False,3.0,3,False,False,,1.373229144637199,1.0,10,600,600,False,False,False,
hai-test2.csv,38,P2_VTR01,True,change_from_pre_mode,50.0,50.0,300,0.0,True,3.0,3,False,False,,,1.0,10,600,600,False,False,False,
hai-test2.csv,38,P2_VTR02,True,change_from_pre_mode,50.0,50.0,300,0.0,True,3.0,3,False,False,,,1.0,10,600,600,False,False,False,
hai-test2.csv,38,P2_VTR03,True,change_from_pre_mode,50.0,50.0,300,0.0,True,3.0,3,False,False,,,1.0,10,600,600,False,False,False,
hai-test2.csv,38,P2_VTR04,True,change_from_pre_mode,50.0,50.0,300,0.0,True,3.0,3,False,False,,,1.0,10,600,600,False,False,False,
hai-test2.csv,38,P3_FIT01,True,3_sigma_from_pre_median,42.0,29.0,300,1688.0235925813643,False,3.0,3,False,True,,3.124956323586301,1.0,10,600,600,False,False,False,
hai-test2.csv,38,P3_LCP01D,True,3_sigma_from_pre_median,864.0,0.0,300,5147.799146350213,False,3.0,3,False,False,,2.3015660990581237,1.0,10,600,600,False,False,False,
hai-test2.csv,38,P3_LCV01D,True,3_sigma_from_pre_median,13272.0,16192.0,300,6818.667649961868,False,3.0,3,False,False,,1.969886301772622,1.0,10,600,600,False,False,False,
hai-test2.csv,38,P3_LH01,True,change_from_pre_mode,70.0,70.0,300,0.0,True,3.0,3,False,False,,,1.0,10,600,600,False,False,False,
hai-test2.csv,38,P3_LIT01,True,3_sigma_from_pre_median,18096.0,18425.0,300,3086.289589129662,False,3.0,3,False,False,,0.7847610958254269,1.0,10,600,600,False,False,False,
hai-test2.csv,38,P3_LL01,True,change_from_pre_mode,30.0,30.0,300,0.0,True,3.0,3,False,False,,,1.0,10,600,600,False,False,False,
hai-test2.csv,38,P3_PIT01,True,3_sigma_from_pre_median,24.0,24.0,300,1298.3940193880667,False,3.0,3,False,False,,1.3347258028936109,1.0,10,600,600,False,False,False,
hai-test2.csv,38,P4_HT_FD,True,3_sigma_from_pre_median,-0.00014,-0.00036,300,0.002085799588224817,False,3.0,3,False,False,,7.354493733051109,1.0,10,600,600,False,False,False,
hai-test2.csv,38,P4_HT_PO,True,3_sigma_from_pre_median,61.885135,75.06873,300,31.369744436378745,False,3.0,3,False,False,,1.971036299814294,1.0,10,600,600,False,False,False,
hai-test2.csv,38,P4_HT_PS,True,3_sigma_from_pre_median,5.33824,5.33824,300,1.9005221520029272,False,3.0,3,False,False,,0.0,1.0,10,600,600,False,False,False,
hai-test2.csv,38,P4_LD,True,3_sigma_from_pre_median,401.5661,451.26227,300,61.17702962605878,False,3.0,3,False,False,,0.9178664008898121,1.0,10,600,600,False,False,False,
hai-test2.csv,38,P4_ST_FD,True,3_sigma_from_pre_median,-7e-05,-0.00043,300,0.0016455065627984334,False,3.0,3,False,False,,2.15131320654212,1.0,10,600,600,False,False,False,
hai-test2.csv,38,P4_ST_GOV,True,3_sigma_from_pre_median,18861.0,18093.0,300,1755.4259694594575,False,3.0,3,False,False,,0.6858734124633827,1.0,10,600,600,False,False,False,
hai-test2.csv,38,P4_ST_LD,True,3_sigma_from_pre_median,353.027345,374.63831,300,36.05910881852627,False,3.0,3,False,False,,0.9809808439255195,1.0,10,600,600,False,False,False,
hai-test2.csv,38,P4_ST_PO,True,3_sigma_from_pre_median,343.92181,376.08502,300,32.463425616521704,False,3.0,3,False,False,,0.6052595998987881,1.0,10,600,600,False,False,False,
hai-test2.csv,38,P4_ST_PS,True,3_sigma_from_pre_median,24.67119,24.67119,300,10.589736200432041,False,3.0,3,False,False,,0.0,1.0,10,600,600,False,False,False,
hai-test2.csv,38,P4_ST_PT01,True,3_sigma_from_pre_median,9970.0,9970.0,300,30.94037172182327,False,3.0,3,False,False,,0.8403260385414614,1.0,10,600,600,False,False,False,
hai-test2.csv,38,P4_ST_TT01,True,3_sigma_from_pre_median,27204.0,27227.0,300,125.87160191980817,False,3.0,3,False,False,,0.7626819595190412,1.0,10,600,600,False,False,False,
hai-test2.csv,38,x1001_05_SETPOINT_OUT,True,3_sigma_from_pre_median,0.06833,0.06833,300,0.042114897148061825,False,3.0,3,False,False,,0.0,1.0,10,600,600,False,False,False,
hai-test2.csv,38,x1001_15_ASSIGN_OUT,True,3_sigma_from_pre_median,1.0899649999999999,1.03309,300,0.10307475471232287,False,3.0,3,False,False,,0.5884564088392483,1.0,10,600,600,False,False,False,
hai-test2.csv,38,x1002_07_SETPOINT_OUT,True,3_sigma_from_pre_median,335.63828,335.63828,300,24.671699804613976,False,3.0,3,False,False,,0.929441432151002,1.0,10,600,600,False,False,False,
hai-test2.csv,38,x1002_08_SETPOINT_OUT,True,3_sigma_from_pre_median,1031.71008,1031.71008,300,22.76031945742657,False,3.0,3,False,False,,0.0,1.0,10,600,600,False,False,False,
hai-test2.csv,38,x1003_10_SETPOINT_OUT,True,3_sigma_from_pre_median,3151.2747799999997,3154.46533,300,1200.880152569592,False,3.0,3,False,False,,0.4215819612945607,1.0,10,600,600,False,False,False,
hai-test2.csv,38,x1003_18_SETPOINT_OUT,True,3_sigma_from_pre_median,27.06943,27.06943,300,0.8117389494981301,False,3.0,3,False,False,,0.0,1.0,10,600,600,False,False,False,
hai-test2.csv,38,x1003_24_SUM_OUT,True,3_sigma_from_pre_median,30.97488,30.78529,300,0.8617764720875876,False,3.0,3,False,False,,0.23460840084231227,1.0,10,600,600,False,False,False,
