series,ratio,kept_length,fit_pool_length,fixed_validation_length,channel,missing_value_count,nonfinite_value_count,unique_value_count,minimum,first_quartile,median,third_quartile,maximum,interquartile_range,standard_deviation,iqr_zero,standard_deviation_zero
1,0.05,2250,45000,5000,C_level,0,0,1,0.00999999977648,0.00999999977648,0.00999999977648,0.00999999977648,0.00999999977648,0.0,0.0,True,True
1,0.05,2250,45000,5000,C_temperature.T,0,0,1,273.149993896,273.149993896,273.149993896,273.149993896,273.149993896,0.0,5.68560549438497e-14,True,False
1,0.05,2250,45000,5000,HT_level,0,0,23,0.10000000149,0.10000000149,0.600000023842,0.600000023842,0.600000023842,0.500000022352,0.2472290560238009,False,False
1,0.05,2250,45000,5000,HT_temperature.T,0,0,2250,283.149993896,287.765739441,290.374267578,310.97518920875,328.431213379,23.209449767750016,13.970714535481191,False,False
1,0.05,2250,45000,5000,RT_level,0,0,894,0.5,1.428598850965,1.75,1.75,2.24972319603,0.32140114903499994,0.4295202505725591,False,False
1,0.05,2250,45000,5000,RT_level_ini,0,0,2,0.0,0.0,2.25,2.25,2.25,2.25,1.1147952015886615,False,False
1,0.05,2250,45000,5000,RT_temperature.T,0,0,870,283.033294678,283.033294678,283.033294678,283.05082702625,283.149993896,0.017532348249972074,0.03169923561068816,False,False
1,0.05,2250,45000,5000,Relaxing.active,0,0,1,0.0,0.0,0.0,0.0,0.0,0.0,0.0,True,True
1,0.05,2250,45000,5000,boundary.m_flow_in,0,0,2,0.0,0.0,0.0,20.0,20.0,20.0,9.743953875233185,False,False
1,0.05,2250,45000,5000,dL_rand,0,0,1,0.0,0.0,0.0,0.0,0.0,0.0,0.0,True,True
1,0.05,2250,45000,5000,dT_rand,0,0,1,0.0,0.0,0.0,0.0,0.0,0.0,0.0,True,True
1,0.05,2250,45000,5000,dir_valve_act,0,0,2,0.0,0.0,0.0,0.0,1.0,0.0,0.0961786539807423,True,False
1,0.05,2250,45000,5000,dt_rand,0,0,1,0.0,0.0,0.0,0.0,0.0,0.0,0.0,True,True
1,0.05,2250,45000,5000,heater_act,0,0,2,0.0,0.0,1.0,1.0,1.0,1.0,0.49665667455379575,False,False
1,0.05,2250,45000,5000,inj_valve_act,0,0,2,0.0,0.0,0.0,1.0,1.0,1.0,0.4871976937616593,False,False
1,0.05,2250,45000,5000,inv_valve_act,0,0,1,0.0,0.0,0.0,0.0,0.0,0.0,0.0,True,True
1,0.05,2250,45000,5000,limiter.y,0,0,1,283.0,283.0,283.0,283.0,283.0,0.0,0.0,True,True
1,0.05,2250,45000,5000,limiter1.y,0,0,1,100.0,100.0,100.0,100.0,100.0,0.0,0.0,True,True
1,0.05,2250,45000,5000,out_valve_act,0,0,1,0.0,0.0,0.0,0.0,0.0,0.0,0.0,True,True
1,0.1,4500,45000,5000,C_level,0,0,1,0.00999999977648,0.00999999977648,0.00999999977648,0.00999999977648,0.00999999977648,0.0,0.0,True,True
1,0.1,4500,45000,5000,C_temperature.T,0,0,1,273.149993896,273.149993896,273.149993896,273.149993896,273.149993896,0.0,5.684973584908787e-14,True,False
1,0.1,4500,45000,5000,HT_level,0,0,113,0.10000000149,0.10000000149,0.600000023842,0.600000023842,0.600000023842,0.500000022352,0.21973250640090236,False,False
1,0.1,4500,45000,5000,HT_temperature.T,0,0,4498,283.149993896,290.3746643065,312.088043213,323.845001221,332.99710083,33.470336914500024,15.934449600377757,False,False
1,0.1,4500,45000,5000,RT_level,0,0,985,0.5,1.75,1.75,1.75,2.25,0.0,0.34457222349162375,True,False
1,0.1,4500,45000,5000,RT_level_ini,0,0,2,0.0,2.25,2.25,2.25,2.25,0.0,0.9260100184908424,True,False
1,0.1,4500,45000,5000,RT_temperature.T,0,0,920,283.033294678,283.033294678,283.118545532,294.1065979,302.719177246,11.073303221999993,7.88043284881806,False,False
1,0.1,4500,45000,5000,Relaxing.active,0,0,2,0.0,0.0,0.0,0.0,1.0,0.0,0.20061142370447885,True,False
1,0.1,4500,45000,5000,boundary.m_flow_in,0,0,2,0.0,0.0,0.0,0.0,20.0,0.0,7.902569132789706,True,False
1,0.1,4500,45000,5000,dL_rand,0,0,1,0.0,0.0,0.0,0.0,0.0,0.0,0.0,True,True
1,0.1,4500,45000,5000,dT_rand,0,0,1,0.0,0.0,0.0,0.0,0.0,0.0,0.0,True,True
1,0.1,4500,45000,5000,dir_valve_act,0,0,2,0.0,0.0,0.0,0.0,1.0,0.0,0.11932714143879614,True,False
1,0.1,4500,45000,5000,dt_rand,0,0,3,-1.17600023746,0.0,0.0,0.0434888750315,0.0434888750315,0.0434888750315,0.4753516831806298,False,False
1,0.1,4500,45000,5000,heater_act,0,0,2,0.0,0.0,1.0,1.0,1.0,1.0,0.4503457465082672,False,False
1,0.1,4500,45000,5000,inj_valve_act,0,0,2,0.0,0.0,0.0,0.0,1.0,0.0,0.39512845663948537,True,False
1,0.1,4500,45000,5000,inv_valve_act,0,0,2,0.0,0.0,0.0,0.0,1.0,0.0,0.10059809778967732,True,False
1,0.1,4500,45000,5000,limiter.y,0,0,1,283.0,283.0,283.0,283.0,283.0,0.0,0.0,True,True
1,0.1,4500,45000,5000,limiter1.y,0,0,3,88.2399978638,100.0,100.0,100.434890747,100.434890747,0.4348907469999972,4.753517031857785,False,False
1,0.1,4500,45000,5000,out_valve_act,0,0,1,0.0,0.0,0.0,0.0,0.0,0.0,0.0,True,True
1,0.2,9000,45000,5000,C_level,0,0,1,0.00999999977648,0.00999999977648,0.00999999977648,0.00999999977648,0.00999999977648,0.0,0.0,True,True
1,0.2,9000,45000,5000,C_temperature.T,0,0,1,273.149993896,273.149993896,273.149993896,273.149993896,273.149993896,0.0,0.0,True,True
1,0.2,9000,45000,5000,HT_level,0,0,520,0.10000000149,0.26905218511825,0.600000023842,0.600000023842,0.600000023842,0.33094783872375,0.21356453941290016,False,False
1,0.2,9000,45000,5000,HT_temperature.T,0,0,8972,283.149993896,312.089050293,324.99150085450003,329.7857589725,332.999755859,17.696708679499977,14.822891539290584,False,False
1,0.2,9000,45000,5000,RT_level,0,0,1392,0.5,1.75,1.75,1.75,2.25,0.0,0.30089788989940547,True,False
1,0.2,9000,45000,5000,RT_level_ini,0,0,2,0.0,2.25,2.25,2.25,2.25,0.0,0.6983947272292862,True,False
1,0.2,9000,45000,5000,RT_temperature.T,0,0,1155,283.033294678,283.118644714,302.719177246,321.83303833,329.723907471,38.714393615999995,16.713200006060664,False,False
1,0.2,9000,45000,5000,Relaxing.active,0,0,2,0.0,0.0,0.0,0.0,1.0,0.0,0.3278166299701891,True,False
1,0.2,9000,45000,5000,boundary.m_flow_in,0,0,2,0.0,0.0,0.0,0.0,20.0,0.0,5.913427196205702,True,False
1,0.2,9000,45000,5000,dL_rand,0,0,1,0.0,0.0,0.0,0.0,0.0,0.0,0.0,True,True
1,0.2,9000,45000,5000,dT_rand,0,0,1,0.0,0.0,0.0,0.0,0.0,0.0,0.0,True,True
1,0.2,9000,45000,5000,dir_valve_act,0,0,2,0.0,0.0,0.0,0.0,1.0,0.0,0.16719067899281198,True,False
1,0.2,9000,45000,5000,dt_rand,0,0,12,-1.17600023746,-0.573595404625,0.0,0.0434888750315,1.96545302868,0.6170842796565,0.6733328051387877,False,False
1,0.2,9000,45000,5000,heater_act,0,0,2,0.0,0.0,1.0,1.0,1.0,1.0,0.4528562537183702,False,False
1,0.2,9000,45000,5000,inj_valve_act,0,0,2,0.0,0.0,0.0,0.0,1.0,0.0,0.29567135981028514,True,False
1,0.2,9000,45000,5000,inv_valve_act,0,0,2,0.0,0.0,0.0,0.0,1.0,0.0,0.16719067899281198,True,False
1,0.2,9000,45000,5000,limiter.y,0,0,1,283.0,283.0,283.0,283.0,283.0,0.0,0.0,True,True
1,0.2,9000,45000,5000,limiter1.y,0,0,12,88.2399978638,94.2640457153,100.0,100.434890747,119.654533386,6.170845031699997,6.7333285087428685,False,False
1,0.2,9000,45000,5000,out_valve_act,0,0,1,0.0,0.0,0.0,0.0,0.0,0.0,0.0,True,True
1,0.4,18000,45000,5000,C_level,0,0,396,0.00999999977648,0.00999999977648,0.00999999977648,0.0799999982119,0.140074774623,0.06999999843542,0.04252932068579515,False,False
1,0.4,18000,45000,5000,C_temperature.T,0,0,396,273.149993896,273.149993896,273.149993896,323.280944824,326.388397217,50.130950928000004,25.261527519194566,False,False
1,0.4,18000,45000,5000,HT_level,0,0,1016,0.10000000149,0.10000000149,0.600000023842,0.600000023842,0.600000023842,0.500000022352,0.22806348520950823,False,False
1,0.4,18000,45000,5000,HT_temperature.T,0,0,17839,283.149993896,311.400924683,324.1664886475,329.60843658425,332.999755859,18.207511901249973,13.011517394278249,False,False
1,0.4,18000,45000,5000,RT_level,0,0,3772,0.5,1.50186920166,1.75,1.75,2.25,0.24813079834000007,0.3472649984303771,False,False
1,0.4,18000,45000,5000,RT_level_ini,0,0,4,0.0,2.00186920166,2.25,2.25,2.25,0.24813079834000007,0.49764562136374396,False,False
1,0.4,18000,45000,5000,RT_temperature.T,0,0,2931,283.033294678,293.75363922125,309.365966797,322.942321777,330.505157471,29.188682555750006,15.826628001064286,False,False
1,0.4,18000,45000,5000,Relaxing.active,0,0,2,0.0,0.0,0.0,0.0,1.0,0.0,0.32703805971201677,True,False
1,0.4,18000,45000,5000,boundary.m_flow_in,0,0,2,0.0,0.0,0.0,0.0,20.0,0.0,6.7494095721500384,True,False
1,0.4,18000,45000,5000,dL_rand,0,0,3,-0.524643719196,-0.49626147747,0.0,0.0,0.0,0.49626147747,0.25020977701576264,False,False
1,0.4,18000,45000,5000,dT_rand,0,0,3,-0.524643719196,-0.49626147747,0.0,0.0,0.0,0.49626147747,0.25020977701576264,False,False
1,0.4,18000,45000,5000,dir_valve_act,0,0,2,0.0,0.0,0.0,0.0,1.0,0.0,0.16386039586711737,True,False
1,0.4,18000,45000,5000,dt_rand,0,0,23,-1.39423811436,-0.778954446316,0.0,0.543198943138,1.96545302868,1.3221533894539998,0.9114550695195746,False,False
1,0.4,18000,45000,5000,heater_act,0,0,2,0.0,0.0,1.0,1.0,1.0,1.0,0.4762605166637527,False,False
1,0.4,18000,45000,5000,inj_valve_act,0,0,2,0.0,0.0,0.0,0.0,1.0,0.0,0.33747047860750196,True,False
1,0.4,18000,45000,5000,inv_valve_act,0,0,2,0.0,0.0,0.0,0.0,1.0,0.0,0.16702935701999244,True,False
1,0.4,18000,45000,5000,limiter.y,0,0,3,277.753570557,278.037384033,283.0,283.0,283.0,4.9626159669999765,2.5020976200555243,False,False
1,0.4,18000,45000,5000,limiter1.y,0,0,23,86.0576171875,92.2104568481,100.0,105.431991577,119.654533386,13.22153472890001,9.114550655000269,False,False
1,0.4,18000,45000,5000,out_valve_act,0,0,2,0.0,0.0,0.0,0.0,1.0,0.0,0.14614316759515775,True,False
1,0.6,27000,45000,5000,C_level,0,0,577,0.00999999977648,0.00999999977648,0.0799999982119,0.140074774623,0.199581891298,0.13007477484652,0.06510439868860043,False,False
1,0.6,27000,45000,5000,C_temperature.T,0,0,577,273.149993896,273.149993896,323.280944824,326.388397217,327.636901855,53.238403320999964,24.714615006297816,False,False
1,0.6,27000,45000,5000,HT_level,0,0,1510,0.10000000149,0.10000000149,0.600000023842,0.600000023842,0.600000023842,0.500000022352,0.22598163224015985,False,False
1,0.6,27000,45000,5000,HT_temperature.T,0,0,26541,283.149993896,313.01970672575,324.3441314695,329.61007690425,332.999755859,16.590370178499995,11.995776840396573,False,False
1,0.6,27000,45000,5000,RT_level,0,0,5424,0.5,1.4876781702,1.743863105775,1.8077988326525,2.4584414959,0.32012066245250015,0.34394809237498686,False,False
1,0.6,27000,45000,5000,RT_level_ini,0,0,5,0.0,1.9876781702,2.00186920166,2.25,2.4584414959,0.2623218298000001,0.4224259295720885,False,False
1,0.6,27000,45000,5000,RT_temperature.T,0,0,4186,283.033294678,295.957794189,309.365966797,322.942321777,330.554199219,26.98452758799999,14.902414652239035,False,False
1,0.6,27000,45000,5000,Relaxing.active,0,0,2,0.0,0.0,0.0,0.0,1.0,0.0,0.326992190929415,True,False
1,0.6,27000,45000,5000,boundary.m_flow_in,0,0,2,0.0,0.0,0.0,0.0,20.0,0.0,6.579903161006148,True,False
1,0.6,27000,45000,5000,dL_rand,0,0,4,-0.524643719196,-0.524643719196,-0.49626147747,0.0,0.416882842779,0.524643719196,0.3277379115218848,False,False
1,0.6,27000,45000,5000,dT_rand,0,0,4,-0.524643719196,-0.524643719196,-0.49626147747,0.0,0.416882842779,0.524643719196,0.3277379115218848,False,False
1,0.6,27000,45000,5000,dir_valve_act,0,0,2,0.0,0.0,0.0,0.0,1.0,0.0,0.16305583992482492,True,False
1,0.6,27000,45000,5000,dt_rand,0,0,34,-1.63463234901,-0.94628739357,0.0,0.519333481789,1.96545302868,1.4656208753589999,0.9437716223396405,False,False
1,0.6,27000,45000,5000,heater_act,0,0,2,0.0,0.0,1.0,1.0,1.0,1.0,0.4727447003036108,False,False
1,0.6,27000,45000,5000,inj_valve_act,0,0,2,0.0,0.0,0.0,0.0,1.0,0.0,0.3289951580503074,True,False
1,0.6,27000,45000,5000,inv_valve_act,0,0,2,0.0,0.0,0.0,0.0,1.0,0.0,0.16645191130479448,True,False
1,0.6,27000,45000,5000,limiter.y,0,0,4,277.753570557,277.753570557,278.037384033,283.0,287.168823242,5.246429443000011,3.2773763572045898,False,False
1,0.6,27000,45000,5000,limiter1.y,0,0,34,83.653678894,90.5371246338,100.0,105.193336487,119.654533386,14.656211853199991,9.437716280724972,False,False
1,0.6,27000,45000,5000,out_valve_act,0,0,2,0.0,0.0,0.0,0.0,1.0,0.0,0.1441270580496827,True,False
1,0.8,36000,45000,5000,C_level,0,0,815,0.00999999977648,0.00999999977648,0.140074774623,0.199581891298,0.277919560671,0.18958189152152,0.08670345997370876,False,False
1,0.8,36000,45000,5000,C_temperature.T,0,0,815,273.149993896,273.149993896,326.388397217,327.636901855,328.436737061,54.48690795900001,23.155014381716835,False,False
1,0.8,36000,45000,5000,HT_level,0,0,2099,0.10000000149,0.10000000149,0.600000023842,0.600000023842,0.600000023842,0.500000022352,0.22677965160803215,False,False
1,0.8,36000,45000,5000,HT_temperature.T,0,0,35260,283.149993896,313.98891448925,324.93820190450003,329.76866912875,332.999755859,15.77975463949997,11.498915478346722,False,False
1,0.8,36000,45000,5000,RT_level,0,0,7245,0.5,1.50186920166,1.75,1.95844137669,2.49504828453,0.45657217503,0.3813406701097545,False,False
1,0.8,36000,45000,5000,RT_level_ini,0,0,6,0.0,2.00186920166,2.25,2.4584414959,2.49504828453,0.4565722942399999,0.40968595298227395,False,False
1,0.8,36000,45000,5000,RT_temperature.T,0,0,5515,283.033294678,296.393798828,309.417816162,323.03036499,330.554199219,26.63656616200001,14.285545268436657,False,False
1,0.8,36000,45000,5000,Relaxing.active,0,0,2,0.0,0.0,0.0,0.0,1.0,0.0,0.33443436846727165,True,False
1,0.8,36000,45000,5000,boundary.m_flow_in,0,0,2,0.0,0.0,0.0,0.0,20.0,0.0,6.503865850029655,True,False
1,0.8,36000,45000,5000,dL_rand,0,0,5,-0.524643719196,-0.49626147747,0.0,0.416882842779,0.490096747875,0.9131443202489999,0.408380922823513,False,False
1,0.8,36000,45000,5000,dT_rand,0,0,5,-0.524643719196,-0.49626147747,0.0,0.416882842779,0.490096747875,0.9131443202489999,0.408380922823513,False,False
1,0.8,36000,45000,5000,dir_valve_act,0,0,2,0.0,0.0,0.0,0.0,1.0,0.0,0.16608349132637132,True,False
1,0.8,36000,45000,5000,dt_rand,0,0,47,-1.67204809189,-0.94628739357,0.0304574724287,0.631305873394,2.1723074913,1.577593266964,0.9819182942185369,False,False
1,0.8,36000,45000,5000,heater_act,0,0,2,0.0,0.0,1.0,1.0,1.0,1.0,0.4747731741920712,False,False
1,0.8,36000,45000,5000,inj_valve_act,0,0,2,0.0,0.0,0.0,0.0,1.0,0.0,0.3251932925014827,True,False
1,0.8,36000,45000,5000,inv_valve_act,0,0,2,0.0,0.0,0.0,0.0,1.0,0.0,0.1702064331420198,True,False
1,0.8,36000,45000,5000,limiter.y,0,0,5,277.753570557,278.037384033,283.0,287.168823242,287.900970459,9.13143920899995,4.083806670587563,False,False
1,0.8,36000,45000,5000,limiter1.y,0,0,47,83.2795181274,90.5371246338,100.304573059,106.313056946,121.723075867,15.775932312199998,9.819182996281794,False,False
1,0.8,36000,45000,5000,out_valve_act,0,0,2,0.0,0.0,0.0,0.0,1.0,0.0,0.14830495930504473,True,False
1,1.0,45000,45000,5000,C_level,0,0,1058,0.00999999977648,0.0799999982119,0.140074774623,0.277919560671,0.357721477747,0.19791956245909997,0.11089818255938946,False,False
1,1.0,45000,45000,5000,C_temperature.T,0,0,1058,273.149993896,323.280944824,326.388397217,328.436737061,328.873321533,5.155792236999957,21.674229524568084,False,False
1,1.0,45000,45000,5000,HT_level,0,0,2685,0.10000000149,0.10000000149,0.600000023842,0.600000023842,0.600000023842,0.500000022352,0.22755980602359335,False,False
1,1.0,45000,45000,5000,HT_temperature.T,0,0,43570,283.149993896,314.954559326,325.3405456545,329.85591888425,332.999755859,14.901359558250022,11.137637948835227,False,False
1,1.0,45000,45000,5000,RT_level,0,0,9170,0.5,1.50186920166,1.874187409875,1.99504840374,2.70000004768,0.4931792020800001,0.41079424515666535,False,False
1,1.0,45000,45000,5000,RT_level_ini,0,0,7,0.0,2.00186920166,2.25,2.49504828453,2.70000004768,0.49317908287000023,0.40414218876831,False,False
1,1.0,45000,45000,5000,RT_temperature.T,0,0,6941,283.033294678,301.52142334,309.546478271,323.030395508,330.554199219,21.508972168000014,13.640621210581369,False,False
1,1.0,45000,45000,5000,Relaxing.active,0,0,2,0.0,0.0,0.0,0.0,1.0,0.0,0.3379622419055254,True,False
1,1.0,45000,45000,5000,boundary.m_flow_in,0,0,2,0.0,0.0,0.0,0.0,20.0,0.0,6.510719515189945,True,False
1,1.0,45000,45000,5000,dL_rand,0,0,6,-0.524643719196,-0.49626147747,0.0,0.490096747875,1.29444253445,0.9863582253450001,0.5487400747099004,False,False
1,1.0,45000,45000,5000,dT_rand,0,0,6,-0.524643719196,-0.49626147747,0.0,0.490096747875,1.29444253445,0.9863582253450001,0.5487400747099004,False,False
1,1.0,45000,45000,5000,dir_valve_act,0,0,2,0.0,0.0,0.0,0.0,1.0,0.0,0.16780830065721283,True,False
1,1.0,45000,45000,5000,dt_rand,0,0,60,-2.52388072014,-0.853755295277,-0.00915555283427,0.543198943138,2.1723074913,1.396954238415,0.9552827301652805,False,False
1,1.0,45000,45000,5000,heater_act,0,0,2,0.0,0.0,1.0,1.0,1.0,1.0,0.47645462230283625,False,False
1,1.0,45000,45000,5000,inj_valve_act,0,0,2,0.0,0.0,0.0,0.0,1.0,0.0,0.32553597575949716,True,False
1,1.0,45000,45000,5000,inv_valve_act,0,0,2,0.0,0.0,0.0,0.0,1.0,0.0,0.17229382286851833,True,False
1,1.0,45000,45000,5000,limiter.y,0,0,6,277.753570557,278.037384033,283.0,287.900970459,295.94442749,9.863586425999983,5.487399749105791,False,False
1,1.0,45000,45000,5000,limiter1.y,0,0,60,74.7611923218,91.4624481201,99.9084472656,105.431991577,121.723075867,13.969543456899999,9.552827267841984,False,False
1,1.0,45000,45000,5000,out_valve_act,0,0,2,0.0,0.0,0.0,0.0,1.0,0.0,0.1511018353842816,True,False
2,0.05,2250,45000,5000,C_level,0,0,1,0.00999999977648,0.00999999977648,0.00999999977648,0.00999999977648,0.00999999977648,0.0,0.0,True,True
2,0.05,2250,45000,5000,C_temperature.T,0,0,1,273.149993896,273.149993896,273.149993896,273.149993896,273.149993896,0.0,5.68560549438497e-14,True,False
2,0.05,2250,45000,5000,HT_level,0,0,23,0.10000000149,0.10000000149,0.600000023842,0.600000023842,0.600000023842,0.500000022352,0.2472290560238009,False,False
2,0.05,2250,45000,5000,HT_temperature.T,0,0,2250,283.149993896,287.765739441,290.374267578,310.97518920875,328.431213379,23.209449767750016,13.970714535481191,False,False
2,0.05,2250,45000,5000,RT_level,0,0,894,0.5,1.428598850965,1.75,1.75,2.24972319603,0.32140114903499994,0.4295202505725591,False,False
2,0.05,2250,45000,5000,RT_level_ini,0,0,2,0.0,0.0,2.25,2.25,2.25,2.25,1.1147952015886615,False,False
2,0.05,2250,45000,5000,RT_temperature.T,0,0,870,283.033294678,283.033294678,283.033294678,283.05082702625,283.149993896,0.017532348249972074,0.03169923561068816,False,False
2,0.05,2250,45000,5000,Relaxing.active,0,0,1,0.0,0.0,0.0,0.0,0.0,0.0,0.0,True,True
2,0.05,2250,45000,5000,boundary.m_flow_in,0,0,2,0.0,0.0,0.0,20.0,20.0,20.0,9.743953875233185,False,False
2,0.05,2250,45000,5000,dL_rand,0,0,1,0.0,0.0,0.0,0.0,0.0,0.0,0.0,True,True
2,0.05,2250,45000,5000,dT_rand,0,0,1,0.0,0.0,0.0,0.0,0.0,0.0,0.0,True,True
2,0.05,2250,45000,5000,dir_valve_act,0,0,2,0.0,0.0,0.0,0.0,1.0,0.0,0.0961786539807423,True,False
2,0.05,2250,45000,5000,dt_rand,0,0,1,0.0,0.0,0.0,0.0,0.0,0.0,0.0,True,True
2,0.05,2250,45000,5000,heater_act,0,0,2,0.0,0.0,1.0,1.0,1.0,1.0,0.49665667455379575,False,False
2,0.05,2250,45000,5000,inj_valve_act,0,0,2,0.0,0.0,0.0,1.0,1.0,1.0,0.4871976937616593,False,False
2,0.05,2250,45000,5000,inv_valve_act,0,0,1,0.0,0.0,0.0,0.0,0.0,0.0,0.0,True,True
2,0.05,2250,45000,5000,limiter.y,0,0,1,283.0,283.0,283.0,283.0,283.0,0.0,0.0,True,True
2,0.05,2250,45000,5000,limiter1.y,0,0,1,100.0,100.0,100.0,100.0,100.0,0.0,0.0,True,True
2,0.05,2250,45000,5000,out_valve_act,0,0,1,0.0,0.0,0.0,0.0,0.0,0.0,0.0,True,True
2,0.1,4500,45000,5000,C_level,0,0,1,0.00999999977648,0.00999999977648,0.00999999977648,0.00999999977648,0.00999999977648,0.0,0.0,True,True
2,0.1,4500,45000,5000,C_temperature.T,0,0,1,273.149993896,273.149993896,273.149993896,273.149993896,273.149993896,0.0,5.684973584908787e-14,True,False
2,0.1,4500,45000,5000,HT_level,0,0,112,0.10000000149,0.10000000149,0.600000023842,0.600000023842,0.600000023842,0.500000022352,0.2190014512365804,False,False
2,0.1,4500,45000,5000,HT_temperature.T,0,0,4500,283.149993896,290.3746643065,312.1035308835,323.88509368924997,332.99395752,33.510429382749976,15.952220834973957,False,False
2,0.1,4500,45000,5000,RT_level,0,0,984,0.5,1.75,1.75,1.75,2.25,0.0,0.3432643511534799,True,False
2,0.1,4500,45000,5000,RT_level_ini,0,0,2,0.0,2.25,2.25,2.25,2.25,0.0,0.9260100184908424,True,False
2,0.1,4500,45000,5000,RT_temperature.T,0,0,921,283.033294678,283.033294678,283.118545532,294.1065979,302.718994141,11.073303221999993,7.904734295349731,False,False
2,0.1,4500,45000,5000,Relaxing.active,0,0,2,0.0,0.0,0.0,0.0,1.0,0.0,0.19440838723392279,True,False
2,0.1,4500,45000,5000,boundary.m_flow_in,0,0,2,0.0,0.0,0.0,0.0,20.0,0.0,7.902569132789706,True,False
2,0.1,4500,45000,5000,dL_rand,0,0,1,0.0,0.0,0.0,0.0,0.0,0.0,0.0,True,True
2,0.1,4500,45000,5000,dT_rand,0,0,1,0.0,0.0,0.0,0.0,0.0,0.0,0.0,True,True
2,0.1,4500,45000,5000,dir_valve_act,0,0,2,0.0,0.0,0.0,0.0,1.0,0.0,0.11841903079472783,True,False
2,0.1,4500,45000,5000,dt_rand,0,0,3,-1.46516311169,-0.917386412621,0.0,0.0,0.0,0.917386412621,0.6051641555214514,False,False
2,0.1,4500,45000,5000,heater_act,0,0,2,0.0,0.0,1.0,1.0,1.0,1.0,0.4489398189658314,False,False
2,0.1,4500,45000,5000,inj_valve_act,0,0,2,0.0,0.0,0.0,0.0,1.0,0.0,0.39512845663948537,True,False
2,0.1,4500,45000,5000,inv_valve_act,0,0,2,0.0,0.0,0.0,0.0,1.0,0.0,0.10059809778967732,True,False
2,0.1,4500,45000,5000,limiter.y,0,0,1,283.0,283.0,283.0,283.0,283.0,0.0,0.0,True,True
2,0.1,4500,45000,5000,limiter1.y,0,0,3,85.3483657837,90.826133728,100.0,100.0,100.0,9.173866271999998,6.051642869306242,False,False
2,0.1,4500,45000,5000,out_valve_act,0,0,1,0.0,0.0,0.0,0.0,0.0,0.0,0.0,True,True
2,0.2,9000,45000,5000,C_level,0,0,1,0.00999999977648,0.00999999977648,0.00999999977648,0.00999999977648,0.00999999977648,0.0,0.0,True,True
2,0.2,9000,45000,5000,C_temperature.T,0,0,1,273.149993896,273.149993896,273.149993896,273.149993896,273.149993896,0.0,0.0,True,True
2,0.2,9000,45000,5000,HT_level,0,0,520,0.10000000149,0.24991469457725,0.600000023842,0.600000023842,0.600000023842,0.35008532926475,0.21412056359262593,False,False
2,0.2,9000,45000,5000,HT_temperature.T,0,0,8963,283.149993896,312.10466766325,324.96005249,329.7458114625,332.997131348,17.641143799250017,14.80929393055521,False,False
2,0.2,9000,45000,5000,RT_level,0,0,1392,0.5,1.75,1.75,1.75,2.25,0.0,0.30163598429483124,True,False
2,0.2,9000,45000,5000,RT_level_ini,0,0,2,0.0,2.25,2.25,2.25,2.25,0.0,0.6983947272292862,True,False
2,0.2,9000,45000,5000,RT_temperature.T,0,0,1154,283.033294678,283.118644714,302.718994141,321.833007812,329.723846436,38.71436309799998,16.713460825617034,False,False
2,0.2,9000,45000,5000,Relaxing.active,0,0,2,0.0,0.0,0.0,0.0,1.0,0.0,0.3301062442363916,True,False
2,0.2,9000,45000,5000,boundary.m_flow_in,0,0,2,0.0,0.0,0.0,0.0,20.0,0.0,5.913427196205702,True,False
2,0.2,9000,45000,5000,dL_rand,0,0,1,0.0,0.0,0.0,0.0,0.0,0.0,0.0,True,True
2,0.2,9000,45000,5000,dT_rand,0,0,1,0.0,0.0,0.0,0.0,0.0,0.0,0.0,True,True
2,0.2,9000,45000,5000,dir_valve_act,0,0,2,0.0,0.0,0.0,0.0,1.0,0.0,0.1678157594669177,True,False
2,0.2,9000,45000,5000,dt_rand,0,0,12,-1.46516311169,-0.775261700153,0.0,0.408093512058,1.38398385048,1.183355212211,0.7933994192090367,False,False
2,0.2,9000,45000,5000,heater_act,0,0,2,0.0,0.0,1.0,1.0,1.0,1.0,0.45378726328538094,False,False
2,0.2,9000,45000,5000,inj_valve_act,0,0,2,0.0,0.0,0.0,0.0,1.0,0.0,0.29567135981028514,True,False
2,0.2,9000,45000,5000,inv_valve_act,0,0,2,0.0,0.0,0.0,0.0,1.0,0.0,0.16656295621262668,True,False
2,0.2,9000,45000,5000,limiter.y,0,0,1,283.0,283.0,283.0,283.0,283.0,0.0,0.0,True,True
2,0.2,9000,45000,5000,limiter1.y,0,0,12,85.3483657837,92.2473831177,100.0,104.080932617,113.839836121,11.833549499300005,7.933994696603803,False,False
2,0.2,9000,45000,5000,out_valve_act,0,0,1,0.0,0.0,0.0,0.0,0.0,0.0,0.0,True,True
2,0.4,18000,45000,5000,C_level,0,0,407,0.00999999977648,0.00999999977648,0.00999999977648,0.0799999982119,0.143509939313,0.06999999843542,0.0424243217304832,False,False
2,0.4,18000,45000,5000,C_temperature.T,0,0,407,273.149993896,273.149993896,273.149993896,323.280914307,326.356628418,50.13092041099998,25.233692503241333,False,False
2,0.4,18000,45000,5000,HT_level,0,0,1019,0.10000000149,0.10000000149,0.600000023842,0.600000023842,0.600000023842,0.500000022352,0.224825182638753,False,False
2,0.4,18000,45000,5000,HT_temperature.T,0,0,17877,283.149993896,312.6938171385,324.2586517335,329.608299255,332.999908447,16.91448211650004,12.726608638948443,False,False
2,0.4,18000,45000,5000,RT_level,0,0,3486,0.5,1.58774828911,1.75,1.75,2.25,0.1622517108899999,0.38297680540575063,False,False
2,0.4,18000,45000,5000,RT_level_ini,0,0,4,0.0,2.08774828911,2.25,2.25,2.25,0.16225171089000012,0.5189134217763276,False,False
2,0.4,18000,45000,5000,RT_temperature.T,0,0,2632,283.033294678,294.1065979,309.144775391,322.43258667,330.421539307,28.32598876999998,15.589719695113166,False,False
2,0.4,18000,45000,5000,Relaxing.active,0,0,2,0.0,0.0,0.0,0.0,1.0,0.0,0.32755138706454046,True,False
2,0.4,18000,45000,5000,boundary.m_flow_in,0,0,2,0.0,0.0,0.0,0.0,20.0,0.0,6.365836922331025,True,False
2,0.4,18000,45000,5000,dL_rand,0,0,3,-1.90325629711,-0.324503302574,0.0,0.0,0.0,0.324503302574,0.4632579164814201,False,False
2,0.4,18000,45000,5000,dT_rand,0,0,3,-1.90325629711,-0.324503302574,0.0,0.0,0.0,0.324503302574,0.4632579164814201,False,False
2,0.4,18000,45000,5000,dir_valve_act,0,0,2,0.0,0.0,0.0,0.0,1.0,0.0,0.1644996724316614,True,False
2,0.4,18000,45000,5000,dt_rand,0,0,23,-1.90057075024,-0.775261700153,0.0,0.657460272312,2.10690641403,1.432721972465,1.1416153965509859,False,False
2,0.4,18000,45000,5000,heater_act,0,0,2,0.0,0.0,1.0,1.0,1.0,1.0,0.47104307969382864,False,False
2,0.4,18000,45000,5000,inj_valve_act,0,0,2,0.0,0.0,0.0,0.0,1.0,0.0,0.31829184611655126,True,False
2,0.4,18000,45000,5000,inv_valve_act,0,0,2,0.0,0.0,0.0,0.0,1.0,0.0,0.1668725139533359,True,False
2,0.4,18000,45000,5000,limiter.y,0,0,3,274.0,279.754974365,283.0,283.0,283.0,3.2450256349999904,2.438175450778894,False,False
2,0.4,18000,45000,5000,limiter1.y,0,0,23,80.9942932129,92.2473831177,100.0,106.57460022,121.069061279,14.327217102299997,11.41615361759725,False,False
2,0.4,18000,45000,5000,out_valve_act,0,0,2,0.0,0.0,0.0,0.0,1.0,0.0,0.14812802014826332,True,False
2,0.6,27000,45000,5000,C_level,0,0,600,0.00999999977648,0.00999999977648,0.0799999982119,0.143509939313,0.205677971244,0.13350993953652,0.06818984682292191,False,False
2,0.6,27000,45000,5000,C_temperature.T,0,0,600,273.149993896,273.149993896,323.280914307,326.356628418,327.763580322,53.206634522,24.77358707677663,False,False
2,0.6,27000,45000,5000,HT_level,0,0,1562,0.10000000149,0.10000000149,0.600000023842,0.600000023842,0.600000023842,0.500000022352,0.2277010833362432,False,False
2,0.6,27000,45000,5000,HT_temperature.T,0,0,26474,283.149993896,313.7872085575,324.7703552245,329.713973999,332.999908447,15.926765441500038,11.838194074280512,False,False
2,0.6,27000,45000,5000,RT_level,0,0,5447,0.5,0.798371851444,1.58774828911,1.75,2.25,0.951628148556,0.48523540776526813,False,False
2,0.6,27000,45000,5000,RT_level_ini,0,0,6,0.0,1.29837179184,2.08774828911,2.25,2.25,0.95162820816,0.5511638724085713,False,False
2,0.6,27000,45000,5000,RT_temperature.T,0,0,4179,283.033294678,295.616882324,309.968383789,324.209655762,331.134613037,28.592773437999995,15.013258617884633,False,False
2,0.6,27000,45000,5000,Relaxing.active,0,0,2,0.0,0.0,0.0,0.0,1.0,0.0,0.3332693412819162,True,False
2,0.6,27000,45000,5000,boundary.m_flow_in,0,0,2,0.0,0.0,0.0,0.0,20.0,0.0,6.5355568216675906,True,False
2,0.6,27000,45000,5000,dL_rand,0,0,5,-1.98834192753,-1.90325629711,-0.324503302574,0.0,0.0,1.90325629711,0.850429232634016,False,False
2,0.6,27000,45000,5000,dT_rand,0,0,5,-1.98834192753,-1.90325629711,-0.324503302574,0.0,0.0,1.90325629711,0.850429232634016,False,False
2,0.6,27000,45000,5000,dir_valve_act,0,0,2,0.0,0.0,0.0,0.0,1.0,0.0,0.16561021768116385,True,False
2,0.6,27000,45000,5000,dt_rand,0,0,35,-2.03421115875,-0.762962758541,0.0,0.606769025326,2.10690641403,1.369731783867,1.1549384211450766,False,False
2,0.6,27000,45000,5000,heater_act,0,0,2,0.0,0.0,1.0,1.0,1.0,1.0,0.47608405459622577,False,False
2,0.6,27000,45000,5000,inj_valve_act,0,0,2,0.0,0.0,0.0,0.0,1.0,0.0,0.32677784108337954,True,False
2,0.6,27000,45000,5000,inv_valve_act,0,0,2,0.0,0.0,0.0,0.0,1.0,0.0,0.16936081904594877,True,False
2,0.6,27000,45000,5000,limiter.y,0,0,4,274.0,274.0,279.754974365,283.0,283.0,9.0,3.764432728965054,False,False
2,0.6,27000,45000,5000,limiter1.y,0,0,35,79.6578903198,92.3703689575,100.0,106.067687988,121.069061279,13.697319030499997,11.549383747409468,False,False
2,0.6,27000,45000,5000,out_valve_act,0,0,2,0.0,0.0,0.0,0.0,1.0,0.0,0.14680669012498343,True,False
2,0.8,36000,45000,5000,C_level,0,0,808,0.00999999977648,0.00999999977648,0.143509939313,0.205677971244,0.27380412817,0.19567797146752,0.08550972849048973,False,False
2,0.8,36000,45000,5000,C_temperature.T,0,0,808,273.149993896,273.149993896,326.356628418,327.763580322,328.455413818,54.61358642599998,23.207005312862606,False,False
2,0.8,36000,45000,5000,HT_level,0,0,2100,0.10000000149,0.10000000149,0.600000023842,0.600000023842,0.600000023842,0.500000022352,0.22631799817840925,False,False
2,0.8,36000,45000,5000,HT_temperature.T,0,0,35143,283.149993896,314.33718872074996,324.975540161,329.76579284649995,333.0,15.428604125749985,11.330721303543038,False,False
2,0.8,36000,45000,5000,RT_level,0,0,7026,0.5,1.1592899262874998,1.67298650742,1.75,2.25,0.5907100737125002,0.4665645062103708,False,False
2,0.8,36000,45000,5000,RT_level_ini,0,0,7,0.0,1.29837179184,2.17298650742,2.25,2.25,0.95162820816,0.5072856249284152,False,False
2,0.8,36000,45000,5000,RT_temperature.T,0,0,5315,283.033294678,295.616882324,309.64537048349996,324.209655762,331.134613037,28.592773437999995,14.58130557307308,False,False
2,0.8,36000,45000,5000,Relaxing.active,0,0,2,0.0,0.0,0.0,0.0,1.0,0.0,0.33560384779189883,True,False
2,0.8,36000,45000,5000,boundary.m_flow_in,0,0,2,0.0,0.0,0.0,0.0,20.0,0.0,6.363055209044374,True,False
2,0.8,36000,45000,5000,dL_rand,0,0,6,-1.98834192753,-0.324503302574,-0.154026910663,0.0,0.0,0.324503302574,0.7810217861879641,False,False
2,0.8,36000,45000,5000,dT_rand,0,0,6,-1.98834192753,-0.324503302574,-0.154026910663,0.0,0.0,0.324503302574,0.7810217861879641,False,False
2,0.8,36000,45000,5000,dir_valve_act,0,0,2,0.0,0.0,0.0,0.0,1.0,0.0,0.16600459022096764,True,False
2,0.8,36000,45000,5000,dt_rand,0,0,47,-2.03421115875,-0.620960116386,0.138981297612,0.814172804356,2.10690641403,1.435132920742,1.0784109578748957,False,False
2,0.8,36000,45000,5000,heater_act,0,0,2,0.0,0.0,1.0,1.0,1.0,1.0,0.4740146576921219,False,False
2,0.8,36000,45000,5000,inj_valve_act,0,0,2,0.0,0.0,0.0,0.0,1.0,0.0,0.3181527604522187,True,False
2,0.8,36000,45000,5000,inv_valve_act,0,0,2,0.0,0.0,0.0,0.0,1.0,0.0,0.170359813048238,True,False
2,0.8,36000,45000,5000,limiter.y,0,0,5,274.0,279.754974365,281.459716797,283.0,283.0,3.2450256349999904,3.4635328363034503,False,False
2,0.8,36000,45000,5000,limiter1.y,0,0,47,79.6578903198,93.790397644,101.389816284,108.141731262,121.069061279,14.351333617999998,10.78410903918245,False,False
2,0.8,36000,45000,5000,out_valve_act,0,0,2,0.0,0.0,0.0,0.0,1.0,0.0,0.14758754504678037,True,False
2,1.0,45000,45000,5000,C_level,0,0,1012,0.00999999977648,0.0799999982119,0.175444811583,0.27380412817,0.340723603964,0.19380412995809998,0.10586034060933985,False,False
2,1.0,45000,45000,5000,C_temperature.T,0,0,1012,273.149993896,323.280914307,327.178833008,328.455413818,328.881408691,5.174499511000022,21.71891763360378,False,False
2,1.0,45000,45000,5000,HT_level,0,0,2667,0.10000000149,0.10000000149,0.600000023842,0.600000023842,0.600000023842,0.500000022352,0.2245551948428714,False,False
2,1.0,45000,45000,5000,HT_temperature.T,0,0,43540,283.149993896,315.167526245,325.315185547,329.84070587175,333.0,14.673179626750027,10.949952013449677,False,False
2,1.0,45000,45000,5000,RT_level,0,0,8430,0.5,1.26960813999,1.67298650742,1.75,2.25,0.4803918600099999,0.4468347952240224,False,False
2,1.0,45000,45000,5000,RT_level_ini,0,0,8,0.0,1.76960813999,2.17298650742,2.20315408707,2.25,0.43354594708000005,0.4649037810219258,False,False
2,1.0,45000,45000,5000,RT_temperature.T,0,0,6279,283.033294678,296.503540039,309.968383789,324.209655762,331.134613037,27.70611572300004,14.309156491965055,False,False
2,1.0,45000,45000,5000,Relaxing.active,0,0,2,0.0,0.0,0.0,0.0,1.0,0.0,0.33728254571435734,True,False
2,1.0,45000,45000,5000,boundary.m_flow_in,0,0,2,0.0,0.0,0.0,0.0,20.0,0.0,6.143143998200455,True,False
2,1.0,45000,45000,5000,dL_rand,0,0,7,-1.98834192753,-0.960783720016,-0.154026910663,-0.0936918258667,0.0,0.8670918941493,0.7214308165507629,False,False
2,1.0,45000,45000,5000,dT_rand,0,0,7,-1.98834192753,-0.960783720016,-0.154026910663,-0.0936918258667,0.0,0.8670918941493,0.7214308165507629,False,False
2,1.0,45000,45000,5000,dir_valve_act,0,0,2,0.0,0.0,0.0,0.0,1.0,0.0,0.1664926371277066,True,False
2,1.0,45000,45000,5000,dt_rand,0,0,60,-2.03421115875,-0.525406658649,0.067659534514,0.768089830875,2.10690641403,1.2934964895240002,1.0704881493761351,False,False
2,1.0,45000,45000,5000,heater_act,0,0,2,0.0,0.0,1.0,1.0,1.0,1.0,0.47146472764104125,False,False
2,1.0,45000,45000,5000,inj_valve_act,0,0,2,0.0,0.0,0.0,0.0,1.0,0.0,0.30715719991002277,True,False
2,1.0,45000,45000,5000,inv_valve_act,0,0,2,0.0,0.0,0.0,0.0,1.0,0.0,0.17247533750826155,True,False
2,1.0,45000,45000,5000,limiter.y,0,0,5,274.0,274.0,281.459716797,282.063079834,283.0,8.063079834000007,3.5628607839639788,False,False
2,1.0,45000,45000,5000,limiter1.y,0,0,60,79.6578903198,94.7459335327,100.676597595,107.680900574,121.069061279,12.934967041300013,10.704881239782555,False,False
2,1.0,45000,45000,5000,out_valve_act,0,0,2,0.0,0.0,0.0,0.0,1.0,0.0,0.14776684600641637,True,False
3,0.05,2250,45000,5000,C_level,0,0,1,0.00999999977648,0.00999999977648,0.00999999977648,0.00999999977648,0.00999999977648,0.0,0.0,True,True
3,0.05,2250,45000,5000,C_temperature.T,0,0,1,273.149993896,273.149993896,273.149993896,273.149993896,273.149993896,0.0,5.68560549438497e-14,True,False
3,0.05,2250,45000,5000,HT_level,0,0,23,0.10000000149,0.10000000149,0.600000023842,0.600000023842,0.600000023842,0.500000022352,0.2472290560238009,False,False
3,0.05,2250,45000,5000,HT_temperature.T,0,0,2250,283.149993896,287.765739441,290.374267578,310.97518920875,328.431213379,23.209449767750016,13.970714535481191,False,False
3,0.05,2250,45000,5000,RT_level,0,0,894,0.5,1.428598850965,1.75,1.75,2.24972319603,0.32140114903499994,0.4295202505725591,False,False
3,0.05,2250,45000,5000,RT_level_ini,0,0,2,0.0,0.0,2.25,2.25,2.25,2.25,1.1147952015886615,False,False
3,0.05,2250,45000,5000,RT_temperature.T,0,0,870,283.033294678,283.033294678,283.033294678,283.05082702625,283.149993896,0.017532348249972074,0.03169923561068816,False,False
3,0.05,2250,45000,5000,Relaxing.active,0,0,1,0.0,0.0,0.0,0.0,0.0,0.0,0.0,True,True
3,0.05,2250,45000,5000,boundary.m_flow_in,0,0,2,0.0,0.0,0.0,20.0,20.0,20.0,9.743953875233185,False,False
3,0.05,2250,45000,5000,dL_rand,0,0,1,0.0,0.0,0.0,0.0,0.0,0.0,0.0,True,True
3,0.05,2250,45000,5000,dT_rand,0,0,1,0.0,0.0,0.0,0.0,0.0,0.0,0.0,True,True
3,0.05,2250,45000,5000,dir_valve_act,0,0,2,0.0,0.0,0.0,0.0,1.0,0.0,0.0961786539807423,True,False
3,0.05,2250,45000,5000,dt_rand,0,0,1,0.0,0.0,0.0,0.0,0.0,0.0,0.0,True,True
3,0.05,2250,45000,5000,heater_act,0,0,2,0.0,0.0,1.0,1.0,1.0,1.0,0.49665667455379575,False,False
3,0.05,2250,45000,5000,inj_valve_act,0,0,2,0.0,0.0,0.0,1.0,1.0,1.0,0.4871976937616593,False,False
3,0.05,2250,45000,5000,inv_valve_act,0,0,1,0.0,0.0,0.0,0.0,0.0,0.0,0.0,True,True
3,0.05,2250,45000,5000,limiter.y,0,0,1,283.0,283.0,283.0,283.0,283.0,0.0,0.0,True,True
3,0.05,2250,45000,5000,limiter1.y,0,0,1,100.0,100.0,100.0,100.0,100.0,0.0,0.0,True,True
3,0.05,2250,45000,5000,out_valve_act,0,0,1,0.0,0.0,0.0,0.0,0.0,0.0,0.0,True,True
3,0.1,4500,45000,5000,C_level,0,0,1,0.00999999977648,0.00999999977648,0.00999999977648,0.00999999977648,0.00999999977648,0.0,0.0,True,True
3,0.1,4500,45000,5000,C_temperature.T,0,0,1,273.149993896,273.149993896,273.149993896,273.149993896,273.149993896,0.0,5.684973584908787e-14,True,False
3,0.1,4500,45000,5000,HT_level,0,0,114,0.10000000149,0.10000000149,0.600000023842,0.600000023842,0.600000023842,0.500000022352,0.22120899666638044,False,False
3,0.1,4500,45000,5000,HT_temperature.T,0,0,4497,283.149993896,290.3746643065,312.0036010745,323.7952346805,332.995025635,33.42057037400002,15.8982809761563,False,False
3,0.1,4500,45000,5000,RT_level,0,0,986,0.5,1.75,1.75,1.75,2.25,0.0,0.3472425008604077,True,False
3,0.1,4500,45000,5000,RT_level_ini,0,0,2,0.0,2.25,2.25,2.25,2.25,0.0,0.9260100184908424,True,False
3,0.1,4500,45000,5000,RT_temperature.T,0,0,922,283.033294678,283.033294678,283.118545532,294.1065979,302.72088623,11.073303221999993,7.877816058787596,False,False
3,0.1,4500,45000,5000,Relaxing.active,0,0,2,0.0,0.0,0.0,0.0,1.0,0.0,0.2128475798956085,True,False
3,0.1,4500,45000,5000,boundary.m_flow_in,0,0,2,0.0,0.0,0.0,0.0,20.0,0.0,7.902569132789706,True,False
3,0.1,4500,45000,5000,dL_rand,0,0,1,0.0,0.0,0.0,0.0,0.0,0.0,0.0,True,True
3,0.1,4500,45000,5000,dT_rand,0,0,1,0.0,0.0,0.0,0.0,0.0,0.0,0.0,True,True
3,0.1,4500,45000,5000,dir_valve_act,0,0,2,0.0,0.0,0.0,0.0,1.0,0.0,0.11932714143879614,True,False
3,0.1,4500,45000,5000,dt_rand,0,0,3,0.0,0.0,0.0,0.156010627747,1.29203164577,0.156010627747,0.4991511092383555,False,False
3,0.1,4500,45000,5000,heater_act,0,0,2,0.0,0.0,1.0,1.0,1.0,1.0,0.4530892482546887,False,False
3,0.1,4500,45000,5000,inj_valve_act,0,0,2,0.0,0.0,0.0,0.0,1.0,0.0,0.39512845663948537,True,False
3,0.1,4500,45000,5000,inv_valve_act,0,0,2,0.0,0.0,0.0,0.0,1.0,0.0,0.1016742606632601,True,False
3,0.1,4500,45000,5000,limiter.y,0,0,1,283.0,283.0,283.0,283.0,283.0,0.0,0.0,True,True
3,0.1,4500,45000,5000,limiter1.y,0,0,3,100.0,100.0,100.0,101.56010437,112.920318604,1.5601043700000048,4.991512084361928,False,False
3,0.1,4500,45000,5000,out_valve_act,0,0,1,0.0,0.0,0.0,0.0,0.0,0.0,0.0,True,True
3,0.2,9000,45000,5000,C_level,0,0,1,0.00999999977648,0.00999999977648,0.00999999977648,0.00999999977648,0.00999999977648,0.0,0.0,True,True
3,0.2,9000,45000,5000,C_temperature.T,0,0,1,273.149993896,273.149993896,273.149993896,273.149993896,273.149993896,0.0,0.0,True,True
3,0.2,9000,45000,5000,HT_level,0,0,518,0.10000000149,0.2498138546945,0.600000023842,0.600000023842,0.600000023842,0.3501861691475,0.21413667747981216,False,False
3,0.2,9000,45000,5000,HT_temperature.T,0,0,8964,283.149993896,312.00440979025,324.94622802699996,329.74886322000003,332.999176025,17.744453429750024,14.814686033387849,False,False
3,0.2,9000,45000,5000,RT_level,0,0,1390,0.5,1.75,1.75,1.75,2.25,0.0,0.30165725365936724,True,False
3,0.2,9000,45000,5000,RT_level_ini,0,0,2,0.0,2.25,2.25,2.25,2.25,0.0,0.6983947272292862,True,False
3,0.2,9000,45000,5000,RT_temperature.T,0,0,1150,283.033294678,283.118644714,302.7208709715,319.0203857425,329.723876953,35.9017410285,16.64823404320346,False,False
3,0.2,9000,45000,5000,Relaxing.active,0,0,2,0.0,0.0,0.0,0.0,1.0,0.0,0.3303589187897214,True,False
3,0.2,9000,45000,5000,boundary.m_flow_in,0,0,2,0.0,0.0,0.0,0.0,20.0,0.0,5.913427196205702,True,False
3,0.2,9000,45000,5000,dL_rand,0,0,1,0.0,0.0,0.0,0.0,0.0,0.0,0.0,True,True
3,0.2,9000,45000,5000,dT_rand,0,0,1,0.0,0.0,0.0,0.0,0.0,0.0,0.0,True,True
3,0.2,9000,45000,5000,dir_valve_act,0,0,2,0.0,0.0,0.0,0.0,1.0,0.0,0.16750354766636694,True,False
3,0.2,9000,45000,5000,dt_rand,0,0,12,-1.59614861012,-0.0133365886286,0.0,0.420575588942,2.30307936668,0.43391217757059997,0.895331913170632,False,False
3,0.2,9000,45000,5000,heater_act,0,0,2,0.0,0.0,1.0,1.0,1.0,1.0,0.45378726328538094,False,False
3,0.2,9000,45000,5000,inj_valve_act,0,0,2,0.0,0.0,0.0,0.0,1.0,0.0,0.29567135981028514,True,False
3,0.2,9000,45000,5000,inv_valve_act,0,0,2,0.0,0.0,0.0,0.0,1.0,0.0,0.16624809460935963,True,False
3,0.2,9000,45000,5000,limiter.y,0,0,1,283.0,283.0,283.0,283.0,283.0,0.0,0.0,True,True
3,0.2,9000,45000,5000,limiter1.y,0,0,12,84.0385131836,99.8666305542,100.0,104.205757141,123.030792236,4.339126586800006,8.95331916767383,False,False
3,0.2,9000,45000,5000,out_valve_act,0,0,1,0.0,0.0,0.0,0.0,0.0,0.0,0.0,True,True
3,0.4,18000,45000,5000,C_level,0,0,434,0.00999999977648,0.00999999977648,0.00999999977648,0.0799999982119,0.152993261814,0.06999999843542,0.0397862103446397,False,False
3,0.4,18000,45000,5000,C_temperature.T,0,0,434,273.149993896,273.149993896,273.149993896,323.280914307,326.582733154,50.13092041099998,25.130601930653896,False,False
3,0.4,18000,45000,5000,HT_level,0,0,1040,0.10000000149,0.10000000149,0.600000023842,0.600000023842,0.600000023842,0.500000022352,0.2289600998275646,False,False
3,0.4,18000,45000,5000,HT_temperature.T,0,0,17822,283.149993896,313.79630279574997,325.09294128399995,329.769721985,332.999633789,15.973419189250023,12.619906381427093,False,False
3,0.4,18000,45000,5000,RT_level,0,0,3699,0.5,1.75,1.82483136654,1.82483136654,2.32483148575,0.07483136654,0.37040121184512226,False,False
3,0.4,18000,45000,5000,RT_level_ini,0,0,3,0.0,2.25,2.25,2.32483148575,2.32483148575,0.07483148574999987,0.5173880984613154,False,False
3,0.4,18000,45000,5000,RT_temperature.T,0,0,2812,283.033294678,294.359375,309.419128418,323.858520508,330.421539307,29.499145508000026,15.349020336882354,False,False
3,0.4,18000,45000,5000,Relaxing.active,0,0,2,0.0,0.0,0.0,0.0,1.0,0.0,0.33813740935598674,True,False
3,0.4,18000,45000,5000,boundary.m_flow_in,0,0,2,0.0,0.0,0.0,0.0,20.0,0.0,6.5829301398910065,True,False
3,0.4,18000,45000,5000,dL_rand,0,0,3,-0.351237535477,0.0,0.0,0.149662777781,0.149662777781,0.149662777781,0.1029660012432681,False,False
3,0.4,18000,45000,5000,dT_rand,0,0,3,-0.351237535477,0.0,0.0,0.149662777781,0.149662777781,0.149662777781,0.1029660012432681,False,False
3,0.4,18000,45000,5000,dir_valve_act,0,0,2,0.0,0.0,0.0,0.0,1.0,0.0,0.16449967243166136,True,False
3,0.4,18000,45000,5000,dt_rand,0,0,24,-1.59614861012,-0.138035222888,0.156010627747,0.717795372009,3.0849635601,0.855830594897,0.8360749127561515,False,False
3,0.4,18000,45000,5000,heater_act,0,0,2,0.0,0.0,1.0,1.0,1.0,1.0,0.4781035371810194,False,False
3,0.4,18000,45000,5000,inj_valve_act,0,0,2,0.0,0.0,0.0,0.0,1.0,0.0,0.32914650699455034,True,False
3,0.4,18000,45000,5000,inv_valve_act,0,0,2,0.0,0.0,0.0,0.0,1.0,0.0,0.1701320475580996,True,False
3,0.4,18000,45000,5000,limiter.y,0,0,3,279.487609863,283.0,283.0,284.496612549,284.496612549,1.4966125490000195,1.0296556045820087,False,False
3,0.4,18000,45000,5000,limiter1.y,0,0,24,84.0385131836,98.619644165,101.56010437,107.177955627,130.849639893,8.558311462000006,8.360749633516406,False,False
3,0.4,18000,45000,5000,out_valve_act,0,0,2,0.0,0.0,0.0,0.0,1.0,0.0,0.15288036659989626,True,False
3,0.6,27000,45000,5000,C_level,0,0,626,0.00999999977648,0.00999999977648,0.0799999982119,0.152993261814,0.215968504548,0.14299326203752,0.06748495012765575,False,False
3,0.6,27000,45000,5000,C_temperature.T,0,0,626,273.149993896,273.149993896,323.280914307,326.582733154,327.658355713,53.43273925799997,24.67427625718694,False,False
3,0.6,27000,45000,5000,HT_level,0,0,1513,0.10000000149,0.10000000149,0.600000023842,0.600000023842,0.600000023842,0.500000022352,0.22724599798760015,False,False
3,0.6,27000,45000,5000,HT_temperature.T,0,0,26569,283.149993896,313.238243103,324.71064758299997,329.63869476275,332.999633789,16.40045165974999,12.033371839845003,False,False
3,0.6,27000,45000,5000,RT_level,0,0,5460,0.5,1.57438123226,1.75,1.82483136654,2.32483148575,0.25045013428000007,0.3529222714014508,False,False
3,0.6,27000,45000,5000,RT_level_ini,0,0,5,0.0,2.07438135147,2.25,2.32483148575,2.32483148575,0.25045013427999985,0.42535344844714545,False,False
3,0.6,27000,45000,5000,RT_temperature.T,0,0,4165,283.033294678,294.359375,309.140472412,322.487182617,330.421539307,28.127807616999974,14.985763027825474,False,False
3,0.6,27000,45000,5000,Relaxing.active,0,0,2,0.0,0.0,0.0,0.0,1.0,0.0,0.3324805875707621,True,False
3,0.6,27000,45000,5000,boundary.m_flow_in,0,0,2,0.0,0.0,0.0,0.0,20.0,0.0,6.5671648665923295,True,False
3,0.6,27000,45000,5000,dL_rand,0,0,4,-0.46189764142,-0.351237535477,0.0,0.149662777781,0.149662777781,0.500900313258,0.22222370982109063,False,False
3,0.6,27000,45000,5000,dT_rand,0,0,4,-0.46189764142,-0.351237535477,0.0,0.149662777781,0.149662777781,0.500900313258,0.22222370982109063,False,False
3,0.6,27000,45000,5000,dir_valve_act,0,0,2,0.0,0.0,0.0,0.0,1.0,0.0,0.16337758571755062,True,False
3,0.6,27000,45000,5000,dt_rand,0,0,34,-1.59614861012,-0.270638138056,0.184698015451,0.717795372009,3.0849635601,0.988433510065,0.8365325211439746,False,False
3,0.6,27000,45000,5000,heater_act,0,0,2,0.0,0.0,1.0,1.0,1.0,1.0,0.4748303971636559,False,False
3,0.6,27000,45000,5000,inj_valve_act,0,0,2,0.0,0.0,0.0,0.0,1.0,0.0,0.3283582433296165,True,False
3,0.6,27000,45000,5000,inv_valve_act,0,0,2,0.0,0.0,0.0,0.0,1.0,0.0,0.16645191130479448,True,False
3,0.6,27000,45000,5000,limiter.y,0,0,4,278.381011963,279.487609863,283.0,284.496612549,284.496612549,5.009002686000031,2.2222385816662635,False,False
3,0.6,27000,45000,5000,limiter1.y,0,0,34,84.0385131836,97.2936172485,101.846977234,107.177955627,130.849639893,9.884338378500004,8.36532519069367,False,False
3,0.6,27000,45000,5000,out_valve_act,0,0,2,0.0,0.0,0.0,0.0,1.0,0.0,0.15002388329967892,True,False
3,0.8,36000,45000,5000,C_level,0,0,812,0.00999999977648,0.00999999977648,0.152993261814,0.215968504548,0.276730537415,0.20596850477152,0.0901313776287371,False,False
3,0.8,36000,45000,5000,C_temperature.T,0,0,812,273.149993896,273.149993896,326.582733154,327.658355713,328.274536133,54.50836181699998,23.13253169406587,False,False
3,0.8,36000,45000,5000,HT_level,0,0,2095,0.10000000149,0.10000000149,0.600000023842,0.600000023842,0.600000023842,0.500000022352,0.22765478796591937,False,False
3,0.8,36000,45000,5000,HT_temperature.T,0,0,35060,283.149993896,314.5735321045,325.096206665,329.76852416975,332.999938965,15.194992065250005,11.42987647543329,False,False
3,0.8,36000,45000,5000,RT_level,0,0,7325,0.5,1.57438123226,1.75,1.9012310504925,2.70000004768,0.32684981823250014,0.37844189272592726,False,False
3,0.8,36000,45000,5000,RT_level_ini,0,0,6,0.0,2.07438135147,2.25,2.32483148575,2.70000004768,0.25045013427999985,0.4002730432760395,False,False
3,0.8,36000,45000,5000,RT_temperature.T,0,0,5596,283.033294678,301.525848389,311.0832366945,322.487182617,330.442871094,20.961334228,13.983486125106198,False,False
3,0.8,36000,45000,5000,Relaxing.active,0,0,2,0.0,0.0,0.0,0.0,1.0,0.0,0.336765957359692,True,False
3,0.8,36000,45000,5000,boundary.m_flow_in,0,0,2,0.0,0.0,0.0,0.0,20.0,0.0,6.559896794725466,True,False
3,0.8,36000,45000,5000,dL_rand,0,0,5,-0.46189764142,-0.351237535477,0.0,0.149662777781,2.04272580147,0.500900313258,0.706523963053107,False,False
3,0.8,36000,45000,5000,dT_rand,0,0,5,-0.46189764142,-0.351237535477,0.0,0.149662777781,2.04272580147,0.500900313258,0.706523963053107,False,False
3,0.8,36000,45000,5000,dir_valve_act,0,0,2,0.0,0.0,0.0,0.0,1.0,0.0,0.16576763364643451,True,False
3,0.8,36000,45000,5000,dt_rand,0,0,47,-1.68019652367,-0.449812322855,0.184698015451,1.04907381535,3.0849635601,1.498886138205,0.9383602991093197,False,False
3,0.8,36000,45000,5000,heater_act,0,0,2,0.0,0.0,1.0,1.0,1.0,1.0,0.47618278907627637,False,False
3,0.8,36000,45000,5000,inj_valve_act,0,0,2,0.0,0.0,0.0,0.0,1.0,0.0,0.32799483973627325,True,False
3,0.8,36000,45000,5000,inv_valve_act,0,0,2,0.0,0.0,0.0,0.0,1.0,0.0,0.1702064331420198,True,False
3,0.8,36000,45000,5000,limiter.y,0,0,5,278.381011963,279.487609863,283.0,284.496612549,303.427246094,5.009002686000031,7.065239530788134,False,False
3,0.8,36000,45000,5000,limiter1.y,0,0,47,83.1980361938,95.5018768311,101.846977234,110.490737915,130.849639893,14.988861083899991,9.383602974626408,False,False
3,0.8,36000,45000,5000,out_valve_act,0,0,2,0.0,0.0,0.0,0.0,1.0,0.0,0.14803637548180756,True,False
3,1.0,45000,45000,5000,C_level,0,0,1153,0.00999999977648,0.0799999982119,0.152993261814,0.276730537415,0.388239890337,0.19673053920309996,0.11961548863327363,False,False
3,1.0,45000,45000,5000,C_temperature.T,0,0,1153,273.149993896,323.280914307,326.582733154,328.274536133,328.845489502,4.993621826000037,21.66240129447668,False,False
3,1.0,45000,45000,5000,HT_level,0,0,2707,0.10000000149,0.10000000149,0.600000023842,0.600000023842,0.600000023842,0.500000022352,0.22750975670395912,False,False
3,1.0,45000,45000,5000,HT_temperature.T,0,0,43509,283.149993896,315.551651001,325.6233520505,329.9125442505,332.999938965,14.360893249500009,10.95742493125875,False,False
3,1.0,45000,45000,5000,RT_level,0,0,8980,0.5,1.51905119419,1.75,2.01905107498,2.70000004768,0.49999988079000013,0.5132497738371244,False,False
3,1.0,45000,45000,5000,RT_level_ini,0,0,8,0.0,2.01905107498,2.25,2.32483148575,2.70000004768,0.30578041076999973,0.5109162195406254,False,False
3,1.0,45000,45000,5000,RT_temperature.T,0,0,6661,283.033294678,301.525848389,312.97132873550004,323.858520508,330.442871094,22.33267211900005,13.837292301695463,False,False
3,1.0,45000,45000,5000,Relaxing.active,0,0,2,0.0,0.0,0.0,0.0,1.0,0.0,0.34051278810898217,True,False
3,1.0,45000,45000,5000,boundary.m_flow_in,0,0,2,0.0,0.0,0.0,0.0,20.0,0.0,6.34764911354977,True,False
3,1.0,45000,45000,5000,dL_rand,0,0,7,-2.32453393936,-0.46189764142,0.0,0.149662777781,2.04272580147,0.611560419201,1.1319796031973077,False,False
3,1.0,45000,45000,5000,dT_rand,0,0,7,-2.32453393936,-0.46189764142,0.0,0.149662777781,2.04272580147,0.611560419201,1.1319796031973077,False,False
3,1.0,45000,45000,5000,dir_valve_act,0,0,2,0.0,0.0,0.0,0.0,1.0,0.0,0.1676835000739527,True,False
3,1.0,45000,45000,5000,dt_rand,0,0,61,-1.72267830372,-0.449812322855,0.0,0.799432337284,3.0849635601,1.249244660139,0.9413460344377386,False,False
3,1.0,45000,45000,5000,heater_act,0,0,2,0.0,0.0,1.0,1.0,1.0,1.0,0.4765535321047704,False,False
3,1.0,45000,45000,5000,inj_valve_act,0,0,2,0.0,0.0,0.0,0.0,1.0,0.0,0.3173824556774885,True,False
3,1.0,45000,45000,5000,inv_valve_act,0,0,2,0.0,0.0,0.0,0.0,1.0,0.0,0.17373991396265692,True,False
3,1.0,45000,45000,5000,limiter.y,0,0,6,274.0,278.381011963,283.0,284.496612549,303.427246094,6.115600586000028,8.97722014696273,False,False
3,1.0,45000,45000,5000,limiter1.y,0,0,61,82.7732162476,95.5018768311,100.0,107.99432373,130.849639893,12.492446898899999,9.413460471150097,False,False
3,1.0,45000,45000,5000,out_valve_act,0,0,2,0.0,0.0,0.0,0.0,1.0,0.0,0.1575394143745961,True,False
4,0.05,2250,45000,5000,C_level,0,0,1,0.00999999977648,0.00999999977648,0.00999999977648,0.00999999977648,0.00999999977648,0.0,0.0,True,True
4,0.05,2250,45000,5000,C_temperature.T,0,0,1,273.149993896,273.149993896,273.149993896,273.149993896,273.149993896,0.0,5.68560549438497e-14,True,False
4,0.05,2250,45000,5000,HT_level,0,0,23,0.10000000149,0.10000000149,0.600000023842,0.600000023842,0.600000023842,0.500000022352,0.2472290560238009,False,False
4,0.05,2250,45000,5000,HT_temperature.T,0,0,2250,283.149993896,287.765739441,290.374267578,310.97518920875,328.431213379,23.209449767750016,13.970714535481191,False,False
4,0.05,2250,45000,5000,RT_level,0,0,894,0.5,1.428598850965,1.75,1.75,2.24972319603,0.32140114903499994,0.4295202505725591,False,False
4,0.05,2250,45000,5000,RT_level_ini,0,0,2,0.0,0.0,2.25,2.25,2.25,2.25,1.1147952015886615,False,False
4,0.05,2250,45000,5000,RT_temperature.T,0,0,870,283.033294678,283.033294678,283.033294678,283.05082702625,283.149993896,0.017532348249972074,0.03169923561068816,False,False
4,0.05,2250,45000,5000,Relaxing.active,0,0,1,0.0,0.0,0.0,0.0,0.0,0.0,0.0,True,True
4,0.05,2250,45000,5000,boundary.m_flow_in,0,0,2,0.0,0.0,0.0,20.0,20.0,20.0,9.743953875233185,False,False
4,0.05,2250,45000,5000,dL_rand,0,0,1,0.0,0.0,0.0,0.0,0.0,0.0,0.0,True,True
4,0.05,2250,45000,5000,dT_rand,0,0,1,0.0,0.0,0.0,0.0,0.0,0.0,0.0,True,True
4,0.05,2250,45000,5000,dir_valve_act,0,0,2,0.0,0.0,0.0,0.0,1.0,0.0,0.0961786539807423,True,False
4,0.05,2250,45000,5000,dt_rand,0,0,1,0.0,0.0,0.0,0.0,0.0,0.0,0.0,True,True
4,0.05,2250,45000,5000,heater_act,0,0,2,0.0,0.0,1.0,1.0,1.0,1.0,0.49665667455379575,False,False
4,0.05,2250,45000,5000,inj_valve_act,0,0,2,0.0,0.0,0.0,1.0,1.0,1.0,0.4871976937616593,False,False
4,0.05,2250,45000,5000,inv_valve_act,0,0,1,0.0,0.0,0.0,0.0,0.0,0.0,0.0,True,True
4,0.05,2250,45000,5000,limiter.y,0,0,1,283.0,283.0,283.0,283.0,283.0,0.0,0.0,True,True
4,0.05,2250,45000,5000,limiter1.y,0,0,1,100.0,100.0,100.0,100.0,100.0,0.0,0.0,True,True
4,0.05,2250,45000,5000,out_valve_act,0,0,1,0.0,0.0,0.0,0.0,0.0,0.0,0.0,True,True
4,0.1,4500,45000,5000,C_level,0,0,1,0.00999999977648,0.00999999977648,0.00999999977648,0.00999999977648,0.00999999977648,0.0,0.0,True,True
4,0.1,4500,45000,5000,C_temperature.T,0,0,1,273.149993896,273.149993896,273.149993896,273.149993896,273.149993896,0.0,5.684973584908787e-14,True,False
4,0.1,4500,45000,5000,HT_level,0,0,112,0.10000000149,0.10000000149,0.600000023842,0.600000023842,0.600000023842,0.500000022352,0.21990954339787633,False,False
4,0.1,4500,45000,5000,HT_temperature.T,0,0,4495,283.149993896,290.3746643065,312.06947326650004,323.852897644,332.99395752,33.4782333375,15.930386023896212,False,False
4,0.1,4500,45000,5000,RT_level,0,0,984,0.5,1.75,1.75,1.75,2.25,0.0,0.3448893189747425,True,False
4,0.1,4500,45000,5000,RT_level_ini,0,0,2,0.0,2.25,2.25,2.25,2.25,0.0,0.9260100184908424,True,False
4,0.1,4500,45000,5000,RT_temperature.T,0,0,921,283.033294678,283.033294678,283.118545532,294.1065979,302.719177246,11.073303221999993,7.8755670207315145,False,False
4,0.1,4500,45000,5000,Relaxing.active,0,0,2,0.0,0.0,0.0,0.0,1.0,0.0,0.20262911000734918,True,False
4,0.1,4500,45000,5000,boundary.m_flow_in,0,0,2,0.0,0.0,0.0,0.0,20.0,0.0,7.902569132789706,True,False
4,0.1,4500,45000,5000,dL_rand,0,0,1,0.0,0.0,0.0,0.0,0.0,0.0,0.0,True,True
4,0.1,4500,45000,5000,dT_rand,0,0,1,0.0,0.0,0.0,0.0,0.0,0.0,0.0,True,True
4,0.1,4500,45000,5000,dir_valve_act,0,0,2,0.0,0.0,0.0,0.0,1.0,0.0,0.11841903079472783,True,False
4,0.1,4500,45000,5000,dt_rand,0,0,3,-1.06311225891,0.0,0.0,0.234412670135,0.234412670135,0.234412670135,0.46534101015737717,False,False
4,0.1,4500,45000,5000,heater_act,0,0,2,0.0,0.0,1.0,1.0,1.0,1.0,0.45066693803962293,False,False
4,0.1,4500,45000,5000,inj_valve_act,0,0,2,0.0,0.0,0.0,0.0,1.0,0.0,0.39512845663948537,True,False
4,0.1,4500,45000,5000,inv_valve_act,0,0,2,0.0,0.0,0.0,0.0,1.0,0.0,0.10059809778967732,True,False
4,0.1,4500,45000,5000,limiter.y,0,0,1,283.0,283.0,283.0,283.0,283.0,0.0,0.0,True,True
4,0.1,4500,45000,5000,limiter1.y,0,0,3,89.3688735962,100.0,100.0,102.34412384,102.34412384,2.3441238399999946,4.653410963834889,False,False
4,0.1,4500,45000,5000,out_valve_act,0,0,1,0.0,0.0,0.0,0.0,0.0,0.0,0.0,True,True
4,0.2,9000,45000,5000,C_level,0,0,1,0.00999999977648,0.00999999977648,0.00999999977648,0.00999999977648,0.00999999977648,0.0,0.0,True,True
4,0.2,9000,45000,5000,C_temperature.T,0,0,1,273.149993896,273.149993896,273.149993896,273.149993896,273.149993896,0.0,0.0,True,True
4,0.2,9000,45000,5000,HT_level,0,0,517,0.10000000149,0.262926720083,0.600000023842,0.600000023842,0.600000023842,0.337073303759,0.2138521362412733,False,False
4,0.2,9000,45000,5000,HT_temperature.T,0,0,8961,283.149993896,312.06989288325,324.95088195799997,329.76969909675,332.998260498,17.699806213499983,14.818950603104964,False,False
4,0.2,9000,45000,5000,RT_level,0,0,1389,0.5,1.75,1.75,1.75,2.25,0.0,0.30127950505565243,True,False
4,0.2,9000,45000,5000,RT_level_ini,0,0,2,0.0,2.25,2.25,2.25,2.25,0.0,0.6983947272292862,True,False
4,0.2,9000,45000,5000,RT_temperature.T,0,0,1154,283.033294678,283.118644714,302.719177246,321.56932067875,329.723693848,38.45067596474996,16.670634687488253,False,False
4,0.2,9000,45000,5000,Relaxing.active,0,0,2,0.0,0.0,0.0,0.0,1.0,0.0,0.32921917475968454,True,False
4,0.2,9000,45000,5000,boundary.m_flow_in,0,0,2,0.0,0.0,0.0,0.0,20.0,0.0,5.913427196205702,True,False
4,0.2,9000,45000,5000,dL_rand,0,0,1,0.0,0.0,0.0,0.0,0.0,0.0,0.0,True,True
4,0.2,9000,45000,5000,dT_rand,0,0,1,0.0,0.0,0.0,0.0,0.0,0.0,0.0,True,True
4,0.2,9000,45000,5000,dir_valve_act,0,0,2,0.0,0.0,0.0,0.0,1.0,0.0,0.16719067899281198,True,False
4,0.2,9000,45000,5000,dt_rand,0,0,12,-1.06311225891,-0.0641499087214,0.0,0.310586869717,1.01168859005,0.37473677843840003,0.5211419824189286,False,False
4,0.2,9000,45000,5000,heater_act,0,0,2,0.0,0.0,1.0,1.0,1.0,1.0,0.45327136142785857,False,False
4,0.2,9000,45000,5000,inj_valve_act,0,0,2,0.0,0.0,0.0,0.0,1.0,0.0,0.29567135981028514,True,False
4,0.2,9000,45000,5000,inv_valve_act,0,0,2,0.0,0.0,0.0,0.0,1.0,0.0,0.16624809460935966,True,False
4,0.2,9000,45000,5000,limiter.y,0,0,1,283.0,283.0,283.0,283.0,283.0,0.0,0.0,True,True
4,0.2,9000,45000,5000,limiter1.y,0,0,12,89.3688735962,99.3584976196,100.0,103.105865479,110.116882324,3.7473678594000006,5.2114198046184015,False,False
4,0.2,9000,45000,5000,out_valve_act,0,0,1,0.0,0.0,0.0,0.0,0.0,0.0,0.0,True,True
4,0.4,18000,45000,5000,C_level,0,0,355,0.00999999977648,0.00999999977648,0.00999999977648,0.0799999982119,0.12618458271,0.06999999843542,0.044392076619916045,False,False
4,0.4,18000,45000,5000,C_temperature.T,0,0,355,273.149993896,273.149993896,273.149993896,323.280792236,325.935424805,50.13079834000001,25.413485181376835,False,False
4,0.4,18000,45000,5000,HT_level,0,0,971,0.10000000149,0.10000000149,0.600000023842,0.600000023842,0.600000023842,0.500000022352,0.2232651931378398,False,False
4,0.4,18000,45000,5000,HT_temperature.T,0,0,17819,283.149993896,312.35652160625,323.709823608,329.43617248525004,332.999908447,17.07965087900004,12.714575258214904,False,False
4,0.4,18000,45000,5000,RT_level,0,0,3346,0.5,1.15461444855,1.65461444855,1.75,2.25,0.5953855514499999,0.4029347672327568,False,False
4,0.4,18000,45000,5000,RT_level_ini,0,0,4,0.0,1.65461444855,2.25,2.25,2.25,0.5953855514499999,0.5311843537599182,False,False
4,0.4,18000,45000,5000,RT_temperature.T,0,0,2569,283.033294678,291.076324463,303.735137939,321.832489014,330.511962891,30.756164550999983,15.724983982939333,False,False
4,0.4,18000,45000,5000,Relaxing.active,0,0,2,0.0,0.0,0.0,0.0,1.0,0.0,0.3256838401938588,True,False
4,0.4,18000,45000,5000,boundary.m_flow_in,0,0,2,0.0,0.0,0.0,0.0,20.0,0.0,6.311603231506555,True,False
4,0.4,18000,45000,5000,dL_rand,0,0,3,-1.1975158453,-1.19077122211,0.0,0.0,0.0,1.19077122211,0.5959609711160349,False,False
4,0.4,18000,45000,5000,dT_rand,0,0,3,-1.1975158453,-1.19077122211,0.0,0.0,0.0,1.19077122211,0.5959609711160349,False,False
4,0.4,18000,45000,5000,dir_valve_act,0,0,2,0.0,0.0,0.0,0.0,1.0,0.0,0.16078493161824034,True,False
4,0.4,18000,45000,5000,dt_rand,0,0,22,-1.06311225891,-0.258430749178,0.234412670135,0.856044173241,1.81960511208,1.114474922419,0.6777577076137479,False,False
4,0.4,18000,45000,5000,heater_act,0,0,2,0.0,0.0,1.0,1.0,1.0,1.0,0.46759362827013806,False,False
4,0.4,18000,45000,5000,inj_valve_act,0,0,2,0.0,0.0,0.0,0.0,1.0,0.0,0.31558016157532776,True,False
4,0.4,18000,45000,5000,inv_valve_act,0,0,2,0.0,0.0,0.0,0.0,1.0,0.0,0.1628962086534287,True,False
4,0.4,18000,45000,5000,limiter.y,0,0,2,274.0,274.0,283.0,283.0,283.0,9.0,4.496701357804786,False,False
4,0.4,18000,45000,5000,limiter1.y,0,0,22,89.3688735962,97.4156951904,102.34412384,108.560440063,118.196052551,11.1447448726,6.7775775353680325,False,False
4,0.4,18000,45000,5000,out_valve_act,0,0,2,0.0,0.0,0.0,0.0,1.0,0.0,0.13847093931890553,True,False
4,0.6,27000,45000,5000,C_level,0,0,497,0.00999999977648,0.00999999977648,0.0799999982119,0.12618458271,0.172234266996,0.11618458293351999,0.06253690370268457,False,False
4,0.6,27000,45000,5000,C_temperature.T,0,0,497,273.149993896,273.149993896,323.280792236,325.935424805,327.170166016,52.78543090900001,24.75242289960798,False,False
4,0.6,27000,45000,5000,HT_level,0,0,1511,0.10000000149,0.10000000149,0.600000023842,0.600000023842,0.600000023842,0.500000022352,0.22219286334707425,False,False
4,0.6,27000,45000,5000,HT_temperature.T,0,0,26512,283.149993896,314.25848388675,324.57066345199996,329.60746765175,332.999908447,15.348983765000014,11.74294225682694,False,False
4,0.6,27000,45000,5000,RT_level,0,0,4924,0.5,1.15461444855,1.682164132595,1.80055391788,2.30055379868,0.64593946933,0.40164019726377587,False,False
4,0.6,27000,45000,5000,RT_level_ini,0,0,5,0.0,1.65124213696,2.25,2.25,2.30055379868,0.5987578630399999,0.4760296975960119,False,False
4,0.6,27000,45000,5000,RT_temperature.T,0,0,3779,283.033294678,294.121917725,309.131866455,321.486358643,330.531738281,27.364440918000014,14.589542269981036,False,False
4,0.6,27000,45000,5000,Relaxing.active,0,0,2,0.0,0.0,0.0,0.0,1.0,0.0,0.3286557406720059,True,False
4,0.6,27000,45000,5000,boundary.m_flow_in,0,0,2,0.0,0.0,0.0,0.0,20.0,0.0,6.206787531334949,True,False
4,0.6,27000,45000,5000,dL_rand,0,0,4,-1.1975158453,-1.19077122211,0.0,0.0,0.101107820868,1.19077122211,0.6133169779553751,False,False
4,0.6,27000,45000,5000,dT_rand,0,0,4,-1.1975158453,-1.19077122211,0.0,0.0,0.101107820868,1.19077122211,0.6133169779553751,False,False
4,0.6,27000,45000,5000,dir_valve_act,0,0,2,0.0,0.0,0.0,0.0,1.0,0.0,0.1629484333134769,True,False
4,0.6,27000,45000,5000,dt_rand,0,0,34,-1.77864921093,-0.258430749178,0.0505691692233,0.609363079071,1.81960511208,0.867793828249,0.6961495923142695,False,False
4,0.6,27000,45000,5000,heater_act,0,0,2,0.0,0.0,1.0,1.0,1.0,1.0,0.46654193050334697,False,False
4,0.6,27000,45000,5000,inj_valve_act,0,0,2,0.0,0.0,0.0,0.0,1.0,0.0,0.31033937656674737,True,False
4,0.6,27000,45000,5000,inv_valve_act,0,0,2,0.0,0.0,0.0,0.0,1.0,0.0,0.16666158821190605,True,False
4,0.6,27000,45000,5000,limiter.y,0,0,3,274.0,274.0,283.0,283.0,284.011077881,9.0,4.675360399325848,False,False
4,0.6,27000,45000,5000,limiter1.y,0,0,34,82.213508606,97.4156951904,100.505691528,106.09362793,118.196052551,8.677932739599996,6.961496337461223,False,False
4,0.6,27000,45000,5000,out_valve_act,0,0,2,0.0,0.0,0.0,0.0,1.0,0.0,0.13388996473166298,True,False
4,0.8,36000,45000,5000,C_level,0,0,716,0.00999999977648,0.00999999977648,0.12618458271,0.172234266996,0.244256421924,0.16223426721952,0.082904091469225,False,False
4,0.8,36000,45000,5000,C_temperature.T,0,0,716,273.149993896,273.149993896,325.935424805,327.170166016,328.084106445,54.020172119999984,23.15487675421528,False,False
4,0.8,36000,45000,5000,HT_level,0,0,2122,0.10000000149,0.10000000149,0.600000023842,0.600000023842,0.600000023842,0.500000022352,0.22465872747415797,False,False
4,0.8,36000,45000,5000,HT_temperature.T,0,0,35128,283.149993896,315.30776214599996,325.39421081549995,329.8314285275,332.999908447,14.52366638150005,11.285740711861239,False,False
4,0.8,36000,45000,5000,RT_level,0,0,6850,0.5,1.15461444855,1.75,2.009936451915,2.70000004768,0.8553220033649998,0.47494226544313345,False,False
4,0.8,36000,45000,5000,RT_level_ini,0,0,6,0.0,1.65461444855,2.25,2.30055379868,2.70000004768,0.6459393501300001,0.5054525060170602,False,False
4,0.8,36000,45000,5000,RT_temperature.T,0,0,5234,283.033294678,300.849731445,311.609466553,322.946929932,330.531738281,22.097198487000014,13.994372446340869,False,False
4,0.8,36000,45000,5000,Relaxing.active,0,0,2,0.0,0.0,0.0,0.0,1.0,0.0,0.3361552347212266,True,False
4,0.8,36000,45000,5000,boundary.m_flow_in,0,0,2,0.0,0.0,0.0,0.0,20.0,0.0,6.292349446139102,True,False
4,0.8,36000,45000,5000,dL_rand,0,0,5,-1.1975158453,-1.19077122211,0.0,0.101107820868,1.1202429533,1.291879042978,0.8247000651504663,False,False
4,0.8,36000,45000,5000,dT_rand,0,0,5,-1.1975158453,-1.19077122211,0.0,0.101107820868,1.1202429533,1.291879042978,0.8247000651504663,False,False
4,0.8,36000,45000,5000,dir_valve_act,0,0,2,0.0,0.0,0.0,0.0,1.0,0.0,0.1658466614412911,True,False
4,0.8,36000,45000,5000,dt_rand,0,0,48,-1.77864921093,-0.258430749178,0.0505691692233,0.856044173241,1.81960511208,1.114474922419,0.6961445408844423,False,False
4,0.8,36000,45000,5000,heater_act,0,0,2,0.0,0.0,1.0,1.0,1.0,1.0,0.4715777603037872,False,False
4,0.8,36000,45000,5000,inj_valve_act,0,0,2,0.0,0.0,0.0,0.0,1.0,0.0,0.3146174723069551,True,False
4,0.8,36000,45000,5000,inv_valve_act,0,0,2,0.0,0.0,0.0,0.0,1.0,0.0,0.1721883173557236,True,False
4,0.8,36000,45000,5000,limiter.y,0,0,4,274.0,274.0,283.0,284.011077881,294.202423096,10.011077881000006,7.06046009612704,False,False
4,0.8,36000,45000,5000,limiter1.y,0,0,48,82.213508606,97.4156951904,100.505691528,108.560440063,118.196052551,11.1447448726,6.96144620274847,False,False
4,0.8,36000,45000,5000,out_valve_act,0,0,2,0.0,0.0,0.0,0.0,1.0,0.0,0.13914192499380013,True,False
4,1.0,45000,45000,5000,C_level,0,0,1122,0.00999999977648,0.0799999982119,0.172234266996,0.244256421924,0.377247720957,0.16425642371209997,0.11150313653286399,False,False
4,1.0,45000,45000,5000,C_temperature.T,0,0,1122,273.149993896,323.280792236,327.170166016,328.084106445,328.875244141,4.80331420899995,21.662543984128423,False,False
4,1.0,45000,45000,5000,HT_level,0,0,2687,0.10000000149,0.10000000149,0.600000023842,0.600000023842,0.600000023842,0.500000022352,0.22958047057900086,False,False
4,1.0,45000,45000,5000,HT_temperature.T,0,0,43723,283.149993896,314.78171539325,325.40867614750005,329.85359191875,332.999908447,15.071876525499988,11.160367468577101,False,False
4,1.0,45000,45000,5000,RT_level,0,0,9476,0.5,1.15124213696,1.75,1.9596797525875,2.70000004768,0.8084376156274999,0.5012700720425127,False,False
4,1.0,45000,45000,5000,RT_level_ini,0,0,7,0.0,1.65124213696,2.25,2.30055379868,2.70000004768,0.6493116617200001,0.50414213830275,False,False
4,1.0,45000,45000,5000,RT_temperature.T,0,0,7205,283.033294678,301.8975982665,312.543899536,323.495391846,330.668151855,21.597793579500035,14.014657231154448,False,False
4,1.0,45000,45000,5000,Relaxing.active,0,0,2,0.0,0.0,0.0,0.0,1.0,0.0,0.33957850715793486,True,False
4,1.0,45000,45000,5000,boundary.m_flow_in,0,0,2,0.0,0.0,0.0,0.0,20.0,0.0,6.634555658078824,True,False
4,1.0,45000,45000,5000,dL_rand,0,0,7,-1.25043487549,-1.1975158453,0.0,0.101107820868,1.6587420702,1.2986236661680002,0.928288476595675,False,False
4,1.0,45000,45000,5000,dT_rand,0,0,7,-1.25043487549,-1.1975158453,0.0,0.101107820868,1.6587420702,1.2986236661680002,0.928288476595675,False,False
4,1.0,45000,45000,5000,dir_valve_act,0,0,2,0.0,0.0,0.0,0.0,1.0,0.0,0.16762106051845563,True,False
4,1.0,45000,45000,5000,dt_rand,0,0,60,-1.77864921093,-0.342570275068,0.0505691692233,0.81069368124,1.81960511208,1.1532639563079998,0.6696969994692428,False,False
4,1.0,45000,45000,5000,heater_act,0,0,2,0.0,0.0,1.0,1.0,1.0,1.0,0.47968639624662157,False,False
4,1.0,45000,45000,5000,inj_valve_act,0,0,2,0.0,0.0,0.0,0.0,1.0,0.0,0.33172778290394117,True,False
4,1.0,45000,45000,5000,inv_valve_act,0,0,2,0.0,0.0,0.0,0.0,1.0,0.0,0.17259622690980525,True,False
4,1.0,45000,45000,5000,limiter.y,0,0,5,274.0,274.0,283.0,284.011077881,299.587432861,10.011077881000006,7.964298961508915,False,False
4,1.0,45000,45000,5000,limiter1.y,0,0,60,82.213508606,96.5742950439,100.505691528,108.106933594,118.196052551,11.532638550100003,6.696970923297981,False,False
4,1.0,45000,45000,5000,out_valve_act,0,0,2,0.0,0.0,0.0,0.0,1.0,0.0,0.15544895140307996,True,False
5,0.05,2250,45000,5000,C_level,0,0,1,0.00999999977648,0.00999999977648,0.00999999977648,0.00999999977648,0.00999999977648,0.0,0.0,True,True
5,0.05,2250,45000,5000,C_temperature.T,0,0,1,273.149993896,273.149993896,273.149993896,273.149993896,273.149993896,0.0,5.68560549438497e-14,True,False
5,0.05,2250,45000,5000,HT_level,0,0,23,0.10000000149,0.10000000149,0.600000023842,0.600000023842,0.600000023842,0.500000022352,0.2472290560238009,False,False
5,0.05,2250,45000,5000,HT_temperature.T,0,0,2250,283.149993896,287.765739441,290.374267578,310.97518920875,328.431213379,23.209449767750016,13.970714535481191,False,False
5,0.05,2250,45000,5000,RT_level,0,0,894,0.5,1.428598850965,1.75,1.75,2.24972319603,0.32140114903499994,0.4295202505725591,False,False
5,0.05,2250,45000,5000,RT_level_ini,0,0,2,0.0,0.0,2.25,2.25,2.25,2.25,1.1147952015886615,False,False
5,0.05,2250,45000,5000,RT_temperature.T,0,0,870,283.033294678,283.033294678,283.033294678,283.05082702625,283.149993896,0.017532348249972074,0.03169923561068816,False,False
5,0.05,2250,45000,5000,Relaxing.active,0,0,1,0.0,0.0,0.0,0.0,0.0,0.0,0.0,True,True
5,0.05,2250,45000,5000,boundary.m_flow_in,0,0,2,0.0,0.0,0.0,20.0,20.0,20.0,9.743953875233185,False,False
5,0.05,2250,45000,5000,dL_rand,0,0,1,0.0,0.0,0.0,0.0,0.0,0.0,0.0,True,True
5,0.05,2250,45000,5000,dT_rand,0,0,1,0.0,0.0,0.0,0.0,0.0,0.0,0.0,True,True
5,0.05,2250,45000,5000,dir_valve_act,0,0,2,0.0,0.0,0.0,0.0,1.0,0.0,0.0961786539807423,True,False
5,0.05,2250,45000,5000,dt_rand,0,0,1,0.0,0.0,0.0,0.0,0.0,0.0,0.0,True,True
5,0.05,2250,45000,5000,heater_act,0,0,2,0.0,0.0,1.0,1.0,1.0,1.0,0.49665667455379575,False,False
5,0.05,2250,45000,5000,inj_valve_act,0,0,2,0.0,0.0,0.0,1.0,1.0,1.0,0.4871976937616593,False,False
5,0.05,2250,45000,5000,inv_valve_act,0,0,1,0.0,0.0,0.0,0.0,0.0,0.0,0.0,True,True
5,0.05,2250,45000,5000,limiter.y,0,0,1,283.0,283.0,283.0,283.0,283.0,0.0,0.0,True,True
5,0.05,2250,45000,5000,limiter1.y,0,0,1,100.0,100.0,100.0,100.0,100.0,0.0,0.0,True,True
5,0.05,2250,45000,5000,out_valve_act,0,0,1,0.0,0.0,0.0,0.0,0.0,0.0,0.0,True,True
5,0.1,4500,45000,5000,C_level,0,0,1,0.00999999977648,0.00999999977648,0.00999999977648,0.00999999977648,0.00999999977648,0.0,0.0,True,True
5,0.1,4500,45000,5000,C_temperature.T,0,0,1,273.149993896,273.149993896,273.149993896,273.149993896,273.149993896,0.0,5.684973584908787e-14,True,False
5,0.1,4500,45000,5000,HT_level,0,0,111,0.10000000149,0.10000000149,0.600000023842,0.600000023842,0.600000023842,0.500000022352,0.21965414217786774,False,False
5,0.1,4500,45000,5000,HT_temperature.T,0,0,4499,283.149993896,290.3746643065,312.0738220215,323.8549194335,332.99395752,33.48025512700002,15.935893771128555,False,False
5,0.1,4500,45000,5000,RT_level,0,0,983,0.5,1.75,1.75,1.75,2.25,0.0,0.34443049265057835,True,False
5,0.1,4500,45000,5000,RT_level_ini,0,0,2,0.0,2.25,2.25,2.25,2.25,0.0,0.9260100184908424,True,False
5,0.1,4500,45000,5000,RT_temperature.T,0,0,921,283.033294678,283.033294678,283.118545532,294.1065979,302.719177246,11.073303221999993,7.894286783446962,False,False
5,0.1,4500,45000,5000,Relaxing.active,0,0,2,0.0,0.0,0.0,0.0,1.0,0.0,0.20061142370447885,True,False
5,0.1,4500,45000,5000,boundary.m_flow_in,0,0,2,0.0,0.0,0.0,0.0,20.0,0.0,7.902569132789706,True,False
5,0.1,4500,45000,5000,dL_rand,0,0,1,0.0,0.0,0.0,0.0,0.0,0.0,0.0,True,True
5,0.1,4500,45000,5000,dT_rand,0,0,1,0.0,0.0,0.0,0.0,0.0,0.0,0.0,True,True
5,0.1,4500,45000,5000,dir_valve_act,0,0,2,0.0,0.0,0.0,0.0,1.0,0.0,0.11750348180963018,True,False
5,0.1,4500,45000,5000,dt_rand,0,0,3,-0.775109112263,-0.495101779699,0.0,0.0,0.0,0.495101779699,0.3214514701173051,False,False
5,0.1,4500,45000,5000,heater_act,0,0,2,0.0,0.0,1.0,1.0,1.0,1.0,0.45013094283613775,False,False
5,0.1,4500,45000,5000,inj_valve_act,0,0,2,0.0,0.0,0.0,0.0,1.0,0.0,0.39512845663948537,True,False
5,0.1,4500,45000,5000,inv_valve_act,0,0,2,0.0,0.0,0.0,0.0,1.0,0.0,0.10059809778967732,True,False
5,0.1,4500,45000,5000,limiter.y,0,0,1,283.0,283.0,283.0,283.0,283.0,0.0,0.0,True,True
5,0.1,4500,45000,5000,limiter1.y,0,0,3,92.2489089966,95.0489807129,100.0,100.0,100.0,4.951019287099996,3.2145149204608305,False,False
5,0.1,4500,45000,5000,out_valve_act,0,0,1,0.0,0.0,0.0,0.0,0.0,0.0,0.0,True,True
5,0.2,9000,45000,5000,C_level,0,0,1,0.00999999977648,0.00999999977648,0.00999999977648,0.00999999977648,0.00999999977648,0.0,0.0,True,True
5,0.2,9000,45000,5000,C_temperature.T,0,0,1,273.149993896,273.149993896,273.149993896,273.149993896,273.149993896,0.0,0.0,True,True
5,0.2,9000,45000,5000,HT_level,0,0,537,0.10000000149,0.27906516194375,0.600000023842,0.600000023842,0.600000023842,0.32093486189825005,0.21320193842730567,False,False
5,0.2,9000,45000,5000,HT_temperature.T,0,0,8967,283.149993896,312.07540893575003,325.0357513425,329.91366577175,332.99987793,17.83825683599997,14.856054057980268,False,False
5,0.2,9000,45000,5000,RT_level,0,0,1409,0.5,1.75,1.75,1.75,2.25,0.0,0.300574319795671,True,False
5,0.2,9000,45000,5000,RT_level_ini,0,0,2,0.0,2.25,2.25,2.25,2.25,0.0,0.6983947272292862,True,False
5,0.2,9000,45000,5000,RT_temperature.T,0,0,1173,283.033294678,283.118644714,302.719177246,321.832458496,330.421356201,38.71381378199999,16.788338113009573,False,False
5,0.2,9000,45000,5000,Relaxing.active,0,0,2,0.0,0.0,0.0,0.0,1.0,0.0,0.3262744829344191,True,False
5,0.2,9000,45000,5000,boundary.m_flow_in,0,0,2,0.0,0.0,0.0,0.0,20.0,0.0,5.913427196205702,True,False
5,0.2,9000,45000,5000,dL_rand,0,0,1,0.0,0.0,0.0,0.0,0.0,0.0,0.0,True,True
5,0.2,9000,45000,5000,dT_rand,0,0,1,0.0,0.0,0.0,0.0,0.0,0.0,0.0,True,True
5,0.2,9000,45000,5000,dir_valve_act,0,0,2,0.0,0.0,0.0,0.0,1.0,0.0,0.16687714975164925,True,False
5,0.2,9000,45000,5000,dt_rand,0,0,13,-2.09588909149,-0.775109112263,-0.303079307079,0.0,0.120822779834,0.775109112263,0.5345296211049058,False,False
5,0.2,9000,45000,5000,heater_act,0,0,2,0.0,0.0,1.0,1.0,1.0,1.0,0.4531159449708956,False,False
5,0.2,9000,45000,5000,inj_valve_act,0,0,2,0.0,0.0,0.0,0.0,1.0,0.0,0.29567135981028514,True,False
5,0.2,9000,45000,5000,inv_valve_act,0,0,2,0.0,0.0,0.0,0.0,1.0,0.0,0.1727246972550369,True,False
5,0.2,9000,45000,5000,limiter.y,0,0,1,283.0,283.0,283.0,283.0,283.0,0.0,0.0,True,True
5,0.2,9000,45000,5000,limiter1.y,0,0,13,79.0411071777,92.2489089966,96.9692077637,100.0,101.208229065,7.751091003400006,5.345296062076744,False,False
5,0.2,9000,45000,5000,out_valve_act,0,0,1,0.0,0.0,0.0,0.0,0.0,0.0,0.0,True,True
5,0.4,18000,45000,5000,C_level,0,0,479,0.00999999977648,0.00999999977648,0.00999999977648,0.0799999982119,0.167999997735,0.06999999843542,0.048994798102840346,False,False
5,0.4,18000,45000,5000,C_temperature.T,0,0,479,273.149993896,273.149993896,273.149993896,323.280761719,326.89755249,50.130767822999985,25.35734611654785,False,False
5,0.4,18000,45000,5000,HT_level,0,0,1052,0.10000000149,0.10000000149,0.600000023842,0.600000023842,0.600000023842,0.500000022352,0.23599960400081235,False,False
5,0.4,18000,45000,5000,HT_temperature.T,0,0,17741,283.149993896,311.11719512925,324.80970764150004,329.76802063025,332.99987793,18.650825501000043,13.100691432051459,False,False
5,0.4,18000,45000,5000,RT_level,0,0,4592,0.5,1.75,1.79530185461,2.20000004768,2.70000004768,0.4500000476800001,0.4692742158429949,False,False
5,0.4,18000,45000,5000,RT_level_ini,0,0,3,0.0,2.25,2.25,2.70000004768,2.70000004768,0.4500000476800001,0.5948521101661026,False,False
5,0.4,18000,45000,5000,RT_temperature.T,0,0,3648,283.033294678,302.719116211,313.419204712,323.641357422,330.421356201,20.92224121099997,14.84428340941999,False,False
5,0.4,18000,45000,5000,Relaxing.active,0,0,2,0.0,0.0,0.0,0.0,1.0,0.0,0.33148251844806037,True,False
5,0.4,18000,45000,5000,boundary.m_flow_in,0,0,2,0.0,0.0,0.0,0.0,20.0,0.0,7.513840694122616,True,False
5,0.4,18000,45000,5000,dL_rand,0,0,3,0.0,0.0,0.0,1.89294111729,1.89294111729,1.89294111729,0.9107701460391774,False,False
5,0.4,18000,45000,5000,dT_rand,0,0,3,0.0,0.0,0.0,1.89294111729,1.89294111729,1.89294111729,0.9107701460391774,False,False
5,0.4,18000,45000,5000,dir_valve_act,0,0,2,0.0,0.0,0.0,0.0,1.0,0.0,0.16718603448474822,True,False
5,0.4,18000,45000,5000,dt_rand,0,0,24,-2.09588909149,-0.800439476967,-0.458082824945,0.0606402792037,1.52339243889,0.8610797561707,0.7437271429529104,False,False
5,0.4,18000,45000,5000,heater_act,0,0,2,0.0,0.0,1.0,1.0,1.0,1.0,0.48933631704030656,False,False
5,0.4,18000,45000,5000,inj_valve_act,0,0,2,0.0,0.0,0.0,0.0,1.0,0.0,0.3756920347061308,True,False
5,0.4,18000,45000,5000,inv_valve_act,0,0,2,0.0,0.0,0.0,0.0,1.0,0.0,0.16936238728154457,True,False
5,0.4,18000,45000,5000,limiter.y,0,0,3,283.0,283.0,283.0,301.929412842,301.929412842,18.929412841999977,9.107701587223326,False,False
5,0.4,18000,45000,5000,limiter1.y,0,0,24,79.0411071777,91.9956054688,95.4191741943,100.606399536,115.233924866,8.610794067200004,7.437271169342027,False,False
5,0.4,18000,45000,5000,out_valve_act,0,0,2,0.0,0.0,0.0,0.0,1.0,0.0,0.1604573655749595,True,False
5,0.6,27000,45000,5000,C_level,0,0,745,0.00999999977648,0.00999999977648,0.0799999982119,0.167999997735,0.256000012159,0.15799999795852,0.0804590013200968,False,False
5,0.6,27000,45000,5000,C_temperature.T,0,0,745,273.149993896,273.149993896,323.280761719,326.89755249,328.06729126,53.747558594,24.785939492664138,False,False
5,0.6,27000,45000,5000,HT_level,0,0,1639,0.10000000149,0.10000000149,0.600000023842,0.600000023842,0.600000023842,0.500000022352,0.23323027361080345,False,False
5,0.6,27000,45000,5000,HT_temperature.T,0,0,26351,283.149993896,313.76169586175,325.52949523949997,329.91405487025,332.99987793,16.152359008500014,12.139663819324344,False,False
5,0.6,27000,45000,5000,RT_level,0,0,6302,0.5,1.75,2.20000004768,2.20000004768,2.70000004768,0.4500000476800001,0.47250883021913603,False,False
5,0.6,27000,45000,5000,RT_level_ini,0,0,4,0.0,2.25,2.70000004768,2.70000004768,2.70000004768,0.4500000476800001,0.5167042807333199,False,False
5,0.6,27000,45000,5000,RT_temperature.T,0,0,4837,283.033294678,302.719116211,313.419204712,324.033752441,330.421356201,21.314636229999962,14.123942646582329,False,False
5,0.6,27000,45000,5000,Relaxing.active,0,0,2,0.0,0.0,0.0,0.0,1.0,0.0,0.3397410686914354,True,False
5,0.6,27000,45000,5000,boundary.m_flow_in,0,0,2,0.0,0.0,0.0,0.0,20.0,0.0,7.044387022343567,True,False
5,0.6,27000,45000,5000,dL_rand,0,0,4,-0.0558488741517,0.0,1.34577476978,1.89294111729,1.89294111729,1.89294111729,0.8262046328303229,False,False
5,0.6,27000,45000,5000,dT_rand,0,0,4,-0.0558488741517,0.0,1.34577476978,1.89294111729,1.89294111729,1.89294111729,0.8262046328303229,False,False
5,0.6,27000,45000,5000,dir_valve_act,0,0,2,0.0,0.0,0.0,0.0,1.0,0.0,0.1697717914983194,True,False
5,0.6,27000,45000,5000,dt_rand,0,0,37,-2.09588909149,-0.52824485302,-0.155156105757,0.807275593281,1.62269961834,1.335520446301,0.842636661855715,False,False
5,0.6,27000,45000,5000,heater_act,0,0,2,0.0,0.0,1.0,1.0,1.0,1.0,0.4856869120256225,False,False
5,0.6,27000,45000,5000,inj_valve_act,0,0,2,0.0,0.0,0.0,0.0,1.0,0.0,0.35221935111717845,True,False
5,0.6,27000,45000,5000,inv_valve_act,0,0,2,0.0,0.0,0.0,0.0,1.0,0.0,0.17312025604944725,True,False
5,0.6,27000,45000,5000,limiter.y,0,0,4,282.441497803,283.0,296.457733154,301.929412842,301.929412842,18.929412841999977,8.262045931218282,False,False
5,0.6,27000,45000,5000,limiter1.y,0,0,37,79.0411071777,94.7175521851,98.4484405518,108.072753906,116.226997375,13.355201720899998,8.426366744421767,False,False
5,0.6,27000,45000,5000,out_valve_act,0,0,2,0.0,0.0,0.0,0.0,1.0,0.0,0.16337758571755065,True,False
5,0.8,36000,45000,5000,C_level,0,0,955,0.00999999977648,0.00999999977648,0.167999997735,0.256000012159,0.324883013964,0.24600001238251998,0.10720104075340443,False,False
5,0.8,36000,45000,5000,C_temperature.T,0,0,955,273.149993896,273.149993896,326.89755249,328.06729126,328.579467773,54.91729736399998,23.197257183179925,False,False
5,0.8,36000,45000,5000,HT_level,0,0,2178,0.10000000149,0.10000000149,0.600000023842,0.600000023842,0.600000023842,0.500000022352,0.23014423306969908,False,False
5,0.8,36000,45000,5000,HT_temperature.T,0,0,34911,283.149993896,314.67457580525,325.533798218,329.913894653,332.99987793,15.239318847749985,11.528298166877125,False,False
5,0.8,36000,45000,5000,RT_level,0,0,7784,0.5,1.72207558155,1.75,2.20000004768,2.70000004768,0.47792446613000017,0.4603027604230955,False,False
5,0.8,36000,45000,5000,RT_level_ini,0,0,5,0.0,2.22207546234,2.25,2.70000004768,2.70000004768,0.47792458534000026,0.46615331500278895,False,False
5,0.8,36000,45000,5000,RT_temperature.T,0,0,5879,283.033294678,302.151748657,312.830596924,324.033721924,330.461425781,21.881973267000035,13.857168703173969,False,False
5,0.8,36000,45000,5000,Relaxing.active,0,0,2,0.0,0.0,0.0,0.0,1.0,0.0,0.3395794504564585,True,False
5,0.8,36000,45000,5000,boundary.m_flow_in,0,0,2,0.0,0.0,0.0,0.0,20.0,0.0,6.707779468450954,True,False
5,0.8,36000,45000,5000,dL_rand,0,0,5,-0.559617936611,-0.0558488741517,0.0,1.34577476978,1.89294111729,1.4016236439317,0.8821705677322568,False,False
5,0.8,36000,45000,5000,dT_rand,0,0,5,-0.559617936611,-0.0558488741517,0.0,1.34577476978,1.89294111729,1.4016236439317,0.8821705677322568,False,False
5,0.8,36000,45000,5000,dir_valve_act,0,0,2,0.0,0.0,0.0,0.0,1.0,0.0,0.16912836812997734,True,False
5,0.8,36000,45000,5000,dt_rand,0,0,49,-2.66817235947,-0.775109112263,-0.303079307079,0.806726276875,1.81414222717,1.581835389138,0.9551859809243854,False,False
5,0.8,36000,45000,5000,heater_act,0,0,2,0.0,0.0,1.0,1.0,1.0,1.0,0.4808477746122048,False,False
5,0.8,36000,45000,5000,inj_valve_act,0,0,2,0.0,0.0,0.0,0.0,1.0,0.0,0.33538897342254764,True,False
5,0.8,36000,45000,5000,inv_valve_act,0,0,2,0.0,0.0,0.0,0.0,1.0,0.0,0.17324484808754945,True,False
5,0.8,36000,45000,5000,limiter.y,0,0,5,277.403808594,282.441497803,283.0,296.457733154,301.929412842,14.016235350999978,8.821707270272704,False,False
5,0.8,36000,45000,5000,limiter1.y,0,0,49,73.3182754517,92.2489089966,96.9692077637,108.067260742,118.141426086,15.818351745400008,9.551859911754878,False,False
5,0.8,36000,45000,5000,out_valve_act,0,0,2,0.0,0.0,0.0,0.0,1.0,0.0,0.16029107627347194,True,False
5,1.0,45000,45000,5000,C_level,0,0,1135,0.00999999977648,0.0799999982119,0.167999997735,0.324883013964,0.383690655231,0.24488301575209998,0.129166419795531,False,False
5,1.0,45000,45000,5000,C_temperature.T,0,0,1135,273.149993896,323.280761719,326.89755249,328.579467773,328.894744873,5.298706053999979,21.680821592901204,False,False
5,1.0,45000,45000,5000,HT_level,0,0,2744,0.10000000149,0.10000000149,0.600000023842,0.600000023842,0.600000023842,0.500000022352,0.22810596296561605,False,False
5,1.0,45000,45000,5000,HT_temperature.T,0,0,43305,283.149993896,315.6046295165,325.788345337,329.9676589965,332.99987793,14.363029480000023,11.117876420233864,False,False
5,1.0,45000,45000,5000,RT_level,0,0,9208,0.5,1.47019100189,1.75,2.20000004768,2.70000004768,0.7298090457900002,0.4627875470943998,False,False
5,1.0,45000,45000,5000,RT_level_ini,0,0,6,0.0,1.97019100189,2.25,2.70000004768,2.70000004768,0.7298090457900002,0.4525657635243242,False,False
5,1.0,45000,45000,5000,RT_temperature.T,0,0,6892,283.033294678,302.124389648,313.58433532699996,323.641357422,330.614501953,21.516967774000022,13.679164757257613,False,False
5,1.0,45000,45000,5000,Relaxing.active,0,0,2,0.0,0.0,0.0,0.0,1.0,0.0,0.3414660845432369,True,False
5,1.0,45000,45000,5000,boundary.m_flow_in,0,0,2,0.0,0.0,0.0,0.0,20.0,0.0,6.461170134530361,True,False
5,1.0,45000,45000,5000,dL_rand,0,0,6,-0.781365394592,-0.559617936611,0.0,1.34577476978,1.89294111729,1.905392706391,0.9474143682159205,False,False
5,1.0,45000,45000,5000,dT_rand,0,0,6,-0.781365394592,-0.559617936611,0.0,1.34577476978,1.89294111729,1.905392706391,0.9474143682159205,False,False
5,1.0,45000,45000,5000,dir_valve_act,0,0,2,0.0,0.0,0.0,0.0,1.0,0.0,0.16898872644630228,True,False
5,1.0,45000,45000,5000,dt_rand,0,0,62,-2.66817235947,-0.497909486294,-0.214453563094,0.806726276875,1.81414222717,1.304635763169,0.9477058617433511,False,False
5,1.0,45000,45000,5000,heater_act,0,0,2,0.0,0.0,1.0,1.0,1.0,1.0,0.47775736511665434,False,False
5,1.0,45000,45000,5000,inj_valve_act,0,0,2,0.0,0.0,0.0,0.0,1.0,0.0,0.323058506726518,True,False
5,1.0,45000,45000,5000,inv_valve_act,0,0,2,0.0,0.0,0.0,0.0,1.0,0.0,0.17469642006658476,True,False
5,1.0,45000,45000,5000,limiter.y,0,0,6,275.186340332,277.403808594,283.0,296.457733154,301.929412842,19.053924559999984,9.474145097208584,False,False
5,1.0,45000,45000,5000,limiter1.y,0,0,62,73.3182754517,95.020904541,97.8554611206,108.067260742,118.141426086,13.046356201000009,9.477058684981202,False,False
5,1.0,45000,45000,5000,out_valve_act,0,0,2,0.0,0.0,0.0,0.0,1.0,0.0,0.15639686729063076,True,False
6,0.05,2250,45000,5000,C_level,0,0,1,0.00999999977648,0.00999999977648,0.00999999977648,0.00999999977648,0.00999999977648,0.0,0.0,True,True
6,0.05,2250,45000,5000,C_temperature.T,0,0,1,273.149993896,273.149993896,273.149993896,273.149993896,273.149993896,0.0,5.68560549438497e-14,True,False
6,0.05,2250,45000,5000,HT_level,0,0,23,0.10000000149,0.10000000149,0.600000023842,0.600000023842,0.600000023842,0.500000022352,0.2472290560238009,False,False
6,0.05,2250,45000,5000,HT_temperature.T,0,0,2250,283.149993896,287.765739441,290.374267578,310.97518920875,328.431213379,23.209449767750016,13.970714535481191,False,False
6,0.05,2250,45000,5000,RT_level,0,0,894,0.5,1.428598850965,1.75,1.75,2.24972319603,0.32140114903499994,0.4295202505725591,False,False
6,0.05,2250,45000,5000,RT_level_ini,0,0,2,0.0,0.0,2.25,2.25,2.25,2.25,1.1147952015886615,False,False
6,0.05,2250,45000,5000,RT_temperature.T,0,0,870,283.033294678,283.033294678,283.033294678,283.05082702625,283.149993896,0.017532348249972074,0.03169923561068816,False,False
6,0.05,2250,45000,5000,Relaxing.active,0,0,1,0.0,0.0,0.0,0.0,0.0,0.0,0.0,True,True
6,0.05,2250,45000,5000,boundary.m_flow_in,0,0,2,0.0,0.0,0.0,20.0,20.0,20.0,9.743953875233185,False,False
6,0.05,2250,45000,5000,dL_rand,0,0,1,0.0,0.0,0.0,0.0,0.0,0.0,0.0,True,True
6,0.05,2250,45000,5000,dT_rand,0,0,1,0.0,0.0,0.0,0.0,0.0,0.0,0.0,True,True
6,0.05,2250,45000,5000,dir_valve_act,0,0,2,0.0,0.0,0.0,0.0,1.0,0.0,0.0961786539807423,True,False
6,0.05,2250,45000,5000,dt_rand,0,0,1,0.0,0.0,0.0,0.0,0.0,0.0,0.0,True,True
6,0.05,2250,45000,5000,heater_act,0,0,2,0.0,0.0,1.0,1.0,1.0,1.0,0.49665667455379575,False,False
6,0.05,2250,45000,5000,inj_valve_act,0,0,2,0.0,0.0,0.0,1.0,1.0,1.0,0.4871976937616593,False,False
6,0.05,2250,45000,5000,inv_valve_act,0,0,1,0.0,0.0,0.0,0.0,0.0,0.0,0.0,True,True
6,0.05,2250,45000,5000,limiter.y,0,0,1,283.0,283.0,283.0,283.0,283.0,0.0,0.0,True,True
6,0.05,2250,45000,5000,limiter1.y,0,0,1,100.0,100.0,100.0,100.0,100.0,0.0,0.0,True,True
6,0.05,2250,45000,5000,out_valve_act,0,0,1,0.0,0.0,0.0,0.0,0.0,0.0,0.0,True,True
6,0.1,4500,45000,5000,C_level,0,0,1,0.00999999977648,0.00999999977648,0.00999999977648,0.00999999977648,0.00999999977648,0.0,0.0,True,True
6,0.1,4500,45000,5000,C_temperature.T,0,0,1,273.149993896,273.149993896,273.149993896,273.149993896,273.149993896,0.0,5.684973584908787e-14,True,False
6,0.1,4500,45000,5000,HT_level,0,0,113,0.10000000149,0.10000000149,0.600000023842,0.600000023842,0.600000023842,0.500000022352,0.2207319349286101,False,False
6,0.1,4500,45000,5000,HT_temperature.T,0,0,4500,283.149993896,290.3746643065,312.041152954,323.82006072974997,332.997161865,33.445396423249974,15.91177494636786,False,False
6,0.1,4500,45000,5000,RT_level,0,0,985,0.5,1.75,1.75,1.75,2.25,0.0,0.3463757491350403,True,False
6,0.1,4500,45000,5000,RT_level_ini,0,0,2,0.0,2.25,2.25,2.25,2.25,0.0,0.9260100184908424,True,False
6,0.1,4500,45000,5000,RT_temperature.T,0,0,920,283.033294678,283.033294678,283.118545532,294.1065979,302.719177246,11.073303221999993,7.846967491573845,False,False
6,0.1,4500,45000,5000,Relaxing.active,0,0,2,0.0,0.0,0.0,0.0,1.0,0.0,0.20902603222242408,True,False
6,0.1,4500,45000,5000,boundary.m_flow_in,0,0,2,0.0,0.0,0.0,0.0,20.0,0.0,7.902569132789706,True,False
6,0.1,4500,45000,5000,dL_rand,0,0,1,0.0,0.0,0.0,0.0,0.0,0.0,0.0,True,True
6,0.1,4500,45000,5000,dT_rand,0,0,1,0.0,0.0,0.0,0.0,0.0,0.0,0.0,True,True
6,0.1,4500,45000,5000,dir_valve_act,0,0,2,0.0,0.0,0.0,0.0,1.0,0.0,0.11932714143879614,True,False
6,0.1,4500,45000,5000,dt_rand,0,0,3,-0.782342016697,0.0,0.0,1.38862264156,1.38862264156,1.38862264156,0.7669054085930317,False,False
6,0.1,4500,45000,5000,heater_act,0,0,2,0.0,0.0,1.0,1.0,1.0,1.0,0.45214981552745265,False,False
6,0.1,4500,45000,5000,inj_valve_act,0,0,2,0.0,0.0,0.0,0.0,1.0,0.0,0.39512845663948537,True,False
6,0.1,4500,45000,5000,inv_valve_act,0,0,2,0.0,0.0,0.0,0.0,1.0,0.0,0.10059809778967732,True,False
6,0.1,4500,45000,5000,limiter.y,0,0,1,283.0,283.0,283.0,283.0,283.0,0.0,0.0,True,True
6,0.1,4500,45000,5000,limiter1.y,0,0,3,92.1765823364,100.0,100.0,113.886230469,113.886230469,13.886230468999997,7.669055104123978,False,False
6,0.1,4500,45000,5000,out_valve_act,0,0,1,0.0,0.0,0.0,0.0,0.0,0.0,0.0,True,True
6,0.2,9000,45000,5000,C_level,0,0,1,0.00999999977648,0.00999999977648,0.00999999977648,0.00999999977648,0.00999999977648,0.0,0.0,True,True
6,0.2,9000,45000,5000,C_temperature.T,0,0,1,273.149993896,273.149993896,273.149993896,273.149993896,273.149993896,0.0,0.0,True,True
6,0.2,9000,45000,5000,HT_level,0,0,520,0.10000000149,0.18697739019975,0.600000023842,0.600000023842,0.600000023842,0.41302263364225,0.21616411559693796,False,False
6,0.2,9000,45000,5000,HT_temperature.T,0,0,8905,283.149993896,312.0447769165,324.93095397950003,329.62004852325,332.999816895,17.575271606749993,14.790200901040903,False,False
6,0.2,9000,45000,5000,RT_level,0,0,1392,0.5,1.75,1.75,1.75,2.25,0.0,0.30437324351593514,True,False
6,0.2,9000,45000,5000,RT_level_ini,0,0,2,0.0,2.25,2.25,2.25,2.25,0.0,0.6983947272292862,True,False
6,0.2,9000,45000,5000,RT_temperature.T,0,0,1152,283.033294678,283.118644714,302.719177246,320.3606033325,329.723846436,37.24195861849995,16.62570596905291,False,False
6,0.2,9000,45000,5000,Relaxing.active,0,0,2,0.0,0.0,0.0,0.0,1.0,0.0,0.3382678065715451,True,False
6,0.2,9000,45000,5000,boundary.m_flow_in,0,0,2,0.0,0.0,0.0,0.0,20.0,0.0,5.913427196205702,True,False
6,0.2,9000,45000,5000,dL_rand,0,0,1,0.0,0.0,0.0,0.0,0.0,0.0,0.0,True,True
6,0.2,9000,45000,5000,dT_rand,0,0,1,0.0,0.0,0.0,0.0,0.0,0.0,0.0,True,True
6,0.2,9000,45000,5000,dir_valve_act,0,0,2,0.0,0.0,0.0,0.0,1.0,0.0,0.1678157594669177,True,False
6,0.2,9000,45000,5000,dt_rand,0,0,12,-0.782342016697,0.0,0.0402844324708,1.38862264156,2.2931303978,1.38862264156,0.8252115267615008,False,False
6,0.2,9000,45000,5000,heater_act,0,0,2,0.0,0.0,1.0,1.0,1.0,1.0,0.4571098760982269,False,False
6,0.2,9000,45000,5000,inj_valve_act,0,0,2,0.0,0.0,0.0,0.0,1.0,0.0,0.29567135981028514,True,False
6,0.2,9000,45000,5000,inv_valve_act,0,0,2,0.0,0.0,0.0,0.0,1.0,0.0,0.16656295621262665,True,False
6,0.2,9000,45000,5000,limiter.y,0,0,1,283.0,283.0,283.0,283.0,283.0,0.0,0.0,True,True
6,0.2,9000,45000,5000,limiter1.y,0,0,12,92.1765823364,100.0,100.40284729,113.886230469,122.931304932,13.886230468999997,8.252115744402873,False,False
6,0.2,9000,45000,5000,out_valve_act,0,0,1,0.0,0.0,0.0,0.0,0.0,0.0,0.0,True,True
6,0.4,18000,45000,5000,C_level,0,0,392,0.00999999977648,0.00999999977648,0.00999999977648,0.0799999982119,0.138768583536,0.06999999843542,0.04201522002630768,False,False
6,0.4,18000,45000,5000,C_temperature.T,0,0,392,273.149993896,273.149993896,273.149993896,323.280914307,326.396850586,50.13092041099998,25.24522382828571,False,False
6,0.4,18000,45000,5000,HT_level,0,0,1017,0.10000000149,0.10000000149,0.600000023842,0.600000023842,0.600000023842,0.500000022352,0.22912398908207032,False,False
6,0.4,18000,45000,5000,HT_temperature.T,0,0,17784,283.149993896,311.79814147975003,324.3786010745,329.6076583865,332.99987793,17.80951690674999,12.993502974063178,False,False
6,0.4,18000,45000,5000,RT_level,0,0,3778,0.5,1.46921443939,1.75,1.75,2.25,0.28078556061000004,0.3509586498077862,False,False
6,0.4,18000,45000,5000,RT_level_ini,0,0,4,0.0,1.96921443939,2.25,2.25,2.25,0.28078556061000004,0.498656200486352,False,False
6,0.4,18000,45000,5000,RT_temperature.T,0,0,2936,283.033294678,294.1065979,309.419067383,323.148040771,330.617095947,29.041442871000015,15.875278318803955,False,False
6,0.4,18000,45000,5000,Relaxing.active,0,0,2,0.0,0.0,0.0,0.0,1.0,0.0,0.3327331114701207,True,False
6,0.4,18000,45000,5000,boundary.m_flow_in,0,0,2,0.0,0.0,0.0,0.0,20.0,0.0,6.760326585607638,True,False
6,0.4,18000,45000,5000,dL_rand,0,0,3,-0.561571121216,-0.561571121216,0.0,0.0,0.0,0.561571121216,0.27251851045108444,False,False
6,0.4,18000,45000,5000,dT_rand,0,0,3,-0.561571121216,-0.561571121216,0.0,0.0,0.0,0.561571121216,0.27251851045108444,False,False
6,0.4,18000,45000,5000,dir_valve_act,0,0,2,0.0,0.0,0.0,0.0,1.0,0.0,0.16465905690628319,True,False
6,0.4,18000,45000,5000,dt_rand,0,0,23,-1.09344768524,-0.675496697426,0.0,0.661030888557,2.2931303978,1.3365275859830001,0.8277404393694063,False,False
6,0.4,18000,45000,5000,heater_act,0,0,2,0.0,0.0,1.0,1.0,1.0,1.0,0.4779330708875862,False,False
6,0.4,18000,45000,5000,inj_valve_act,0,0,2,0.0,0.0,0.0,0.0,1.0,0.0,0.33801632928038194,True,False
6,0.4,18000,45000,5000,inv_valve_act,0,0,2,0.0,0.0,0.0,0.0,1.0,0.0,0.16640098645679388,True,False
6,0.4,18000,45000,5000,limiter.y,0,0,3,277.384277344,277.384277344,283.0,283.0,283.0,5.615722656000003,2.725189945793531,False,False
6,0.4,18000,45000,5000,limiter1.y,0,0,23,89.0655212402,93.2450332642,100.0,106.610305786,122.931304932,13.365272521799994,8.277404880342683,False,False
6,0.4,18000,45000,5000,out_valve_act,0,0,2,0.0,0.0,0.0,0.0,1.0,0.0,0.1454140492646011,True,False
6,0.6,27000,45000,5000,C_level,0,0,579,0.00999999977648,0.00999999977648,0.0799999982119,0.138768583536,0.200253918767,0.12876858375952,0.0647620068449557,False,False
6,0.6,27000,45000,5000,C_temperature.T,0,0,579,273.149993896,273.149993896,323.280914307,326.396850586,327.62878418,53.246856690000016,24.770093472371922,False,False
6,0.6,27000,45000,5000,HT_level,0,0,1516,0.10000000149,0.10000000149,0.600000023842,0.600000023842,0.600000023842,0.500000022352,0.2269803147177614,False,False
6,0.6,27000,45000,5000,HT_temperature.T,0,0,26496,283.149993896,313.0037536625,324.343795776,329.60704040525,332.99987793,16.603286742750015,12.00174545434656,False,False
6,0.6,27000,45000,5000,RT_level,0,0,5479,0.5,1.46921443939,1.7459403872500001,1.8062580227825,2.53435611725,0.33704358339250007,0.3524046433306022,False,False
6,0.6,27000,45000,5000,RT_level_ini,0,0,5,0.0,1.96921443939,2.03713345528,2.25,2.53435611725,0.28078556061000004,0.4270064492893349,False,False
6,0.6,27000,45000,5000,RT_temperature.T,0,0,4234,283.033294678,296.899719238,309.298187256,322.741577148,330.617095947,25.841857909999987,14.868236001560627,False,False
6,0.6,27000,45000,5000,Relaxing.active,0,0,2,0.0,0.0,0.0,0.0,1.0,0.0,0.33017827723348225,True,False
6,0.6,27000,45000,5000,boundary.m_flow_in,0,0,2,0.0,0.0,0.0,0.0,20.0,0.0,6.619536978706456,True,False
6,0.6,27000,45000,5000,dL_rand,0,0,4,-0.561571121216,-0.561571121216,-0.425733208656,0.0,0.568712413311,0.561571121216,0.35555085380214585,False,False
6,0.6,27000,45000,5000,dT_rand,0,0,4,-0.561571121216,-0.561571121216,-0.425733208656,0.0,0.568712413311,0.561571121216,0.35555085380214585,False,False
6,0.6,27000,45000,5000,dir_valve_act,0,0,2,0.0,0.0,0.0,0.0,1.0,0.0,0.16337758571755065,True,False
6,0.6,27000,45000,5000,dt_rand,0,0,34,-1.89495527744,-0.565660595894,-0.27750480175,0.489669471979,2.2931303978,1.055330067873,0.7806500691688583,False,False
6,0.6,27000,45000,5000,heater_act,0,0,2,0.0,0.0,1.0,1.0,1.0,1.0,0.47437604225591573,False,False
6,0.6,27000,45000,5000,inj_valve_act,0,0,2,0.0,0.0,0.0,0.0,1.0,0.0,0.33097684893532275,True,False
6,0.6,27000,45000,5000,inv_valve_act,0,0,2,0.0,0.0,0.0,0.0,1.0,0.0,0.166766315465936,True,False
6,0.6,27000,45000,5000,limiter.y,0,0,4,277.384277344,277.384277344,278.742675781,283.0,288.687133789,5.615722656000003,3.5555125567396626,False,False
6,0.6,27000,45000,5000,limiter1.y,0,0,34,81.0504455566,94.3433914185,97.2249526978,104.896697998,122.931304932,10.553306579499989,7.806501324330763,False,False
6,0.6,27000,45000,5000,out_valve_act,0,0,2,0.0,0.0,0.0,0.0,1.0,0.0,0.14437290619494042,True,False
6,0.8,36000,45000,5000,C_level,0,0,826,0.00999999977648,0.00999999977648,0.138768583536,0.200253918767,0.281628161669,0.19025391899052,0.08714584050595059,False,False
6,0.8,36000,45000,5000,C_temperature.T,0,0,826,273.149993896,273.149993896,326.396850586,327.62878418,328.403839111,54.47879028400001,23.224304376836972,False,False
6,0.8,36000,45000,5000,HT_level,0,0,2107,0.10000000149,0.10000000149,0.600000023842,0.600000023842,0.600000023842,0.500000022352,0.2278603282260558,False,False
6,0.8,36000,45000,5000,HT_temperature.T,0,0,35143,283.149993896,314.027458191,325.03477478,329.76705932625,332.99987793,15.739601135249984,11.515363587928121,False,False
6,0.8,36000,45000,5000,RT_level,0,0,7406,0.5,1.53713345528,1.75,2.03435611725,2.68443107605,0.4972226619700002,0.4093385966397234,False,False
6,0.8,36000,45000,5000,RT_level_ini,0,0,6,0.0,2.03713345528,2.25,2.53435611725,2.68443107605,0.4972226619700004,0.4341797981827775,False,False
6,0.8,36000,45000,5000,RT_temperature.T,0,0,5656,283.033294678,298.838043213,309.471618652,323.148040771,330.617095947,24.30999755800002,14.132587633942908,False,False
6,0.8,36000,45000,5000,Relaxing.active,0,0,2,0.0,0.0,0.0,0.0,1.0,0.0,0.33548109309053065,True,False
6,0.8,36000,45000,5000,boundary.m_flow_in,0,0,2,0.0,0.0,0.0,0.0,20.0,0.0,6.59489030908781,True,False
6,0.8,36000,45000,5000,dL_rand,0,0,5,-0.561571121216,-0.425733208656,0.0,0.568712413311,0.868861973286,0.9944456219669999,0.4985376746819063,False,False
6,0.8,36000,45000,5000,dT_rand,0,0,5,-0.561571121216,-0.425733208656,0.0,0.568712413311,0.868861973286,0.9944456219669999,0.4985376746819063,False,False
6,0.8,36000,45000,5000,dir_valve_act,0,0,2,0.0,0.0,0.0,0.0,1.0,0.0,0.16616235032229648,True,False
6,0.8,36000,45000,5000,dt_rand,0,0,47,-2.16165661812,-0.675496697426,-0.168095946312,0.547593593597,2.2931303978,1.223090291023,0.8370620738391328,False,False
6,0.8,36000,45000,5000,heater_act,0,0,2,0.0,0.0,1.0,1.0,1.0,1.0,0.4765283840590312,False,False
6,0.8,36000,45000,5000,inj_valve_act,0,0,2,0.0,0.0,0.0,0.0,1.0,0.0,0.3297445154543905,True,False
6,0.8,36000,45000,5000,inv_valve_act,0,0,2,0.0,0.0,0.0,0.0,1.0,0.0,0.17074258092860717,True,False
6,0.8,36000,45000,5000,limiter.y,0,0,5,277.384277344,278.742675781,283.0,288.687133789,291.68862915,9.94445800799997,4.985382059917287,False,False
6,0.8,36000,45000,5000,limiter1.y,0,0,47,78.3834381104,93.2450332642,98.3190383911,105.47593689,122.931304932,12.230903625799996,8.370620823106604,False,False
6,0.8,36000,45000,5000,out_valve_act,0,0,2,0.0,0.0,0.0,0.0,1.0,0.0,0.14928523453165257,True,False
6,1.0,45000,45000,5000,C_level,0,0,1092,0.00999999977648,0.0799999982119,0.138768583536,0.281628161669,0.369005411863,0.2016281634571,0.11231208685353374,False,False
6,1.0,45000,45000,5000,C_temperature.T,0,0,1092,273.149993896,323.280914307,326.396850586,328.403839111,328.912261963,5.122924804000036,21.747399802530996,False,False
6,1.0,45000,45000,5000,HT_level,0,0,2736,0.10000000149,0.10000000149,0.600000023842,0.600000023842,0.600000023842,0.500000022352,0.2260625100151352,False,False
6,1.0,45000,45000,5000,HT_temperature.T,0,0,43572,283.149993896,315.5878372195,325.692489624,329.90988922124995,332.99987793,14.322052001749967,11.01007731160125,False,False
6,1.0,45000,45000,5000,RT_level,0,0,8766,0.5,1.46921443939,1.75,2.0795645117775,2.68443107605,0.6103500723874999,0.4784404499730023,False,False
6,1.0,45000,45000,5000,RT_level_ini,0,0,7,0.0,1.96921443939,2.25,2.53435611725,2.68443107605,0.5651416778600002,0.47123911860973383,False,False
6,1.0,45000,45000,5000,RT_temperature.T,0,0,6483,283.033294678,300.643516541,310.333618164,323.148071289,330.617095947,22.504554747999975,13.83898598581885,False,False
6,1.0,45000,45000,5000,Relaxing.active,0,0,2,0.0,0.0,0.0,0.0,1.0,0.0,0.3407277145357974,True,False
6,1.0,45000,45000,5000,boundary.m_flow_in,0,0,2,0.0,0.0,0.0,0.0,20.0,0.0,6.248990628410531,True,False
6,1.0,45000,45000,5000,dL_rand,0,0,6,-1.63124489784,-0.425733208656,0.0,0.568712413311,0.868861973286,0.9944456219669999,0.7100203920394796,False,False
6,1.0,45000,45000,5000,dT_rand,0,0,6,-1.63124489784,-0.425733208656,0.0,0.568712413311,0.868861973286,0.9944456219669999,0.7100203920394796,False,False
6,1.0,45000,45000,5000,dir_valve_act,0,0,2,0.0,0.0,0.0,0.0,1.0,0.0,0.16905059658216173,True,False
6,1.0,45000,45000,5000,dt_rand,0,0,61,-2.16165661812,-0.782342016697,-0.242439046502,0.489669471979,2.30396437645,1.2720114886760001,0.9022407352482185,False,False
6,1.0,45000,45000,5000,heater_act,0,0,2,0.0,0.0,1.0,1.0,1.0,1.0,0.4743700603739961,False,False
6,1.0,45000,45000,5000,inj_valve_act,0,0,2,0.0,0.0,0.0,0.0,1.0,0.0,0.31244953142052645,True,False
6,1.0,45000,45000,5000,inv_valve_act,0,0,2,0.0,0.0,0.0,0.0,1.0,0.0,0.17415912110250775,True,False
6,1.0,45000,45000,5000,limiter.y,0,0,6,274.0,278.742675781,283.0,288.687133789,291.68862915,9.94445800799997,5.938340602231194,False,False
6,1.0,45000,45000,5000,limiter1.y,0,0,61,78.3834381104,92.1765823364,97.5756072998,104.896697998,123.039642334,12.72011566159999,9.02240720224122,False,False
6,1.0,45000,45000,5000,out_valve_act,0,0,2,0.0,0.0,0.0,0.0,1.0,0.0,0.15346478071813388,True,False
7,0.05,2250,45000,5000,C_level,0,0,1,0.00999999977648,0.00999999977648,0.00999999977648,0.00999999977648,0.00999999977648,0.0,0.0,True,True
7,0.05,2250,45000,5000,C_temperature.T,0,0,1,273.149993896,273.149993896,273.149993896,273.149993896,273.149993896,0.0,5.68560549438497e-14,True,False
7,0.05,2250,45000,5000,HT_level,0,0,23,0.10000000149,0.10000000149,0.600000023842,0.600000023842,0.600000023842,0.500000022352,0.2472290560238009,False,False
7,0.05,2250,45000,5000,HT_temperature.T,0,0,2250,283.149993896,287.765739441,290.374267578,310.97518920875,328.431213379,23.209449767750016,13.970714535481191,False,False
7,0.05,2250,45000,5000,RT_level,0,0,894,0.5,1.428598850965,1.75,1.75,2.24972319603,0.32140114903499994,0.4295202505725591,False,False
7,0.05,2250,45000,5000,RT_level_ini,0,0,2,0.0,0.0,2.25,2.25,2.25,2.25,1.1147952015886615,False,False
7,0.05,2250,45000,5000,RT_temperature.T,0,0,870,283.033294678,283.033294678,283.033294678,283.05082702625,283.149993896,0.017532348249972074,0.03169923561068816,False,False
7,0.05,2250,45000,5000,Relaxing.active,0,0,1,0.0,0.0,0.0,0.0,0.0,0.0,0.0,True,True
7,0.05,2250,45000,5000,boundary.m_flow_in,0,0,2,0.0,0.0,0.0,20.0,20.0,20.0,9.743953875233185,False,False
7,0.05,2250,45000,5000,dL_rand,0,0,1,0.0,0.0,0.0,0.0,0.0,0.0,0.0,True,True
7,0.05,2250,45000,5000,dT_rand,0,0,1,0.0,0.0,0.0,0.0,0.0,0.0,0.0,True,True
7,0.05,2250,45000,5000,dir_valve_act,0,0,2,0.0,0.0,0.0,0.0,1.0,0.0,0.0961786539807423,True,False
7,0.05,2250,45000,5000,dt_rand,0,0,1,0.0,0.0,0.0,0.0,0.0,0.0,0.0,True,True
7,0.05,2250,45000,5000,heater_act,0,0,2,0.0,0.0,1.0,1.0,1.0,1.0,0.49665667455379575,False,False
7,0.05,2250,45000,5000,inj_valve_act,0,0,2,0.0,0.0,0.0,1.0,1.0,1.0,0.4871976937616593,False,False
7,0.05,2250,45000,5000,inv_valve_act,0,0,1,0.0,0.0,0.0,0.0,0.0,0.0,0.0,True,True
7,0.05,2250,45000,5000,limiter.y,0,0,1,283.0,283.0,283.0,283.0,283.0,0.0,0.0,True,True
7,0.05,2250,45000,5000,limiter1.y,0,0,1,100.0,100.0,100.0,100.0,100.0,0.0,0.0,True,True
7,0.05,2250,45000,5000,out_valve_act,0,0,1,0.0,0.0,0.0,0.0,0.0,0.0,0.0,True,True
7,0.1,4500,45000,5000,C_level,0,0,1,0.00999999977648,0.00999999977648,0.00999999977648,0.00999999977648,0.00999999977648,0.0,0.0,True,True
7,0.1,4500,45000,5000,C_temperature.T,0,0,1,273.149993896,273.149993896,273.149993896,273.149993896,273.149993896,0.0,5.684973584908787e-14,True,False
7,0.1,4500,45000,5000,HT_level,0,0,114,0.10000000149,0.10000000149,0.600000023842,0.600000023842,0.600000023842,0.500000022352,0.2203181195028023,False,False
7,0.1,4500,45000,5000,HT_temperature.T,0,0,4498,283.149993896,290.3746643065,312.045135498,323.8290023805,332.999420166,33.45433807400002,15.912446933916948,False,False
7,0.1,4500,45000,5000,RT_level,0,0,986,0.5,1.75,1.75,1.75,2.25,0.0,0.3456267074296699,True,False
7,0.1,4500,45000,5000,RT_level_ini,0,0,2,0.0,2.25,2.25,2.25,2.25,0.0,0.9260100184908424,True,False
7,0.1,4500,45000,5000,RT_temperature.T,0,0,921,283.033294678,283.033294678,283.118545532,294.1065979,302.72088623,11.073303221999993,7.924836371823902,False,False
7,0.1,4500,45000,5000,Relaxing.active,0,0,2,0.0,0.0,0.0,0.0,1.0,0.0,0.20561131280470335,True,False
7,0.1,4500,45000,5000,boundary.m_flow_in,0,0,2,0.0,0.0,0.0,0.0,20.0,0.0,7.902569132789706,True,False
7,0.1,4500,45000,5000,dL_rand,0,0,1,0.0,0.0,0.0,0.0,0.0,0.0,0.0,True,True
7,0.1,4500,45000,5000,dT_rand,0,0,1,0.0,0.0,0.0,0.0,0.0,0.0,0.0,True,True
7,0.1,4500,45000,5000,dir_valve_act,0,0,2,0.0,0.0,0.0,0.0,1.0,0.0,0.11932714143879614,True,False
7,0.1,4500,45000,5000,dt_rand,0,0,3,-1.7277443409,-1.7277443409,0.0,0.0,1.60985136032,1.7277443409,1.1349201175327088,False,False
7,0.1,4500,45000,5000,heater_act,0,0,2,0.0,0.0,1.0,1.0,1.0,1.0,0.45151751842816856,False,False
7,0.1,4500,45000,5000,inj_valve_act,0,0,2,0.0,0.0,0.0,0.0,1.0,0.0,0.39512845663948537,True,False
7,0.1,4500,45000,5000,inv_valve_act,0,0,2,0.0,0.0,0.0,0.0,1.0,0.0,0.1016742606632601,True,False
7,0.1,4500,45000,5000,limiter.y,0,0,1,283.0,283.0,283.0,283.0,283.0,0.0,0.0,True,True
7,0.1,4500,45000,5000,limiter1.y,0,0,3,82.7225570679,82.7225570679,100.0,100.0,116.098510742,17.2774429321,11.349200111718366,False,False
7,0.1,4500,45000,5000,out_valve_act,0,0,1,0.0,0.0,0.0,0.0,0.0,0.0,0.0,True,True
7,0.2,9000,45000,5000,C_level,0,0,1,0.00999999977648,0.00999999977648,0.00999999977648,0.00999999977648,0.00999999977648,0.0,0.0,True,True
7,0.2,9000,45000,5000,C_temperature.T,0,0,1,273.149993896,273.149993896,273.149993896,273.149993896,273.149993896,0.0,0.0,True,True
7,0.2,9000,45000,5000,HT_level,0,0,522,0.10000000149,0.2567539736625,0.600000023842,0.600000023842,0.600000023842,0.3432460501795,0.21403023641403257,False,False
7,0.2,9000,45000,5000,HT_temperature.T,0,0,8948,283.149993896,312.0507507325,324.94871521000005,329.75660705575,332.999725342,17.705856323250032,14.811631157076873,False,False
7,0.2,9000,45000,5000,RT_level,0,0,1394,0.5,1.75,1.75,1.75,2.25,0.0,0.301515072724119,True,False
7,0.2,9000,45000,5000,RT_level_ini,0,0,2,0.0,2.25,2.25,2.25,2.25,0.0,0.6983947272292862,True,False
7,0.2,9000,45000,5000,RT_temperature.T,0,0,1153,283.033294678,283.118644714,302.72088623,318.680938721,329.7237854,35.56229400699999,16.64500824235189,False,False
7,0.2,9000,45000,5000,Relaxing.active,0,0,2,0.0,0.0,0.0,0.0,1.0,0.0,0.32959986449408524,True,False
7,0.2,9000,45000,5000,boundary.m_flow_in,0,0,2,0.0,0.0,0.0,0.0,20.0,0.0,5.913427196205702,True,False
7,0.2,9000,45000,5000,dL_rand,0,0,1,0.0,0.0,0.0,0.0,0.0,0.0,0.0,True,True
7,0.2,9000,45000,5000,dT_rand,0,0,1,0.0,0.0,0.0,0.0,0.0,0.0,0.0,True,True
7,0.2,9000,45000,5000,dir_valve_act,0,0,2,0.0,0.0,0.0,0.0,1.0,0.0,0.16750354766636694,True,False
7,0.2,9000,45000,5000,dt_rand,0,0,12,-1.7277443409,-0.0152592547238,0.0,0.671926021576,1.60985136032,0.6871852762998,0.9399216504929293,False,False
7,0.2,9000,45000,5000,heater_act,0,0,2,0.0,0.0,1.0,1.0,1.0,1.0,0.4536843475666488,False,False
7,0.2,9000,45000,5000,inj_valve_act,0,0,2,0.0,0.0,0.0,0.0,1.0,0.0,0.29567135981028514,True,False
7,0.2,9000,45000,5000,inv_valve_act,0,0,2,0.0,0.0,0.0,0.0,1.0,0.0,0.16750354766636694,True,False
7,0.2,9000,45000,5000,limiter.y,0,0,1,283.0,283.0,283.0,283.0,283.0,0.0,0.0,True,True
7,0.2,9000,45000,5000,limiter1.y,0,0,12,82.7225570679,99.84740448,100.0,106.719261169,116.098510742,6.871856689000012,9.399215878338609,False,False
7,0.2,9000,45000,5000,out_valve_act,0,0,1,0.0,0.0,0.0,0.0,0.0,0.0,0.0,True,True
7,0.4,18000,45000,5000,C_level,0,0,392,0.00999999977648,0.00999999977648,0.00999999977648,0.0799999982119,0.138301029801,0.06999999843542,0.042333878972147035,False,False
7,0.4,18000,45000,5000,C_temperature.T,0,0,392,273.149993896,273.149993896,273.149993896,323.280853271,326.399627686,50.130859375,25.26534134546689,False,False
7,0.4,18000,45000,5000,HT_level,0,0,1018,0.10000000149,0.10000000149,0.600000023842,0.600000023842,0.600000023842,0.500000022352,0.22921698482629418,False,False
7,0.4,18000,45000,5000,HT_temperature.T,0,0,17829,283.149993896,311.342590332,324.1860046385,329.60934448275,332.99987793,18.26675415074999,13.015015488335914,False,False
7,0.4,18000,45000,5000,RT_level,0,0,3839,0.5,1.45752584934,1.75,1.75,2.25,0.29247415065999993,0.3511221047438249,False,False
7,0.4,18000,45000,5000,RT_level_ini,0,0,4,0.0,1.95752584934,2.25,2.25,2.25,0.29247415065999993,0.4994376403289162,False,False
7,0.4,18000,45000,5000,RT_temperature.T,0,0,3001,283.033294678,294.1065979,309.419158936,323.1380844115,330.657745361,29.03148651150002,15.808471637287264,False,False
7,0.4,18000,45000,5000,Relaxing.active,0,0,2,0.0,0.0,0.0,0.0,1.0,0.0,0.3295907083064456,True,False
7,0.4,18000,45000,5000,boundary.m_flow_in,0,0,2,0.0,0.0,0.0,0.0,20.0,0.0,6.83347428370308,True,False
7,0.4,18000,45000,5000,dL_rand,0,0,3,-0.584948241711,-0.584948241711,0.0,0.0,0.0,0.584948241711,0.2804365778417364,False,False
7,0.4,18000,45000,5000,dT_rand,0,0,3,-0.584948241711,-0.584948241711,0.0,0.0,0.0,0.584948241711,0.2804365778417364,False,False
7,0.4,18000,45000,5000,dir_valve_act,0,0,2,0.0,0.0,0.0,0.0,1.0,0.0,0.16434011459713274,True,False
7,0.4,18000,45000,5000,dt_rand,0,0,23,-2.05862617493,-0.225775927305,0.0,1.10101628304,1.60985136032,1.326792210345,0.895874027610914,False,False
7,0.4,18000,45000,5000,heater_act,0,0,2,0.0,0.0,1.0,1.0,1.0,1.0,0.4781375456813715,False,False
7,0.4,18000,45000,5000,inj_valve_act,0,0,2,0.0,0.0,0.0,0.0,1.0,0.0,0.34167371418515396,True,False
7,0.4,18000,45000,5000,inv_valve_act,0,0,2,0.0,0.0,0.0,0.0,1.0,0.0,0.16687251395333594,True,False
7,0.4,18000,45000,5000,limiter.y,0,0,3,277.150512695,277.150512695,283.0,283.0,283.0,5.849487305000025,2.8043677893721597,False,False
7,0.4,18000,45000,5000,limiter1.y,0,0,23,79.4137420654,97.7422409058,100.0,111.010162354,116.098510742,13.2679214482,8.958740060514918,False,False
7,0.4,18000,45000,5000,out_valve_act,0,0,2,0.0,0.0,0.0,0.0,1.0,0.0,0.1454140492646011,True,False
7,0.6,27000,45000,5000,C_level,0,0,596,0.00999999977648,0.00999999977648,0.0799999982119,0.138301029801,0.205244913697,0.12830103002452,0.06431320414491976,False,False
7,0.6,27000,45000,5000,C_temperature.T,0,0,596,273.149993896,273.149993896,323.280853271,326.399627686,327.777374268,53.24963378999996,24.724562752901598,False,False
7,0.6,27000,45000,5000,HT_level,0,0,1559,0.10000000149,0.10000000149,0.600000023842,0.600000023842,0.600000023842,0.500000022352,0.22729957534067993,False,False
7,0.6,27000,45000,5000,HT_temperature.T,0,0,26516,283.149993896,312.95598602300004,324.6856536865,329.71430206325,332.99987793,16.75831604024995,12.052024841418898,False,False
7,0.6,27000,45000,5000,RT_level,0,0,5497,0.5,1.45752584934,1.7192301750199999,1.7875736951849999,2.33101129532,0.3300478458449998,0.3428299650921997,False,False
7,0.6,27000,45000,5000,RT_level_ini,0,0,5,0.0,1.95752584934,2.17359685898,2.25,2.33101129532,0.29247415065999993,0.4191499409366918,False,False
7,0.6,27000,45000,5000,RT_temperature.T,0,0,4215,283.033294678,294.452514648,309.419158936,322.012573242,330.657745361,27.560058593999997,15.015167977841758,False,False
7,0.6,27000,45000,5000,Relaxing.active,0,0,2,0.0,0.0,0.0,0.0,1.0,0.0,0.33302062363556345,True,False
7,0.6,27000,45000,5000,boundary.m_flow_in,0,0,2,0.0,0.0,0.0,0.0,20.0,0.0,6.584986329457423,True,False
7,0.6,27000,45000,5000,dL_rand,0,0,4,-0.584948241711,-0.584948241711,-0.152806177735,0.0,0.162022769451,0.584948241711,0.2577570202085202,False,False
7,0.6,27000,45000,5000,dT_rand,0,0,4,-0.584948241711,-0.584948241711,-0.152806177735,0.0,0.162022769451,0.584948241711,0.2577570202085202,False,False
7,0.6,27000,45000,5000,dir_valve_act,0,0,2,0.0,0.0,0.0,0.0,1.0,0.0,0.16550466770514094,True,False
7,0.6,27000,45000,5000,dt_rand,0,0,35,-2.05862617493,-0.492660284042,0.0,1.10101628304,1.60985136032,1.5936765670820001,0.9421285523236042,False,False
7,0.6,27000,45000,5000,heater_act,0,0,2,0.0,0.0,1.0,1.0,1.0,1.0,0.4754374248976397,False,False
7,0.6,27000,45000,5000,inj_valve_act,0,0,2,0.0,0.0,0.0,0.0,1.0,0.0,0.32924931647287115,True,False
7,0.6,27000,45000,5000,inv_valve_act,0,0,2,0.0,0.0,0.0,0.0,1.0,0.0,0.16915490973094002,True,False
7,0.6,27000,45000,5000,limiter.y,0,0,4,277.150512695,277.150512695,281.471923828,283.0,284.620239258,5.849487305000025,2.577573123229816,False,False
7,0.6,27000,45000,5000,limiter1.y,0,0,35,79.4137420654,95.0733947754,100.0,111.010162354,116.098510742,15.936767578599998,9.421285231221942,False,False
7,0.6,27000,45000,5000,out_valve_act,0,0,2,0.0,0.0,0.0,0.0,1.0,0.0,0.14644443995437256,True,False
7,0.8,36000,45000,5000,C_level,0,0,819,0.00999999977648,0.00999999977648,0.138301029801,0.205244913697,0.278485357761,0.19524491392051999,0.08753710952255725,False,False
7,0.8,36000,45000,5000,C_temperature.T,0,0,819,273.149993896,273.149993896,326.399627686,327.777374268,328.411010742,54.627380372000005,23.18084737964044,False,False
7,0.8,36000,45000,5000,HT_level,0,0,2096,0.10000000149,0.10000000149,0.600000023842,0.600000023842,0.600000023842,0.500000022352,0.22578588464331278,False,False
7,0.8,36000,45000,5000,HT_temperature.T,0,0,35155,283.149993896,313.96052551275,324.85615539549997,329.765930176,332.99987793,15.805404663249988,11.48066766868201,False,False
7,0.8,36000,45000,5000,RT_level,0,0,7184,0.5,1.67018979788,1.75,1.85860013962,2.35860013962,0.18841034174000004,0.3498728090979226,False,False
7,0.8,36000,45000,5000,RT_level_ini,0,0,6,0.0,2.17359685898,2.25,2.33101129532,2.35860013962,0.1574144363400003,0.38113015021794566,False,False
7,0.8,36000,45000,5000,RT_temperature.T,0,0,5449,283.033294678,295.28074646,309.172027588,322.012573242,330.657745361,26.731826781999985,14.311705273719525,False,False
7,0.8,36000,45000,5000,Relaxing.active,0,0,2,0.0,0.0,0.0,0.0,1.0,0.0,0.33097531658898394,True,False
7,0.8,36000,45000,5000,boundary.m_flow_in,0,0,2,0.0,0.0,0.0,0.0,20.0,0.0,6.464074618528749,True,False
7,0.8,36000,45000,5000,dL_rand,0,0,5,-0.584948241711,-0.152806177735,0.0,0.162022769451,0.217200234532,0.31482894718599996,0.27541617986142103,False,False
7,0.8,36000,45000,5000,dT_rand,0,0,5,-0.584948241711,-0.152806177735,0.0,0.162022769451,0.217200234532,0.31482894718599996,0.27541617986142103,False,False
7,0.8,36000,45000,5000,dir_valve_act,0,0,2,0.0,0.0,0.0,0.0,1.0,0.0,0.1656885635009311,True,False
7,0.8,36000,45000,5000,dt_rand,0,0,47,-2.71739864349,-1.05099642277,-0.0445265062153,0.306894123554,1.60985136032,1.3578905463239999,1.026711901027344,False,False
7,0.8,36000,45000,5000,heater_act,0,0,2,0.0,0.0,1.0,1.0,1.0,1.0,0.4731776048708041,False,False
7,0.8,36000,45000,5000,inj_valve_act,0,0,2,0.0,0.0,0.0,0.0,1.0,0.0,0.32320373092643745,True,False
7,0.8,36000,45000,5000,inv_valve_act,0,0,2,0.0,0.0,0.0,0.0,1.0,0.0,0.170359813048238,True,False
7,0.8,36000,45000,5000,limiter.y,0,0,5,277.150512695,281.471923828,283.0,284.620239258,285.17199707,3.148315430000025,2.7541659950762227,False,False
7,0.8,36000,45000,5000,limiter1.y,0,0,47,72.8260116577,89.4900360107,99.5547332764,103.068939209,116.098510742,13.578903198300011,10.267118612987117,False,False
7,0.8,36000,45000,5000,out_valve_act,0,0,2,0.0,0.0,0.0,0.0,1.0,0.0,0.14866224358314004,True,False
7,1.0,45000,45000,5000,C_level,0,0,1046,0.00999999977648,0.0799999982119,0.138301029801,0.278485357761,0.352829366922,0.19848535954909996,0.11160813008444088,False,False
7,1.0,45000,45000,5000,C_temperature.T,0,0,1046,273.149993896,323.280853271,326.399627686,328.411010742,328.768890381,5.130157470999961,21.69179962389074,False,False
7,1.0,45000,45000,5000,HT_level,0,0,2640,0.10000000149,0.10000000149,0.600000023842,0.600000023842,0.600000023842,0.500000022352,0.22498769392407,False,False
7,1.0,45000,45000,5000,HT_temperature.T,0,0,43708,283.149993896,314.71228027375,325.12464904800004,329.79749298075,332.99987793,15.085212706999982,11.113004808494347,False,False
7,1.0,45000,45000,5000,RT_level,0,0,8777,0.5,1.65021967888,1.75,1.85860013962,2.35860013962,0.20838046073999994,0.3503903815259837,False,False
7,1.0,45000,45000,5000,RT_level_ini,0,0,7,0.0,2.15021967888,2.25,2.33101129532,2.35860013962,0.18079161644000008,0.34825272359897824,False,False
7,1.0,45000,45000,5000,RT_temperature.T,0,0,6579,283.033294678,297.81078338599997,309.419158936,323.01022338825,330.657745361,25.199440002250014,13.965772857553015,False,False
7,1.0,45000,45000,5000,Relaxing.active,0,0,2,0.0,0.0,0.0,0.0,1.0,0.0,0.33292687723738634,True,False
7,1.0,45000,45000,5000,boundary.m_flow_in,0,0,2,0.0,0.0,0.0,0.0,20.0,0.0,6.333012748894868,True,False
7,1.0,45000,45000,5000,dL_rand,0,0,6,-0.584948241711,-0.199560537934,0.0,0.162022769451,0.217200234532,0.361583307385,0.26643447685688226,False,False
7,1.0,45000,45000,5000,dT_rand,0,0,6,-0.584948241711,-0.199560537934,0.0,0.162022769451,0.217200234532,0.361583307385,0.26643447685688226,False,False
7,1.0,45000,45000,5000,dir_valve_act,0,0,2,0.0,0.0,0.0,0.0,1.0,0.0,0.16624070547674527,True,False
7,1.0,45000,45000,5000,dt_rand,0,0,59,-2.71739864349,-1.05099642277,-0.0152592547238,0.479415267706,1.60985136032,1.530411690476,1.0234255351252006,False,False
7,1.0,45000,45000,5000,heater_act,0,0,2,0.0,0.0,1.0,1.0,1.0,1.0,0.47202677545808763,False,False
7,1.0,45000,45000,5000,inj_valve_act,0,0,2,0.0,0.0,0.0,0.0,1.0,0.0,0.3166506374447434,True,False
7,1.0,45000,45000,5000,inv_valve_act,0,0,2,0.0,0.0,0.0,0.0,1.0,0.0,0.17107813974956185,True,False
7,1.0,45000,45000,5000,limiter.y,0,0,6,277.150512695,281.004394531,283.0,284.620239258,285.17199707,3.615844727000024,2.6643478009564094,False,False
7,1.0,45000,45000,5000,limiter1.y,0,0,59,72.8260116577,89.4900360107,99.84740448,104.794151306,116.098510742,15.304115295300008,10.234254969612694,False,False
7,1.0,45000,45000,5000,out_valve_act,0,0,2,0.0,0.0,0.0,0.0,1.0,0.0,0.1502580759104386,True,False
8,0.05,2250,45000,5000,C_level,0,0,1,0.00999999977648,0.00999999977648,0.00999999977648,0.00999999977648,0.00999999977648,0.0,0.0,True,True
8,0.05,2250,45000,5000,C_temperature.T,0,0,1,273.149993896,273.149993896,273.149993896,273.149993896,273.149993896,0.0,5.68560549438497e-14,True,False
8,0.05,2250,45000,5000,HT_level,0,0,23,0.10000000149,0.10000000149,0.600000023842,0.600000023842,0.600000023842,0.500000022352,0.2472290560238009,False,False
8,0.05,2250,45000,5000,HT_temperature.T,0,0,2250,283.149993896,287.765739441,290.374267578,310.97518920875,328.431213379,23.209449767750016,13.970714535481191,False,False
8,0.05,2250,45000,5000,RT_level,0,0,894,0.5,1.428598850965,1.75,1.75,2.24972319603,0.32140114903499994,0.4295202505725591,False,False
8,0.05,2250,45000,5000,RT_level_ini,0,0,2,0.0,0.0,2.25,2.25,2.25,2.25,1.1147952015886615,False,False
8,0.05,2250,45000,5000,RT_temperature.T,0,0,870,283.033294678,283.033294678,283.033294678,283.05082702625,283.149993896,0.017532348249972074,0.03169923561068816,False,False
8,0.05,2250,45000,5000,Relaxing.active,0,0,1,0.0,0.0,0.0,0.0,0.0,0.0,0.0,True,True
8,0.05,2250,45000,5000,boundary.m_flow_in,0,0,2,0.0,0.0,0.0,20.0,20.0,20.0,9.743953875233185,False,False
8,0.05,2250,45000,5000,dL_rand,0,0,1,0.0,0.0,0.0,0.0,0.0,0.0,0.0,True,True
8,0.05,2250,45000,5000,dT_rand,0,0,1,0.0,0.0,0.0,0.0,0.0,0.0,0.0,True,True
8,0.05,2250,45000,5000,dir_valve_act,0,0,2,0.0,0.0,0.0,0.0,1.0,0.0,0.0961786539807423,True,False
8,0.05,2250,45000,5000,dt_rand,0,0,1,0.0,0.0,0.0,0.0,0.0,0.0,0.0,True,True
8,0.05,2250,45000,5000,heater_act,0,0,2,0.0,0.0,1.0,1.0,1.0,1.0,0.49665667455379575,False,False
8,0.05,2250,45000,5000,inj_valve_act,0,0,2,0.0,0.0,0.0,1.0,1.0,1.0,0.4871976937616593,False,False
8,0.05,2250,45000,5000,inv_valve_act,0,0,1,0.0,0.0,0.0,0.0,0.0,0.0,0.0,True,True
8,0.05,2250,45000,5000,limiter.y,0,0,1,283.0,283.0,283.0,283.0,283.0,0.0,0.0,True,True
8,0.05,2250,45000,5000,limiter1.y,0,0,1,100.0,100.0,100.0,100.0,100.0,0.0,0.0,True,True
8,0.05,2250,45000,5000,out_valve_act,0,0,1,0.0,0.0,0.0,0.0,0.0,0.0,0.0,True,True
8,0.1,4500,45000,5000,C_level,0,0,1,0.00999999977648,0.00999999977648,0.00999999977648,0.00999999977648,0.00999999977648,0.0,0.0,True,True
8,0.1,4500,45000,5000,C_temperature.T,0,0,1,273.149993896,273.149993896,273.149993896,273.149993896,273.149993896,0.0,5.684973584908787e-14,True,False
8,0.1,4500,45000,5000,HT_level,0,0,114,0.10000000149,0.10000000149,0.600000023842,0.600000023842,0.600000023842,0.500000022352,0.21969593227858597,False,False
8,0.1,4500,45000,5000,HT_temperature.T,0,0,4498,283.149993896,290.3746643065,312.072128296,323.84678649925,332.994720459,33.47212219275002,15.933220977594356,False,False
8,0.1,4500,45000,5000,RT_level,0,0,986,0.5,1.75,1.75,1.75,2.25,0.0,0.34450611750389115,True,False
8,0.1,4500,45000,5000,RT_level_ini,0,0,2,0.0,2.25,2.25,2.25,2.25,0.0,0.9260100184908424,True,False
8,0.1,4500,45000,5000,RT_temperature.T,0,0,921,283.033294678,283.033294678,283.118545532,294.1065979,302.720794678,11.073303221999993,7.888259531405589,False,False
8,0.1,4500,45000,5000,Relaxing.active,0,0,2,0.0,0.0,0.0,0.0,1.0,0.0,0.20010320618837593,True,False
8,0.1,4500,45000,5000,boundary.m_flow_in,0,0,2,0.0,0.0,0.0,0.0,20.0,0.0,7.902569132789706,True,False
8,0.1,4500,45000,5000,dL_rand,0,0,1,0.0,0.0,0.0,0.0,0.0,0.0,0.0,True,True
8,0.1,4500,45000,5000,dT_rand,0,0,1,0.0,0.0,0.0,0.0,0.0,0.0,0.0,True,True
8,0.1,4500,45000,5000,dir_valve_act,0,0,2,0.0,0.0,0.0,0.0,1.0,0.0,0.11932714143879614,True,False
8,0.1,4500,45000,5000,dt_rand,0,0,3,-0.933072924614,-0.263679921627,0.0,0.0,0.0,0.263679921627,0.3559648338012695,False,False
8,0.1,4500,45000,5000,heater_act,0,0,2,0.0,0.0,1.0,1.0,1.0,1.0,0.45034574650826714,False,False
8,0.1,4500,45000,5000,inj_valve_act,0,0,2,0.0,0.0,0.0,0.0,1.0,0.0,0.39512845663948537,True,False
8,0.1,4500,45000,5000,inv_valve_act,0,0,2,0.0,0.0,0.0,0.0,1.0,0.0,0.1016742606632601,True,False
8,0.1,4500,45000,5000,limiter.y,0,0,1,283.0,283.0,283.0,283.0,283.0,0.0,0.0,True,True
8,0.1,4500,45000,5000,limiter1.y,0,0,3,90.6692733765,97.3631973267,100.0,100.0,100.0,2.6368026732999965,3.559647362310682,False,False
8,0.1,4500,45000,5000,out_valve_act,0,0,1,0.0,0.0,0.0,0.0,0.0,0.0,0.0,True,True
8,0.2,9000,45000,5000,C_level,0,0,1,0.00999999977648,0.00999999977648,0.00999999977648,0.00999999977648,0.00999999977648,0.0,0.0,True,True
8,0.2,9000,45000,5000,C_temperature.T,0,0,1,273.149993896,273.149993896,273.149993896,273.149993896,273.149993896,0.0,0.0,True,True
8,0.2,9000,45000,5000,HT_level,0,0,533,0.10000000149,0.28732645511625,0.600000023842,0.600000023842,0.600000023842,0.31267356872575003,0.2129912220265698,False,False
8,0.2,9000,45000,5000,HT_temperature.T,0,0,8957,283.149993896,312.07335662850005,324.99394226100003,329.81570434599996,332.99987793,17.74234771749991,14.83336871967779,False,False
8,0.2,9000,45000,5000,RT_level,0,0,1405,0.5,1.75,1.75,1.75,2.25,0.0,0.3002126564204916,True,False
8,0.2,9000,45000,5000,RT_level_ini,0,0,2,0.0,2.25,2.25,2.25,2.25,0.0,0.6983947272292862,True,False
8,0.2,9000,45000,5000,RT_temperature.T,0,0,1163,283.033294678,283.118644714,302.720794678,321.832427979,330.101196289,38.71378326499996,16.723427458529546,False,False
8,0.2,9000,45000,5000,Relaxing.active,0,0,2,0.0,0.0,0.0,0.0,1.0,0.0,0.3256281546517821,True,False
8,0.2,9000,45000,5000,boundary.m_flow_in,0,0,2,0.0,0.0,0.0,0.0,20.0,0.0,5.913427196205702,True,False
8,0.2,9000,45000,5000,dL_rand,0,0,1,0.0,0.0,0.0,0.0,0.0,0.0,0.0,True,True
8,0.2,9000,45000,5000,dT_rand,0,0,1,0.0,0.0,0.0,0.0,0.0,0.0,0.0,True,True
8,0.2,9000,45000,5000,dir_valve_act,0,0,2,0.0,0.0,0.0,0.0,1.0,0.0,0.16750354766636694,True,False
8,0.2,9000,45000,5000,dt_rand,0,0,13,-1.45518362522,-0.933072924614,-0.107272557914,0.0,1.61207926273,0.933072924614,0.7843843497829271,False,False
8,0.2,9000,45000,5000,heater_act,0,0,2,0.0,0.0,1.0,1.0,1.0,1.0,0.4526479024517617,False,False
8,0.2,9000,45000,5000,inj_valve_act,0,0,2,0.0,0.0,0.0,0.0,1.0,0.0,0.29567135981028514,True,False
8,0.2,9000,45000,5000,inv_valve_act,0,0,2,0.0,0.0,0.0,0.0,1.0,0.0,0.17090253771156794,True,False
8,0.2,9000,45000,5000,limiter.y,0,0,1,283.0,283.0,283.0,283.0,283.0,0.0,0.0,True,True
8,0.2,9000,45000,5000,limiter1.y,0,0,13,85.4481658936,90.6692733765,98.9272766113,100.0,116.120788574,9.330726623499999,7.843842519471449,False,False
8,0.2,9000,45000,5000,out_valve_act,0,0,1,0.0,0.0,0.0,0.0,0.0,0.0,0.0,True,True
8,0.4,18000,45000,5000,C_level,0,0,441,0.00999999977648,0.00999999977648,0.00999999977648,0.0799999982119,0.154571056366,0.06999999843542,0.04018231381547314,False,False
8,0.4,18000,45000,5000,C_temperature.T,0,0,441,273.149993896,273.149993896,273.149993896,323.280670166,326.569030762,50.13067626999998,25.13934618845708,False,False
8,0.4,18000,45000,5000,HT_level,0,0,1041,0.10000000149,0.10000000149,0.600000023842,0.600000023842,0.600000023842,0.500000022352,0.22895083815020809,False,False
8,0.4,18000,45000,5000,HT_temperature.T,0,0,17756,283.149993896,313.70250701925,325.0576477055,329.767059326,332.99987793,16.064552306749988,12.621389324907426,False,False
8,0.4,18000,45000,5000,RT_level,0,0,3760,0.5,1.75,1.86173784733,1.86427652836,2.36427664757,0.11427652836000002,0.3768748379586449,False,False
8,0.4,18000,45000,5000,RT_level_ini,0,0,3,0.0,2.25,2.25,2.36427664757,2.36427664757,0.11427664757000011,0.5230944544112343,False,False
8,0.4,18000,45000,5000,RT_temperature.T,0,0,2871,283.033294678,294.814422607,309.419067383,323.718444824,330.421264648,28.904022217000033,15.281482711150977,False,False
8,0.4,18000,45000,5000,Relaxing.active,0,0,2,0.0,0.0,0.0,0.0,1.0,0.0,0.3344698848845152,True,False
8,0.4,18000,45000,5000,boundary.m_flow_in,0,0,2,0.0,0.0,0.0,0.0,20.0,0.0,6.649673325030116,True,False
8,0.4,18000,45000,5000,dL_rand,0,0,3,-0.443403422832,0.0,0.0,0.228553116322,0.228553116322,0.228553116322,0.1482777712342427,False,False
8,0.4,18000,45000,5000,dT_rand,0,0,3,-0.443403422832,0.0,0.0,0.228553116322,0.228553116322,0.228553116322,0.1482777712342427,False,False
8,0.4,18000,45000,5000,dir_valve_act,0,0,2,0.0,0.0,0.0,0.0,1.0,0.0,0.1637001395132985,True,False
8,0.4,18000,45000,5000,dt_rand,0,0,24,-1.84942162037,-0.603869736195,-0.0771813094616,0.829493105412,1.95382547379,1.433362841607,0.9156156166484019,False,False
8,0.4,18000,45000,5000,heater_act,0,0,2,0.0,0.0,1.0,1.0,1.0,1.0,0.4781205449614095,False,False
8,0.4,18000,45000,5000,inj_valve_act,0,0,2,0.0,0.0,0.0,0.0,1.0,0.0,0.3324836662515058,True,False
8,0.4,18000,45000,5000,inv_valve_act,0,0,2,0.0,0.0,0.0,0.0,1.0,0.0,0.17105047310083454,True,False
8,0.4,18000,45000,5000,limiter.y,0,0,3,278.565979004,283.0,283.0,285.285522461,285.285522461,2.2855224610000278,1.4827724879614927,False,False
8,0.4,18000,45000,5000,limiter1.y,0,0,24,81.5057830811,93.9613037109,99.228187561,108.294929504,119.538253784,14.333625793099998,9.156155520715647,False,False
8,0.4,18000,45000,5000,out_valve_act,0,0,2,0.0,0.0,0.0,0.0,1.0,0.0,0.1540861488008958,True,False
8,0.6,27000,45000,5000,C_level,0,0,628,0.00999999977648,0.00999999977648,0.0799999982119,0.154571056366,0.215702995658,0.14457105658952,0.06814614979668056,False,False
8,0.6,27000,45000,5000,C_temperature.T,0,0,628,273.149993896,273.149993896,323.280670166,326.569030762,327.662994385,53.419036866,24.638344440224895,False,False
8,0.6,27000,45000,5000,HT_level,0,0,1536,0.10000000149,0.10000000149,0.600000023842,0.600000023842,0.600000023842,0.500000022352,0.22688021382921314,False,False
8,0.6,27000,45000,5000,HT_temperature.T,0,0,26575,283.149993896,313.29932403575003,324.771499634,329.68782806375,332.99987793,16.388504027999943,12.03093866626853,False,False
8,0.6,27000,45000,5000,RT_level,0,0,5497,0.5,1.52829825878,1.75,1.86427652836,2.36427664757,0.33597826958,0.3603149373999328,False,False
8,0.6,27000,45000,5000,RT_level_ini,0,0,5,0.0,2.02829837799,2.25,2.36427664757,2.36427664757,0.33597826958,0.43316569545691175,False,False
8,0.6,27000,45000,5000,RT_temperature.T,0,0,4210,283.033294678,294.814422607,309.227264404,322.752532959,330.421264648,27.938110352000024,14.975929351615726,False,False
8,0.6,27000,45000,5000,Relaxing.active,0,0,2,0.0,0.0,0.0,0.0,1.0,0.0,0.3298410089364517,True,False
8,0.6,27000,45000,5000,boundary.m_flow_in,0,0,2,0.0,0.0,0.0,0.0,20.0,0.0,6.576510530586641,True,False
8,0.6,27000,45000,5000,dL_rand,0,0,4,-0.443403422832,-0.443403422832,0.0,0.228553116322,0.228553116322,0.671956539154,0.27466909537436923,False,False
8,0.6,27000,45000,5000,dT_rand,0,0,4,-0.443403422832,-0.443403422832,0.0,0.228553116322,0.228553116322,0.671956539154,0.27466909537436923,False,False
8,0.6,27000,45000,5000,dir_valve_act,0,0,2,0.0,0.0,0.0,0.0,1.0,0.0,0.1625180126212606,True,False
8,0.6,27000,45000,5000,dt_rand,0,0,35,-1.84942162037,-0.707663178444,0.0,0.859645366669,1.95382547379,1.567308545113,0.9822277858603486,False,False
8,0.6,27000,45000,5000,heater_act,0,0,2,0.0,0.0,1.0,1.0,1.0,1.0,0.4744992740720004,False,False
8,0.6,27000,45000,5000,inj_valve_act,0,0,2,0.0,0.0,0.0,0.0,1.0,0.0,0.3288255265293321,True,False
8,0.6,27000,45000,5000,inv_valve_act,0,0,2,0.0,0.0,0.0,0.0,1.0,0.0,0.16966915383701606,True,False
8,0.6,27000,45000,5000,limiter.y,0,0,4,278.565979004,278.565979004,283.0,285.285522461,285.285522461,6.719543457000043,2.7466831158353306,False,False
8,0.6,27000,45000,5000,limiter1.y,0,0,35,81.5057830811,92.9233703613,100.0,108.596450806,119.538253784,15.673080444699991,9.822277315567124,False,False
8,0.6,27000,45000,5000,out_valve_act,0,0,2,0.0,0.0,0.0,0.0,1.0,0.0,0.15025918897032514,True,False
8,0.8,36000,45000,5000,C_level,0,0,818,0.00999999977648,0.00999999977648,0.154571056366,0.215702995658,0.277634501457,0.20570299588152,0.09022989448244148,False,False
8,0.8,36000,45000,5000,C_temperature.T,0,0,818,273.149993896,273.149993896,326.569030762,327.662994385,328.266265869,54.51300048899998,23.084946564540417,False,False
8,0.8,36000,45000,5000,HT_level,0,0,2056,0.10000000149,0.10000000149,0.600000023842,0.600000023842,0.600000023842,0.500000022352,0.22610972493279566,False,False
8,0.8,36000,45000,5000,HT_temperature.T,0,0,35266,283.149993896,313.95149230975,324.8140716555,329.68992614775,332.99987793,15.738433837999992,11.45971365447029,False,False
8,0.8,36000,45000,5000,RT_level,0,0,7110,0.5,1.5482878685,1.75,1.86427652836,2.36427664757,0.3159886598599999,0.34967870635838216,False,False
8,0.8,36000,45000,5000,RT_level_ini,0,0,6,0.0,2.0482878685,2.25,2.31273078918,2.36427664757,0.2644429206800001,0.37996465555731007,False,False
8,0.8,36000,45000,5000,RT_temperature.T,0,0,5391,283.033294678,295.009841919,309.227264404,322.66104126,330.421264648,27.651199340999995,14.29209237496842,False,False
8,0.8,36000,45000,5000,Relaxing.active,0,0,2,0.0,0.0,0.0,0.0,1.0,0.0,0.33378488725579863,True,False
8,0.8,36000,45000,5000,boundary.m_flow_in,0,0,2,0.0,0.0,0.0,0.0,20.0,0.0,6.441711839442684,True,False
8,0.8,36000,45000,5000,dL_rand,0,0,5,-0.443403422832,-0.403424173594,0.0,0.12546159327,0.228553116322,0.528885766864,0.2746444946531603,False,False
8,0.8,36000,45000,5000,dT_rand,0,0,5,-0.443403422832,-0.403424173594,0.0,0.12546159327,0.228553116322,0.528885766864,0.2746444946531603,False,False
8,0.8,36000,45000,5000,dir_valve_act,0,0,2,0.0,0.0,0.0,0.0,1.0,0.0,0.164018198682807,True,False
8,0.8,36000,45000,5000,dt_rand,0,0,46,-1.84942162037,-0.707663178444,0.0,0.922544002533,2.56297492981,1.630207180977,1.0700298138979893,False,False
8,0.8,36000,45000,5000,heater_act,0,0,2,0.0,0.0,1.0,1.0,1.0,1.0,0.47331968969563665,False,False
8,0.8,36000,45000,5000,inj_valve_act,0,0,2,0.0,0.0,0.0,0.0,1.0,0.0,0.3220855919721343,True,False
8,0.8,36000,45000,5000,inv_valve_act,0,0,2,0.0,0.0,0.0,0.0,1.0,0.0,0.16889634243211318,True,False
8,0.8,36000,45000,5000,limiter.y,0,0,5,278.565979004,278.965759277,283.0,284.254608154,285.285522461,5.288848876999964,2.7464383034260904,False,False
8,0.8,36000,45000,5000,limiter1.y,0,0,46,81.5057830811,92.9233703613,100.0,109.225440979,125.629753113,16.302070617699997,10.700298125361495,False,False
8,0.8,36000,45000,5000,out_valve_act,0,0,2,0.0,0.0,0.0,0.0,1.0,0.0,0.14857301085283459,True,False
8,1.0,45000,45000,5000,C_level,0,0,1039,0.00999999977648,0.0799999982119,0.154571056366,0.277634501457,0.35014373064,0.1976345032451,0.111797130575783,False,False
8,1.0,45000,45000,5000,C_temperature.T,0,0,1039,273.149993896,323.280670166,326.569030762,328.266265869,328.673858643,4.985595703000001,21.59618376266198,False,False
8,1.0,45000,45000,5000,HT_level,0,0,2596,0.10000000149,0.10000000149,0.600000023842,0.600000023842,0.600000023842,0.500000022352,0.22622565397616823,False,False
8,1.0,45000,45000,5000,HT_temperature.T,0,0,43687,283.149993896,314.65406799275,325.1101226805,329.737831116,332.99987793,15.08376312324998,11.113582819819936,False,False
8,1.0,45000,45000,5000,RT_level,0,0,8882,0.5,1.5482878685,1.81273078918,1.9602382481125,2.53473758698,0.4119503796124999,0.36347505718590994,False,False
8,1.0,45000,45000,5000,RT_level_ini,0,0,7,0.0,2.0482878685,2.25,2.36427664757,2.53473758698,0.31598877907,0.3596178278919335,False,False
8,1.0,45000,45000,5000,RT_temperature.T,0,0,6711,283.033294678,298.57129669175,309.419067383,322.66104126,330.421264648,24.089744568250012,13.768736443462139,False,False
8,1.0,45000,45000,5000,Relaxing.active,0,0,2,0.0,0.0,0.0,0.0,1.0,0.0,0.33569492771448844,True,False
8,1.0,45000,45000,5000,boundary.m_flow_in,0,0,2,0.0,0.0,0.0,0.0,20.0,0.0,6.417870248165522,True,False
8,1.0,45000,45000,5000,dL_rand,0,0,6,-0.443403422832,-0.403424173594,0.0,0.228553116322,0.569475412369,0.631977289916,0.3233057885524473,False,False
8,1.0,45000,45000,5000,dT_rand,0,0,6,-0.443403422832,-0.403424173594,0.0,0.228553116322,0.569475412369,0.631977289916,0.3233057885524473,False,False
8,1.0,45000,45000,5000,dir_valve_act,0,0,2,0.0,0.0,0.0,0.0,1.0,0.0,0.1646563125048112,True,False
8,1.0,45000,45000,5000,dt_rand,0,0,58,-1.84942162037,-0.626453459263,0.0,0.829493105412,2.94216752052,1.455946564675,1.0693126559175268,False,False
8,1.0,45000,45000,5000,heater_act,0,0,2,0.0,0.0,1.0,1.0,1.0,1.0,0.47369902075458503,False,False
8,1.0,45000,45000,5000,inj_valve_act,0,0,2,0.0,0.0,0.0,0.0,1.0,0.0,0.320893512408276,True,False
8,1.0,45000,45000,5000,inv_valve_act,0,0,2,0.0,0.0,0.0,0.0,1.0,0.0,0.16991410783851635,True,False
8,1.0,45000,45000,5000,limiter.y,0,0,6,278.565979004,278.965759277,283.0,285.285522461,288.694763184,6.31976318400001,3.2330546681845034,False,False
8,1.0,45000,45000,5000,limiter1.y,0,0,58,81.5057830811,93.7354660034,100.0,108.294929504,129.421676636,14.559463500599989,10.693126744448158,False,False
8,1.0,45000,45000,5000,out_valve_act,0,0,2,0.0,0.0,0.0,0.0,1.0,0.0,0.1497634683394348,True,False
9,0.05,2250,45000,5000,C_level,0,0,1,0.00999999977648,0.00999999977648,0.00999999977648,0.00999999977648,0.00999999977648,0.0,0.0,True,True
9,0.05,2250,45000,5000,C_temperature.T,0,0,1,273.149993896,273.149993896,273.149993896,273.149993896,273.149993896,0.0,5.68560549438497e-14,True,False
9,0.05,2250,45000,5000,HT_level,0,0,23,0.10000000149,0.10000000149,0.600000023842,0.600000023842,0.600000023842,0.500000022352,0.2472290560238009,False,False
9,0.05,2250,45000,5000,HT_temperature.T,0,0,2250,283.149993896,287.765739441,290.374267578,310.97518920875,328.431213379,23.209449767750016,13.970714535481191,False,False
9,0.05,2250,45000,5000,RT_level,0,0,894,0.5,1.428598850965,1.75,1.75,2.24972319603,0.32140114903499994,0.4295202505725591,False,False
9,0.05,2250,45000,5000,RT_level_ini,0,0,2,0.0,0.0,2.25,2.25,2.25,2.25,1.1147952015886615,False,False
9,0.05,2250,45000,5000,RT_temperature.T,0,0,870,283.033294678,283.033294678,283.033294678,283.05082702625,283.149993896,0.017532348249972074,0.03169923561068816,False,False
9,0.05,2250,45000,5000,Relaxing.active,0,0,1,0.0,0.0,0.0,0.0,0.0,0.0,0.0,True,True
9,0.05,2250,45000,5000,boundary.m_flow_in,0,0,2,0.0,0.0,0.0,20.0,20.0,20.0,9.743953875233185,False,False
9,0.05,2250,45000,5000,dL_rand,0,0,1,0.0,0.0,0.0,0.0,0.0,0.0,0.0,True,True
9,0.05,2250,45000,5000,dT_rand,0,0,1,0.0,0.0,0.0,0.0,0.0,0.0,0.0,True,True
9,0.05,2250,45000,5000,dir_valve_act,0,0,2,0.0,0.0,0.0,0.0,1.0,0.0,0.0961786539807423,True,False
9,0.05,2250,45000,5000,dt_rand,0,0,1,0.0,0.0,0.0,0.0,0.0,0.0,0.0,True,True
9,0.05,2250,45000,5000,heater_act,0,0,2,0.0,0.0,1.0,1.0,1.0,1.0,0.49665667455379575,False,False
9,0.05,2250,45000,5000,inj_valve_act,0,0,2,0.0,0.0,0.0,1.0,1.0,1.0,0.4871976937616593,False,False
9,0.05,2250,45000,5000,inv_valve_act,0,0,1,0.0,0.0,0.0,0.0,0.0,0.0,0.0,True,True
9,0.05,2250,45000,5000,limiter.y,0,0,1,283.0,283.0,283.0,283.0,283.0,0.0,0.0,True,True
9,0.05,2250,45000,5000,limiter1.y,0,0,1,100.0,100.0,100.0,100.0,100.0,0.0,0.0,True,True
9,0.05,2250,45000,5000,out_valve_act,0,0,1,0.0,0.0,0.0,0.0,0.0,0.0,0.0,True,True
9,0.1,4500,45000,5000,C_level,0,0,1,0.00999999977648,0.00999999977648,0.00999999977648,0.00999999977648,0.00999999977648,0.0,0.0,True,True
9,0.1,4500,45000,5000,C_temperature.T,0,0,1,273.149993896,273.149993896,273.149993896,273.149993896,273.149993896,0.0,5.684973584908787e-14,True,False
9,0.1,4500,45000,5000,HT_level,0,0,114,0.10000000149,0.10000000149,0.600000023842,0.600000023842,0.600000023842,0.500000022352,0.21968654179619843,False,False
9,0.1,4500,45000,5000,HT_temperature.T,0,0,4494,283.149993896,290.3746643065,312.07476806600005,323.85660552975,332.995239258,33.48194122325003,15.933900498968262,False,False
9,0.1,4500,45000,5000,RT_level,0,0,986,0.5,1.75,1.75,1.75,2.25,0.0,0.3444894350521865,True,False
9,0.1,4500,45000,5000,RT_level_ini,0,0,2,0.0,2.25,2.25,2.25,2.25,0.0,0.9260100184908424,True,False
9,0.1,4500,45000,5000,RT_temperature.T,0,0,921,283.033294678,283.033294678,283.118545532,294.1065979,302.72088623,11.073303221999993,7.902746223549046,False,False
9,0.1,4500,45000,5000,Relaxing.active,0,0,2,0.0,0.0,0.0,0.0,1.0,0.0,0.20010320618837593,True,False
9,0.1,4500,45000,5000,boundary.m_flow_in,0,0,2,0.0,0.0,0.0,0.0,20.0,0.0,7.902569132789706,True,False
9,0.1,4500,45000,5000,dL_rand,0,0,1,0.0,0.0,0.0,0.0,0.0,0.0,0.0,True,True
9,0.1,4500,45000,5000,dT_rand,0,0,1,0.0,0.0,0.0,0.0,0.0,0.0,0.0,True,True
9,0.1,4500,45000,5000,dir_valve_act,0,0,2,0.0,0.0,0.0,0.0,1.0,0.0,0.11932714143879614,True,False
9,0.1,4500,45000,5000,dt_rand,0,0,3,-0.842768609524,-0.842768609524,0.0,0.0,0.0,0.842768609524,0.35564656942511635,False,False
9,0.1,4500,45000,5000,heater_act,0,0,2,0.0,0.0,1.0,1.0,1.0,1.0,0.4503457465082672,False,False
9,0.1,4500,45000,5000,inj_valve_act,0,0,2,0.0,0.0,0.0,0.0,1.0,0.0,0.39512845663948537,True,False
9,0.1,4500,45000,5000,inv_valve_act,0,0,2,0.0,0.0,0.0,0.0,1.0,0.0,0.1016742606632601,True,False
9,0.1,4500,45000,5000,limiter.y,0,0,1,283.0,283.0,283.0,283.0,283.0,0.0,0.0,True,True
9,0.1,4500,45000,5000,limiter1.y,0,0,3,91.5723114014,91.5723114014,100.0,100.0,100.0,8.4276885986,3.556466767185959,False,False
9,0.1,4500,45000,5000,out_valve_act,0,0,1,0.0,0.0,0.0,0.0,0.0,0.0,0.0,True,True
9,0.2,9000,45000,5000,C_level,0,0,1,0.00999999977648,0.00999999977648,0.00999999977648,0.00999999977648,0.00999999977648,0.0,0.0,True,True
9,0.2,9000,45000,5000,C_temperature.T,0,0,1,273.149993896,273.149993896,273.149993896,273.149993896,273.149993896,0.0,0.0,True,True
9,0.2,9000,45000,5000,HT_level,0,0,520,0.10000000149,0.27050450444249996,0.600000023842,0.600000023842,0.600000023842,0.32949551939950006,0.21358712737903945,False,False
9,0.2,9000,45000,5000,HT_temperature.T,0,0,8967,283.149993896,312.07759094200003,324.9713745115,329.78293609625,332.999328613,17.705345154249983,14.821233273410517,False,False
9,0.2,9000,45000,5000,RT_level,0,0,1392,0.5,1.75,1.75,1.75,2.25,0.0,0.3009281346404453,True,False
9,0.2,9000,45000,5000,RT_level_ini,0,0,2,0.0,2.25,2.25,2.25,2.25,0.0,0.6983947272292862,True,False
9,0.2,9000,45000,5000,RT_temperature.T,0,0,1152,283.033294678,283.118644714,302.72088623,321.833099365,329.723937988,38.71445465099998,16.70123345939874,False,False
9,0.2,9000,45000,5000,Relaxing.active,0,0,2,0.0,0.0,0.0,0.0,1.0,0.0,0.3278166299701891,True,False
9,0.2,9000,45000,5000,boundary.m_flow_in,0,0,2,0.0,0.0,0.0,0.0,20.0,0.0,5.913427196205702,True,False
9,0.2,9000,45000,5000,dL_rand,0,0,1,0.0,0.0,0.0,0.0,0.0,0.0,0.0,True,True
9,0.2,9000,45000,5000,dT_rand,0,0,1,0.0,0.0,0.0,0.0,0.0,0.0,0.0,True,True
9,0.2,9000,45000,5000,dir_valve_act,0,0,2,0.0,0.0,0.0,0.0,1.0,0.0,0.1678157594669177,True,False
9,0.2,9000,45000,5000,dt_rand,0,0,12,-0.842768609524,-0.36964020133,-0.041688285768,0.0,1.34412670135,0.36964020133,0.5937523154469406,False,False
9,0.2,9000,45000,5000,heater_act,0,0,2,0.0,0.0,1.0,1.0,1.0,1.0,0.4528562537183702,False,False
9,0.2,9000,45000,5000,inj_valve_act,0,0,2,0.0,0.0,0.0,0.0,1.0,0.0,0.29567135981028514,True,False
9,0.2,9000,45000,5000,inv_valve_act,0,0,2,0.0,0.0,0.0,0.0,1.0,0.0,0.16656295621262668,True,False
9,0.2,9000,45000,5000,limiter.y,0,0,1,283.0,283.0,283.0,283.0,283.0,0.0,0.0,True,True
9,0.2,9000,45000,5000,limiter1.y,0,0,12,91.5723114014,96.3035964966,99.583114624,100.0,113.441268921,3.6964035034000062,5.93752417807843,False,False
9,0.2,9000,45000,5000,out_valve_act,0,0,1,0.0,0.0,0.0,0.0,0.0,0.0,0.0,True,True
9,0.4,18000,45000,5000,C_level,0,0,385,0.00999999977648,0.00999999977648,0.00999999977648,0.0799999982119,0.136454671621,0.06999999843542,0.04357036586831807,False,False
9,0.4,18000,45000,5000,C_temperature.T,0,0,385,273.149993896,273.149993896,273.149993896,323.280975342,326.10824585,50.130981445999964,25.299053586017575,False,False
9,0.4,18000,45000,5000,HT_level,0,0,971,0.10000000149,0.10000000149,0.600000023842,0.600000023842,0.600000023842,0.500000022352,0.2305658610851218,False,False
9,0.4,18000,45000,5000,HT_temperature.T,0,0,17850,283.149993896,310.86053466775,323.53273010249995,329.4363708495,332.999603271,18.57583618174999,12.962497593324517,False,False
9,0.4,18000,45000,5000,RT_level,0,0,4026,0.5,1.41136658192,1.75,1.75,2.69854545593,0.3386334180799999,0.3795238398729119,False,False
9,0.4,18000,45000,5000,RT_level_ini,0,0,4,0.0,1.91136658192,2.25,2.25,2.70000004768,0.3386334180799999,0.5147048923446392,False,False
9,0.4,18000,45000,5000,RT_temperature.T,0,0,3213,283.033294678,294.1065979,309.419158936,321.833099365,330.421600342,27.726501465000013,15.377295209973004,False,False
9,0.4,18000,45000,5000,Relaxing.active,0,0,2,0.0,0.0,0.0,0.0,1.0,0.0,0.32301138063473345,True,False
9,0.4,18000,45000,5000,boundary.m_flow_in,0,0,2,0.0,0.0,0.0,0.0,20.0,0.0,7.107699908637565,True,False
9,0.4,18000,45000,5000,dL_rand,0,0,3,-0.677266776562,-0.677266776562,0.0,0.0,1.29670095444,0.677266776562,0.5629028945127621,False,False
9,0.4,18000,45000,5000,dT_rand,0,0,3,-0.677266776562,-0.677266776562,0.0,0.0,1.29670095444,0.677266776562,0.5629028945127621,False,False
9,0.4,18000,45000,5000,dir_valve_act,0,0,2,0.0,0.0,0.0,0.0,1.0,0.0,0.1609484358725537,True,False
9,0.4,18000,45000,5000,dt_rand,0,0,22,-1.06878876686,-0.36964020133,0.0,0.806268513203,1.92806792259,1.175908714533,0.8255354438009012,False,False
9,0.4,18000,45000,5000,heater_act,0,0,2,0.0,0.0,1.0,1.0,1.0,1.0,0.4795404766166189,False,False
9,0.4,18000,45000,5000,inj_valve_act,0,0,2,0.0,0.0,0.0,0.0,1.0,0.0,0.35538499543187824,True,False
9,0.4,18000,45000,5000,inv_valve_act,0,0,2,0.0,0.0,0.0,0.0,1.0,0.0,0.16273488899898383,True,False
9,0.4,18000,45000,5000,limiter.y,0,0,3,276.227325439,276.227325439,283.0,283.0,295.967010498,6.772674560999974,5.629031684191227,False,False
9,0.4,18000,45000,5000,limiter1.y,0,0,22,89.3121109009,96.3035964966,100.0,108.062683105,119.280677795,11.759086608400011,8.255355588108452,False,False
9,0.4,18000,45000,5000,out_valve_act,0,0,2,0.0,0.0,0.0,0.0,1.0,0.0,0.14412839262744412,True,False
9,0.6,27000,45000,5000,C_level,0,0,651,0.00999999977648,0.00999999977648,0.0799999982119,0.136454671621,0.224454671144,0.12645467184452,0.06794020950336474,False,False
9,0.6,27000,45000,5000,C_temperature.T,0,0,651,273.149993896,273.149993896,323.280975342,326.10824585,327.737670898,52.95825195399999,24.670915207053678,False,False
9,0.6,27000,45000,5000,HT_level,0,0,1556,0.10000000149,0.10000000149,0.600000023842,0.600000023842,0.600000023842,0.500000022352,0.23048910130061104,False,False
9,0.6,27000,45000,5000,HT_temperature.T,0,0,26568,283.149993896,313.018867493,324.8389434815,329.7163238525,332.999603271,16.697456359499995,12.098723578883874,False,False
9,0.6,27000,45000,5000,RT_level,0,0,5904,0.5,1.41136658192,1.75,2.20000004768,2.70000004768,0.78863346576,0.4657756229284185,False,False
9,0.6,27000,45000,5000,RT_level_ini,0,0,5,0.0,1.91136658192,2.25,2.70000004768,2.70000004768,0.78863346576,0.5279152084242944,False,False
9,0.6,27000,45000,5000,RT_temperature.T,0,0,4570,283.033294678,300.17407989525003,309.716369629,323.544525146,330.421600342,23.37044525074998,14.457534933143037,False,False
9,0.6,27000,45000,5000,Relaxing.active,0,0,2,0.0,0.0,0.0,0.0,1.0,0.0,0.33471357018826614,True,False
9,0.6,27000,45000,5000,boundary.m_flow_in,0,0,2,0.0,0.0,0.0,0.0,20.0,0.0,6.8731621650951515,True,False
9,0.6,27000,45000,5000,dL_rand,0,0,4,-0.677266776562,-0.677266776562,0.0,1.29670095444,1.29670095444,1.973967731002,0.7659408141567112,False,False
9,0.6,27000,45000,5000,dT_rand,0,0,4,-0.677266776562,-0.677266776562,0.0,1.29670095444,1.29670095444,1.973967731002,0.7659408141567112,False,False
9,0.6,27000,45000,5000,dir_valve_act,0,0,2,0.0,0.0,0.0,0.0,1.0,0.0,0.16550466770514094,True,False
9,0.6,27000,45000,5000,dt_rand,0,0,35,-1.16037476063,-0.45854061842,0.0,0.806268513203,2.20444345474,1.264809131623,0.8694043466508279,False,False
9,0.6,27000,45000,5000,heater_act,0,0,2,0.0,0.0,1.0,1.0,1.0,1.0,0.4805131931789566,False,False
9,0.6,27000,45000,5000,inj_valve_act,0,0,2,0.0,0.0,0.0,0.0,1.0,0.0,0.34365810825475746,True,False
9,0.6,27000,45000,5000,inv_valve_act,0,0,2,0.0,0.0,0.0,0.0,1.0,0.0,0.16884551399560627,True,False
9,0.6,27000,45000,5000,limiter.y,0,0,4,276.227325439,276.227325439,283.0,295.967010498,295.967010498,19.739685058999953,7.659410484931589,False,False
9,0.6,27000,45000,5000,limiter1.y,0,0,35,88.3962554932,95.4145965576,100.0,108.062683105,122.044433594,12.648086547399998,8.694043928517988,False,False
9,0.6,27000,45000,5000,out_valve_act,0,0,2,0.0,0.0,0.0,0.0,1.0,0.0,0.15293660664042924,True,False
9,0.8,36000,45000,5000,C_level,0,0,901,0.00999999977648,0.00999999977648,0.136454671621,0.224454671144,0.306788414717,0.21445467136752,0.09492175426776599,False,False
9,0.8,36000,45000,5000,C_temperature.T,0,0,901,273.149993896,273.149993896,326.10824585,327.737670898,328.414001465,54.587677001999964,23.128456419072958,False,False
9,0.8,36000,45000,5000,HT_level,0,0,2119,0.10000000149,0.10000000149,0.600000023842,0.600000023842,0.600000023842,0.500000022352,0.23016411436677536,False,False
9,0.8,36000,45000,5000,HT_temperature.T,0,0,35297,283.149993896,314.4803390505,325.31269836399997,329.82263183625,332.999603271,15.342292785750033,11.519741941368018,False,False
9,0.8,36000,45000,5000,RT_level,0,0,7811,0.5,1.71344140172,2.05834364891,2.20000004768,2.70000004768,0.4865586459600002,0.46627251083100363,False,False
9,0.8,36000,45000,5000,RT_level_ini,0,0,5,0.0,2.25,2.55834364891,2.70000004768,2.70000004768,0.4500000476800001,0.4837421000614271,False,False
9,0.8,36000,45000,5000,RT_temperature.T,0,0,5998,283.033294678,302.39816284175,310.9770812985,323.544525146,330.421600342,21.146362304250033,13.534258458956424,False,False
9,0.8,36000,45000,5000,Relaxing.active,0,0,2,0.0,0.0,0.0,0.0,1.0,0.0,0.3369487796749647,True,False
9,0.8,36000,45000,5000,boundary.m_flow_in,0,0,2,0.0,0.0,0.0,0.0,20.0,0.0,6.792789677189487,True,False
9,0.8,36000,45000,5000,dL_rand,0,0,5,-0.677266776562,0.0,0.61668753624,1.29670095444,1.52946567535,1.29670095444,0.7517364396794727,False,False
9,0.8,36000,45000,5000,dT_rand,0,0,5,-0.677266776562,0.0,0.61668753624,1.29670095444,1.52946567535,1.29670095444,0.7517364396794727,False,False
9,0.8,36000,45000,5000,dir_valve_act,0,0,2,0.0,0.0,0.0,0.0,1.0,0.0,0.1658466614412911,True,False
9,0.8,36000,45000,5000,dt_rand,0,0,48,-1.16037476063,-0.36964020133,-0.111270487309,0.806268513203,2.20444345474,1.175908714533,0.8515837314080182,False,False
9,0.8,36000,45000,5000,heater_act,0,0,2,0.0,0.0,1.0,1.0,1.0,1.0,0.4803694904517469,False,False
9,0.8,36000,45000,5000,inj_valve_act,0,0,2,0.0,0.0,0.0,0.0,1.0,0.0,0.3396394838594744,True,False
9,0.8,36000,45000,5000,inv_valve_act,0,0,2,0.0,0.0,0.0,0.0,1.0,0.0,0.17196095895511065,True,False
9,0.8,36000,45000,5000,limiter.y,0,0,5,276.227325439,283.0,289.166870117,295.967010498,298.294647217,12.96701049799998,7.517365131145805,False,False
9,0.8,36000,45000,5000,limiter1.y,0,0,48,88.3962554932,96.3035964966,98.887298584,108.062683105,122.044433594,11.759086608400011,8.515837803643075,False,False
9,0.8,36000,45000,5000,out_valve_act,0,0,2,0.0,0.0,0.0,0.0,1.0,0.0,0.15578865898512637,True,False
9,1.0,45000,45000,5000,C_level,0,0,1168,0.00999999977648,0.0799999982119,0.136454671621,0.306788414717,0.39478841424,0.2267884165051,0.12371000707558681,False,False
9,1.0,45000,45000,5000,C_temperature.T,0,0,1168,273.149993896,323.280975342,326.10824585,328.414001465,328.863037109,5.133026123000036,21.652949128677044,False,False
9,1.0,45000,45000,5000,HT_level,0,0,2708,0.10000000149,0.10000000149,0.600000023842,0.600000023842,0.600000023842,0.500000022352,0.23002853780577917,False,False
9,1.0,45000,45000,5000,HT_temperature.T,0,0,43786,283.149993896,315.08554077125,325.62013244649995,329.9091033935,332.999603271,14.823562622249995,11.194749833495008,False,False
9,1.0,45000,45000,5000,RT_level,0,0,9607,0.5,1.75,2.05834364891,2.20000004768,2.70000004768,0.4500000476800001,0.46752328098195006,False,False
9,1.0,45000,45000,5000,RT_level_ini,0,0,6,0.0,2.25,2.55834364891,2.70000004768,2.70000004768,0.4500000476800001,0.4513553253050449,False,False
9,1.0,45000,45000,5000,RT_temperature.T,0,0,7271,283.033294678,302.720855713,312.549865723,323.91015625,330.421600342,21.18930053700001,13.271208119690439,False,False
9,1.0,45000,45000,5000,Relaxing.active,0,0,2,0.0,0.0,0.0,0.0,1.0,0.0,0.3418697307101632,True,False
9,1.0,45000,45000,5000,boundary.m_flow_in,0,0,2,0.0,0.0,0.0,0.0,20.0,0.0,6.667490915511959,True,False
9,1.0,45000,45000,5000,dL_rand,0,0,6,-0.677266776562,0.0,0.61668753624,1.29670095444,1.52946567535,1.29670095444,0.7568647651888369,False,False
9,1.0,45000,45000,5000,dT_rand,0,0,6,-0.677266776562,0.0,0.61668753624,1.29670095444,1.52946567535,1.29670095444,0.7568647651888369,False,False
9,1.0,45000,45000,5000,dir_valve_act,0,0,2,0.0,0.0,0.0,0.0,1.0,0.0,0.16743358444504364,True,False
9,1.0,45000,45000,5000,dt_rand,0,0,61,-1.25882744789,-0.351939439774,0.0,1.16730248928,2.20444345474,1.519241929054,0.8707125884308873,False,False
9,1.0,45000,45000,5000,heater_act,0,0,2,0.0,0.0,1.0,1.0,1.0,1.0,0.4805266810927648,False,False
9,1.0,45000,45000,5000,inj_valve_act,0,0,2,0.0,0.0,0.0,0.0,1.0,0.0,0.33337454577559794,True,False
9,1.0,45000,45000,5000,inv_valve_act,0,0,2,0.0,0.0,0.0,0.0,1.0,0.0,0.17403946485625532,True,False
9,1.0,45000,45000,5000,limiter.y,0,0,6,276.227325439,283.0,289.166870117,295.967010498,298.294647217,12.96701049799998,7.568647008442025,False,False
9,1.0,45000,45000,5000,limiter1.y,0,0,61,87.4117279053,96.4806060791,100.0,111.673027039,122.044433594,15.192420959900005,8.707126279987552,False,False
9,1.0,45000,45000,5000,out_valve_act,0,0,2,0.0,0.0,0.0,0.0,1.0,0.0,0.15860641249274618,True,False
10,0.05,2250,45000,5000,C_level,0,0,1,0.00999999977648,0.00999999977648,0.00999999977648,0.00999999977648,0.00999999977648,0.0,0.0,True,True
10,0.05,2250,45000,5000,C_temperature.T,0,0,1,273.149993896,273.149993896,273.149993896,273.149993896,273.149993896,0.0,5.68560549438497e-14,True,False
10,0.05,2250,45000,5000,HT_level,0,0,23,0.10000000149,0.10000000149,0.600000023842,0.600000023842,0.600000023842,0.500000022352,0.2472290560238009,False,False
10,0.05,2250,45000,5000,HT_temperature.T,0,0,2250,283.149993896,287.765739441,290.374267578,310.97518920875,328.431213379,23.209449767750016,13.970714535481191,False,False
10,0.05,2250,45000,5000,RT_level,0,0,894,0.5,1.428598850965,1.75,1.75,2.24972319603,0.32140114903499994,0.4295202505725591,False,False
10,0.05,2250,45000,5000,RT_level_ini,0,0,2,0.0,0.0,2.25,2.25,2.25,2.25,1.1147952015886615,False,False
10,0.05,2250,45000,5000,RT_temperature.T,0,0,870,283.033294678,283.033294678,283.033294678,283.05082702625,283.149993896,0.017532348249972074,0.03169923561068816,False,False
10,0.05,2250,45000,5000,Relaxing.active,0,0,1,0.0,0.0,0.0,0.0,0.0,0.0,0.0,True,True
10,0.05,2250,45000,5000,boundary.m_flow_in,0,0,2,0.0,0.0,0.0,20.0,20.0,20.0,9.743953875233185,False,False
10,0.05,2250,45000,5000,dL_rand,0,0,1,0.0,0.0,0.0,0.0,0.0,0.0,0.0,True,True
10,0.05,2250,45000,5000,dT_rand,0,0,1,0.0,0.0,0.0,0.0,0.0,0.0,0.0,True,True
10,0.05,2250,45000,5000,dir_valve_act,0,0,2,0.0,0.0,0.0,0.0,1.0,0.0,0.0961786539807423,True,False
10,0.05,2250,45000,5000,dt_rand,0,0,1,0.0,0.0,0.0,0.0,0.0,0.0,0.0,True,True
10,0.05,2250,45000,5000,heater_act,0,0,2,0.0,0.0,1.0,1.0,1.0,1.0,0.49665667455379575,False,False
10,0.05,2250,45000,5000,inj_valve_act,0,0,2,0.0,0.0,0.0,1.0,1.0,1.0,0.4871976937616593,False,False
10,0.05,2250,45000,5000,inv_valve_act,0,0,1,0.0,0.0,0.0,0.0,0.0,0.0,0.0,True,True
10,0.05,2250,45000,5000,limiter.y,0,0,1,283.0,283.0,283.0,283.0,283.0,0.0,0.0,True,True
10,0.05,2250,45000,5000,limiter1.y,0,0,1,100.0,100.0,100.0,100.0,100.0,0.0,0.0,True,True
10,0.05,2250,45000,5000,out_valve_act,0,0,1,0.0,0.0,0.0,0.0,0.0,0.0,0.0,True,True
10,0.1,4500,45000,5000,C_level,0,0,1,0.00999999977648,0.00999999977648,0.00999999977648,0.00999999977648,0.00999999977648,0.0,0.0,True,True
10,0.1,4500,45000,5000,C_temperature.T,0,0,1,273.149993896,273.149993896,273.149993896,273.149993896,273.149993896,0.0,5.684973584908787e-14,True,False
10,0.1,4500,45000,5000,HT_level,0,0,112,0.10000000149,0.10000000149,0.600000023842,0.600000023842,0.600000023842,0.500000022352,0.21966316203728775,False,False
10,0.1,4500,45000,5000,HT_temperature.T,0,0,4500,283.149993896,290.3746643065,312.07284545899995,323.856086731,332.994384766,33.48142242450001,15.935235637219993,False,False
10,0.1,4500,45000,5000,RT_level,0,0,984,0.5,1.75,1.75,1.75,2.25,0.0,0.34444671025391765,True,False
10,0.1,4500,45000,5000,RT_level_ini,0,0,2,0.0,2.25,2.25,2.25,2.25,0.0,0.9260100184908424,True,False
10,0.1,4500,45000,5000,RT_temperature.T,0,0,921,283.033294678,283.033294678,283.118545532,294.1065979,302.719207764,11.073303221999993,7.906477978440636,False,False
10,0.1,4500,45000,5000,Relaxing.active,0,0,2,0.0,0.0,0.0,0.0,1.0,0.0,0.20061142370447885,True,False
10,0.1,4500,45000,5000,boundary.m_flow_in,0,0,2,0.0,0.0,0.0,0.0,20.0,0.0,7.902569132789706,True,False
10,0.1,4500,45000,5000,dL_rand,0,0,1,0.0,0.0,0.0,0.0,0.0,0.0,0.0,True,True
10,0.1,4500,45000,5000,dT_rand,0,0,1,0.0,0.0,0.0,0.0,0.0,0.0,0.0,True,True
10,0.1,4500,45000,5000,dir_valve_act,0,0,2,0.0,0.0,0.0,0.0,1.0,0.0,0.11841903079472783,True,False
10,0.1,4500,45000,5000,dt_rand,0,0,3,-0.994537174702,-0.994537174702,0.0,0.0,0.0,0.994537174702,0.41796591646641856,False,False
10,0.1,4500,45000,5000,heater_act,0,0,2,0.0,0.0,1.0,1.0,1.0,1.0,0.45023841233507805,False,False
10,0.1,4500,45000,5000,inj_valve_act,0,0,2,0.0,0.0,0.0,0.0,1.0,0.0,0.39512845663948537,True,False
10,0.1,4500,45000,5000,inv_valve_act,0,0,2,0.0,0.0,0.0,0.0,1.0,0.0,0.10059809778967732,True,False
10,0.1,4500,45000,5000,limiter.y,0,0,1,283.0,283.0,283.0,283.0,283.0,0.0,0.0,True,True
10,0.1,4500,45000,5000,limiter1.y,0,0,3,90.0546264648,90.0546264648,100.0,100.0,100.0,9.945373535200005,4.179660003618587,False,False
10,0.1,4500,45000,5000,out_valve_act,0,0,1,0.0,0.0,0.0,0.0,0.0,0.0,0.0,True,True
10,0.2,9000,45000,5000,C_level,0,0,1,0.00999999977648,0.00999999977648,0.00999999977648,0.00999999977648,0.00999999977648,0.0,0.0,True,True
10,0.2,9000,45000,5000,C_temperature.T,0,0,1,273.149993896,273.149993896,273.149993896,273.149993896,273.149993896,0.0,0.0,True,True
10,0.2,9000,45000,5000,HT_level,0,0,539,0.10000000149,0.279355071485,0.600000023842,0.600000023842,0.600000023842,0.320644952357,0.21318486602871908,False,False
10,0.2,9000,45000,5000,HT_temperature.T,0,0,8924,283.149993896,312.07546997049997,325.02029418949996,329.9142684935,332.998535156,17.838798523000037,14.854782122487418,False,False
10,0.2,9000,45000,5000,RT_level,0,0,1411,0.5,1.75,1.75,1.75,2.25,0.0,0.30055153845452653,True,False
10,0.2,9000,45000,5000,RT_level_ini,0,0,2,0.0,2.25,2.25,2.25,2.25,0.0,0.6983947272292862,True,False
10,0.2,9000,45000,5000,RT_temperature.T,0,0,1175,283.033294678,283.118644714,302.719207764,321.8331604,330.421600342,38.71451568599997,16.786792570144133,False,False
10,0.2,9000,45000,5000,Relaxing.active,0,0,2,0.0,0.0,0.0,0.0,1.0,0.0,0.3261453954601945,True,False
10,0.2,9000,45000,5000,boundary.m_flow_in,0,0,2,0.0,0.0,0.0,0.0,20.0,0.0,5.913427196205702,True,False
10,0.2,9000,45000,5000,dL_rand,0,0,1,0.0,0.0,0.0,0.0,0.0,0.0,0.0,True,True
10,0.2,9000,45000,5000,dT_rand,0,0,1,0.0,0.0,0.0,0.0,0.0,0.0,0.0,True,True
10,0.2,9000,45000,5000,dir_valve_act,0,0,2,0.0,0.0,0.0,0.0,1.0,0.0,0.16719067899281198,True,False
10,0.2,9000,45000,5000,dt_rand,0,0,13,-1.35737168789,-0.994537174702,-0.259926140308,0.0,0.726462602615,0.994537174702,0.5721365537422597,False,False
10,0.2,9000,45000,5000,heater_act,0,0,2,0.0,0.0,1.0,1.0,1.0,1.0,0.45316778362497084,False,False
10,0.2,9000,45000,5000,inj_valve_act,0,0,2,0.0,0.0,0.0,0.0,1.0,0.0,0.29567135981028514,True,False
10,0.2,9000,45000,5000,inv_valve_act,0,0,2,0.0,0.0,0.0,0.0,1.0,0.0,0.1730262751340179,True,False
10,0.2,9000,45000,5000,limiter.y,0,0,1,283.0,283.0,283.0,283.0,283.0,0.0,0.0,True,True
10,0.2,9000,45000,5000,limiter1.y,0,0,13,86.42628479,90.0546264648,97.4007415771,100.0,107.264625549,9.945373535200005,5.72136525333986,False,False
10,0.2,9000,45000,5000,out_valve_act,0,0,1,0.0,0.0,0.0,0.0,0.0,0.0,0.0,True,True
10,0.4,18000,45000,5000,C_level,0,0,478,0.00999999977648,0.00999999977648,0.00999999977648,0.0799999982119,0.167999997735,0.06999999843542,0.05534600615101015,False,False
10,0.4,18000,45000,5000,C_temperature.T,0,0,478,273.149993896,273.149993896,273.149993896,323.280975342,326.923522949,50.130981445999964,25.56774907102437,False,False
10,0.4,18000,45000,5000,HT_level,0,0,1059,0.10000000149,0.10000000149,0.600000023842,0.600000023842,0.600000023842,0.500000022352,0.23161278386224915,False,False
10,0.4,18000,45000,5000,HT_temperature.T,0,0,17824,283.149993896,311.69795227049997,324.682876587,329.76785278325,332.999816895,18.069900512750053,13.04309277680154,False,False
10,0.4,18000,45000,5000,RT_level,0,0,4142,0.5,1.75,1.75,2.20000004768,2.70000004768,0.4500000476800001,0.4826406531398555,False,False
10,0.4,18000,45000,5000,RT_level_ini,0,0,4,0.0,2.25,2.25,2.70000004768,2.70000004768,0.4500000476800001,0.5997211298987783,False,False
10,0.4,18000,45000,5000,RT_temperature.T,0,0,3198,283.033294678,294.1065979,314.629852295,323.810333252,330.421600342,29.703735352000024,16.019314076522694,False,False
10,0.4,18000,45000,5000,Relaxing.active,0,0,2,0.0,0.0,0.0,0.0,1.0,0.0,0.3282549188335643,True,False
10,0.4,18000,45000,5000,boundary.m_flow_in,0,0,2,0.0,0.0,0.0,0.0,20.0,0.0,7.034361667933212,True,False
10,0.4,18000,45000,5000,dL_rand,0,0,3,-0.940794110298,0.0,0.0,2.52275156975,2.52275156975,2.52275156975,1.3330212211894068,False,False
10,0.4,18000,45000,5000,dT_rand,0,0,3,-0.940794110298,0.0,0.0,2.52275156975,2.52275156975,2.52275156975,1.3330212211894068,False,False
10,0.4,18000,45000,5000,dir_valve_act,0,0,2,0.0,0.0,0.0,0.0,1.0,0.0,0.16749889446690314,True,False
10,0.4,18000,45000,5000,dt_rand,0,0,24,-1.35737168789,-0.920926570892,-0.22791223228,0.148380994797,0.831904053688,1.069307565689,0.6477075100572519,False,False
10,0.4,18000,45000,5000,heater_act,0,0,2,0.0,0.0,1.0,1.0,1.0,1.0,0.48262266925115566,False,False
10,0.4,18000,45000,5000,inj_valve_act,0,0,2,0.0,0.0,0.0,0.0,1.0,0.0,0.35171808339666066,True,False
10,0.4,18000,45000,5000,inv_valve_act,0,0,2,0.0,0.0,0.0,0.0,1.0,0.0,0.1701320475580996,True,False
10,0.4,18000,45000,5000,limiter.y,0,0,3,274.0,283.0,283.0,308.227508545,308.227508545,25.227508544999978,13.259643101868953,False,False
10,0.4,18000,45000,5000,limiter1.y,0,0,24,86.42628479,90.7907333374,97.7208786011,101.483810425,108.319038391,10.693077087600003,6.477074578111098,False,False
10,0.4,18000,45000,5000,out_valve_act,0,0,2,0.0,0.0,0.0,0.0,1.0,0.0,0.1602933026466468,True,False
10,0.6,27000,45000,5000,C_level,0,0,635,0.00999999977648,0.00999999977648,0.0799999982119,0.167999997735,0.219184115529,0.15799999795852,0.08085722337786701,False,False
10,0.6,27000,45000,5000,C_temperature.T,0,0,635,273.149993896,273.149993896,323.280975342,326.923522949,327.798919678,53.773529053000004,24.927298515985772,False,False
10,0.6,27000,45000,5000,HT_level,0,0,1646,0.10000000149,0.10000000149,0.600000023842,0.600000023842,0.600000023842,0.500000022352,0.22682799840586157,False,False
10,0.6,27000,45000,5000,HT_temperature.T,0,0,26531,283.149993896,314.82040405275,325.543624878,329.9118423465,332.999816895,15.091438293750002,11.890945044179267,False,False
10,0.6,27000,45000,5000,RT_level,0,0,5452,0.5,1.27960300446,1.75,2.020173251625,2.70000004768,0.7405702471650002,0.4920578847851683,False,False
10,0.6,27000,45000,5000,RT_level_ini,0,0,5,0.0,1.77960300446,2.25,2.25,2.70000004768,0.47039699554000003,0.5482907499663218,False,False
10,0.6,27000,45000,5000,RT_temperature.T,0,0,4106,283.033294678,300.07518768324996,313.477355957,323.810302734,330.650299072,23.73511505075004,14.967822176392817,False,False
10,0.6,27000,45000,5000,Relaxing.active,0,0,2,0.0,0.0,0.0,0.0,1.0,0.0,0.335779165104226,True,False
10,0.6,27000,45000,5000,boundary.m_flow_in,0,0,2,0.0,0.0,0.0,0.0,20.0,0.0,6.4364604605420155,True,False
10,0.6,27000,45000,5000,dL_rand,0,0,4,-1.22971284389,-0.940794110298,0.0,0.0,2.52275156975,0.940794110298,1.3958437304182842,False,False
10,0.6,27000,45000,5000,dT_rand,0,0,4,-1.22971284389,-0.940794110298,0.0,0.0,2.52275156975,0.940794110298,1.3958437304182842,False,False
10,0.6,27000,45000,5000,dir_valve_act,0,0,2,0.0,0.0,0.0,0.0,1.0,0.0,0.1698743590708815,True,False
10,0.6,27000,45000,5000,dt_rand,0,0,37,-1.74318671227,-0.889797687531,-0.0654316842556,0.221655935049,2.17996764183,1.11145362258,0.6794776657672672,False,False
10,0.6,27000,45000,5000,heater_act,0,0,2,0.0,0.0,1.0,1.0,1.0,1.0,0.4756899956879387,False,False
10,0.6,27000,45000,5000,inj_valve_act,0,0,2,0.0,0.0,0.0,0.0,1.0,0.0,0.32182302302710086,True,False
10,0.6,27000,45000,5000,inv_valve_act,0,0,2,0.0,0.0,0.0,0.0,1.0,0.0,0.1737212098680127,True,False
10,0.6,27000,45000,5000,limiter.y,0,0,3,274.0,274.0,283.0,283.0,308.227508545,9.0,13.344275601011583,False,False
10,0.6,27000,45000,5000,limiter1.y,0,0,37,82.5681304932,91.1020202637,99.3456802368,102.216560364,121.799674988,11.114540100300005,6.794776435195114,False,False
10,0.6,27000,45000,5000,out_valve_act,0,0,2,0.0,0.0,0.0,0.0,1.0,0.0,0.15107958674496907,True,False
10,0.8,36000,45000,5000,C_level,0,0,774,0.00999999977648,0.00999999977648,0.167999997735,0.219184115529,0.264589875937,0.20918411575252,0.09752626666747265,False,False
10,0.8,36000,45000,5000,C_temperature.T,0,0,774,273.149993896,273.149993896,326.923522949,327.798919678,328.287017822,54.64892578199999,23.27452999900223,False,False
10,0.8,36000,45000,5000,HT_level,0,0,2255,0.10000000149,0.10000000149,0.600000023842,0.600000023842,0.600000023842,0.500000022352,0.2272528808961272,False,False
10,0.8,36000,45000,5000,HT_temperature.T,0,0,34990,283.149993896,315.76863861075003,326.058288574,330.04390716525,332.999816895,14.275268554499974,11.345699349755138,False,False
10,0.8,36000,45000,5000,RT_level,0,0,7193,0.5,1.27960300446,1.75,1.99449908733,2.70000004768,0.71489608287,0.4913150261217045,False,False
10,0.8,36000,45000,5000,RT_level_ini,0,0,6,0.0,1.77960300446,2.25,2.49449896812,2.70000004768,0.7148959636599999,0.5189661455119183,False,False
10,0.8,36000,45000,5000,RT_temperature.T,0,0,5457,283.033294678,301.896697998,314.224334717,324.28427124,330.650299072,22.38757324200003,14.33255923928617,False,False
10,0.8,36000,45000,5000,Relaxing.active,0,0,2,0.0,0.0,0.0,0.0,1.0,0.0,0.34302914887558916,True,False
10,0.8,36000,45000,5000,boundary.m_flow_in,0,0,2,0.0,0.0,0.0,0.0,20.0,0.0,6.394581018909699,True,False
10,0.8,36000,45000,5000,dL_rand,0,0,5,-1.22971284389,-0.940794110298,0.0,0.48899808526,2.52275156975,1.429792195558,1.2430227112882286,False,False
10,0.8,36000,45000,5000,dT_rand,0,0,5,-1.22971284389,-0.940794110298,0.0,0.48899808526,2.52275156975,1.429792195558,1.2430227112882286,False,False
10,0.8,36000,45000,5000,dir_valve_act,0,0,2,0.0,0.0,0.0,0.0,1.0,0.0,0.17104809731732667,True,False
10,0.8,36000,45000,5000,dt_rand,0,0,51,-1.74318671227,-0.546800136566,-0.0916470810771,0.221655935049,2.17996764183,0.768456071615,0.7043149914161592,False,False
10,0.8,36000,45000,5000,heater_act,0,0,2,0.0,0.0,1.0,1.0,1.0,1.0,0.476871267458983,False,False
10,0.8,36000,45000,5000,inj_valve_act,0,0,2,0.0,0.0,0.0,0.0,1.0,0.0,0.319729050945485,True,False
10,0.8,36000,45000,5000,inv_valve_act,0,0,2,0.0,0.0,0.0,0.0,1.0,0.0,0.17710645862318752,True,False
10,0.8,36000,45000,5000,limiter.y,0,0,4,274.0,274.0,283.0,287.889984131,308.227508545,13.889984131000006,11.790756156064548,False,False
10,0.8,36000,45000,5000,limiter1.y,0,0,51,82.5681304932,94.5319976807,99.0835266113,102.216560364,121.799674988,7.684562683300001,7.043149651890724,False,False
10,0.8,36000,45000,5000,out_valve_act,0,0,2,0.0,0.0,0.0,0.0,1.0,0.0,0.14458697987239225,True,False
10,1.0,45000,45000,5000,C_level,0,0,1187,0.00999999977648,0.0799999982119,0.219184115529,0.264589875937,0.39982226491,0.1845898777251,0.12116452460143134,False,False
10,1.0,45000,45000,5000,C_temperature.T,0,0,1187,273.149993896,323.280975342,327.798919678,328.287017822,328.975219727,5.006042480000019,21.73530117206811,False,False
10,1.0,45000,45000,5000,HT_level,0,0,2728,0.10000000149,0.10000000149,0.600000023842,0.600000023842,0.600000023842,0.500000022352,0.2284438419362851,False,False
10,1.0,45000,45000,5000,HT_temperature.T,0,0,43653,283.149993896,314.94222259525,325.5196990965,329.91211700450003,333.0,14.96989440925006,11.15686507061764,False,False
10,1.0,45000,45000,5000,RT_level,0,0,9258,0.5,1.27960300446,1.75,1.99449908733,2.70000004768,0.71489608287,0.4865756970950116,False,False
10,1.0,45000,45000,5000,RT_level_ini,0,0,8,0.0,1.77960300446,2.25,2.49449896812,2.70000004768,0.7148959636599999,0.48428084669343874,False,False
10,1.0,45000,45000,5000,RT_temperature.T,0,0,6898,283.033294678,301.318595886,314.224334717,324.28427124,330.650299072,22.965675353999984,14.425099866536062,False,False
10,1.0,45000,45000,5000,Relaxing.active,0,0,2,0.0,0.0,0.0,0.0,1.0,0.0,0.33931412667280153,True,False
10,1.0,45000,45000,5000,boundary.m_flow_in,0,0,2,0.0,0.0,0.0,0.0,20.0,0.0,6.467465161268631,True,False
10,1.0,45000,45000,5000,dL_rand,0,0,7,-1.54359567165,-0.940794110298,0.0,0.48899808526,2.52275156975,1.429792195558,1.1928960780052702,False,False
10,1.0,45000,45000,5000,dT_rand,0,0,7,-1.54359567165,-0.940794110298,0.0,0.48899808526,2.52275156975,1.429792195558,1.1928960780052702,False,False
10,1.0,45000,45000,5000,dir_valve_act,0,0,2,0.0,0.0,0.0,0.0,1.0,0.0,0.1691124411625299,True,False
10,1.0,45000,45000,5000,dt_rand,0,0,61,-1.74318671227,-0.433545947075,0.0,0.426953941584,2.17996764183,0.8604998886590001,0.835121501534917,False,False
10,1.0,45000,45000,5000,heater_act,0,0,2,0.0,0.0,1.0,1.0,1.0,1.0,0.47814656985582343,False,False
10,1.0,45000,45000,5000,inj_valve_act,0,0,2,0.0,0.0,0.0,0.0,1.0,0.0,0.32337325806343153,True,False
10,1.0,45000,45000,5000,inv_valve_act,0,0,2,0.0,0.0,0.0,0.0,1.0,0.0,0.17361992898436934,True,False
10,1.0,45000,45000,5000,limiter.y,0,0,5,274.0,274.0,283.0,287.889984131,308.227508545,13.889984131000006,11.2442692705301,False,False
10,1.0,45000,45000,5000,limiter1.y,0,0,61,82.5681304932,95.6645431519,100.0,104.269538879,121.799674988,8.60499572709999,8.351214747132,False,False
10,1.0,45000,45000,5000,out_valve_act,0,0,2,0.0,0.0,0.0,0.0,1.0,0.0,0.15979732392158583,True,False
11,0.05,2250,45000,5000,C_level,0,0,1,0.00999999977648,0.00999999977648,0.00999999977648,0.00999999977648,0.00999999977648,0.0,0.0,True,True
11,0.05,2250,45000,5000,C_temperature.T,0,0,1,273.149993896,273.149993896,273.149993896,273.149993896,273.149993896,0.0,5.68560549438497e-14,True,False
11,0.05,2250,45000,5000,HT_level,0,0,23,0.10000000149,0.10000000149,0.600000023842,0.600000023842,0.600000023842,0.500000022352,0.2472290560238009,False,False
11,0.05,2250,45000,5000,HT_temperature.T,0,0,2250,283.149993896,287.765739441,290.374267578,310.97518920875,328.431213379,23.209449767750016,13.970714535481191,False,False
11,0.05,2250,45000,5000,RT_level,0,0,894,0.5,1.428598850965,1.75,1.75,2.24972319603,0.32140114903499994,0.4295202505725591,False,False
11,0.05,2250,45000,5000,RT_level_ini,0,0,2,0.0,0.0,2.25,2.25,2.25,2.25,1.1147952015886615,False,False
11,0.05,2250,45000,5000,RT_temperature.T,0,0,870,283.033294678,283.033294678,283.033294678,283.05082702625,283.149993896,0.017532348249972074,0.03169923561068816,False,False
11,0.05,2250,45000,5000,Relaxing.active,0,0,1,0.0,0.0,0.0,0.0,0.0,0.0,0.0,True,True
11,0.05,2250,45000,5000,boundary.m_flow_in,0,0,2,0.0,0.0,0.0,20.0,20.0,20.0,9.743953875233185,False,False
11,0.05,2250,45000,5000,dL_rand,0,0,1,0.0,0.0,0.0,0.0,0.0,0.0,0.0,True,True
11,0.05,2250,45000,5000,dT_rand,0,0,1,0.0,0.0,0.0,0.0,0.0,0.0,0.0,True,True
11,0.05,2250,45000,5000,dir_valve_act,0,0,2,0.0,0.0,0.0,0.0,1.0,0.0,0.0961786539807423,True,False
11,0.05,2250,45000,5000,dt_rand,0,0,1,0.0,0.0,0.0,0.0,0.0,0.0,0.0,True,True
11,0.05,2250,45000,5000,heater_act,0,0,2,0.0,0.0,1.0,1.0,1.0,1.0,0.49665667455379575,False,False
11,0.05,2250,45000,5000,inj_valve_act,0,0,2,0.0,0.0,0.0,1.0,1.0,1.0,0.4871976937616593,False,False
11,0.05,2250,45000,5000,inv_valve_act,0,0,1,0.0,0.0,0.0,0.0,0.0,0.0,0.0,True,True
11,0.05,2250,45000,5000,limiter.y,0,0,1,283.0,283.0,283.0,283.0,283.0,0.0,0.0,True,True
11,0.05,2250,45000,5000,limiter1.y,0,0,1,100.0,100.0,100.0,100.0,100.0,0.0,0.0,True,True
11,0.05,2250,45000,5000,out_valve_act,0,0,1,0.0,0.0,0.0,0.0,0.0,0.0,0.0,True,True
11,0.1,4500,45000,5000,C_level,0,0,1,0.00999999977648,0.00999999977648,0.00999999977648,0.00999999977648,0.00999999977648,0.0,0.0,True,True
11,0.1,4500,45000,5000,C_temperature.T,0,0,1,273.149993896,273.149993896,273.149993896,273.149993896,273.149993896,0.0,5.684973584908787e-14,True,False
11,0.1,4500,45000,5000,HT_level,0,0,113,0.10000000149,0.10000000149,0.600000023842,0.600000023842,0.600000023842,0.500000022352,0.21964872463242543,False,False
11,0.1,4500,45000,5000,HT_temperature.T,0,0,4496,283.149993896,290.3746643065,312.07270813,323.85616302475,332.995513916,33.48149871825001,15.935153290871243,False,False
11,0.1,4500,45000,5000,RT_level,0,0,985,0.5,1.75,1.75,1.75,2.25,0.0,0.34442054581032083,True,False
11,0.1,4500,45000,5000,RT_level_ini,0,0,2,0.0,2.25,2.25,2.25,2.25,0.0,0.9260100184908424,True,False
11,0.1,4500,45000,5000,RT_temperature.T,0,0,921,283.033294678,283.033294678,283.118545532,294.1065979,302.719024658,11.073303221999993,7.9062468120600276,False,False
11,0.1,4500,45000,5000,Relaxing.active,0,0,2,0.0,0.0,0.0,0.0,1.0,0.0,0.1995934471509839,True,False
11,0.1,4500,45000,5000,boundary.m_flow_in,0,0,2,0.0,0.0,0.0,0.0,20.0,0.0,7.902569132789706,True,False
11,0.1,4500,45000,5000,dL_rand,0,0,1,0.0,0.0,0.0,0.0,0.0,0.0,0.0,True,True
11,0.1,4500,45000,5000,dT_rand,0,0,1,0.0,0.0,0.0,0.0,0.0,0.0,0.0,True,True
11,0.1,4500,45000,5000,dir_valve_act,0,0,2,0.0,0.0,0.0,0.0,1.0,0.0,0.11841903079472783,True,False
11,0.1,4500,45000,5000,dt_rand,0,0,3,-0.99829095602,-0.99829095602,0.0,0.0,0.0,0.99829095602,0.419109163716301,False,False
11,0.1,4500,45000,5000,heater_act,0,0,2,0.0,0.0,1.0,1.0,1.0,1.0,0.45013094283613775,False,False
11,0.1,4500,45000,5000,inj_valve_act,0,0,2,0.0,0.0,0.0,0.0,1.0,0.0,0.39512845663948537,True,False
11,0.1,4500,45000,5000,inv_valve_act,0,0,2,0.0,0.0,0.0,0.0,1.0,0.0,0.1016742606632601,True,False
11,0.1,4500,45000,5000,limiter.y,0,0,1,283.0,283.0,283.0,283.0,283.0,0.0,0.0,True,True
11,0.1,4500,45000,5000,limiter1.y,0,0,3,90.0170898438,90.0170898438,100.0,100.0,100.0,9.982910156200006,4.191091923975479,False,False
11,0.1,4500,45000,5000,out_valve_act,0,0,1,0.0,0.0,0.0,0.0,0.0,0.0,0.0,True,True
11,0.2,9000,45000,5000,C_level,0,0,1,0.00999999977648,0.00999999977648,0.00999999977648,0.00999999977648,0.00999999977648,0.0,0.0,True,True
11,0.2,9000,45000,5000,C_temperature.T,0,0,1,273.149993896,273.149993896,273.149993896,273.149993896,273.149993896,0.0,0.0,True,True
11,0.2,9000,45000,5000,HT_level,0,0,518,0.10000000149,0.2412854284045,0.600000023842,0.600000023842,0.600000023842,0.3587145954375,0.2144369683215393,False,False
11,0.2,9000,45000,5000,HT_temperature.T,0,0,8943,283.149993896,312.075202942,324.9759521485,329.7273101805,332.99887085,17.652107238500037,14.805031165793984,False,False
11,0.2,9000,45000,5000,RT_level,0,0,1390,0.5,1.75,1.75,1.75,2.25,0.0,0.3020570214999461,True,False
11,0.2,9000,45000,5000,RT_level_ini,0,0,2,0.0,2.25,2.25,2.25,2.25,0.0,0.6983947272292862,True,False
11,0.2,9000,45000,5000,RT_temperature.T,0,0,1150,283.033294678,283.118644714,302.719024658,321.832519531,329.72366333,38.713874816999976,16.719311655021166,False,False
11,0.2,9000,45000,5000,Relaxing.active,0,0,2,0.0,0.0,0.0,0.0,1.0,0.0,0.3313661998757136,True,False
11,0.2,9000,45000,5000,boundary.m_flow_in,0,0,2,0.0,0.0,0.0,0.0,20.0,0.0,5.913427196205702,True,False
11,0.2,9000,45000,5000,dL_rand,0,0,1,0.0,0.0,0.0,0.0,0.0,0.0,0.0,True,True
11,0.2,9000,45000,5000,dT_rand,0,0,1,0.0,0.0,0.0,0.0,0.0,0.0,0.0,True,True
11,0.2,9000,45000,5000,dir_valve_act,0,0,2,0.0,0.0,0.0,0.0,1.0,0.0,0.16750354766636694,True,False
11,0.2,9000,45000,5000,dt_rand,0,0,12,-1.69902646542,-0.689718306065,0.0,0.0,1.79049038887,0.689718306065,0.9447186789158944,False,False
11,0.2,9000,45000,5000,heater_act,0,0,2,0.0,0.0,1.0,1.0,1.0,1.0,0.4541976055949677,False,False
11,0.2,9000,45000,5000,inj_valve_act,0,0,2,0.0,0.0,0.0,0.0,1.0,0.0,0.29567135981028514,True,False
11,0.2,9000,45000,5000,inv_valve_act,0,0,2,0.0,0.0,0.0,0.0,1.0,0.0,0.16624809460935963,True,False
11,0.2,9000,45000,5000,limiter.y,0,0,1,283.0,283.0,283.0,283.0,283.0,0.0,0.0,True,True
11,0.2,9000,45000,5000,limiter1.y,0,0,12,83.0097351074,93.1028137207,100.0,100.0,117.904907227,6.897186279300001,9.4471878022908,False,False
11,0.2,9000,45000,5000,out_valve_act,0,0,1,0.0,0.0,0.0,0.0,0.0,0.0,0.0,True,True
11,0.4,18000,45000,5000,C_level,0,0,379,0.00999999977648,0.00999999977648,0.00999999977648,0.0799999982119,0.135711222887,0.06999999843542,0.035251709421589526,False,False
11,0.4,18000,45000,5000,C_temperature.T,0,0,379,273.149993896,273.149993896,273.149993896,323.280761719,326.263977051,50.130767822999985,25.01197148267229,False,False
11,0.4,18000,45000,5000,HT_level,0,0,1131,0.10000000149,0.10000000149,0.600000023842,0.600000023842,0.600000023842,0.500000022352,0.22585826867214417,False,False
11,0.4,18000,45000,5000,HT_temperature.T,0,0,17786,283.149993896,315.41116333,326.0812072755,330.04379272475,332.999908447,14.632629394749983,12.66250388026856,False,False
11,0.4,18000,45000,5000,RT_level,0,0,3477,0.5,1.75,2.149433016775,2.20000004768,2.70000004768,0.4500000476800001,0.42419604235007896,False,False
11,0.4,18000,45000,5000,RT_level_ini,0,0,3,0.0,2.25,2.25,2.70000004768,2.70000004768,0.4500000476800001,0.5939339275633349,False,False
11,0.4,18000,45000,5000,RT_temperature.T,0,0,2606,283.033294678,299.391296387,310.64175415,324.283813477,330.528137207,24.892517090000013,15.12467641909036,False,False
11,0.4,18000,45000,5000,Relaxing.active,0,0,2,0.0,0.0,0.0,0.0,1.0,0.0,0.34566603150989955,True,False
11,0.4,18000,45000,5000,boundary.m_flow_in,0,0,2,0.0,0.0,0.0,0.0,20.0,0.0,6.2385297577856305,True,False
11,0.4,18000,45000,5000,dL_rand,0,0,2,0.0,0.0,0.0,0.937833786011,0.937833786011,0.937833786011,0.46849619272463033,False,False
11,0.4,18000,45000,5000,dT_rand,0,0,2,0.0,0.0,0.0,0.937833786011,0.937833786011,0.937833786011,0.46849619272463033,False,False
11,0.4,18000,45000,5000,dir_valve_act,0,0,2,0.0,0.0,0.0,0.0,1.0,0.0,0.1708977900891568,True,False
11,0.4,18000,45000,5000,dt_rand,0,0,26,-2.48545789719,-0.689718306065,0.0,0.649647533894,1.79049038887,1.339365839959,0.9522495202545708,False,False
11,0.4,18000,45000,5000,heater_act,0,0,2,0.0,0.0,1.0,1.0,1.0,1.0,0.4746511236219402,False,False
11,0.4,18000,45000,5000,inj_valve_act,0,0,2,0.0,0.0,0.0,0.0,1.0,0.0,0.3119264878892815,True,False
11,0.4,18000,45000,5000,inv_valve_act,0,0,2,0.0,0.0,0.0,0.0,1.0,0.0,0.17762144939872426,True,False
11,0.4,18000,45000,5000,limiter.y,0,0,2,283.0,283.0,283.0,292.378326416,292.378326416,9.378326415999993,4.684956210324982,False,False
11,0.4,18000,45000,5000,limiter1.y,0,0,26,75.1454238892,93.1028137207,100.0,106.49647522,117.904907227,13.393661499299995,9.522495390235598,False,False
11,0.4,18000,45000,5000,out_valve_act,0,0,2,0.0,0.0,0.0,0.0,1.0,0.0,0.14320235320816502,True,False
11,0.6,27000,45000,5000,C_level,0,0,643,0.00999999977648,0.00999999977648,0.0799999982119,0.167999997735,0.221806272864,0.15799999795852,0.0718634431315676,False,False
11,0.6,27000,45000,5000,C_temperature.T,0,0,643,273.149993896,273.149993896,323.280761719,327.087799072,327.889068604,53.93780517599998,24.748486115450767,False,False
11,0.6,27000,45000,5000,HT_level,0,0,1581,0.10000000149,0.10000000149,0.600000023842,0.600000023842,0.600000023842,0.500000022352,0.22771066273761634,False,False
11,0.6,27000,45000,5000,HT_temperature.T,0,0,26495,283.149993896,313.58506774875,325.0011596675,329.79246521025,332.999908447,16.207397461499966,12.079947836875677,False,False
11,0.6,27000,45000,5000,RT_level,0,0,5613,0.5,1.34515666962,1.75,2.20000004768,2.70000004768,0.8548433780600002,0.4746041249654007,False,False
11,0.6,27000,45000,5000,RT_level_ini,0,0,5,0.0,1.84515666962,2.25,2.70000004768,2.70000004768,0.8548433780600002,0.5343879065021344,False,False
11,0.6,27000,45000,5000,RT_temperature.T,0,0,4292,283.033294678,297.39230346700003,310.074371338,323.338897705,330.528137207,25.94659423799999,15.046659930669128,False,False
11,0.6,27000,45000,5000,Relaxing.active,0,0,2,0.0,0.0,0.0,0.0,1.0,0.0,0.3312283188636728,True,False
11,0.6,27000,45000,5000,boundary.m_flow_in,0,0,2,0.0,0.0,0.0,0.0,20.0,0.0,6.6245663772734575,True,False
11,0.6,27000,45000,5000,dL_rand,0,0,4,-0.809686601162,-0.809686601162,0.0,0.937833786011,0.937833786011,1.747520387173,0.680608192376642,False,False
11,0.6,27000,45000,5000,dT_rand,0,0,4,-0.809686601162,-0.809686601162,0.0,0.937833786011,0.937833786011,1.747520387173,0.680608192376642,False,False
11,0.6,27000,45000,5000,dir_valve_act,0,0,2,0.0,0.0,0.0,0.0,1.0,0.0,0.1650817098393316,True,False
11,0.6,27000,45000,5000,dt_rand,0,0,36,-2.48545789719,-0.997497498989,0.0,0.649647533894,1.79049038887,1.647145032883,0.962667650582499,False,False
11,0.6,27000,45000,5000,heater_act,0,0,2,0.0,0.0,1.0,1.0,1.0,1.0,0.47630936637003124,False,False
11,0.6,27000,45000,5000,inj_valve_act,0,0,2,0.0,0.0,0.0,0.0,1.0,0.0,0.3312283188636729,True,False
11,0.6,27000,45000,5000,inv_valve_act,0,0,2,0.0,0.0,0.0,0.0,1.0,0.0,0.1718099925240626,True,False
11,0.6,27000,45000,5000,limiter.y,0,0,4,274.903137207,274.903137207,283.0,292.378326416,292.378326416,17.475189209000007,6.806076431242229,False,False
11,0.6,27000,45000,5000,limiter1.y,0,0,36,75.1454238892,90.0250244141,100.0,106.49647522,117.904907227,16.47145080589999,9.626676826431794,False,False
11,0.6,27000,45000,5000,out_valve_act,0,0,2,0.0,0.0,0.0,0.0,1.0,0.0,0.15201122124898173,True,False
11,0.8,36000,45000,5000,C_level,0,0,827,0.00999999977648,0.00999999977648,0.135876171291,0.221806272864,0.282121539116,0.21180627308752,0.09362920184714982,False,False
11,0.8,36000,45000,5000,C_temperature.T,0,0,827,273.149993896,273.149993896,326.269165039,327.889068604,328.448547363,54.739074707999976,23.21813710110694,False,False
11,0.8,36000,45000,5000,HT_level,0,0,2100,0.10000000149,0.10000000149,0.600000023842,0.600000023842,0.600000023842,0.500000022352,0.22766889352261796,False,False
11,0.8,36000,45000,5000,HT_temperature.T,0,0,35112,283.149993896,314.42267608625,325.0986938475,329.78386688225,332.999908447,15.36119079599996,11.483327299794063,False,False
11,0.8,36000,45000,5000,RT_level,0,0,7411,0.5,1.50788140297,1.75,2.20000004768,2.70000004768,0.6921186447100001,0.4647509578529532,False,False
11,0.8,36000,45000,5000,RT_level_ini,0,0,5,0.0,2.00788140297,2.25,2.70000004768,2.70000004768,0.6921186447100003,0.48848827675509726,False,False
11,0.8,36000,45000,5000,RT_temperature.T,0,0,5668,283.033294678,301.54510498,310.074371338,323.068634033,330.528137207,21.523529053000004,13.990297985615609,False,False
11,0.8,36000,45000,5000,Relaxing.active,0,0,2,0.0,0.0,0.0,0.0,1.0,0.0,0.33403257769647476,True,False
11,0.8,36000,45000,5000,boundary.m_flow_in,0,0,2,0.0,0.0,0.0,0.0,20.0,0.0,6.603745566689151,True,False
11,0.8,36000,45000,5000,dL_rand,0,0,5,-0.809686601162,-0.484237194061,0.0,0.937833786011,1.3393048048,1.422070980072,0.7473407279977722,False,False
11,0.8,36000,45000,5000,dT_rand,0,0,5,-0.809686601162,-0.484237194061,0.0,0.937833786011,1.3393048048,1.422070980072,0.7473407279977722,False,False
11,0.8,36000,45000,5000,dir_valve_act,0,0,2,0.0,0.0,0.0,0.0,1.0,0.0,0.16576763364643451,True,False
11,0.8,36000,45000,5000,dt_rand,0,0,47,-2.48545789719,-0.736899912357,0.0,0.766777575016,2.19693589211,1.5036774873729999,1.0793772012489864,False,False
11,0.8,36000,45000,5000,heater_act,0,0,2,0.0,0.0,1.0,1.0,1.0,1.0,0.4761827890762763,False,False
11,0.8,36000,45000,5000,inj_valve_act,0,0,2,0.0,0.0,0.0,0.0,1.0,0.0,0.33018727833445755,True,False
11,0.8,36000,45000,5000,inv_valve_act,0,0,2,0.0,0.0,0.0,0.0,1.0,0.0,0.1705895904086403,True,False
11,0.8,36000,45000,5000,limiter.y,0,0,5,274.903137207,278.157623291,283.0,292.378326416,296.393035889,14.220703125,7.473402180883475,False,False
11,0.8,36000,45000,5000,limiter1.y,0,0,47,75.1454238892,92.6310043335,100.0,107.667778015,121.969360352,15.036773681499994,10.793772229513163,False,False
11,0.8,36000,45000,5000,out_valve_act,0,0,2,0.0,0.0,0.0,0.0,1.0,0.0,0.1493740004701116,True,False
11,1.0,45000,45000,5000,C_level,0,0,1094,0.00999999977648,0.0799999982119,0.167999997735,0.282121539116,0.370121538639,0.2021215409041,0.11746126534031255,False,False
11,1.0,45000,45000,5000,C_temperature.T,0,0,1094,273.149993896,323.280761719,327.087799072,328.448547363,328.888580322,5.167785643999991,21.733153703684884,False,False
11,1.0,45000,45000,5000,HT_level,0,0,2735,0.10000000149,0.10000000149,0.600000023842,0.600000023842,0.600000023842,0.500000022352,0.22886382104822162,False,False
11,1.0,45000,45000,5000,HT_temperature.T,0,0,43545,283.149993896,315.37573242175,325.571609497,329.9112091065,332.999908447,14.535476684749995,11.139445101249317,False,False
11,1.0,45000,45000,5000,RT_level,0,0,9406,0.5,1.50788140297,1.84515666962,2.20000004768,2.70000004768,0.6921186447100001,0.4879347041039551,False,False
11,1.0,45000,45000,5000,RT_level_ini,0,0,5,0.0,2.00788140297,2.25,2.70000004768,2.70000004768,0.6921186447100003,0.4812007020968897,False,False
11,1.0,45000,45000,5000,RT_temperature.T,0,0,7118,283.033294678,302.672149658,312.820007324,323.332328796,330.528137207,20.66017913799999,13.359955845187498,False,False
11,1.0,45000,45000,5000,Relaxing.active,0,0,2,0.0,0.0,0.0,0.0,1.0,0.0,0.3404171839779644,True,False
11,1.0,45000,45000,5000,boundary.m_flow_in,0,0,2,0.0,0.0,0.0,0.0,20.0,0.0,6.590690069484441,True,False
11,1.0,45000,45000,5000,dL_rand,0,0,6,-0.809686601162,-0.484237194061,0.0,1.3393048048,1.41596722603,1.823541998861,0.8382765027506883,False,False
11,1.0,45000,45000,5000,dT_rand,0,0,6,-0.809686601162,-0.484237194061,0.0,1.3393048048,1.41596722603,1.823541998861,0.8382765027506883,False,False
11,1.0,45000,45000,5000,dir_valve_act,0,0,2,0.0,0.0,0.0,0.0,1.0,0.0,0.16905059658216173,True,False
11,1.0,45000,45000,5000,dt_rand,0,0,61,-2.48545789719,-0.650257885456,0.0,0.766777575016,2.19693589211,1.417035460472,1.0720329997167724,False,False
11,1.0,45000,45000,5000,heater_act,0,0,2,0.0,0.0,1.0,1.0,1.0,1.0,0.4788205246945612,False,False
11,1.0,45000,45000,5000,inj_valve_act,0,0,2,0.0,0.0,0.0,0.0,1.0,0.0,0.32953450347422203,True,False
11,1.0,45000,45000,5000,inv_valve_act,0,0,2,0.0,0.0,0.0,0.0,1.0,0.0,0.17409930467742532,True,False
11,1.0,45000,45000,5000,limiter.y,0,0,6,274.903137207,278.157623291,283.0,296.393035889,297.159667969,18.235412597999982,8.382760546456304,False,False
11,1.0,45000,45000,5000,limiter1.y,0,0,61,75.1454238892,93.4974212646,100.0,107.667778015,121.969360352,14.17035675039999,10.720330349934796,False,False
11,1.0,45000,45000,5000,out_valve_act,0,0,2,0.0,0.0,0.0,0.0,1.0,0.0,0.1536025297473191,True,False
12,0.05,1798,35944,3994,C_level,0,0,1,0.00999999977648,0.00999999977648,0.00999999977648,0.00999999977648,0.00999999977648,0.0,0.0,True,True
12,0.05,1798,35944,3994,C_temperature.T,0,0,1,273.149993896,273.149993896,273.149993896,273.149993896,273.149993896,0.0,5.685923285996242e-14,True,False
12,0.05,1798,35944,3994,HT_level,0,0,23,0.10000000149,0.10000000149,0.10000000149,0.600000023842,0.600000023842,0.500000022352,0.24797561977997323,False,False
12,0.05,1798,35944,3994,HT_temperature.T,0,0,1798,283.149993896,287.03668212875,289.5053710935,298.7453079225,314.662658691,11.708625793750002,8.74595442863228,False,False
12,0.05,1798,35944,3994,RT_level,0,0,894,0.5,1.2015968561175001,1.75,1.75,2.24972319603,0.5484031438824999,0.4674138650280742,False,False
12,0.05,1798,35944,3994,RT_level_ini,0,0,2,0.0,0.0,0.0,2.25,2.25,2.25,1.1215968785929864,False,False
12,0.05,1798,35944,3994,RT_temperature.T,0,0,870,283.033294678,283.033294678,283.03544616700003,283.06046295175,283.149993896,0.0271682737500214,0.034172968056566694,False,False
12,0.05,1798,35944,3994,Relaxing.active,0,0,1,0.0,0.0,0.0,0.0,0.0,0.0,0.0,True,True
12,0.05,1798,35944,3994,boundary.m_flow_in,0,0,2,0.0,0.0,0.0,20.0,20.0,20.0,9.99792922305108,False,False
12,0.05,1798,35944,3994,dL_rand,0,0,1,0.0,0.0,0.0,0.0,0.0,0.0,0.0,True,True
12,0.05,1798,35944,3994,dT_rand,0,0,1,0.0,0.0,0.0,0.0,0.0,0.0,0.0,True,True
12,0.05,1798,35944,3994,dir_valve_act,0,0,2,0.0,0.0,0.0,0.0,1.0,0.0,0.10746931457578007,True,False
12,0.05,1798,35944,3994,dt_rand,0,0,1,0.0,0.0,0.0,0.0,0.0,0.0,0.0,True,True
12,0.05,1798,35944,3994,heater_act,0,0,2,0.0,0.0,0.0,1.0,1.0,1.0,0.4973975962890406,False,False
12,0.05,1798,35944,3994,inj_valve_act,0,0,2,0.0,0.0,0.0,1.0,1.0,1.0,0.49989646115255404,False,False
12,0.05,1798,35944,3994,inv_valve_act,0,0,1,0.0,0.0,0.0,0.0,0.0,0.0,0.0,True,True
12,0.05,1798,35944,3994,limiter.y,0,0,1,283.0,283.0,283.0,283.0,283.0,0.0,0.0,True,True
12,0.05,1798,35944,3994,limiter1.y,0,0,1,100.0,100.0,100.0,100.0,100.0,0.0,0.0,True,True
12,0.05,1798,35944,3994,out_valve_act,0,0,1,0.0,0.0,0.0,0.0,0.0,0.0,0.0,True,True
12,0.1,3595,35944,3994,C_level,0,0,1,0.00999999977648,0.00999999977648,0.00999999977648,0.00999999977648,0.00999999977648,0.0,0.0,True,True
12,0.1,3595,35944,3994,C_temperature.T,0,0,1,273.149993896,273.149993896,273.149993896,273.149993896,273.149993896,0.0,5.685132641024611e-14,True,False
12,0.1,3595,35944,3994,HT_level,0,0,68,0.10000000149,0.10000000149,0.600000023842,0.600000023842,0.600000023842,0.500000022352,0.22855774479759075,False,False
12,0.1,3595,35944,3994,HT_temperature.T,0,0,3594,283.149993896,289.5053710935,307.201080322,321.836456299,332.99395752,32.33108520550002,16.27811741830782,False,False
12,0.1,3595,35944,3994,RT_level,0,0,940,0.5,1.75,1.75,1.75,2.25,0.0,0.36851122997688734,True,False
12,0.1,3595,35944,3994,RT_level_ini,0,0,2,0.0,0.0,2.25,2.25,2.25,2.25,0.9994850722514812,False,False
12,0.1,3595,35944,3994,RT_temperature.T,0,0,895,283.033294678,283.033294678,283.047302246,294.1065979,294.106628418,11.073303221999993,5.167001687892836,False,False
12,0.1,3595,35944,3994,Relaxing.active,0,0,2,0.0,0.0,0.0,0.0,1.0,0.0,0.1579339504273732,True,False
12,0.1,3595,35944,3994,boundary.m_flow_in,0,0,2,0.0,0.0,0.0,0.0,20.0,0.0,8.570460172127506,True,False
12,0.1,3595,35944,3994,dL_rand,0,0,1,0.0,0.0,0.0,0.0,0.0,0.0,0.0,True,True
12,0.1,3595,35944,3994,dT_rand,0,0,1,0.0,0.0,0.0,0.0,0.0,0.0,0.0,True,True
12,0.1,3595,35944,3994,dir_valve_act,0,0,2,0.0,0.0,0.0,0.0,1.0,0.0,0.10872570254537488,True,False
12,0.1,3595,35944,3994,dt_rand,0,0,2,-0.840235590935,-0.840235590935,0.0,0.0,0.0,0.840235590935,0.3945190306158497,False,False
12,0.1,3595,35944,3994,heater_act,0,0,2,0.0,0.0,1.0,1.0,1.0,1.0,0.46431124283492264,False,False
12,0.1,3595,35944,3994,inj_valve_act,0,0,2,0.0,0.0,0.0,0.0,1.0,0.0,0.4285230086063754,True,False
12,0.1,3595,35944,3994,inv_valve_act,0,0,2,0.0,0.0,0.0,0.0,1.0,0.0,0.07974090483424041,True,False
12,0.1,3595,35944,3994,limiter.y,0,0,1,283.0,283.0,283.0,283.0,283.0,0.0,0.0,True,True
12,0.1,3595,35944,3994,limiter1.y,0,0,2,91.5976409912,91.5976409912,100.0,100.0,100.0,8.402359008800005,3.9451917614551113,False,False
12,0.1,3595,35944,3994,out_valve_act,0,0,1,0.0,0.0,0.0,0.0,0.0,0.0,0.0,True,True
12,0.2,7189,35944,3994,C_level,0,0,1,0.00999999977648,0.00999999977648,0.00999999977648,0.00999999977648,0.00999999977648,0.0,0.0,True,True
12,0.2,7189,35944,3994,C_temperature.T,0,0,1,273.149993896,273.149993896,273.149993896,273.149993896,273.149993896,0.0,0.0,True,True
12,0.2,7189,35944,3994,HT_level,0,0,294,0.10000000149,0.510924994946,0.600000023842,0.600000023842,0.600000023842,0.08907502889600005,0.20859953893014413,False,False
12,0.2,7189,35944,3994,HT_temperature.T,0,0,7125,283.149993896,307.06060791,321.106140137,328.336547852,332.998413086,21.275939942000036,15.28008738889116,False,False
12,0.2,7189,35944,3994,RT_level,0,0,1166,0.5,1.75,1.75,1.75,2.25,0.0,0.3056707013919783,True,False
12,0.2,7189,35944,3994,RT_level_ini,0,0,2,0.0,2.25,2.25,2.25,2.25,0.0,0.7694276841267187,True,False
12,0.2,7189,35944,3994,RT_temperature.T,0,0,1024,283.033294678,283.047302246,294.106628418,309.417816162,321.832000732,26.370513915999993,13.942145863199226,False,False
12,0.2,7189,35944,3994,Relaxing.active,0,0,2,0.0,0.0,0.0,0.0,1.0,0.0,0.2736410074161262,True,False
12,0.2,7189,35944,3994,boundary.m_flow_in,0,0,2,0.0,0.0,0.0,0.0,20.0,0.0,6.526654271124385,True,False
12,0.2,7189,35944,3994,dL_rand,0,0,1,0.0,0.0,0.0,0.0,0.0,0.0,0.0,True,True
12,0.2,7189,35944,3994,dT_rand,0,0,1,0.0,0.0,0.0,0.0,0.0,0.0,0.0,True,True
12,0.2,7189,35944,3994,dir_valve_act,0,0,2,0.0,0.0,0.0,0.0,1.0,0.0,0.14387233544569542,True,False
12,0.2,7189,35944,3994,dt_rand,0,0,7,-0.840235590935,-0.798272669315,0.0,0.0,1.00842308998,0.798272669315,0.5088162211195986,False,False
12,0.2,7189,35944,3994,heater_act,0,0,2,0.0,0.0,1.0,1.0,1.0,1.0,0.4371973779106437,False,False
12,0.2,7189,35944,3994,inj_valve_act,0,0,2,0.0,0.0,0.0,0.0,1.0,0.0,0.32633271355621934,True,False
12,0.2,7189,35944,3994,inv_valve_act,0,0,2,0.0,0.0,0.0,0.0,1.0,0.0,0.13819409848800465,True,False
12,0.2,7189,35944,3994,limiter.y,0,0,1,283.0,283.0,283.0,283.0,283.0,0.0,0.0,True,True
12,0.2,7189,35944,3994,limiter1.y,0,0,7,91.5976409912,92.0172729492,100.0,100.0,110.084228516,7.982727050799994,5.088162499501824,False,False
12,0.2,7189,35944,3994,out_valve_act,0,0,1,0.0,0.0,0.0,0.0,0.0,0.0,0.0,True,True
12,0.4,14378,35944,3994,C_level,0,0,213,0.00999999977648,0.00999999977648,0.00999999977648,0.0799999982119,0.0799999982119,0.06999999843542,0.03345817853156525,False,False
12,0.4,14378,35944,3994,C_temperature.T,0,0,213,273.149993896,273.149993896,273.149993896,323.280822754,323.280822754,50.13082885799997,24.06877642807013,False,False
12,0.4,14378,35944,3994,HT_level,0,0,744,0.10000000149,0.137030880898,0.600000023842,0.600000023842,0.600000023842,0.46296914294400004,0.2175835523451647,False,False
12,0.4,14378,35944,3994,HT_temperature.T,0,0,14252,283.149993896,312.33481597875004,323.56806945799997,329.36800384475,332.999389648,17.033187865999935,13.250231798484922,False,False
12,0.4,14378,35944,3994,RT_level,0,0,2520,0.5,1.38858449459,1.75,1.75,2.25,0.3614155054099999,0.3450703576600605,False,False
12,0.4,14378,35944,3994,RT_level_ini,0,0,3,0.0,1.88858449459,2.25,2.25,2.25,0.3614155054099999,0.5600093795574488,False,False
12,0.4,14378,35944,3994,RT_temperature.T,0,0,1974,283.033294678,290.209411621,302.719177246,318.680145264,330.421447754,28.47073364299996,15.2930861165666,False,False
12,0.4,14378,35944,3994,Relaxing.active,0,0,2,0.0,0.0,0.0,0.0,1.0,0.0,0.311370424088015,True,False
12,0.4,14378,35944,3994,boundary.m_flow_in,0,0,2,0.0,0.0,0.0,0.0,20.0,0.0,6.223911144000649,True,False
12,0.4,14378,35944,3994,dL_rand,0,0,2,-0.722830891609,-0.722830891609,0.0,0.0,0.0,0.722830891609,0.3457558987566181,False,False
12,0.4,14378,35944,3994,dT_rand,0,0,2,-0.722830891609,-0.722830891609,0.0,0.0,0.0,0.722830891609,0.3457558987566181,False,False
12,0.4,14378,35944,3994,dir_valve_act,0,0,2,0.0,0.0,0.0,0.0,1.0,0.0,0.15834543686470381,True,False
12,0.4,14378,35944,3994,dt_rand,0,0,17,-1.65407264233,-0.87081515789,-0.551072716713,0.0,2.19925546646,0.87081515789,0.9223754631261405,False,False
12,0.4,14378,35944,3994,heater_act,0,0,2,0.0,0.0,1.0,1.0,1.0,1.0,0.45725260849308796,False,False
12,0.4,14378,35944,3994,inj_valve_act,0,0,2,0.0,0.0,0.0,0.0,1.0,0.0,0.3111955572000324,True,False
12,0.4,14378,35944,3994,inv_valve_act,0,0,2,0.0,0.0,0.0,0.0,1.0,0.0,0.15876148589392589,True,False
12,0.4,14378,35944,3994,limiter.y,0,0,2,275.771697998,275.771697998,283.0,283.0,283.0,7.228302002000021,3.4575556803093623,False,False
12,0.4,14378,35944,3994,limiter1.y,0,0,17,83.459274292,91.291847229,94.4892730713,100.0,121.992553711,8.708152771000002,9.223755023926854,False,False
12,0.4,14378,35944,3994,out_valve_act,0,0,2,0.0,0.0,0.0,0.0,1.0,0.0,0.1202532433594915,True,False
12,0.6,21567,35944,3994,C_level,0,0,383,0.00999999977648,0.00999999977648,0.0799999982119,0.1261566504835,0.135543376207,0.11615665070702,0.05103039171184945,False,False
12,0.6,21567,35944,3994,C_temperature.T,0,0,383,273.149993896,273.149993896,323.280822754,325.81472778349996,326.118988037,52.66473388749995,25.347602864194165,False,False
12,0.6,21567,35944,3994,HT_level,0,0,1151,0.10000000149,0.10000000149,0.600000023842,0.600000023842,0.600000023842,0.500000022352,0.22169323761903492,False,False
12,0.6,21567,35944,3994,HT_temperature.T,0,0,21264,283.149993896,313.32127380400004,324.116729736,329.482757568,332.999908447,16.161483763999968,12.266608980297882,False,False
12,0.6,21567,35944,3994,RT_level,0,0,3986,0.5,1.38858449459,1.75,1.78692734241,2.28692746162,0.39834284781999996,0.3463452057392148,False,False
12,0.6,21567,35944,3994,RT_level_ini,0,0,4,0.0,1.88858449459,2.25,2.25,2.28692746162,0.3614155054099999,0.47550409921104586,False,False
12,0.6,21567,35944,3994,RT_temperature.T,0,0,3095,283.033294678,294.1065979,309.061126709,318.680145264,330.421447754,24.573547363999978,14.641402021674184,False,False
12,0.6,21567,35944,3994,Relaxing.active,0,0,2,0.0,0.0,0.0,0.0,1.0,0.0,0.3215194883243931,True,False
12,0.6,21567,35944,3994,boundary.m_flow_in,0,0,2,0.0,0.0,0.0,0.0,20.0,0.0,6.3477599165522465,True,False
12,0.6,21567,35944,3994,dL_rand,0,0,3,-0.722830891609,-0.722830891609,0.0,0.0,0.0738547965884,0.722830891609,0.35129424612603843,False,False
12,0.6,21567,35944,3994,dT_rand,0,0,3,-0.722830891609,-0.722830891609,0.0,0.0,0.0738547965884,0.722830891609,0.35129424612603843,False,False
12,0.6,21567,35944,3994,dir_valve_act,0,0,2,0.0,0.0,0.0,0.0,1.0,0.0,0.1598632115634799,True,False
12,0.6,21567,35944,3994,dt_rand,0,0,26,-1.65407264233,-0.840235590935,-0.395764023066,0.868129491806,2.19925546646,1.708365082741,0.9362643720108569,False,False
12,0.6,21567,35944,3994,heater_act,0,0,2,0.0,0.0,1.0,1.0,1.0,1.0,0.4647551306975286,False,False
12,0.6,21567,35944,3994,inj_valve_act,0,0,2,0.0,0.0,0.0,0.0,1.0,0.0,0.31738799582761235,True,False
12,0.6,21567,35944,3994,inv_valve_act,0,0,2,0.0,0.0,0.0,0.0,1.0,0.0,0.16218054166058768,True,False
12,0.6,21567,35944,3994,limiter.y,0,0,3,275.771697998,275.771697998,283.0,283.0,283.738555908,7.228302002000021,3.512940860875453,False,False
12,0.6,21567,35944,3994,limiter1.y,0,0,26,83.459274292,91.5976409912,96.0423583984,108.681297302,121.992553711,17.08365631080001,9.362644281833171,False,False
12,0.6,21567,35944,3994,out_valve_act,0,0,2,0.0,0.0,0.0,0.0,1.0,0.0,0.1315669666793743,True,False
12,0.8,28756,35944,3994,C_level,0,0,601,0.00999999977648,0.00999999977648,0.0799999982119,0.135543376207,0.20702047646,0.12554337643052,0.06942210863604592,False,False
12,0.8,28756,35944,3994,C_temperature.T,0,0,601,273.149993896,273.149993896,323.280822754,326.118988037,327.562744141,52.968994140999996,24.3330521036285,False,False
12,0.8,28756,35944,3994,HT_level,0,0,1601,0.10000000149,0.10000000149,0.600000023842,0.600000023842,0.600000023842,0.500000022352,0.22583255939143476,False,False
12,0.8,28756,35944,3994,HT_temperature.T,0,0,28218,283.149993896,313.75210571275,324.477005005,329.59373474125,332.999908447,15.841629028499995,11.791957639031736,False,False
12,0.8,28756,35944,3994,RT_level,0,0,5750,0.5,1.4091984927649999,1.75,1.908259749415,2.70000004768,0.4990612566500001,0.40223899343445785,False,False
12,0.8,28756,35944,3994,RT_level_ini,0,0,5,0.0,1.88858449459,2.25,2.28692746162,2.70000004768,0.39834296702999983,0.4654561249138849,False,False
12,0.8,28756,35944,3994,RT_temperature.T,0,0,4449,283.033294678,299.391815186,309.417785645,321.508911133,330.421447754,22.117095947000053,14.130422213335121,False,False
12,0.8,28756,35944,3994,Relaxing.active,0,0,2,0.0,0.0,0.0,0.0,1.0,0.0,0.3278837111495998,True,False
12,0.8,28756,35944,3994,boundary.m_flow_in,0,0,2,0.0,0.0,0.0,0.0,20.0,0.0,6.576046276016445,True,False
12,0.8,28756,35944,3994,dL_rand,0,0,4,-0.722830891609,0.0,0.0,0.0738547965884,0.941984295845,0.0738547965884,0.5163709577475939,False,False
12,0.8,28756,35944,3994,dT_rand,0,0,4,-0.722830891609,0.0,0.0,0.0738547965884,0.941984295845,0.0738547965884,0.5163709577475939,False,False
12,0.8,28756,35944,3994,dir_valve_act,0,0,2,0.0,0.0,0.0,0.0,1.0,0.0,0.16255099832279854,True,False
12,0.8,28756,35944,3994,dt_rand,0,0,36,-1.65407264233,-0.798272669315,-0.189947202802,0.787224948406,2.19925546646,1.5854976177209998,0.9103634296243176,False,False
12,0.8,28756,35944,3994,heater_act,0,0,2,0.0,0.0,1.0,1.0,1.0,1.0,0.47239515655275943,False,False
12,0.8,28756,35944,3994,inj_valve_act,0,0,2,0.0,0.0,0.0,0.0,1.0,0.0,0.32880231380082225,True,False
12,0.8,28756,35944,3994,inv_valve_act,0,0,2,0.0,0.0,0.0,0.0,1.0,0.0,0.16624683459114734,True,False
12,0.8,28756,35944,3994,limiter.y,0,0,4,275.771697998,283.0,283.0,283.738555908,292.419830322,0.7385559080000235,5.163703963983904,False,False
12,0.8,28756,35944,3994,limiter1.y,0,0,36,83.459274292,92.0172729492,98.1005249023,107.872245789,121.992553711,15.854972839799998,9.103634505418317,False,False
12,0.8,28756,35944,3994,out_valve_act,0,0,2,0.0,0.0,0.0,0.0,1.0,0.0,0.14258533359010803,True,False
12,1.0,35944,35944,3994,C_level,0,0,868,0.00999999977648,0.00999999977648,0.135543376207,0.20702047646,0.295020490885,0.19702047668352,0.08862070015478068,False,False
12,1.0,35944,35944,3994,C_temperature.T,0,0,868,273.149993896,273.149993896,326.118988037,327.562744141,328.453582764,54.412750244999984,23.062423108151467,False,False
12,1.0,35944,35944,3994,HT_level,0,0,2098,0.10000000149,0.10000000149,0.600000023842,0.600000023842,0.600000023842,0.500000022352,0.22903841072826497,False,False
12,1.0,35944,35944,3994,HT_temperature.T,0,0,35095,283.149993896,314.1378173825,325.072036743,329.77232360875,332.999908447,15.63450622625004,11.530869533370797,False,False
12,1.0,35944,35944,3994,RT_level,0,0,7609,0.5,1.708519667385,1.78692734241,2.20000004768,2.70000004768,0.4914803802950001,0.4500879090108161,False,False
12,1.0,35944,35944,3994,RT_level_ini,0,0,5,0.0,2.25,2.28692746162,2.70000004768,2.70000004768,0.4500000476800001,0.471426201949085,False,False
12,1.0,35944,35944,3994,RT_temperature.T,0,0,5825,283.033294678,301.50177002,309.806915283,323.5151824955,330.52835083,22.013412475500047,13.892664475192621,False,False
12,1.0,35944,35944,3994,Relaxing.active,0,0,2,0.0,0.0,0.0,0.0,1.0,0.0,0.33548841792403084,True,False
12,1.0,35944,35944,3994,boundary.m_flow_in,0,0,2,0.0,0.0,0.0,0.0,20.0,0.0,6.706692526767792,True,False
12,1.0,35944,35944,3994,dL_rand,0,0,5,-0.722830891609,0.0,0.0738547965884,0.941984295845,1.20145273209,0.941984295845,0.6274196361561716,False,False
12,1.0,35944,35944,3994,dT_rand,0,0,5,-0.722830891609,0.0,0.0738547965884,0.941984295845,1.20145273209,0.941984295845,0.6274196361561716,False,False
12,1.0,35944,35944,3994,dir_valve_act,0,0,2,0.0,0.0,0.0,0.0,1.0,0.0,0.16605108260550708,True,False
12,1.0,35944,35944,3994,dt_rand,0,0,47,-1.65407264233,-0.551072716713,-0.296151608229,0.723410725594,2.19925546646,1.274483442307,0.864631054165691,False,False
12,1.0,35944,35944,3994,heater_act,0,0,2,0.0,0.0,1.0,1.0,1.0,1.0,0.4784176717447251,False,False
12,1.0,35944,35944,3994,inj_valve_act,0,0,2,0.0,0.0,0.0,0.0,1.0,0.0,0.3353346263383897,True,False
12,1.0,35944,35944,3994,inv_valve_act,0,0,2,0.0,0.0,0.0,0.0,1.0,0.0,0.17048837773032424,True,False
12,1.0,35944,35944,3994,limiter.y,0,0,5,275.771697998,283.0,283.738555908,292.419830322,295.014526367,9.419830321999996,6.274190264035869,False,False
12,1.0,35944,35944,3994,limiter1.y,0,0,47,83.459274292,94.4892730713,97.038482666,107.234107971,121.992553711,12.744834899699995,8.646310826760619,False,False
12,1.0,35944,35944,3994,out_valve_act,0,0,2,0.0,0.0,0.0,0.0,1.0,0.0,0.15308090319195466,True,False
13,0.05,2250,45000,5000,C_level,0,0,1,0.00999999977648,0.00999999977648,0.00999999977648,0.00999999977648,0.00999999977648,0.0,0.0,True,True
13,0.05,2250,45000,5000,C_temperature.T,0,0,1,273.149993896,273.149993896,273.149993896,273.149993896,273.149993896,0.0,5.68560549438497e-14,True,False
13,0.05,2250,45000,5000,HT_level,0,0,23,0.10000000149,0.10000000149,0.600000023842,0.600000023842,0.600000023842,0.500000022352,0.2472290560238009,False,False
13,0.05,2250,45000,5000,HT_temperature.T,0,0,2250,283.149993896,287.765739441,290.374267578,310.97518920875,328.431213379,23.209449767750016,13.970714535481191,False,False
13,0.05,2250,45000,5000,RT_level,0,0,894,0.5,1.428598850965,1.75,1.75,2.24972319603,0.32140114903499994,0.4295202505725591,False,False
13,0.05,2250,45000,5000,RT_level_ini,0,0,2,0.0,0.0,2.25,2.25,2.25,2.25,1.1147952015886615,False,False
13,0.05,2250,45000,5000,RT_temperature.T,0,0,870,283.033294678,283.033294678,283.033294678,283.05082702625,283.149993896,0.017532348249972074,0.03169923561068816,False,False
13,0.05,2250,45000,5000,Relaxing.active,0,0,1,0.0,0.0,0.0,0.0,0.0,0.0,0.0,True,True
13,0.05,2250,45000,5000,boundary.m_flow_in,0,0,2,0.0,0.0,0.0,20.0,20.0,20.0,9.743953875233185,False,False
13,0.05,2250,45000,5000,dL_rand,0,0,1,0.0,0.0,0.0,0.0,0.0,0.0,0.0,True,True
13,0.05,2250,45000,5000,dT_rand,0,0,1,0.0,0.0,0.0,0.0,0.0,0.0,0.0,True,True
13,0.05,2250,45000,5000,dir_valve_act,0,0,2,0.0,0.0,0.0,0.0,1.0,0.0,0.0961786539807423,True,False
13,0.05,2250,45000,5000,dt_rand,0,0,1,0.0,0.0,0.0,0.0,0.0,0.0,0.0,True,True
13,0.05,2250,45000,5000,heater_act,0,0,2,0.0,0.0,1.0,1.0,1.0,1.0,0.49665667455379575,False,False
13,0.05,2250,45000,5000,inj_valve_act,0,0,2,0.0,0.0,0.0,1.0,1.0,1.0,0.4871976937616593,False,False
13,0.05,2250,45000,5000,inv_valve_act,0,0,1,0.0,0.0,0.0,0.0,0.0,0.0,0.0,True,True
13,0.05,2250,45000,5000,limiter.y,0,0,1,283.0,283.0,283.0,283.0,283.0,0.0,0.0,True,True
13,0.05,2250,45000,5000,limiter1.y,0,0,1,100.0,100.0,100.0,100.0,100.0,0.0,0.0,True,True
13,0.05,2250,45000,5000,out_valve_act,0,0,1,0.0,0.0,0.0,0.0,0.0,0.0,0.0,True,True
13,0.1,4500,45000,5000,C_level,0,0,1,0.00999999977648,0.00999999977648,0.00999999977648,0.00999999977648,0.00999999977648,0.0,0.0,True,True
13,0.1,4500,45000,5000,C_temperature.T,0,0,1,273.149993896,273.149993896,273.149993896,273.149993896,273.149993896,0.0,5.684973584908787e-14,True,False
13,0.1,4500,45000,5000,HT_level,0,0,112,0.10000000149,0.10000000149,0.600000023842,0.600000023842,0.600000023842,0.500000022352,0.2208418497918089,False,False
13,0.1,4500,45000,5000,HT_temperature.T,0,0,4500,283.149993896,290.3746643065,312.02293396,323.80825042725,332.99395752,33.43358612075002,15.907479857900494,False,False
13,0.1,4500,45000,5000,RT_level,0,0,984,0.5,1.75,1.75,1.75,2.25,0.0,0.3465748605854021,True,False
13,0.1,4500,45000,5000,RT_level_ini,0,0,2,0.0,2.25,2.25,2.25,2.25,0.0,0.9260100184908424,True,False
13,0.1,4500,45000,5000,RT_temperature.T,0,0,921,283.033294678,283.033294678,283.118545532,294.1065979,302.718994141,11.073303221999993,7.8860349344575456,False,False
13,0.1,4500,45000,5000,Relaxing.active,0,0,2,0.0,0.0,0.0,0.0,1.0,0.0,0.2104690044812397,True,False
13,0.1,4500,45000,5000,boundary.m_flow_in,0,0,2,0.0,0.0,0.0,0.0,20.0,0.0,7.902569132789706,True,False
13,0.1,4500,45000,5000,dL_rand,0,0,1,0.0,0.0,0.0,0.0,0.0,0.0,0.0,True,True
13,0.1,4500,45000,5000,dT_rand,0,0,1,0.0,0.0,0.0,0.0,0.0,0.0,0.0,True,True
13,0.1,4500,45000,5000,dir_valve_act,0,0,2,0.0,0.0,0.0,0.0,1.0,0.0,0.11841903079472783,True,False
13,0.1,4500,45000,5000,dt_rand,0,0,3,-0.190435498953,-0.190435498953,0.0,0.0,0.989226937294,0.190435498953,0.4278704385898418,False,False
13,0.1,4500,45000,5000,heater_act,0,0,2,0.0,0.0,1.0,1.0,1.0,1.0,0.4523595112965165,False,False
13,0.1,4500,45000,5000,inj_valve_act,0,0,2,0.0,0.0,0.0,0.0,1.0,0.0,0.39512845663948537,True,False
13,0.1,4500,45000,5000,inv_valve_act,0,0,2,0.0,0.0,0.0,0.0,1.0,0.0,0.10059809778967732,True,False
13,0.1,4500,45000,5000,limiter.y,0,0,1,283.0,283.0,283.0,283.0,283.0,0.0,0.0,True,True
13,0.1,4500,45000,5000,limiter1.y,0,0,3,98.0956420898,98.0956420898,100.0,100.0,109.892272949,1.9043579102000052,4.278706397054971,False,False
13,0.1,4500,45000,5000,out_valve_act,0,0,1,0.0,0.0,0.0,0.0,0.0,0.0,0.0,True,True
13,0.2,9000,45000,5000,C_level,0,0,1,0.00999999977648,0.00999999977648,0.00999999977648,0.00999999977648,0.00999999977648,0.0,0.0,True,True
13,0.2,9000,45000,5000,C_temperature.T,0,0,1,273.149993896,273.149993896,273.149993896,273.149993896,273.149993896,0.0,0.0,True,True
13,0.2,9000,45000,5000,HT_level,0,0,537,0.10000000149,0.28458855301175,0.600000023842,0.600000023842,0.600000023842,0.31541147083025,0.21291361389979707,False,False
13,0.2,9000,45000,5000,HT_temperature.T,0,0,8965,283.149993896,312.0284194945,325.014312744,329.84217071525,332.999664307,17.81375122075002,14.844058953205932,False,False
13,0.2,9000,45000,5000,RT_level,0,0,1409,0.5,1.75,1.75,1.75,2.25,0.0,0.30019305875853564,True,False
13,0.2,9000,45000,5000,RT_level_ini,0,0,2,0.0,2.25,2.25,2.25,2.25,0.0,0.6983947272292862,True,False
13,0.2,9000,45000,5000,RT_temperature.T,0,0,1176,283.033294678,283.118644714,302.718994141,321.47155761700003,330.421600342,38.352912903000004,16.727943580491036,False,False
13,0.2,9000,45000,5000,Relaxing.active,0,0,2,0.0,0.0,0.0,0.0,1.0,0.0,0.3249795911087063,True,False
13,0.2,9000,45000,5000,boundary.m_flow_in,0,0,2,0.0,0.0,0.0,0.0,20.0,0.0,5.913427196205702,True,False
13,0.2,9000,45000,5000,dL_rand,0,0,1,0.0,0.0,0.0,0.0,0.0,0.0,0.0,True,True
13,0.2,9000,45000,5000,dT_rand,0,0,1,0.0,0.0,0.0,0.0,0.0,0.0,0.0,True,True
13,0.2,9000,45000,5000,dir_valve_act,0,0,2,0.0,0.0,0.0,0.0,1.0,0.0,0.16656295621262668,True,False
13,0.2,9000,45000,5000,dt_rand,0,0,13,-2.23160505295,-0.719656944275,0.0,0.318277537823,1.5237891674,1.037934482098,0.8451542044464391,False,False
13,0.2,9000,45000,5000,heater_act,0,0,2,0.0,0.0,1.0,1.0,1.0,1.0,0.4525957314472384,False,False
13,0.2,9000,45000,5000,inj_valve_act,0,0,2,0.0,0.0,0.0,0.0,1.0,0.0,0.29567135981028514,True,False
13,0.2,9000,45000,5000,inv_valve_act,0,0,2,0.0,0.0,0.0,0.0,1.0,0.0,0.17302627513401786,True,False
13,0.2,9000,45000,5000,limiter.y,0,0,1,283.0,283.0,283.0,283.0,283.0,0.0,0.0,True,True
13,0.2,9000,45000,5000,limiter1.y,0,0,13,77.6839523315,92.8034286499,100.0,103.182777405,115.237892151,10.379348755099997,8.451542914093254,False,False
13,0.2,9000,45000,5000,out_valve_act,0,0,1,0.0,0.0,0.0,0.0,0.0,0.0,0.0,True,True
13,0.4,18000,45000,5000,C_level,0,0,319,0.00999999977648,0.00999999977648,0.00999999977648,0.0799999982119,0.114248789847,0.06999999843542,0.04475471167467416,False,False
13,0.4,18000,45000,5000,C_temperature.T,0,0,319,273.149993896,273.149993896,273.149993896,323.280975342,325.438446045,50.130981445999964,25.528957873596287,False,False
13,0.4,18000,45000,5000,HT_level,0,0,966,0.10000000149,0.10000000149,0.600000023842,0.600000023842,0.600000023842,0.500000022352,0.2226887307444058,False,False
13,0.4,18000,45000,5000,HT_temperature.T,0,0,17839,283.149993896,312.76680755625,323.64105224599996,329.43653106675,332.999664307,16.669723510499978,12.599181149258161,False,False
13,0.4,18000,45000,5000,RT_level,0,0,3404,0.5,1.1086095571499999,1.75,1.75,2.25,0.6413904428500001,0.4546351579242668,False,False
13,0.4,18000,45000,5000,RT_level_ini,0,0,4,0.0,1.35621964931,2.14532160759,2.25,2.25,0.89378035069,0.587806650638547,False,False
13,0.4,18000,45000,5000,RT_temperature.T,0,0,2667,283.033294678,294.1065979,308.85168457,318.680847168,330.455871582,24.574249268000017,15.006774337433303,False,False
13,0.4,18000,45000,5000,Relaxing.active,0,0,2,0.0,0.0,0.0,0.0,1.0,0.0,0.31869527223314537,True,False
13,0.4,18000,45000,5000,boundary.m_flow_in,0,0,2,0.0,0.0,0.0,0.0,20.0,0.0,6.443120469464118,True,False
13,0.4,18000,45000,5000,dL_rand,0,0,3,-1.78756070137,-1.78756070137,0.0,0.0,0.0,1.78756070137,0.751118262634004,False,False
13,0.4,18000,45000,5000,dT_rand,0,0,3,-1.78756070137,-1.78756070137,0.0,0.0,0.0,1.78756070137,0.751118262634004,False,False
13,0.4,18000,45000,5000,dir_valve_act,0,0,2,0.0,0.0,0.0,0.0,1.0,0.0,0.1602933026466468,True,False
13,0.4,18000,45000,5000,dt_rand,0,0,22,-2.23160505295,-0.807184040546,-0.0160832554102,0.226264223456,2.12302017212,1.033448264002,0.864851048481162,False,False
13,0.4,18000,45000,5000,heater_act,0,0,2,0.0,0.0,1.0,1.0,1.0,1.0,0.46655338935081003,False,False
13,0.4,18000,45000,5000,inj_valve_act,0,0,2,0.0,0.0,0.0,0.0,1.0,0.0,0.3221560234732059,True,False
13,0.4,18000,45000,5000,inv_valve_act,0,0,2,0.0,0.0,0.0,0.0,1.0,0.0,0.1625733902832175,True,False
13,0.4,18000,45000,5000,limiter.y,0,0,3,274.0,274.0,283.0,283.0,283.0,9.0,3.713981446033232,False,False
13,0.4,18000,45000,5000,limiter1.y,0,0,22,77.6839523315,91.9281616211,99.8391647339,102.262641907,121.230201721,10.3344802859,8.648510848619878,False,False
13,0.4,18000,45000,5000,out_valve_act,0,0,2,0.0,0.0,0.0,0.0,1.0,0.0,0.1313328453376528,True,False
13,0.6,27000,45000,5000,C_level,0,0,520,0.00999999977648,0.00999999977648,0.0799999982119,0.114248789847,0.180061653256,0.10424879007052,0.06378361663407997,False,False
13,0.6,27000,45000,5000,C_temperature.T,0,0,520,273.149993896,273.149993896,323.280975342,325.438446045,327.11920166,52.288452148999966,24.711792556010565,False,False
13,0.6,27000,45000,5000,HT_level,0,0,1504,0.10000000149,0.10000000149,0.600000023842,0.600000023842,0.600000023842,0.500000022352,0.22348622597510823,False,False
13,0.6,27000,45000,5000,HT_temperature.T,0,0,26581,283.149993896,314.24659728975,324.540496826,329.61050415025,333.0,15.36390686049998,11.708560453417418,False,False
13,0.6,27000,45000,5000,RT_level,0,0,5128,0.5,1.6166046261775,1.75,1.9766304493,2.4766304493,0.3600258231225,0.4551522540006453,False,False
13,0.6,27000,45000,5000,RT_level_ini,0,0,5,0.0,2.14532160759,2.14532160759,2.25,2.4766304493,0.10467839240999988,0.5329689243757532,False,False
13,0.6,27000,45000,5000,RT_temperature.T,0,0,3956,283.033294678,296.084655762,309.417633057,320.954223633,330.455871582,24.869567871000015,14.119672230655171,False,False
13,0.6,27000,45000,5000,Relaxing.active,0,0,2,0.0,0.0,0.0,0.0,1.0,0.0,0.3262623980229223,True,False
13,0.6,27000,45000,5000,boundary.m_flow_in,0,0,2,0.0,0.0,0.0,0.0,20.0,0.0,6.3769795149796655,True,False
13,0.6,27000,45000,5000,dL_rand,0,0,4,-1.78756070137,-0.209356978536,0.0,0.0,0.45326089859,0.209356978536,0.7214415322153137,False,False
13,0.6,27000,45000,5000,dT_rand,0,0,4,-1.78756070137,-0.209356978536,0.0,0.0,0.45326089859,0.209356978536,0.7214415322153137,False,False
13,0.6,27000,45000,5000,dir_valve_act,0,0,2,0.0,0.0,0.0,0.0,1.0,0.0,0.16262573724654122,True,False
13,0.6,27000,45000,5000,dt_rand,0,0,34,-2.23160505295,-0.326700657606,0.0191045869142,0.318277537823,2.12302017212,0.6449781954289999,0.8490264348341782,False,False
13,0.6,27000,45000,5000,heater_act,0,0,2,0.0,0.0,1.0,1.0,1.0,1.0,0.46859072578732014,False,False
13,0.6,27000,45000,5000,inj_valve_act,0,0,2,0.0,0.0,0.0,0.0,1.0,0.0,0.31884897574898324,True,False
13,0.6,27000,45000,5000,inv_valve_act,0,0,2,0.0,0.0,0.0,0.0,1.0,0.0,0.16624193693042688,True,False
13,0.6,27000,45000,5000,limiter.y,0,0,4,274.0,280.906433105,283.0,283.0,287.532623291,2.093566894999981,4.215490595361738,False,False
13,0.6,27000,45000,5000,limiter1.y,0,0,34,77.6839523315,96.7329940796,100.191047668,103.182777405,121.230201721,6.449783325399991,8.49026452562564,False,False
13,0.6,27000,45000,5000,out_valve_act,0,0,2,0.0,0.0,0.0,0.0,1.0,0.0,0.1369181173572335,True,False
13,0.8,36000,45000,5000,C_level,0,0,760,0.00999999977648,0.00999999977648,0.114248789847,0.180061653256,0.259126871824,0.17006165347952,0.08670552749163239,False,False
13,0.8,36000,45000,5000,C_temperature.T,0,0,760,273.149993896,273.149993896,325.438446045,327.11920166,328.128845215,53.969207763999975,23.100158873843622,False,False
13,0.8,36000,45000,5000,HT_level,0,0,2116,0.10000000149,0.10000000149,0.600000023842,0.600000023842,0.600000023842,0.500000022352,0.22577257177172258,False,False
13,0.8,36000,45000,5000,HT_temperature.T,0,0,35187,283.149993896,315.32865142825,325.37295532250005,329.840179443,333.0,14.511528014750013,11.255918113417346,False,False
13,0.8,36000,45000,5000,RT_level,0,0,7076,0.5,1.64532148838,1.75,2.14532160759,2.70000004768,0.5000001192100001,0.49371312333943934,False,False
13,0.8,36000,45000,5000,RT_level_ini,0,0,6,0.0,2.14532160759,2.25,2.4766304493,2.70000004768,0.33130884170999986,0.5296363403886605,False,False
13,0.8,36000,45000,5000,RT_temperature.T,0,0,5407,283.033294678,301.279876709,311.8778533935,322.130432129,330.455871582,20.850555419999978,13.575123282458232,False,False
13,0.8,36000,45000,5000,Relaxing.active,0,0,2,0.0,0.0,0.0,0.0,1.0,0.0,0.3348044785805936,True,False
13,0.8,36000,45000,5000,boundary.m_flow_in,0,0,2,0.0,0.0,0.0,0.0,20.0,0.0,6.417888076053336,True,False
13,0.8,36000,45000,5000,dL_rand,0,0,5,-1.78756070137,-0.209356978536,0.0,0.45326089859,1.16718041897,0.6626178771260001,0.831547421212585,False,False
13,0.8,36000,45000,5000,dT_rand,0,0,5,-1.78756070137,-0.209356978536,0.0,0.45326089859,1.16718041897,0.6626178771260001,0.831547421212585,False,False
13,0.8,36000,45000,5000,dir_valve_act,0,0,2,0.0,0.0,0.0,0.0,1.0,0.0,0.1656885635009311,True,False
13,0.8,36000,45000,5000,dt_rand,0,0,48,-2.23160505295,-0.807184040546,0.0,0.258003473282,2.12302017212,1.065187513828,0.8335351805462979,False,False
13,0.8,36000,45000,5000,heater_act,0,0,2,0.0,0.0,1.0,1.0,1.0,1.0,0.4733102301128962,False,False
13,0.8,36000,45000,5000,inj_valve_act,0,0,2,0.0,0.0,0.0,0.0,1.0,0.0,0.3208944038026667,True,False
13,0.8,36000,45000,5000,inv_valve_act,0,0,2,0.0,0.0,0.0,0.0,1.0,0.0,0.1718850970132209,True,False
13,0.8,36000,45000,5000,limiter.y,0,0,5,274.0,280.906433105,283.0,287.532623291,294.671813965,6.626190185999974,6.0935697079663464,False,False
13,0.8,36000,45000,5000,limiter1.y,0,0,48,77.6839523315,91.9281616211,100.0,102.580032349,121.230201721,10.651870727900004,8.335351657143338,False,False
13,0.8,36000,45000,5000,out_valve_act,0,0,2,0.0,0.0,0.0,0.0,1.0,0.0,0.14329326040411547,True,False
13,1.0,45000,45000,5000,C_level,0,0,1174,0.00999999977648,0.0799999982119,0.180061653256,0.259126871824,0.394828826189,0.1791268736121,0.11556128918857143,False,False
13,1.0,45000,45000,5000,C_temperature.T,0,0,1174,273.149993896,323.280975342,327.11920166,328.128845215,328.850494385,4.847869873000036,21.60490990622082,False,False
13,1.0,45000,45000,5000,HT_level,0,0,2705,0.10000000149,0.10000000149,0.600000023842,0.600000023842,0.600000023842,0.500000022352,0.22920614105627368,False,False
13,1.0,45000,45000,5000,HT_temperature.T,0,0,43575,283.149993896,315.33857727049997,325.624984741,329.91263580325,333.0,14.57405853275003,11.005365830469334,False,False
13,1.0,45000,45000,5000,RT_level,0,0,9418,0.5,1.2509908080074998,1.75,2.1380862593625,2.70000004768,0.887095451355,0.5148871630245015,False,False
13,1.0,45000,45000,5000,RT_level_ini,0,0,7,0.0,1.69254887104,2.25,2.4766304493,2.70000004768,0.7840815782599999,0.5210873185224264,False,False
13,1.0,45000,45000,5000,RT_temperature.T,0,0,7076,283.033294678,301.642463684,311.894866943,323.621246338,330.455871582,21.978782653999986,13.768849552675846,False,False
13,1.0,45000,45000,5000,Relaxing.active,0,0,2,0.0,0.0,0.0,0.0,1.0,0.0,0.3391938273666494,True,False
13,1.0,45000,45000,5000,boundary.m_flow_in,0,0,2,0.0,0.0,0.0,0.0,20.0,0.0,6.569327290390563,True,False
13,1.0,45000,45000,5000,dL_rand,0,0,7,-1.78756070137,-0.209356978536,0.0,0.45326089859,1.16718041897,0.6626178771260001,0.8859911284732759,False,False
13,1.0,45000,45000,5000,dT_rand,0,0,7,-1.78756070137,-0.209356978536,0.0,0.45326089859,1.16718041897,0.6626178771260001,0.8859911284732759,False,False
13,1.0,45000,45000,5000,dir_valve_act,0,0,2,0.0,0.0,0.0,0.0,1.0,0.0,0.16762106051845563,True,False
13,1.0,45000,45000,5000,dt_rand,0,0,61,-2.23160505295,-0.807184040546,0.0,0.318277537823,2.12302017212,1.125461578369,0.8274751393475679,False,False
13,1.0,45000,45000,5000,heater_act,0,0,2,0.0,0.0,1.0,1.0,1.0,1.0,0.47919302390269203,False,False
13,1.0,45000,45000,5000,inj_valve_act,0,0,2,0.0,0.0,0.0,0.0,1.0,0.0,0.32846636451952815,True,False
13,1.0,45000,45000,5000,inv_valve_act,0,0,2,0.0,0.0,0.0,0.0,1.0,0.0,0.17367993325650083,True,False
13,1.0,45000,45000,5000,limiter.y,0,0,6,274.0,280.906433105,283.0,287.532623291,294.671813965,6.626190185999974,6.978051150819322,False,False
13,1.0,45000,45000,5000,limiter1.y,0,0,61,77.6839523315,91.9281616211,100.0,103.182777405,121.230201721,11.254615783899993,8.274751144371596,False,False
13,1.0,45000,45000,5000,out_valve_act,0,0,2,0.0,0.0,0.0,0.0,1.0,0.0,0.1589382173017007,True,False
14,0.05,2250,45000,5000,C_level,0,0,1,0.00999999977648,0.00999999977648,0.00999999977648,0.00999999977648,0.00999999977648,0.0,0.0,True,True
14,0.05,2250,45000,5000,C_temperature.T,0,0,1,273.149993896,273.149993896,273.149993896,273.149993896,273.149993896,0.0,5.68560549438497e-14,True,False
14,0.05,2250,45000,5000,HT_level,0,0,23,0.10000000149,0.10000000149,0.600000023842,0.600000023842,0.600000023842,0.500000022352,0.2472290560238009,False,False
14,0.05,2250,45000,5000,HT_temperature.T,0,0,2250,283.149993896,287.765739441,290.374267578,310.97518920875,328.431213379,23.209449767750016,13.970714535481191,False,False
14,0.05,2250,45000,5000,RT_level,0,0,894,0.5,1.428598850965,1.75,1.75,2.24972319603,0.32140114903499994,0.4295202505725591,False,False
14,0.05,2250,45000,5000,RT_level_ini,0,0,2,0.0,0.0,2.25,2.25,2.25,2.25,1.1147952015886615,False,False
14,0.05,2250,45000,5000,RT_temperature.T,0,0,870,283.033294678,283.033294678,283.033294678,283.05082702625,283.149993896,0.017532348249972074,0.03169923561068816,False,False
14,0.05,2250,45000,5000,Relaxing.active,0,0,1,0.0,0.0,0.0,0.0,0.0,0.0,0.0,True,True
14,0.05,2250,45000,5000,boundary.m_flow_in,0,0,2,0.0,0.0,0.0,20.0,20.0,20.0,9.743953875233185,False,False
14,0.05,2250,45000,5000,dL_rand,0,0,1,0.0,0.0,0.0,0.0,0.0,0.0,0.0,True,True
14,0.05,2250,45000,5000,dT_rand,0,0,1,0.0,0.0,0.0,0.0,0.0,0.0,0.0,True,True
14,0.05,2250,45000,5000,dir_valve_act,0,0,2,0.0,0.0,0.0,0.0,1.0,0.0,0.0961786539807423,True,False
14,0.05,2250,45000,5000,dt_rand,0,0,1,0.0,0.0,0.0,0.0,0.0,0.0,0.0,True,True
14,0.05,2250,45000,5000,heater_act,0,0,2,0.0,0.0,1.0,1.0,1.0,1.0,0.49665667455379575,False,False
14,0.05,2250,45000,5000,inj_valve_act,0,0,2,0.0,0.0,0.0,1.0,1.0,1.0,0.4871976937616593,False,False
14,0.05,2250,45000,5000,inv_valve_act,0,0,1,0.0,0.0,0.0,0.0,0.0,0.0,0.0,True,True
14,0.05,2250,45000,5000,limiter.y,0,0,1,283.0,283.0,283.0,283.0,283.0,0.0,0.0,True,True
14,0.05,2250,45000,5000,limiter1.y,0,0,1,100.0,100.0,100.0,100.0,100.0,0.0,0.0,True,True
14,0.05,2250,45000,5000,out_valve_act,0,0,1,0.0,0.0,0.0,0.0,0.0,0.0,0.0,True,True
14,0.1,4500,45000,5000,C_level,0,0,1,0.00999999977648,0.00999999977648,0.00999999977648,0.00999999977648,0.00999999977648,0.0,0.0,True,True
14,0.1,4500,45000,5000,C_temperature.T,0,0,1,273.149993896,273.149993896,273.149993896,273.149993896,273.149993896,0.0,5.684973584908787e-14,True,False
14,0.1,4500,45000,5000,HT_level,0,0,114,0.10000000149,0.10000000149,0.600000023842,0.600000023842,0.600000023842,0.500000022352,0.2193594406575104,False,False
14,0.1,4500,45000,5000,HT_temperature.T,0,0,4499,283.149993896,290.3746643065,312.0883789065,323.86669158949996,332.996124268,33.49202728299997,15.938994856751814,False,False
14,0.1,4500,45000,5000,RT_level,0,0,986,0.5,1.75,1.75,1.75,2.25,0.0,0.3439035145652465,True,False
14,0.1,4500,45000,5000,RT_level_ini,0,0,2,0.0,2.25,2.25,2.25,2.25,0.0,0.9260100184908424,True,False
14,0.1,4500,45000,5000,RT_temperature.T,0,0,921,283.033294678,283.033294678,283.118545532,294.1065979,302.719177246,11.073303221999993,7.935099379373982,False,False
14,0.1,4500,45000,5000,Relaxing.active,0,0,2,0.0,0.0,0.0,0.0,1.0,0.0,0.19702110909383383,True,False
14,0.1,4500,45000,5000,boundary.m_flow_in,0,0,2,0.0,0.0,0.0,0.0,20.0,0.0,7.902569132789706,True,False
14,0.1,4500,45000,5000,dL_rand,0,0,1,0.0,0.0,0.0,0.0,0.0,0.0,0.0,True,True
14,0.1,4500,45000,5000,dT_rand,0,0,1,0.0,0.0,0.0,0.0,0.0,0.0,0.0,True,True
14,0.1,4500,45000,5000,dir_valve_act,0,0,2,0.0,0.0,0.0,0.0,1.0,0.0,0.11932714143879614,True,False
14,0.1,4500,45000,5000,dt_rand,0,0,3,-2.15002894402,-2.15002894402,0.0,0.0,0.376689970493,2.15002894402,0.9974604895813124,False,False
14,0.1,4500,45000,5000,heater_act,0,0,2,0.0,0.0,1.0,1.0,1.0,1.0,0.4496997096406176,False,False
14,0.1,4500,45000,5000,inj_valve_act,0,0,2,0.0,0.0,0.0,0.0,1.0,0.0,0.39512845663948537,True,False
14,0.1,4500,45000,5000,inv_valve_act,0,0,2,0.0,0.0,0.0,0.0,1.0,0.0,0.1016742606632601,True,False
14,0.1,4500,45000,5000,limiter.y,0,0,1,283.0,283.0,283.0,283.0,283.0,0.0,0.0,True,True
14,0.1,4500,45000,5000,limiter1.y,0,0,3,78.499710083,78.499710083,100.0,100.0,103.766899109,21.500289917000003,9.974604997749509,False,False
14,0.1,4500,45000,5000,out_valve_act,0,0,1,0.0,0.0,0.0,0.0,0.0,0.0,0.0,True,True
14,0.2,9000,45000,5000,C_level,0,0,1,0.00999999977648,0.00999999977648,0.00999999977648,0.00999999977648,0.00999999977648,0.0,0.0,True,True
14,0.2,9000,45000,5000,C_temperature.T,0,0,1,273.149993896,273.149993896,273.149993896,273.149993896,273.149993896,0.0,0.0,True,True
14,0.2,9000,45000,5000,HT_level,0,0,527,0.10000000149,0.2834133431315,0.600000023842,0.600000023842,0.600000023842,0.3165866807105,0.21309855203946773,False,False
14,0.2,9000,45000,5000,HT_temperature.T,0,0,8956,283.149993896,312.09245300325,324.97929382300003,329.80981445275,332.998138428,17.717361449500004,14.827041749586417,False,False
14,0.2,9000,45000,5000,RT_level,0,0,1399,0.5,1.75,1.75,1.75,2.25,0.0,0.300315281798895,True,False
14,0.2,9000,45000,5000,RT_level_ini,0,0,2,0.0,2.25,2.25,2.25,2.25,0.0,0.6983947272292862,True,False
14,0.2,9000,45000,5000,RT_temperature.T,0,0,1160,283.033294678,283.118644714,302.719177246,321.832458496,329.965606689,38.71381378199999,16.72741414425001,False,False
14,0.2,9000,45000,5000,Relaxing.active,0,0,2,0.0,0.0,0.0,0.0,1.0,0.0,0.32588695345028684,True,False
14,0.2,9000,45000,5000,boundary.m_flow_in,0,0,2,0.0,0.0,0.0,0.0,20.0,0.0,5.913427196205702,True,False
14,0.2,9000,45000,5000,dL_rand,0,0,1,0.0,0.0,0.0,0.0,0.0,0.0,0.0,True,True
14,0.2,9000,45000,5000,dT_rand,0,0,1,0.0,0.0,0.0,0.0,0.0,0.0,0.0,True,True
14,0.2,9000,45000,5000,dir_valve_act,0,0,2,0.0,0.0,0.0,0.0,1.0,0.0,0.16750354766636694,True,False
14,0.2,9000,45000,5000,dt_rand,0,0,13,-2.15002894402,-0.69270914793,0.0,0.376689970493,0.679799795151,1.069399118423,0.832497019100029,False,False
14,0.2,9000,45000,5000,heater_act,0,0,2,0.0,0.0,1.0,1.0,1.0,1.0,0.45243901859863195,False,False
14,0.2,9000,45000,5000,inj_valve_act,0,0,2,0.0,0.0,0.0,0.0,1.0,0.0,0.29567135981028514,True,False
14,0.2,9000,45000,5000,inv_valve_act,0,0,2,0.0,0.0,0.0,0.0,1.0,0.0,0.16905811060992715,True,False
14,0.2,9000,45000,5000,limiter.y,0,0,1,283.0,283.0,283.0,283.0,283.0,0.0,0.0,True,True
14,0.2,9000,45000,5000,limiter1.y,0,0,13,78.499710083,93.0729064941,100.0,103.766899109,106.797996521,10.693992614899997,8.32497065384822,False,False
14,0.2,9000,45000,5000,out_valve_act,0,0,1,0.0,0.0,0.0,0.0,0.0,0.0,0.0,True,True
14,0.4,18000,45000,5000,C_level,0,0,433,0.00999999977648,0.00999999977648,0.00999999977648,0.0799999982119,0.152080759406,0.06999999843542,0.04057667297541797,False,False
14,0.4,18000,45000,5000,C_temperature.T,0,0,433,273.149993896,273.149993896,273.149993896,323.280883789,326.590393066,50.13088989299996,25.15824752157645,False,False
14,0.4,18000,45000,5000,HT_level,0,0,1037,0.10000000149,0.10000000149,0.600000023842,0.600000023842,0.600000023842,0.500000022352,0.22926463551841003,False,False
14,0.4,18000,45000,5000,HT_temperature.T,0,0,17844,283.149993896,313.41281127900004,324.92550659200003,329.76953887950003,332.999511719,16.356727600499994,12.661608560928727,False,False
14,0.4,18000,45000,5000,RT_level,0,0,3813,0.5,1.75,1.80201876163,1.80201876163,2.30201888084,0.05201876163000008,0.365536914746211,False,False
14,0.4,18000,45000,5000,RT_level_ini,0,0,3,0.0,2.25,2.25,2.30201888084,2.30201888084,0.05201888083999995,0.5144732365037471,False,False
14,0.4,18000,45000,5000,RT_temperature.T,0,0,2932,283.033294678,294.1065979,309.417816162,323.946258545,330.421508789,29.83966064499998,15.322695204031119,False,False
14,0.4,18000,45000,5000,Relaxing.active,0,0,2,0.0,0.0,0.0,0.0,1.0,0.0,0.33273311147012063,True,False
14,0.4,18000,45000,5000,boundary.m_flow_in,0,0,2,0.0,0.0,0.0,0.0,20.0,0.0,6.729921131444903,True,False
14,0.4,18000,45000,5000,dL_rand,0,0,3,0.0,0.0,0.0,0.104037597775,0.75722527504,0.104037597775,0.1440242371425123,False,False
14,0.4,18000,45000,5000,dT_rand,0,0,3,0.0,0.0,0.0,0.104037597775,0.75722527504,0.104037597775,0.1440242371425123,False,False
14,0.4,18000,45000,5000,dir_valve_act,0,0,2,0.0,0.0,0.0,0.0,1.0,0.0,0.16386039586711737,True,False
14,0.4,18000,45000,5000,dt_rand,0,0,24,-2.15002894402,-0.508529901505,0.0,0.415295869112,1.2932523489,0.923825770617,0.8528542937157925,False,False
14,0.4,18000,45000,5000,heater_act,0,0,2,0.0,0.0,1.0,1.0,1.0,1.0,0.47854344678379723,False,False
14,0.4,18000,45000,5000,inj_valve_act,0,0,2,0.0,0.0,0.0,0.0,1.0,0.0,0.3364960565722452,True,False
14,0.4,18000,45000,5000,inv_valve_act,0,0,2,0.0,0.0,0.0,0.0,1.0,0.0,0.17028550778878868,True,False
14,0.4,18000,45000,5000,limiter.y,0,0,3,283.0,283.0,283.0,284.040374756,290.572265625,1.0403747560000056,1.4402445488467979,False,False
14,0.4,18000,45000,5000,limiter1.y,0,0,24,78.499710083,94.9147033691,100.0,104.152961731,112.932525635,9.238258361900009,8.528543292754053,False,False
14,0.4,18000,45000,5000,out_valve_act,0,0,2,0.0,0.0,0.0,0.0,1.0,0.0,0.15270725393582735,True,False
14,0.6,27000,45000,5000,C_level,0,0,691,0.00999999977648,0.00999999977648,0.0799999982119,0.152080759406,0.237225264311,0.14208075962952,0.0663150744840352,False,False
14,0.6,27000,45000,5000,C_temperature.T,0,0,691,273.149993896,273.149993896,323.280883789,326.590393066,327.85848999,53.44039916999998,24.63172788609639,False,False
14,0.6,27000,45000,5000,HT_level,0,0,1583,0.10000000149,0.10000000149,0.600000023842,0.600000023842,0.600000023842,0.500000022352,0.23211567680163522,False,False
14,0.6,27000,45000,5000,HT_temperature.T,0,0,26599,283.149993896,313.76638031,325.221130371,329.81850433324996,332.999847412,16.052124023249974,12.04402585271002,False,False
14,0.6,27000,45000,5000,RT_level,0,0,6123,0.5,1.75,1.80201876163,2.12861251831,2.62861251831,0.3786125183100002,0.4175694491264353,False,False
14,0.6,27000,45000,5000,RT_level_ini,0,0,4,0.0,2.25,2.30201888084,2.62861251831,2.62861251831,0.3786125183100002,0.4747184294335922,False,False
14,0.6,27000,45000,5000,RT_temperature.T,0,0,4743,283.033294678,301.12572479249997,310.087524414,323.946258545,330.421508789,22.820533752500012,14.199424219723836,False,False
14,0.6,27000,45000,5000,Relaxing.active,0,0,2,0.0,0.0,0.0,0.0,1.0,0.0,0.3369198817651524,True,False
14,0.6,27000,45000,5000,boundary.m_flow_in,0,0,2,0.0,0.0,0.0,0.0,20.0,0.0,6.992510177869032,True,False
14,0.6,27000,45000,5000,dL_rand,0,0,4,0.0,0.0,0.104037597775,0.75722527504,1.18939781189,0.75722527504,0.37570359170002077,False,False
14,0.6,27000,45000,5000,dT_rand,0,0,4,0.0,0.0,0.104037597775,0.75722527504,1.18939781189,0.75722527504,0.37570359170002077,False,False
14,0.6,27000,45000,5000,dir_valve_act,0,0,2,0.0,0.0,0.0,0.0,1.0,0.0,0.16539904207821132,True,False
14,0.6,27000,45000,5000,dt_rand,0,0,36,-2.15002894402,-0.508529901505,0.178899496794,0.603411972523,1.57789850235,1.111941874028,0.8148274324625429,False,False
14,0.6,27000,45000,5000,heater_act,0,0,2,0.0,0.0,1.0,1.0,1.0,1.0,0.48333753171098126,False,False
14,0.6,27000,45000,5000,inj_valve_act,0,0,2,0.0,0.0,0.0,0.0,1.0,0.0,0.3496255088934516,True,False
14,0.6,27000,45000,5000,inv_valve_act,0,0,2,0.0,0.0,0.0,0.0,1.0,0.0,0.17170873296968744,True,False
14,0.6,27000,45000,5000,limiter.y,0,0,4,283.0,283.0,284.040374756,290.572265625,294.893981934,7.572265625,3.757041237067786,False,False
14,0.6,27000,45000,5000,limiter1.y,0,0,36,78.499710083,94.9147033691,101.788993835,106.034118652,115.77898407,11.119415282900007,8.148273977415963,False,False
14,0.6,27000,45000,5000,out_valve_act,0,0,2,0.0,0.0,0.0,0.0,1.0,0.0,0.15747362678777774,True,False
14,0.8,36000,45000,5000,C_level,0,0,958,0.00999999977648,0.00999999977648,0.152080759406,0.237225264311,0.325225263834,0.22722526453452,0.09550652703241591,False,False
14,0.8,36000,45000,5000,C_temperature.T,0,0,958,273.149993896,273.149993896,326.590393066,327.85848999,328.488861084,54.708496094,23.097603174230557,False,False
14,0.8,36000,45000,5000,HT_level,0,0,2143,0.10000000149,0.10000000149,0.600000023842,0.600000023842,0.600000023842,0.500000022352,0.22953417266966153,False,False
14,0.8,36000,45000,5000,HT_temperature.T,0,0,35171,283.149993896,314.49143219,325.417327881,329.83914947525,332.999847412,15.347717285249985,11.567623298903442,False,False
14,0.8,36000,45000,5000,RT_level,0,0,7712,0.5,1.75,1.976028323175,2.20000004768,2.70000004768,0.4500000476800001,0.4473200809716846,False,False
14,0.8,36000,45000,5000,RT_level_ini,0,0,6,0.0,2.25,2.30201888084,2.62861251831,2.70000004768,0.3786125183100002,0.4510970319136185,False,False
14,0.8,36000,45000,5000,RT_temperature.T,0,0,5810,283.033294678,301.374450684,311.957885742,323.946258545,330.421508789,22.571807860999968,13.949042181451361,False,False
14,0.8,36000,45000,5000,Relaxing.active,0,0,2,0.0,0.0,0.0,0.0,1.0,0.0,0.3369183219039447,True,False
14,0.8,36000,45000,5000,boundary.m_flow_in,0,0,2,0.0,0.0,0.0,0.0,20.0,0.0,6.6825075233687725,True,False
14,0.8,36000,45000,5000,dL_rand,0,0,5,-0.740043342113,0.0,0.104037597775,0.75722527504,1.18939781189,0.75722527504,0.5489353969051014,False,False
14,0.8,36000,45000,5000,dT_rand,0,0,5,-0.740043342113,0.0,0.104037597775,0.75722527504,1.18939781189,0.75722527504,0.5489353969051014,False,False
14,0.8,36000,45000,5000,dir_valve_act,0,0,2,0.0,0.0,0.0,0.0,1.0,0.0,0.16749656801258908,True,False
14,0.8,36000,45000,5000,dt_rand,0,0,48,-2.85857725143,-0.69270914793,0.178899496794,0.685659348965,1.57789850235,1.378368496895,0.9429301014657929,False,False
14,0.8,36000,45000,5000,heater_act,0,0,2,0.0,0.0,1.0,1.0,1.0,1.0,0.47955021916669166,False,False
14,0.8,36000,45000,5000,inj_valve_act,0,0,2,0.0,0.0,0.0,0.0,1.0,0.0,0.3341253761684386,True,False
14,0.8,36000,45000,5000,inv_valve_act,0,0,2,0.0,0.0,0.0,0.0,1.0,0.0,0.1721883173557236,True,False
14,0.8,36000,45000,5000,limiter.y,0,0,5,275.599578857,283.0,284.040374756,290.572265625,294.893981934,7.572265625,5.4893557247382,False,False
14,0.8,36000,45000,5000,limiter1.y,0,0,48,71.4142303467,93.0729064941,101.788993835,106.856590271,115.77898407,13.783683776900006,9.429300484376673,False,False
14,0.8,36000,45000,5000,out_valve_act,0,0,2,0.0,0.0,0.0,0.0,1.0,0.0,0.16053709716498796,True,False
14,1.0,45000,45000,5000,C_level,0,0,1127,0.00999999977648,0.0799999982119,0.152080759406,0.237225264311,0.380424380302,0.15722526609909998,0.1236634597729357,False,False
14,1.0,45000,45000,5000,C_temperature.T,0,0,1127,273.149993896,323.280883789,326.590393066,327.85848999,328.742889404,4.577606201000037,21.620920730091864,False,False
14,1.0,45000,45000,5000,HT_level,0,0,2663,0.10000000149,0.10000000149,0.600000023842,0.600000023842,0.600000023842,0.500000022352,0.22744539876456554,False,False
14,1.0,45000,45000,5000,HT_temperature.T,0,0,43689,283.149993896,314.82441711425,325.36404418949996,329.8514175415,332.999938965,15.027000427249959,11.181932564109298,False,False
14,1.0,45000,45000,5000,RT_level,0,0,9199,0.5,1.59778892994,1.80201876163,2.20000004768,2.70000004768,0.60221111774,0.4494779113754194,False,False
14,1.0,45000,45000,5000,RT_level_ini,0,0,7,0.0,2.25,2.30201888084,2.62861251831,2.70000004768,0.3786125183100002,0.43974299987748183,False,False
14,1.0,45000,45000,5000,RT_temperature.T,0,0,6915,283.033294678,301.45874023475,310.087493896,323.649108887,330.421508789,22.190368652250015,13.6618788108648,False,False
14,1.0,45000,45000,5000,Relaxing.active,0,0,2,0.0,0.0,0.0,0.0,1.0,0.0,0.33611147452068413,True,False
14,1.0,45000,45000,5000,boundary.m_flow_in,0,0,2,0.0,0.0,0.0,0.0,20.0,0.0,6.501900666540268,True,False
14,1.0,45000,45000,5000,dL_rand,0,0,6,-0.740043342113,0.0,0.104037597775,0.75722527504,1.18939781189,0.75722527504,0.6356880569618092,False,False
14,1.0,45000,45000,5000,dT_rand,0,0,6,-0.740043342113,0.0,0.104037597775,0.75722527504,1.18939781189,0.75722527504,0.6356880569618092,False,False
14,1.0,45000,45000,5000,dir_valve_act,0,0,2,0.0,0.0,0.0,0.0,1.0,0.0,0.16598834385056516,True,False
14,1.0,45000,45000,5000,dt_rand,0,0,60,-2.85857725143,-0.69270914793,0.178899496794,0.685659348965,1.79836416245,1.378368496895,0.9415167817993815,False,False
14,1.0,45000,45000,5000,heater_act,0,0,2,0.0,0.0,1.0,1.0,1.0,1.0,0.4761280569558904,False,False
14,1.0,45000,45000,5000,inj_valve_act,0,0,2,0.0,0.0,0.0,0.0,1.0,0.0,0.3250950333270134,True,False
14,1.0,45000,45000,5000,inv_valve_act,0,0,2,0.0,0.0,0.0,0.0,1.0,0.0,0.172717020260622,True,False
14,1.0,45000,45000,5000,limiter.y,0,0,6,275.599578857,283.0,284.040374756,290.572265625,294.893981934,7.572265625,6.356880645359063,False,False
14,1.0,45000,45000,5000,limiter1.y,0,0,60,71.4142303467,93.0729064941,101.788993835,106.856590271,117.983642578,13.783683776900006,9.415167425296271,False,False
14,1.0,45000,45000,5000,out_valve_act,0,0,2,0.0,0.0,0.0,0.0,1.0,0.0,0.15585598306213486,True,False
15,0.05,2250,45000,5000,C_level,0,0,1,0.00999999977648,0.00999999977648,0.00999999977648,0.00999999977648,0.00999999977648,0.0,0.0,True,True
15,0.05,2250,45000,5000,C_temperature.T,0,0,1,273.149993896,273.149993896,273.149993896,273.149993896,273.149993896,0.0,5.68560549438497e-14,True,False
15,0.05,2250,45000,5000,HT_level,0,0,23,0.10000000149,0.10000000149,0.600000023842,0.600000023842,0.600000023842,0.500000022352,0.2472290560238009,False,False
15,0.05,2250,45000,5000,HT_temperature.T,0,0,2250,283.149993896,287.765739441,290.374267578,310.97518920875,328.431213379,23.209449767750016,13.970714535481191,False,False
15,0.05,2250,45000,5000,RT_level,0,0,894,0.5,1.428598850965,1.75,1.75,2.24972319603,0.32140114903499994,0.4295202505725591,False,False
15,0.05,2250,45000,5000,RT_level_ini,0,0,2,0.0,0.0,2.25,2.25,2.25,2.25,1.1147952015886615,False,False
15,0.05,2250,45000,5000,RT_temperature.T,0,0,870,283.033294678,283.033294678,283.033294678,283.05082702625,283.149993896,0.017532348249972074,0.03169923561068816,False,False
15,0.05,2250,45000,5000,Relaxing.active,0,0,1,0.0,0.0,0.0,0.0,0.0,0.0,0.0,True,True
15,0.05,2250,45000,5000,boundary.m_flow_in,0,0,2,0.0,0.0,0.0,20.0,20.0,20.0,9.743953875233185,False,False
15,0.05,2250,45000,5000,dL_rand,0,0,1,0.0,0.0,0.0,0.0,0.0,0.0,0.0,True,True
15,0.05,2250,45000,5000,dT_rand,0,0,1,0.0,0.0,0.0,0.0,0.0,0.0,0.0,True,True
15,0.05,2250,45000,5000,dir_valve_act,0,0,2,0.0,0.0,0.0,0.0,1.0,0.0,0.0961786539807423,True,False
15,0.05,2250,45000,5000,dt_rand,0,0,1,0.0,0.0,0.0,0.0,0.0,0.0,0.0,True,True
15,0.05,2250,45000,5000,heater_act,0,0,2,0.0,0.0,1.0,1.0,1.0,1.0,0.49665667455379575,False,False
15,0.05,2250,45000,5000,inj_valve_act,0,0,2,0.0,0.0,0.0,1.0,1.0,1.0,0.4871976937616593,False,False
15,0.05,2250,45000,5000,inv_valve_act,0,0,1,0.0,0.0,0.0,0.0,0.0,0.0,0.0,True,True
15,0.05,2250,45000,5000,limiter.y,0,0,1,283.0,283.0,283.0,283.0,283.0,0.0,0.0,True,True
15,0.05,2250,45000,5000,limiter1.y,0,0,1,100.0,100.0,100.0,100.0,100.0,0.0,0.0,True,True
15,0.05,2250,45000,5000,out_valve_act,0,0,1,0.0,0.0,0.0,0.0,0.0,0.0,0.0,True,True
15,0.1,4500,45000,5000,C_level,0,0,1,0.00999999977648,0.00999999977648,0.00999999977648,0.00999999977648,0.00999999977648,0.0,0.0,True,True
15,0.1,4500,45000,5000,C_temperature.T,0,0,1,273.149993896,273.149993896,273.149993896,273.149993896,273.149993896,0.0,5.684973584908787e-14,True,False
15,0.1,4500,45000,5000,HT_level,0,0,113,0.10000000149,0.10000000149,0.600000023842,0.600000023842,0.600000023842,0.500000022352,0.2203109162142788,False,False
15,0.1,4500,45000,5000,HT_temperature.T,0,0,4494,283.149993896,290.3746643065,312.05781555199997,323.8295440675,332.997619629,33.45487976100003,15.921300055191919,False,False
15,0.1,4500,45000,5000,RT_level,0,0,985,0.5,1.75,1.75,1.75,2.25,0.0,0.3456132340819532,True,False
15,0.1,4500,45000,5000,RT_level_ini,0,0,2,0.0,2.25,2.25,2.25,2.25,0.0,0.9260100184908424,True,False
15,0.1,4500,45000,5000,RT_temperature.T,0,0,921,283.033294678,283.033294678,283.118545532,294.1065979,302.72088623,11.073303221999993,7.862785390067163,False,False
15,0.1,4500,45000,5000,Relaxing.active,0,0,2,0.0,0.0,0.0,0.0,1.0,0.0,0.20561131280470335,True,False
15,0.1,4500,45000,5000,boundary.m_flow_in,0,0,2,0.0,0.0,0.0,0.0,20.0,0.0,7.902569132789706,True,False
15,0.1,4500,45000,5000,dL_rand,0,0,1,0.0,0.0,0.0,0.0,0.0,0.0,0.0,True,True
15,0.1,4500,45000,5000,dT_rand,0,0,1,0.0,0.0,0.0,0.0,0.0,0.0,0.0,True,True
15,0.1,4500,45000,5000,dir_valve_act,0,0,2,0.0,0.0,0.0,0.0,1.0,0.0,0.11841903079472783,True,False
15,0.1,4500,45000,5000,dt_rand,0,0,3,-0.908474981785,0.0,0.0,0.776757121086,0.776757121086,0.776757121086,0.5678162820235968,False,False
15,0.1,4500,45000,5000,heater_act,0,0,2,0.0,0.0,1.0,1.0,1.0,1.0,0.451411666500422,False,False
15,0.1,4500,45000,5000,inj_valve_act,0,0,2,0.0,0.0,0.0,0.0,1.0,0.0,0.39512845663948537,True,False
15,0.1,4500,45000,5000,inv_valve_act,0,0,2,0.0,0.0,0.0,0.0,1.0,0.0,0.1016742606632601,True,False
15,0.1,4500,45000,5000,limiter.y,0,0,1,283.0,283.0,283.0,283.0,283.0,0.0,0.0,True,True
15,0.1,4500,45000,5000,limiter1.y,0,0,3,90.9152526855,100.0,100.0,107.767570496,107.767570496,7.767570496000005,5.678161756196179,False,False
15,0.1,4500,45000,5000,out_valve_act,0,0,1,0.0,0.0,0.0,0.0,0.0,0.0,0.0,True,True
15,0.2,9000,45000,5000,C_level,0,0,1,0.00999999977648,0.00999999977648,0.00999999977648,0.00999999977648,0.00999999977648,0.0,0.0,True,True
15,0.2,9000,45000,5000,C_temperature.T,0,0,1,273.149993896,273.149993896,273.149993896,273.149993896,273.149993896,0.0,0.0,True,True
15,0.2,9000,45000,5000,HT_level,0,0,545,0.10000000149,0.280426077545,0.600000023842,0.600000023842,0.600000023842,0.31957394629700003,0.21309901140662815,False,False
15,0.2,9000,45000,5000,HT_temperature.T,0,0,8919,283.149993896,312.0581130985,324.98785400400004,329.885772705,332.999786377,17.82765960650005,14.853605186337523,False,False
15,0.2,9000,45000,5000,RT_level,0,0,1417,0.5,1.75,1.75,1.75,2.25,0.0,0.30043858058899275,True,False
15,0.2,9000,45000,5000,RT_level_ini,0,0,2,0.0,2.25,2.25,2.25,2.25,0.0,0.6983947272292862,True,False
15,0.2,9000,45000,5000,RT_temperature.T,0,0,1178,283.033294678,283.118644714,302.72088623,321.834228516,330.42175293,38.71558380199997,16.727150863701397,False,False
15,0.2,9000,45000,5000,Relaxing.active,0,0,2,0.0,0.0,0.0,0.0,1.0,0.0,0.3253689982133104,True,False
15,0.2,9000,45000,5000,boundary.m_flow_in,0,0,2,0.0,0.0,0.0,0.0,20.0,0.0,5.913427196205702,True,False
15,0.2,9000,45000,5000,dL_rand,0,0,1,0.0,0.0,0.0,0.0,0.0,0.0,0.0,True,True
15,0.2,9000,45000,5000,dT_rand,0,0,1,0.0,0.0,0.0,0.0,0.0,0.0,0.0,True,True
15,0.2,9000,45000,5000,dir_valve_act,0,0,2,0.0,0.0,0.0,0.0,1.0,0.0,0.16812731805389658,True,False
15,0.2,9000,45000,5000,dt_rand,0,0,13,-1.97790455818,-0.788995027542,0.0,0.120609149337,1.376537323,0.909604176879,0.6958159227860462,False,False
15,0.2,9000,45000,5000,heater_act,0,0,2,0.0,0.0,1.0,1.0,1.0,1.0,0.45316778362497084,False,False
15,0.2,9000,45000,5000,inj_valve_act,0,0,2,0.0,0.0,0.0,0.0,1.0,0.0,0.29567135981028514,True,False
15,0.2,9000,45000,5000,inv_valve_act,0,0,2,0.0,0.0,0.0,0.0,1.0,0.0,0.17392744538130847,True,False
15,0.2,9000,45000,5000,limiter.y,0,0,1,283.0,283.0,283.0,283.0,283.0,0.0,0.0,True,True
15,0.2,9000,45000,5000,limiter1.y,0,0,13,80.220954895,92.1100463867,100.0,101.206092834,113.76537323,9.096046447299997,6.9581589078785315,False,False
15,0.2,9000,45000,5000,out_valve_act,0,0,1,0.0,0.0,0.0,0.0,0.0,0.0,0.0,True,True
15,0.4,18000,45000,5000,C_level,0,0,431,0.00999999977648,0.00999999977648,0.00999999977648,0.0799999982119,0.151995301247,0.06999999843542,0.040876901728668556,False,False
15,0.4,18000,45000,5000,C_temperature.T,0,0,431,273.149993896,273.149993896,273.149993896,323.281097412,326.590270996,50.131103515999996,25.168391438684193,False,False
15,0.4,18000,45000,5000,HT_level,0,0,1040,0.10000000149,0.10000000149,0.600000023842,0.600000023842,0.600000023842,0.500000022352,0.22939100327202377,False,False
15,0.4,18000,45000,5000,HT_temperature.T,0,0,17670,283.149993896,313.1728210445,324.82484436000004,329.766265869,332.999786377,16.59344482450001,12.707990766906505,False,False
15,0.4,18000,45000,5000,RT_level,0,0,3861,0.5,1.75,1.79988253117,1.79988253117,2.29988241196,0.049882531169999966,0.36453778996919595,False,False
15,0.4,18000,45000,5000,RT_level_ini,0,0,3,0.0,2.25,2.25,2.29988241196,2.29988241196,0.049882411960000095,0.5142283683942012,False,False
15,0.4,18000,45000,5000,RT_temperature.T,0,0,2982,283.033294678,294.1065979,309.419128418,322.60849762,330.42175293,28.501899719999983,15.350269586091727,False,False
15,0.4,18000,45000,5000,Relaxing.active,0,0,2,0.0,0.0,0.0,0.0,1.0,0.0,0.3307281009023648,True,False
15,0.4,18000,45000,5000,boundary.m_flow_in,0,0,2,0.0,0.0,0.0,0.0,20.0,0.0,6.78687665907616,True,False
15,0.4,18000,45000,5000,dL_rand,0,0,3,0.0,0.0,0.0,0.0997650101781,0.214758753777,0.0997650101781,0.05891836176820281,False,False
15,0.4,18000,45000,5000,dT_rand,0,0,3,0.0,0.0,0.0,0.0997650101781,0.214758753777,0.0997650101781,0.05891836176820281,False,False
15,0.4,18000,45000,5000,dir_valve_act,0,0,2,0.0,0.0,0.0,0.0,1.0,0.0,0.16418038289726053,True,False
15,0.4,18000,45000,5000,dt_rand,0,0,24,-1.97790455818,-0.788995027542,0.0,0.776757121086,1.376537323,1.565752148628,0.8957470484163941,False,False
15,0.4,18000,45000,5000,heater_act,0,0,2,0.0,0.0,1.0,1.0,1.0,1.0,0.4788117935274816,False,False
15,0.4,18000,45000,5000,inj_valve_act,0,0,2,0.0,0.0,0.0,0.0,1.0,0.0,0.33934383295380804,True,False
15,0.4,18000,45000,5000,inv_valve_act,0,0,2,0.0,0.0,0.0,0.0,1.0,0.0,0.17043881173687306,True,False
15,0.4,18000,45000,5000,limiter.y,0,0,3,283.0,283.0,283.0,283.997650146,285.147583008,0.9976501460000122,0.5891831333931391,False,False
15,0.4,18000,45000,5000,limiter1.y,0,0,24,80.220954895,92.1100463867,100.0,107.767570496,113.76537323,15.657524109299999,8.957470262916141,False,False
15,0.4,18000,45000,5000,out_valve_act,0,0,2,0.0,0.0,0.0,0.0,1.0,0.0,0.15236037775904535,True,False
15,0.6,27000,45000,5000,C_level,0,0,657,0.00999999977648,0.00999999977648,0.0799999982119,0.151995301247,0.226290479302,0.14199530147052,0.06740974278227696,False,False
15,0.6,27000,45000,5000,C_temperature.T,0,0,657,273.149993896,273.149993896,323.281097412,326.590270996,327.747406006,53.4402771,24.626662259101924,False,False
15,0.6,27000,45000,5000,HT_level,0,0,1560,0.10000000149,0.10000000149,0.600000023842,0.600000023842,0.600000023842,0.500000022352,0.23036716051638598,False,False
15,0.6,27000,45000,5000,HT_temperature.T,0,0,26423,283.149993896,312.7392807005,324.69142150849996,329.7152404785,332.999786377,16.975959778000004,12.133632805164815,False,False
15,0.6,27000,45000,5000,RT_level,0,0,6005,0.5,1.75,1.79988253117,1.85737931728,2.69928479195,0.10737931727999994,0.3701532683089626,False,False
15,0.6,27000,45000,5000,RT_level_ini,0,0,5,0.0,2.25,2.29988241196,2.35737943649,2.70000004768,0.10737943649000004,0.4351039104166449,False,False
15,0.6,27000,45000,5000,RT_temperature.T,0,0,4665,283.033294678,299.052604675,309.419128418,323.723106384,330.42175293,24.670501709000007,14.347923907498071,False,False
15,0.6,27000,45000,5000,Relaxing.active,0,0,2,0.0,0.0,0.0,0.0,1.0,0.0,0.3298410089364517,True,False
15,0.6,27000,45000,5000,boundary.m_flow_in,0,0,2,0.0,0.0,0.0,0.0,20.0,0.0,6.945244870760801,True,False
15,0.6,27000,45000,5000,dL_rand,0,0,4,0.0,0.0,0.0997650101781,0.214758753777,1.02838218212,0.214758753777,0.2388483773520374,False,False
15,0.6,27000,45000,5000,dT_rand,0,0,4,0.0,0.0,0.0997650101781,0.214758753777,1.02838218212,0.214758753777,0.2388483773520374,False,False
15,0.6,27000,45000,5000,dir_valve_act,0,0,2,0.0,0.0,0.0,0.0,1.0,0.0,0.16529334065534787,True,False
15,0.6,27000,45000,5000,dt_rand,0,0,35,-1.97790455818,-0.857234418392,0.0,0.675801873207,2.51319932938,1.5330362915990001,0.9947518322381317,False,False
15,0.6,27000,45000,5000,heater_act,0,0,2,0.0,0.0,1.0,1.0,1.0,1.0,0.48036368999383555,False,False
15,0.6,27000,45000,5000,inj_valve_act,0,0,2,0.0,0.0,0.0,0.0,1.0,0.0,0.34726224353804,True,False
15,0.6,27000,45000,5000,inv_valve_act,0,0,2,0.0,0.0,0.0,0.0,1.0,0.0,0.16946366773869828,True,False
15,0.6,27000,45000,5000,limiter.y,0,0,4,283.0,283.0,283.997650146,285.147583008,293.283813477,2.1475830080000264,2.3884815731133897,False,False
15,0.6,27000,45000,5000,limiter1.y,0,0,35,80.220954895,91.4276580811,100.0,106.758018494,125.131996155,15.330360412899992,9.947518352104899,False,False
15,0.6,27000,45000,5000,out_valve_act,0,0,2,0.0,0.0,0.0,0.0,1.0,0.0,0.1536266126649157,True,False
15,0.8,36000,45000,5000,C_level,0,0,923,0.00999999977648,0.00999999977648,0.151995301247,0.226290479302,0.314290463924,0.21629047952552,0.0934886830054032,False,False
15,0.8,36000,45000,5000,C_temperature.T,0,0,923,273.149993896,273.149993896,326.590270996,327.747406006,328.400085449,54.59741210999999,23.066976421454395,False,False
15,0.8,36000,45000,5000,HT_level,0,0,2129,0.10000000149,0.10000000149,0.600000023842,0.600000023842,0.600000023842,0.500000022352,0.22952806110810753,False,False
15,0.8,36000,45000,5000,HT_temperature.T,0,0,35055,283.149993896,314.06970214825003,325.198486328,329.831100464,332.999786377,15.761398315749943,11.59922010494054,False,False
15,0.8,36000,45000,5000,RT_level,0,0,7833,0.5,1.75,1.85737931728,2.20000004768,2.70000004768,0.4500000476800001,0.41266757726983716,False,False
15,0.8,36000,45000,5000,RT_level_ini,0,0,6,0.0,2.25,2.29988241196,2.49057745934,2.70000004768,0.24057745933999986,0.42529081742533736,False,False
15,0.8,36000,45000,5000,RT_temperature.T,0,0,5981,283.033294678,300.09185791,311.107147217,323.740570068,330.42175293,23.648712158000023,13.80056437619249,False,False
15,0.8,36000,45000,5000,Relaxing.active,0,0,2,0.0,0.0,0.0,0.0,1.0,0.0,0.33266616102988117,True,False
15,0.8,36000,45000,5000,boundary.m_flow_in,0,0,2,0.0,0.0,0.0,0.0,20.0,0.0,6.785579752889111,True,False
15,0.8,36000,45000,5000,dL_rand,0,0,5,0.0,0.0,0.214758753777,0.481154829264,1.02838218212,0.481154829264,0.39701587972687136,False,False
15,0.8,36000,45000,5000,dT_rand,0,0,5,0.0,0.0,0.214758753777,0.481154829264,1.02838218212,0.481154829264,0.39701587972687136,False,False
15,0.8,36000,45000,5000,dir_valve_act,0,0,2,0.0,0.0,0.0,0.0,1.0,0.0,0.1658466614412911,True,False
15,0.8,36000,45000,5000,dt_rand,0,0,48,-2.04782247543,-0.905178964138,-0.0601825006306,0.649494946003,2.51319932938,1.554673910141,1.0083585380988824,False,False
15,0.8,36000,45000,5000,heater_act,0,0,2,0.0,0.0,1.0,1.0,1.0,1.0,0.47940233959390915,False,False
15,0.8,36000,45000,5000,inj_valve_act,0,0,2,0.0,0.0,0.0,0.0,1.0,0.0,0.3392789876444556,True,False
15,0.8,36000,45000,5000,inv_valve_act,0,0,2,0.0,0.0,0.0,0.0,1.0,0.0,0.17271750004278363,True,False
15,0.8,36000,45000,5000,limiter.y,0,0,5,283.0,283.0,285.147583008,287.811553955,293.283813477,4.811553955000022,3.9701558742420597,False,False
15,0.8,36000,45000,5000,limiter1.y,0,0,48,79.521774292,90.9482116699,99.3981781006,106.494949341,125.131996155,15.54673767109999,10.083585490375999,False,False
15,0.8,36000,45000,5000,out_valve_act,0,0,2,0.0,0.0,0.0,0.0,1.0,0.0,0.1576402242132637,True,False
15,1.0,45000,45000,5000,C_level,0,0,1166,0.00999999977648,0.0799999982119,0.151995301247,0.314290463924,0.393913567066,0.2342904657121,0.12021376415907871,False,False
15,1.0,45000,45000,5000,C_temperature.T,0,0,1166,273.149993896,323.281097412,326.590270996,328.400085449,328.803833008,5.118988037000008,21.58120831349242,False,False
15,1.0,45000,45000,5000,HT_level,0,0,2694,0.10000000149,0.10000000149,0.600000023842,0.600000023842,0.600000023842,0.500000022352,0.22989387055249297,False,False
15,1.0,45000,45000,5000,HT_temperature.T,0,0,43378,283.149993896,314.45377349875,325.3481140135,329.85294342,332.999786377,15.39916992124995,11.273443995046998,False,False
15,1.0,45000,45000,5000,RT_level,0,0,9734,0.5,1.75,1.86264818907,2.20000004768,2.70000004768,0.4500000476800001,0.414352378978288,False,False
15,1.0,45000,45000,5000,RT_level_ini,0,0,6,0.0,2.29988241196,2.35737943649,2.49057745934,2.70000004768,0.19069504737999976,0.3896218659993443,False,False
15,1.0,45000,45000,5000,RT_temperature.T,0,0,7384,283.033294678,301.2604751585,311.107147217,323.55125427275,330.42175293,22.290779114249972,13.300271426692643,False,False
15,1.0,45000,45000,5000,Relaxing.active,0,0,2,0.0,0.0,0.0,0.0,1.0,0.0,0.3375984317525087,True,False
15,1.0,45000,45000,5000,boundary.m_flow_in,0,0,2,0.0,0.0,0.0,0.0,20.0,0.0,6.73737286414105,True,False
15,1.0,45000,45000,5000,dL_rand,0,0,6,0.0,0.0997650101781,0.214758753777,0.481154829264,1.02838218212,0.3813898190859,0.38255360665901217,False,False
15,1.0,45000,45000,5000,dT_rand,0,0,6,0.0,0.0997650101781,0.214758753777,0.481154829264,1.02838218212,0.3813898190859,0.38255360665901217,False,False
15,1.0,45000,45000,5000,dir_valve_act,0,0,2,0.0,0.0,0.0,0.0,1.0,0.0,0.16743358444504364,True,False
15,1.0,45000,45000,5000,dt_rand,0,0,60,-2.04782247543,-0.726401567459,0.0981170088053,0.82375562191,2.51319932938,1.550157189369,1.0357921639438046,False,False
15,1.0,45000,45000,5000,heater_act,0,0,2,0.0,0.0,1.0,1.0,1.0,1.0,0.4801928292366715,False,False
15,1.0,45000,45000,5000,inj_valve_act,0,0,2,0.0,0.0,0.0,0.0,1.0,0.0,0.33686864320705256,True,False
15,1.0,45000,45000,5000,inv_valve_act,0,0,2,0.0,0.0,0.0,0.0,1.0,0.0,0.1731992371735106,True,False
15,1.0,45000,45000,5000,limiter.y,0,0,6,283.0,283.997650146,285.147583008,287.811553955,293.283813477,3.81390380900001,3.8255336530669086,False,False
15,1.0,45000,45000,5000,limiter1.y,0,0,60,79.521774292,92.7359848022,100.981170654,108.237556458,125.131996155,15.501571655800007,10.357921474013544,False,False
15,1.0,45000,45000,5000,out_valve_act,0,0,2,0.0,0.0,0.0,0.0,1.0,0.0,0.1584734742346361,True,False
16,0.05,2250,45000,5000,C_level,0,0,1,0.00999999977648,0.00999999977648,0.00999999977648,0.00999999977648,0.00999999977648,0.0,0.0,True,True
16,0.05,2250,45000,5000,C_temperature.T,0,0,1,273.149993896,273.149993896,273.149993896,273.149993896,273.149993896,0.0,5.68560549438497e-14,True,False
16,0.05,2250,45000,5000,HT_level,0,0,23,0.10000000149,0.10000000149,0.600000023842,0.600000023842,0.600000023842,0.500000022352,0.2472290560238009,False,False
16,0.05,2250,45000,5000,HT_temperature.T,0,0,2250,283.149993896,287.765739441,290.374267578,310.97518920875,328.431213379,23.209449767750016,13.970714535481191,False,False
16,0.05,2250,45000,5000,RT_level,0,0,894,0.5,1.428598850965,1.75,1.75,2.24972319603,0.32140114903499994,0.4295202505725591,False,False
16,0.05,2250,45000,5000,RT_level_ini,0,0,2,0.0,0.0,2.25,2.25,2.25,2.25,1.1147952015886615,False,False
16,0.05,2250,45000,5000,RT_temperature.T,0,0,870,283.033294678,283.033294678,283.033294678,283.05082702625,283.149993896,0.017532348249972074,0.03169923561068816,False,False
16,0.05,2250,45000,5000,Relaxing.active,0,0,1,0.0,0.0,0.0,0.0,0.0,0.0,0.0,True,True
16,0.05,2250,45000,5000,boundary.m_flow_in,0,0,2,0.0,0.0,0.0,20.0,20.0,20.0,9.743953875233185,False,False
16,0.05,2250,45000,5000,dL_rand,0,0,1,0.0,0.0,0.0,0.0,0.0,0.0,0.0,True,True
16,0.05,2250,45000,5000,dT_rand,0,0,1,0.0,0.0,0.0,0.0,0.0,0.0,0.0,True,True
16,0.05,2250,45000,5000,dir_valve_act,0,0,2,0.0,0.0,0.0,0.0,1.0,0.0,0.0961786539807423,True,False
16,0.05,2250,45000,5000,dt_rand,0,0,1,0.0,0.0,0.0,0.0,0.0,0.0,0.0,True,True
16,0.05,2250,45000,5000,heater_act,0,0,2,0.0,0.0,1.0,1.0,1.0,1.0,0.49665667455379575,False,False
16,0.05,2250,45000,5000,inj_valve_act,0,0,2,0.0,0.0,0.0,1.0,1.0,1.0,0.4871976937616593,False,False
16,0.05,2250,45000,5000,inv_valve_act,0,0,1,0.0,0.0,0.0,0.0,0.0,0.0,0.0,True,True
16,0.05,2250,45000,5000,limiter.y,0,0,1,283.0,283.0,283.0,283.0,283.0,0.0,0.0,True,True
16,0.05,2250,45000,5000,limiter1.y,0,0,1,100.0,100.0,100.0,100.0,100.0,0.0,0.0,True,True
16,0.05,2250,45000,5000,out_valve_act,0,0,1,0.0,0.0,0.0,0.0,0.0,0.0,0.0,True,True
16,0.1,4500,45000,5000,C_level,0,0,1,0.00999999977648,0.00999999977648,0.00999999977648,0.00999999977648,0.00999999977648,0.0,0.0,True,True
16,0.1,4500,45000,5000,C_temperature.T,0,0,1,273.149993896,273.149993896,273.149993896,273.149993896,273.149993896,0.0,5.684973584908787e-14,True,False
16,0.1,4500,45000,5000,HT_level,0,0,112,0.10000000149,0.10000000149,0.600000023842,0.600000023842,0.600000023842,0.500000022352,0.21988968508794435,False,False
16,0.1,4500,45000,5000,HT_temperature.T,0,0,4500,283.149993896,290.3746643065,312.07400512699996,323.84696960425,332.99395752,33.47230529774998,15.929794279488604,False,False
16,0.1,4500,45000,5000,RT_level,0,0,984,0.5,1.75,1.75,1.75,2.25,0.0,0.3448542476860329,True,False
16,0.1,4500,45000,5000,RT_level_ini,0,0,2,0.0,2.25,2.25,2.25,2.25,0.0,0.9260100184908424,True,False
16,0.1,4500,45000,5000,RT_temperature.T,0,0,921,283.033294678,283.033294678,283.118545532,294.1065979,302.72088623,11.073303221999993,7.840880502814339,False,False
16,0.1,4500,45000,5000,Relaxing.active,0,0,2,0.0,0.0,0.0,0.0,1.0,0.0,0.20212694322637834,True,False
16,0.1,4500,45000,5000,boundary.m_flow_in,0,0,2,0.0,0.0,0.0,0.0,20.0,0.0,7.902569132789706,True,False
16,0.1,4500,45000,5000,dL_rand,0,0,1,0.0,0.0,0.0,0.0,0.0,0.0,0.0,True,True
16,0.1,4500,45000,5000,dT_rand,0,0,1,0.0,0.0,0.0,0.0,0.0,0.0,0.0,True,True
16,0.1,4500,45000,5000,dir_valve_act,0,0,2,0.0,0.0,0.0,0.0,1.0,0.0,0.11841903079472783,True,False
16,0.1,4500,45000,5000,dt_rand,0,0,3,-2.48265028,0.0,0.0,1.62004458904,1.62004458904,1.62004458904,1.379044550942588,False,False
16,0.1,4500,45000,5000,heater_act,0,0,2,0.0,0.0,1.0,1.0,1.0,1.0,0.4505600092641237,False,False
16,0.1,4500,45000,5000,inj_valve_act,0,0,2,0.0,0.0,0.0,0.0,1.0,0.0,0.39512845663948537,True,False
16,0.1,4500,45000,5000,inv_valve_act,0,0,2,0.0,0.0,0.0,0.0,1.0,0.0,0.10059809778967732,True,False
16,0.1,4500,45000,5000,limiter.y,0,0,1,283.0,283.0,283.0,283.0,283.0,0.0,0.0,True,True
16,0.1,4500,45000,5000,limiter1.y,0,0,3,75.173500061,100.0,100.0,116.200447083,116.200447083,16.200447083,13.790444914389623,False,False
16,0.1,4500,45000,5000,out_valve_act,0,0,1,0.0,0.0,0.0,0.0,0.0,0.0,0.0,True,True
16,0.2,9000,45000,5000,C_level,0,0,1,0.00999999977648,0.00999999977648,0.00999999977648,0.00999999977648,0.00999999977648,0.0,0.0,True,True
16,0.2,9000,45000,5000,C_temperature.T,0,0,1,273.149993896,273.149993896,273.149993896,273.149993896,273.149993896,0.0,0.0,True,True
16,0.2,9000,45000,5000,HT_level,0,0,538,0.10000000149,0.2782842516895,0.600000023842,0.600000023842,0.600000023842,0.3217157721525,0.2132470031937676,False,False
16,0.2,9000,45000,5000,HT_temperature.T,0,0,8929,283.149993896,312.0772094725,325.01721191449997,329.91178131099997,332.999145508,17.834571838499983,14.85790305750269,False,False
16,0.2,9000,45000,5000,RT_level,0,0,1410,0.5,1.75,1.75,1.75,2.25,0.0,0.3006329721251082,True,False
16,0.2,9000,45000,5000,RT_level_ini,0,0,2,0.0,2.25,2.25,2.25,2.25,0.0,0.6983947272292862,True,False
16,0.2,9000,45000,5000,RT_temperature.T,0,0,1176,283.033294678,283.118644714,302.720855713,321.833190918,330.421478271,38.71454620399999,16.806519926103178,False,False
16,0.2,9000,45000,5000,Relaxing.active,0,0,2,0.0,0.0,0.0,0.0,1.0,0.0,0.3261453954601945,True,False
16,0.2,9000,45000,5000,boundary.m_flow_in,0,0,2,0.0,0.0,0.0,0.0,20.0,0.0,5.913427196205702,True,False
16,0.2,9000,45000,5000,dL_rand,0,0,1,0.0,0.0,0.0,0.0,0.0,0.0,0.0,True,True
16,0.2,9000,45000,5000,dT_rand,0,0,1,0.0,0.0,0.0,0.0,0.0,0.0,0.0,True,True
16,0.2,9000,45000,5000,dir_valve_act,0,0,2,0.0,0.0,0.0,0.0,1.0,0.0,0.16687714975164925,True,False
16,0.2,9000,45000,5000,dt_rand,0,0,13,-2.48265028,-1.59456157684,0.0,0.277230143547,1.62004458904,1.871791720387,1.2922669410655445,False,False
16,0.2,9000,45000,5000,heater_act,0,0,2,0.0,0.0,1.0,1.0,1.0,1.0,0.4531159449708956,False,False
16,0.2,9000,45000,5000,inj_valve_act,0,0,2,0.0,0.0,0.0,0.0,1.0,0.0,0.29567135981028514,True,False
16,0.2,9000,45000,5000,inv_valve_act,0,0,2,0.0,0.0,0.0,0.0,1.0,0.0,0.1730262751340179,True,False
16,0.2,9000,45000,5000,limiter.y,0,0,1,283.0,283.0,283.0,283.0,283.0,0.0,0.0,True,True
16,0.2,9000,45000,5000,limiter1.y,0,0,13,75.173500061,84.0543823242,100.0,102.77230072,116.200447083,18.717918395799998,12.922669431419799,False,False
16,0.2,9000,45000,5000,out_valve_act,0,0,1,0.0,0.0,0.0,0.0,0.0,0.0,0.0,True,True
16,0.4,18000,45000,5000,C_level,0,0,479,0.00999999977648,0.00999999977648,0.00999999977648,0.0799999982119,0.167999997735,0.06999999843542,0.0427963563990583,False,False
16,0.4,18000,45000,5000,C_temperature.T,0,0,479,273.149993896,273.149993896,273.149993896,323.280853271,326.963531494,50.130859375,25.192125616819077,False,False
16,0.4,18000,45000,5000,HT_level,0,0,1077,0.10000000149,0.10000000149,0.600000023842,0.600000023842,0.600000023842,0.500000022352,0.23240347633833786,False,False
16,0.4,18000,45000,5000,HT_temperature.T,0,0,17734,283.149993896,313.8037872315,325.400619507,329.912223816,332.999145508,16.108436584499998,12.725197980071307,False,False
16,0.4,18000,45000,5000,RT_level,0,0,4128,0.5,1.75,1.81330001354,2.20000004768,2.70000004768,0.4500000476800001,0.4693078556989022,False,False
16,0.4,18000,45000,5000,RT_level_ini,0,0,3,0.0,2.25,2.25,2.70000004768,2.70000004768,0.4500000476800001,0.5948587345184807,False,False
16,0.4,18000,45000,5000,RT_temperature.T,0,0,3188,283.033294678,302.720825195,312.916687012,324.071777344,330.421478271,21.350952149000022,14.979328979744288,False,False
16,0.4,18000,45000,5000,Relaxing.active,0,0,2,0.0,0.0,0.0,0.0,1.0,0.0,0.3355778277404903,True,False
16,0.4,18000,45000,5000,boundary.m_flow_in,0,0,2,0.0,0.0,0.0,0.0,20.0,0.0,6.99938450664923,True,False
16,0.4,18000,45000,5000,dL_rand,0,0,3,0.0,0.0,0.0,1.35837888718,1.35837888718,1.35837888718,0.6645363918445537,False,False
16,0.4,18000,45000,5000,dT_rand,0,0,3,0.0,0.0,0.0,1.35837888718,1.35837888718,1.35837888718,0.6645363918445537,False,False
16,0.4,18000,45000,5000,dir_valve_act,0,0,2,0.0,0.0,0.0,0.0,1.0,0.0,0.1667155048173925,True,False
16,0.4,18000,45000,5000,dt_rand,0,0,25,-2.48265028,-0.749839782715,-0.134037300944,0.277230143547,1.62004458904,1.027069926262,1.0252200345012397,False,False
16,0.4,18000,45000,5000,heater_act,0,0,2,0.0,0.0,1.0,1.0,1.0,1.0,0.48416504265742033,False,False
16,0.4,18000,45000,5000,inj_valve_act,0,0,2,0.0,0.0,0.0,0.0,1.0,0.0,0.3499692253324615,True,False
16,0.4,18000,45000,5000,inv_valve_act,0,0,2,0.0,0.0,0.0,0.0,1.0,0.0,0.17362282278650437,True,False
16,0.4,18000,45000,5000,limiter.y,0,0,3,283.0,283.0,283.0,296.58380127,296.58380127,13.58380126999998,6.645369848797959,False,False
16,0.4,18000,45000,5000,limiter1.y,0,0,25,75.173500061,92.5016021729,98.6596298218,102.77230072,116.200447083,10.270698547100011,10.252200258897997,False,False
16,0.4,18000,45000,5000,out_valve_act,0,0,2,0.0,0.0,0.0,0.0,1.0,0.0,0.1604573655749595,True,False
16,0.6,27000,45000,5000,C_level,0,0,736,0.00999999977648,0.00999999977648,0.0799999982119,0.167999997735,0.25292417407,0.15799999795852,0.07347097962146458,False,False
16,0.6,27000,45000,5000,C_temperature.T,0,0,736,273.149993896,273.149993896,323.280853271,326.963531494,328.028900146,53.81353759799998,24.685514319537774,False,False
16,0.6,27000,45000,5000,HT_level,0,0,1642,0.10000000149,0.10000000149,0.600000023842,0.600000023842,0.600000023842,0.500000022352,0.2296972876624709,False,False
16,0.6,27000,45000,5000,HT_temperature.T,0,0,26519,283.149993896,314.395248413,325.49726867649997,329.912223816,332.999145508,15.516975403000004,11.93722725383573,False,False
16,0.6,27000,45000,5000,RT_level,0,0,5827,0.5,1.75,2.12310409546,2.20000004768,2.70000004768,0.4500000476800001,0.4901297664287205,False,False
16,0.6,27000,45000,5000,RT_level_ini,0,0,5,0.0,2.25,2.62310409546,2.70000004768,2.70000004768,0.4500000476800001,0.533374052325533,False,False
16,0.6,27000,45000,5000,RT_temperature.T,0,0,4374,283.033294678,302.720825195,312.916717529,324.071777344,330.421478271,21.350952149000022,14.06479062421701,False,False
16,0.6,27000,45000,5000,Relaxing.active,0,0,2,0.0,0.0,0.0,0.0,1.0,0.0,0.3365132937372408,True,False
16,0.6,27000,45000,5000,boundary.m_flow_in,0,0,2,0.0,0.0,0.0,0.0,20.0,0.0,6.676141724918682,True,False
16,0.6,27000,45000,5000,dL_rand,0,0,4,-1.79476296902,0.0,0.746208071709,1.35837888718,1.35837888718,1.35837888718,0.7474244467500532,False,False
16,0.6,27000,45000,5000,dT_rand,0,0,4,-1.79476296902,0.0,0.746208071709,1.35837888718,1.35837888718,1.35837888718,0.7474244467500532,False,False
16,0.6,27000,45000,5000,dir_valve_act,0,0,2,0.0,0.0,0.0,0.0,1.0,0.0,0.1693608190459488,True,False
16,0.6,27000,45000,5000,dt_rand,0,0,37,-2.48265028,-0.749839782715,-0.134037300944,0.277230143547,1.99746692181,1.027069926262,1.0203103794543356,False,False
16,0.6,27000,45000,5000,heater_act,0,0,2,0.0,0.0,1.0,1.0,1.0,1.0,0.48019208659376217,False,False
16,0.6,27000,45000,5000,inj_valve_act,0,0,2,0.0,0.0,0.0,0.0,1.0,0.0,0.33380708624593414,True,False
16,0.6,27000,45000,5000,inv_valve_act,0,0,2,0.0,0.0,0.0,0.0,1.0,0.0,0.17382113921888886,True,False
16,0.6,27000,45000,5000,limiter.y,0,0,4,274.0,283.0,290.46206665,296.58380127,296.58380127,13.58380126999998,6.348503886212124,False,False
16,0.6,27000,45000,5000,limiter1.y,0,0,37,75.173500061,92.5016021729,98.6596298218,102.77230072,119.97467041,10.270698547100011,10.203104136067282,False,False
16,0.6,27000,45000,5000,out_valve_act,0,0,2,0.0,0.0,0.0,0.0,1.0,0.0,0.16241020809715598,True,False
16,0.8,36000,45000,5000,C_level,0,0,842,0.00999999977648,0.00999999977648,0.167999997735,0.25292417407,0.28702890873,0.24292417429352,0.10164081457985845,False,False
16,0.8,36000,45000,5000,C_temperature.T,0,0,842,273.149993896,273.149993896,326.963531494,328.028900146,328.321777344,54.87890625,23.12979438307398,False,False
16,0.8,36000,45000,5000,HT_level,0,0,2158,0.10000000149,0.10000000149,0.600000023842,0.600000023842,0.600000023842,0.500000022352,0.22650912829724448,False,False
16,0.8,36000,45000,5000,HT_temperature.T,0,0,35133,283.149993896,315.52540588375,325.618484497,329.912223816,332.999145508,14.386817932249983,11.298222482890155,False,False
16,0.8,36000,45000,5000,RT_level,0,0,7146,0.5,1.39828944206,1.75,2.20000004768,2.70000004768,0.8017106056200001,0.5457759200825,False,False
16,0.8,36000,45000,5000,RT_level_ini,0,0,6,0.0,1.89828944206,2.25,2.62310409546,2.70000004768,0.7248146534,0.5780753860743496,False,False
16,0.8,36000,45000,5000,RT_temperature.T,0,0,5381,283.033294678,301.504943848,312.916687012,323.315704346,330.471343994,21.810760498000036,13.758907024902765,False,False
16,0.8,36000,45000,5000,Relaxing.active,0,0,2,0.0,0.0,0.0,0.0,1.0,0.0,0.3377085886000695,True,False
16,0.8,36000,45000,5000,boundary.m_flow_in,0,0,2,0.0,0.0,0.0,0.0,20.0,0.0,6.383878297286447,True,False
16,0.8,36000,45000,5000,dL_rand,0,0,5,-1.79476296902,-0.703421115875,0.0,0.746208071709,1.35837888718,1.4496291875840002,1.003550216984028,False,False
16,0.8,36000,45000,5000,dT_rand,0,0,5,-1.79476296902,-0.703421115875,0.0,0.746208071709,1.35837888718,1.4496291875840002,1.003550216984028,False,False
16,0.8,36000,45000,5000,dir_valve_act,0,0,2,0.0,0.0,0.0,0.0,1.0,0.0,0.1671837123758626,True,False
16,0.8,36000,45000,5000,dt_rand,0,0,49,-2.57686090469,-0.749839782715,0.0,0.585345029831,1.99746692181,1.335184812546,1.085350533247431,False,False
16,0.8,36000,45000,5000,heater_act,0,0,2,0.0,0.0,1.0,1.0,1.0,1.0,0.474874003100385,False,False
16,0.8,36000,45000,5000,inj_valve_act,0,0,2,0.0,0.0,0.0,0.0,1.0,0.0,0.3191939148643224,True,False
16,0.8,36000,45000,5000,inv_valve_act,0,0,2,0.0,0.0,0.0,0.0,1.0,0.0,0.17362041127467695,True,False
16,0.8,36000,45000,5000,limiter.y,0,0,5,274.0,275.965789795,283.0,290.46206665,296.58380127,14.49627685500002,8.116523076069798,False,False
16,0.8,36000,45000,5000,limiter1.y,0,0,49,74.2313919067,92.5016021729,100.0,105.85344696,119.97467041,13.351844787100006,10.853505622443613,False,False
16,0.8,36000,45000,5000,out_valve_act,0,0,2,0.0,0.0,0.0,0.0,1.0,0.0,0.15069860097304,True,False
16,1.0,45000,45000,5000,C_level,0,0,1280,0.00999999977648,0.0799999982119,0.167999997735,0.28702890873,0.430960476398,0.20702891051809996,0.12844238557432675,False,False
16,1.0,45000,45000,5000,C_temperature.T,0,0,1280,273.149993896,323.280853271,326.963531494,328.321777344,328.962432861,5.040924072999985,21.62617099547951,False,False
16,1.0,45000,45000,5000,HT_level,0,0,2810,0.10000000149,0.10000000149,0.600000023842,0.600000023842,0.600000023842,0.500000022352,0.23042103908186462,False,False
16,1.0,45000,45000,5000,HT_temperature.T,0,0,43702,283.149993896,316.16094970675,326.14804077149995,330.018157959,332.999694824,13.857208252250018,10.941511551219879,False,False
16,1.0,45000,45000,5000,RT_level,0,0,9580,0.5,1.39828944206,1.7580213546749999,2.20000004768,2.70000004768,0.8017106056200001,0.6023218638896016,False,False
16,1.0,45000,45000,5000,RT_level_ini,0,0,7,0.0,1.89828944206,2.25,2.70000004768,2.70000004768,0.8017106056200001,0.5987934764190926,False,False
16,1.0,45000,45000,5000,RT_temperature.T,0,0,7090,283.033294678,302.817810059,316.449035645,324.951416016,330.471343994,22.133605956999986,13.454668820773374,False,False
16,1.0,45000,45000,5000,Relaxing.active,0,0,2,0.0,0.0,0.0,0.0,1.0,0.0,0.3449038177889767,True,False
16,1.0,45000,45000,5000,boundary.m_flow_in,0,0,2,0.0,0.0,0.0,0.0,20.0,0.0,6.545788887779792,True,False
16,1.0,45000,45000,5000,dL_rand,0,0,7,-2.72307515144,-0.703421115875,0.0,1.35837888718,3.03546261787,2.061800003055,1.4917502910254161,False,False
16,1.0,45000,45000,5000,dT_rand,0,0,7,-2.72307515144,-0.703421115875,0.0,1.35837888718,3.03546261787,2.061800003055,1.4917502910254161,False,False
16,1.0,45000,45000,5000,dir_valve_act,0,0,2,0.0,0.0,0.0,0.0,1.0,0.0,0.17126111587481602,True,False
16,1.0,45000,45000,5000,dt_rand,0,0,63,-2.57686090469,-0.944364786148,0.0,0.601977586746,1.99746692181,1.546342372894,1.0838681067489255,False,False
16,1.0,45000,45000,5000,heater_act,0,0,2,0.0,0.0,1.0,1.0,1.0,1.0,0.4817889099907596,False,False
16,1.0,45000,45000,5000,inj_valve_act,0,0,2,0.0,0.0,0.0,0.0,1.0,0.0,0.32728944438898966,True,False
16,1.0,45000,45000,5000,inv_valve_act,0,0,2,0.0,0.0,0.0,0.0,1.0,0.0,0.17641504303321623,True,False
16,1.0,45000,45000,5000,limiter.y,0,0,6,274.0,275.965789795,283.0,296.58380127,313.354614258,20.618011475000003,12.252841231072518,False,False
16,1.0,45000,45000,5000,limiter1.y,0,0,63,74.2313919067,90.556350708,100.0,106.019775391,119.97467041,15.463424683,10.838681573854613,False,False
16,1.0,45000,45000,5000,out_valve_act,0,0,2,0.0,0.0,0.0,0.0,1.0,0.0,0.16579878927871652,True,False
17,0.05,2250,45000,5000,C_level,0,0,1,0.00999999977648,0.00999999977648,0.00999999977648,0.00999999977648,0.00999999977648,0.0,0.0,True,True
17,0.05,2250,45000,5000,C_temperature.T,0,0,1,273.149993896,273.149993896,273.149993896,273.149993896,273.149993896,0.0,5.68560549438497e-14,True,False
17,0.05,2250,45000,5000,HT_level,0,0,23,0.10000000149,0.10000000149,0.600000023842,0.600000023842,0.600000023842,0.500000022352,0.2472290560238009,False,False
17,0.05,2250,45000,5000,HT_temperature.T,0,0,2250,283.149993896,287.765739441,290.374267578,310.97518920875,328.431213379,23.209449767750016,13.970714535481191,False,False
17,0.05,2250,45000,5000,RT_level,0,0,894,0.5,1.428598850965,1.75,1.75,2.24972319603,0.32140114903499994,0.4295202505725591,False,False
17,0.05,2250,45000,5000,RT_level_ini,0,0,2,0.0,0.0,2.25,2.25,2.25,2.25,1.1147952015886615,False,False
17,0.05,2250,45000,5000,RT_temperature.T,0,0,870,283.033294678,283.033294678,283.033294678,283.05082702625,283.149993896,0.017532348249972074,0.03169923561068816,False,False
17,0.05,2250,45000,5000,Relaxing.active,0,0,1,0.0,0.0,0.0,0.0,0.0,0.0,0.0,True,True
17,0.05,2250,45000,5000,boundary.m_flow_in,0,0,2,0.0,0.0,0.0,20.0,20.0,20.0,9.743953875233185,False,False
17,0.05,2250,45000,5000,dL_rand,0,0,1,0.0,0.0,0.0,0.0,0.0,0.0,0.0,True,True
17,0.05,2250,45000,5000,dT_rand,0,0,1,0.0,0.0,0.0,0.0,0.0,0.0,0.0,True,True
17,0.05,2250,45000,5000,dir_valve_act,0,0,2,0.0,0.0,0.0,0.0,1.0,0.0,0.0961786539807423,True,False
17,0.05,2250,45000,5000,dt_rand,0,0,1,0.0,0.0,0.0,0.0,0.0,0.0,0.0,True,True
17,0.05,2250,45000,5000,heater_act,0,0,2,0.0,0.0,1.0,1.0,1.0,1.0,0.49665667455379575,False,False
17,0.05,2250,45000,5000,inj_valve_act,0,0,2,0.0,0.0,0.0,1.0,1.0,1.0,0.4871976937616593,False,False
17,0.05,2250,45000,5000,inv_valve_act,0,0,1,0.0,0.0,0.0,0.0,0.0,0.0,0.0,True,True
17,0.05,2250,45000,5000,limiter.y,0,0,1,283.0,283.0,283.0,283.0,283.0,0.0,0.0,True,True
17,0.05,2250,45000,5000,limiter1.y,0,0,1,100.0,100.0,100.0,100.0,100.0,0.0,0.0,True,True
17,0.05,2250,45000,5000,out_valve_act,0,0,1,0.0,0.0,0.0,0.0,0.0,0.0,0.0,True,True
17,0.1,4500,45000,5000,C_level,0,0,1,0.00999999977648,0.00999999977648,0.00999999977648,0.00999999977648,0.00999999977648,0.0,0.0,True,True
17,0.1,4500,45000,5000,C_temperature.T,0,0,1,273.149993896,273.149993896,273.149993896,273.149993896,273.149993896,0.0,5.684973584908787e-14,True,False
17,0.1,4500,45000,5000,HT_level,0,0,112,0.10000000149,0.10000000149,0.600000023842,0.600000023842,0.600000023842,0.500000022352,0.2207272526489118,False,False
17,0.1,4500,45000,5000,HT_temperature.T,0,0,4499,283.149993896,290.3746643065,312.025146484,323.81097412124996,332.99395752,33.43630981474996,15.908308895138799,False,False
17,0.1,4500,45000,5000,RT_level,0,0,984,0.5,1.75,1.75,1.75,2.25,0.0,0.346366947584157,True,False
17,0.1,4500,45000,5000,RT_level_ini,0,0,2,0.0,2.25,2.25,2.25,2.25,0.0,0.9260100184908424,True,False
17,0.1,4500,45000,5000,RT_temperature.T,0,0,920,283.033294678,283.033294678,283.118545532,294.1065979,302.72088623,11.073303221999993,7.895165187850009,False,False
17,0.1,4500,45000,5000,Relaxing.active,0,0,2,0.0,0.0,0.0,0.0,1.0,0.0,0.20950836300155848,True,False
17,0.1,4500,45000,5000,boundary.m_flow_in,0,0,2,0.0,0.0,0.0,0.0,20.0,0.0,7.902569132789706,True,False
17,0.1,4500,45000,5000,dL_rand,0,0,1,0.0,0.0,0.0,0.0,0.0,0.0,0.0,True,True
17,0.1,4500,45000,5000,dT_rand,0,0,1,0.0,0.0,0.0,0.0,0.0,0.0,0.0,True,True
17,0.1,4500,45000,5000,dir_valve_act,0,0,2,0.0,0.0,0.0,0.0,1.0,0.0,0.11841903079472783,True,False
17,0.1,4500,45000,5000,dt_rand,0,0,3,-0.536820590496,-0.536820590496,0.0,0.0,1.13415932655,0.536820590496,0.5709562595462377,False,False
17,0.1,4500,45000,5000,heater_act,0,0,2,0.0,0.0,1.0,1.0,1.0,1.0,0.45214981552745265,False,False
17,0.1,4500,45000,5000,inj_valve_act,0,0,2,0.0,0.0,0.0,0.0,1.0,0.0,0.39512845663948537,True,False
17,0.1,4500,45000,5000,inv_valve_act,0,0,2,0.0,0.0,0.0,0.0,1.0,0.0,0.10059809778967732,True,False
17,0.1,4500,45000,5000,limiter.y,0,0,1,283.0,283.0,283.0,283.0,283.0,0.0,0.0,True,True
17,0.1,4500,45000,5000,limiter1.y,0,0,3,94.6317977905,94.6317977905,100.0,100.0,111.341590881,5.368202209499998,5.7095606588592185,False,False
17,0.1,4500,45000,5000,out_valve_act,0,0,1,0.0,0.0,0.0,0.0,0.0,0.0,0.0,True,True
17,0.2,9000,45000,5000,C_level,0,0,1,0.00999999977648,0.00999999977648,0.00999999977648,0.00999999977648,0.00999999977648,0.0,0.0,True,True
17,0.2,9000,45000,5000,C_temperature.T,0,0,1,273.149993896,273.149993896,273.149993896,273.149993896,273.149993896,0.0,0.0,True,True
17,0.2,9000,45000,5000,HT_level,0,0,536,0.10000000149,0.28105095028875,0.600000023842,0.600000023842,0.600000023842,0.31894907355325003,0.2131302886527854,False,False
17,0.2,9000,45000,5000,HT_temperature.T,0,0,8951,283.149993896,312.0295257565,324.990005493,329.8968353275,332.998321533,17.86730957100002,14.852839947711843,False,False
17,0.2,9000,45000,5000,RT_level,0,0,1408,0.5,1.75,1.75,1.75,2.25,0.0,0.3004796184027631,True,False
17,0.2,9000,45000,5000,RT_level_ini,0,0,2,0.0,2.25,2.25,2.25,2.25,0.0,0.6983947272292862,True,False
17,0.2,9000,45000,5000,RT_temperature.T,0,0,1174,283.033294678,283.118644714,302.72088623,321.8331604,330.421539307,38.71451568599997,16.75465612253468,False,False
17,0.2,9000,45000,5000,Relaxing.active,0,0,2,0.0,0.0,0.0,0.0,1.0,0.0,0.32601621900075606,True,False
17,0.2,9000,45000,5000,boundary.m_flow_in,0,0,2,0.0,0.0,0.0,0.0,20.0,0.0,5.913427196205702,True,False
17,0.2,9000,45000,5000,dL_rand,0,0,1,0.0,0.0,0.0,0.0,0.0,0.0,0.0,True,True
17,0.2,9000,45000,5000,dT_rand,0,0,1,0.0,0.0,0.0,0.0,0.0,0.0,0.0,True,True
17,0.2,9000,45000,5000,dir_valve_act,0,0,2,0.0,0.0,0.0,0.0,1.0,0.0,0.16687714975164925,True,False
17,0.2,9000,45000,5000,dt_rand,0,0,13,-3.10135197639,-0.657368719578,-0.228217408061,0.0,1.19571518898,0.657368719578,1.1102287873239962,False,False
17,0.2,9000,45000,5000,heater_act,0,0,2,0.0,0.0,1.0,1.0,1.0,1.0,0.45296022986146883,False,False
17,0.2,9000,45000,5000,inj_valve_act,0,0,2,0.0,0.0,0.0,0.0,1.0,0.0,0.29567135981028514,True,False
17,0.2,9000,45000,5000,inv_valve_act,0,0,2,0.0,0.0,0.0,0.0,1.0,0.0,0.17242252028906677,True,False
17,0.2,9000,45000,5000,limiter.y,0,0,1,283.0,283.0,283.0,283.0,283.0,0.0,0.0,True,True
17,0.2,9000,45000,5000,limiter1.y,0,0,13,68.9864807129,93.4263153076,97.7178268433,100.0,111.95715332,6.573684692399993,11.10228752348296,False,False
17,0.2,9000,45000,5000,out_valve_act,0,0,1,0.0,0.0,0.0,0.0,0.0,0.0,0.0,True,True
17,0.4,18000,45000,5000,C_level,0,0,444,0.00999999977648,0.00999999977648,0.00999999977648,0.0799999982119,0.156238600612,0.06999999843542,0.0385666776212899,False,False
17,0.4,18000,45000,5000,C_temperature.T,0,0,444,273.149993896,273.149993896,273.149993896,323.280914307,326.847351074,50.13092041099998,25.10444449786063,False,False
17,0.4,18000,45000,5000,HT_level,0,0,1074,0.10000000149,0.10000000149,0.600000023842,0.600000023842,0.600000023842,0.500000022352,0.22714839409328433,False,False
17,0.4,18000,45000,5000,HT_temperature.T,0,0,17761,283.149993896,314.44728088374995,325.412322998,329.917037964,332.998321533,15.46975708025002,12.592930378479513,False,False
17,0.4,18000,45000,5000,RT_level,0,0,3584,0.5,1.75,1.90596485138,1.90596485138,2.40596485138,0.15596485138000005,0.38159693539478856,False,False
17,0.4,18000,45000,5000,RT_level_ini,0,0,3,0.0,2.25,2.25,2.40596485138,2.40596485138,0.15596485137999982,0.5298925075462355,False,False
17,0.4,18000,45000,5000,RT_temperature.T,0,0,2676,283.033294678,295.292327881,309.419128418,323.578613281,330.568847656,28.286285399999997,15.399892907448733,False,False
17,0.4,18000,45000,5000,Relaxing.active,0,0,2,0.0,0.0,0.0,0.0,1.0,0.0,0.3373489578696929,True,False
17,0.4,18000,45000,5000,boundary.m_flow_in,0,0,2,0.0,0.0,0.0,0.0,20.0,0.0,6.3752485277840805,True,False
17,0.4,18000,45000,5000,dL_rand,0,0,3,-0.00637836847454,0.0,0.0,0.311929672956,0.311929672956,0.311929672956,0.1557381245988683,False,False
17,0.4,18000,45000,5000,dT_rand,0,0,3,-0.00637836847454,0.0,0.0,0.311929672956,0.311929672956,0.311929672956,0.1557381245988683,False,False
17,0.4,18000,45000,5000,dir_valve_act,0,0,2,0.0,0.0,0.0,0.0,1.0,0.0,0.16718603448474822,True,False
17,0.4,18000,45000,5000,dt_rand,0,0,25,-3.10135197639,-0.821497261524,0.0,0.360606700182,1.19571518898,1.182103961706,1.007986112264175,False,False
17,0.4,18000,45000,5000,heater_act,0,0,2,0.0,0.0,1.0,1.0,1.0,1.0,0.47586797599115743,False,False
17,0.4,18000,45000,5000,inj_valve_act,0,0,2,0.0,0.0,0.0,0.0,1.0,0.0,0.31876242638920405,True,False
17,0.4,18000,45000,5000,inv_valve_act,0,0,2,0.0,0.0,0.0,0.0,1.0,0.0,0.17271989901356766,True,False
17,0.4,18000,45000,5000,limiter.y,0,0,3,282.936218262,283.0,283.0,286.119293213,286.119293213,3.1192932129999917,1.5573794551340407,False,False
17,0.4,18000,45000,5000,limiter1.y,0,0,25,68.9864807129,91.7850265503,100.0,103.606063843,111.95715332,11.821037292699998,10.07986055532726,False,False
17,0.4,18000,45000,5000,out_valve_act,0,0,2,0.0,0.0,0.0,0.0,1.0,0.0,0.15459973427421422,True,False
17,0.6,27000,45000,5000,C_level,0,0,657,0.00999999977648,0.00999999977648,0.0799999982119,0.156238600612,0.226111024618,0.14623860083552,0.06705175910612432,False,False
17,0.6,27000,45000,5000,C_temperature.T,0,0,657,273.149993896,273.149993896,323.280914307,326.847351074,327.950469971,53.697357178000004,24.628466198470704,False,False
17,0.6,27000,45000,5000,HT_level,0,0,1590,0.10000000149,0.10000000149,0.600000023842,0.600000023842,0.600000023842,0.500000022352,0.22847185261677716,False,False
17,0.6,27000,45000,5000,HT_temperature.T,0,0,26546,283.149993896,313.19842529325,325.0155181885,329.8167800905,332.998565674,16.618354797249992,12.10344539789,False,False
17,0.6,27000,45000,5000,RT_level,0,0,5662,0.5,1.74681079388,1.75,1.90596485138,2.40596485138,0.1591540575000001,0.36914816539563633,False,False
17,0.6,27000,45000,5000,RT_level_ini,0,0,5,0.0,2.24681091309,2.25,2.40596485138,2.40596485138,0.1591539382899998,0.43584914259763574,False,False
17,0.6,27000,45000,5000,RT_temperature.T,0,0,4311,283.033294678,295.292327881,309.419128418,323.578613281,330.568847656,28.286285399999997,14.791500808497137,False,False
17,0.6,27000,45000,5000,Relaxing.active,0,0,2,0.0,0.0,0.0,0.0,1.0,0.0,0.33417845792960277,True,False
17,0.6,27000,45000,5000,boundary.m_flow_in,0,0,2,0.0,0.0,0.0,0.0,20.0,0.0,6.64794730641551,True,False
17,0.6,27000,45000,5000,dL_rand,0,0,4,-0.583880126476,-0.00637836847454,0.0,0.311929672956,0.311929672956,0.31830804143054,0.209161997585073,False,False
17,0.6,27000,45000,5000,dT_rand,0,0,4,-0.583880126476,-0.00637836847454,0.0,0.311929672956,0.311929672956,0.31830804143054,0.209161997585073,False,False
17,0.6,27000,45000,5000,dir_valve_act,0,0,2,0.0,0.0,0.0,0.0,1.0,0.0,0.1672888453069784,True,False
17,0.6,27000,45000,5000,dt_rand,0,0,36,-3.10135197639,-0.611560404301,0.0,0.641132831573,1.24375128746,1.2526932358740002,0.9246942224020066,False,False
17,0.6,27000,45000,5000,heater_act,0,0,2,0.0,0.0,1.0,1.0,1.0,1.0,0.4777288764405053,False,False
17,0.6,27000,45000,5000,inj_valve_act,0,0,2,0.0,0.0,0.0,0.0,1.0,0.0,0.33239736532077546,True,False
17,0.6,27000,45000,5000,inv_valve_act,0,0,2,0.0,0.0,0.0,0.0,1.0,0.0,0.17059038020268597,True,False
17,0.6,27000,45000,5000,limiter.y,0,0,4,277.161193848,282.936218262,283.0,286.119293213,286.119293213,3.1830749509999805,2.0916192745940516,False,False
17,0.6,27000,45000,5000,limiter1.y,0,0,36,68.9864807129,93.8843994141,100.0,106.411331177,112.437515259,12.526931762899991,9.246941652844786,False,False
17,0.6,27000,45000,5000,out_valve_act,0,0,2,0.0,0.0,0.0,0.0,1.0,0.0,0.1536266126649157,True,False
17,0.8,36000,45000,5000,C_level,0,0,835,0.00999999977648,0.00999999977648,0.156238600612,0.226111024618,0.284433424473,0.21611102484152,0.0916004747645112,False,False
17,0.8,36000,45000,5000,C_temperature.T,0,0,835,273.149993896,273.149993896,326.847351074,327.950469971,328.50958252,54.800476075000006,23.090378385575086,False,False
17,0.8,36000,45000,5000,HT_level,0,0,2112,0.10000000149,0.10000000149,0.600000023842,0.600000023842,0.600000023842,0.500000022352,0.2256511492350651,False,False
17,0.8,36000,45000,5000,HT_temperature.T,0,0,35208,283.149993896,314.0628204345,325.0673828125,329.82439422625,332.999847412,15.761573791749981,11.51401340424817,False,False
17,0.8,36000,45000,5000,RT_level,0,0,7141,0.5,1.56066322327,1.75,1.90596485138,2.40596485138,0.3453016281100001,0.3635582088532992,False,False
17,0.8,36000,45000,5000,RT_level_ini,0,0,6,0.0,2.06066322327,2.24681091309,2.25,2.40596485138,0.18933677672999982,0.3905320075295747,False,False
17,0.8,36000,45000,5000,RT_temperature.T,0,0,5398,283.033294678,295.292327881,309.419128418,323.221008301,330.655548096,27.928680419999978,14.505943129558052,False,False
17,0.8,36000,45000,5000,Relaxing.active,0,0,2,0.0,0.0,0.0,0.0,1.0,0.0,0.33207298860335277,True,False
17,0.8,36000,45000,5000,boundary.m_flow_in,0,0,2,0.0,0.0,0.0,0.0,20.0,0.0,6.41523168100099,True,False
17,0.8,36000,45000,5000,dL_rand,0,0,5,-0.583880126476,-0.378673672676,-0.00637836847454,0.0,0.311929672956,0.378673672676,0.31220554614929474,False,False
17,0.8,36000,45000,5000,dT_rand,0,0,5,-0.583880126476,-0.378673672676,-0.00637836847454,0.0,0.311929672956,0.378673672676,0.31220554614929474,False,False
17,0.8,36000,45000,5000,dir_valve_act,0,0,2,0.0,0.0,0.0,0.0,1.0,0.0,0.1656885635009311,True,False
17,0.8,36000,45000,5000,dt_rand,0,0,48,-3.10135197639,-0.714682459831,0.0,0.509628593922,2.06698822975,1.224311053753,0.9273729434457199,False,False
17,0.8,36000,45000,5000,heater_act,0,0,2,0.0,0.0,1.0,1.0,1.0,1.0,0.47311115843221047,False,False
17,0.8,36000,45000,5000,inj_valve_act,0,0,2,0.0,0.0,0.0,0.0,1.0,0.0,0.3207615840500495,True,False
17,0.8,36000,45000,5000,inv_valve_act,0,0,2,0.0,0.0,0.0,0.0,1.0,0.0,0.17158126886303604,True,False
17,0.8,36000,45000,5000,limiter.y,0,0,5,277.161193848,279.213256836,282.936218262,283.0,286.119293213,3.7867431639999722,3.1220566638666227,False,False
17,0.8,36000,45000,5000,limiter1.y,0,0,48,68.9864807129,92.8531723022,100.0,105.096282959,120.669883728,12.243110656800013,9.273728756943328,False,False
17,0.8,36000,45000,5000,out_valve_act,0,0,2,0.0,0.0,0.0,0.0,1.0,0.0,0.15008205288288567,True,False
17,1.0,45000,45000,5000,C_level,0,0,1027,0.00999999977648,0.0799999982119,0.156238600612,0.284433424473,0.346859961748,0.2044334262611,0.11284206862620134,False,False
17,1.0,45000,45000,5000,C_temperature.T,0,0,1027,273.149993896,323.280914307,326.847351074,328.50958252,328.836883545,5.228668212999992,21.60404126181577,False,False
17,1.0,45000,45000,5000,HT_level,0,0,2676,0.10000000149,0.10000000149,0.600000023842,0.600000023842,0.600000023842,0.500000022352,0.2245319554483228,False,False
17,1.0,45000,45000,5000,HT_temperature.T,0,0,43618,283.149993896,314.9087677,325.28781127950003,329.8573989865,332.999847412,14.948631286500017,11.10663469163093,False,False
17,1.0,45000,45000,5000,RT_level,0,0,8593,0.5,1.45805990696,1.74681079388,1.90596485138,2.40596485138,0.44790494442000006,0.3583824086920951,False,False
17,1.0,45000,45000,5000,RT_level_ini,0,0,7,0.0,1.95805990696,2.24681091309,2.25,2.40596485138,0.29194009304,0.3573477629325533,False,False
17,1.0,45000,45000,5000,RT_temperature.T,0,0,6405,283.033294678,297.5490722655,309.509490967,322.601867676,330.655548096,25.052795410499982,14.165454519314459,False,False
17,1.0,45000,45000,5000,Relaxing.active,0,0,2,0.0,0.0,0.0,0.0,1.0,0.0,0.33594006924946623,True,False
17,1.0,45000,45000,5000,boundary.m_flow_in,0,0,2,0.0,0.0,0.0,0.0,20.0,0.0,6.222802947005146,True,False
17,1.0,45000,45000,5000,dL_rand,0,0,6,-0.708365142345,-0.583880126476,-0.00637836847454,0.0,0.311929672956,0.583880126476,0.34516608763405593,False,False
17,1.0,45000,45000,5000,dT_rand,0,0,6,-0.708365142345,-0.583880126476,-0.00637836847454,0.0,0.311929672956,0.583880126476,0.34516608763405593,False,False
17,1.0,45000,45000,5000,dir_valve_act,0,0,2,0.0,0.0,0.0,0.0,1.0,0.0,0.16749610273335885,True,False
17,1.0,45000,45000,5000,dt_rand,0,0,60,-3.10135197639,-0.76647233963,0.0,0.509628593922,2.06698822975,1.2761009335520002,1.0154144597101065,False,False
17,1.0,45000,45000,5000,heater_act,0,0,2,0.0,0.0,1.0,1.0,1.0,1.0,0.47155099077021934,False,False
17,1.0,45000,45000,5000,inj_valve_act,0,0,2,0.0,0.0,0.0,0.0,1.0,0.0,0.31114014735025736,True,False
17,1.0,45000,45000,5000,inv_valve_act,0,0,2,0.0,0.0,0.0,0.0,1.0,0.0,0.17205146527883292,True,False
17,1.0,45000,45000,5000,limiter.y,0,0,6,275.916351318,277.161193848,282.936218262,283.0,286.119293213,5.838806152000018,3.4516612385265453,False,False
17,1.0,45000,45000,5000,limiter1.y,0,0,60,68.9864807129,92.3352737427,100.0,105.096282959,120.669883728,12.76100921630001,10.15414441384862,False,False
17,1.0,45000,45000,5000,out_valve_act,0,0,2,0.0,0.0,0.0,0.0,1.0,0.0,0.14891136954133513,True,False
18,0.05,2250,45000,5000,C_level,0,0,1,0.00999999977648,0.00999999977648,0.00999999977648,0.00999999977648,0.00999999977648,0.0,0.0,True,True
18,0.05,2250,45000,5000,C_temperature.T,0,0,1,273.149993896,273.149993896,273.149993896,273.149993896,273.149993896,0.0,5.68560549438497e-14,True,False
18,0.05,2250,45000,5000,HT_level,0,0,23,0.10000000149,0.10000000149,0.600000023842,0.600000023842,0.600000023842,0.500000022352,0.2472290560238009,False,False
18,0.05,2250,45000,5000,HT_temperature.T,0,0,2250,283.149993896,287.765739441,290.374267578,310.97518920875,328.431213379,23.209449767750016,13.970714535481191,False,False
18,0.05,2250,45000,5000,RT_level,0,0,894,0.5,1.428598850965,1.75,1.75,2.24972319603,0.32140114903499994,0.4295202505725591,False,False
18,0.05,2250,45000,5000,RT_level_ini,0,0,2,0.0,0.0,2.25,2.25,2.25,2.25,1.1147952015886615,False,False
18,0.05,2250,45000,5000,RT_temperature.T,0,0,870,283.033294678,283.033294678,283.033294678,283.05082702625,283.149993896,0.017532348249972074,0.03169923561068816,False,False
18,0.05,2250,45000,5000,Relaxing.active,0,0,1,0.0,0.0,0.0,0.0,0.0,0.0,0.0,True,True
18,0.05,2250,45000,5000,boundary.m_flow_in,0,0,2,0.0,0.0,0.0,20.0,20.0,20.0,9.743953875233185,False,False
18,0.05,2250,45000,5000,dL_rand,0,0,1,0.0,0.0,0.0,0.0,0.0,0.0,0.0,True,True
18,0.05,2250,45000,5000,dT_rand,0,0,1,0.0,0.0,0.0,0.0,0.0,0.0,0.0,True,True
18,0.05,2250,45000,5000,dir_valve_act,0,0,2,0.0,0.0,0.0,0.0,1.0,0.0,0.0961786539807423,True,False
18,0.05,2250,45000,5000,dt_rand,0,0,1,0.0,0.0,0.0,0.0,0.0,0.0,0.0,True,True
18,0.05,2250,45000,5000,heater_act,0,0,2,0.0,0.0,1.0,1.0,1.0,1.0,0.49665667455379575,False,False
18,0.05,2250,45000,5000,inj_valve_act,0,0,2,0.0,0.0,0.0,1.0,1.0,1.0,0.4871976937616593,False,False
18,0.05,2250,45000,5000,inv_valve_act,0,0,1,0.0,0.0,0.0,0.0,0.0,0.0,0.0,True,True
18,0.05,2250,45000,5000,limiter.y,0,0,1,283.0,283.0,283.0,283.0,283.0,0.0,0.0,True,True
18,0.05,2250,45000,5000,limiter1.y,0,0,1,100.0,100.0,100.0,100.0,100.0,0.0,0.0,True,True
18,0.05,2250,45000,5000,out_valve_act,0,0,1,0.0,0.0,0.0,0.0,0.0,0.0,0.0,True,True
18,0.1,4500,45000,5000,C_level,0,0,1,0.00999999977648,0.00999999977648,0.00999999977648,0.00999999977648,0.00999999977648,0.0,0.0,True,True
18,0.1,4500,45000,5000,C_temperature.T,0,0,1,273.149993896,273.149993896,273.149993896,273.149993896,273.149993896,0.0,5.684973584908787e-14,True,False
18,0.1,4500,45000,5000,HT_level,0,0,112,0.10000000149,0.10000000149,0.600000023842,0.600000023842,0.600000023842,0.500000022352,0.22194669033188505,False,False
18,0.1,4500,45000,5000,HT_temperature.T,0,0,4500,283.149993896,290.3746643065,311.96992492649997,323.76647186275,332.99395752,33.39180755625,15.87741817135951,False,False
18,0.1,4500,45000,5000,RT_level,0,0,984,0.5,1.75,1.75,1.75,2.25,0.0,0.3485925644401132,True,False
18,0.1,4500,45000,5000,RT_level_ini,0,0,2,0.0,2.25,2.25,2.25,2.25,0.0,0.9260100184908424,True,False
18,0.1,4500,45000,5000,RT_temperature.T,0,0,920,283.033294678,283.033294678,283.118545532,294.1065979,302.719024658,11.073303221999993,7.8986239271026575,False,False
18,0.1,4500,45000,5000,Relaxing.active,0,0,2,0.0,0.0,0.0,0.0,1.0,0.0,0.21979523520761288,True,False
18,0.1,4500,45000,5000,boundary.m_flow_in,0,0,2,0.0,0.0,0.0,0.0,20.0,0.0,7.902569132789706,True,False
18,0.1,4500,45000,5000,dL_rand,0,0,1,0.0,0.0,0.0,0.0,0.0,0.0,0.0,True,True
18,0.1,4500,45000,5000,dT_rand,0,0,1,0.0,0.0,0.0,0.0,0.0,0.0,0.0,True,True
18,0.1,4500,45000,5000,dir_valve_act,0,0,2,0.0,0.0,0.0,0.0,1.0,0.0,0.11841903079472783,True,False
18,0.1,4500,45000,5000,dt_rand,0,0,3,-0.689809858799,-0.689809858799,0.0,0.0,3.46040225029,0.689809858799,1.5048970150476524,False,False
18,0.1,4500,45000,5000,heater_act,0,0,2,0.0,0.0,1.0,1.0,1.0,1.0,0.4544272351266971,False,False
18,0.1,4500,45000,5000,inj_valve_act,0,0,2,0.0,0.0,0.0,0.0,1.0,0.0,0.39512845663948537,True,False
18,0.1,4500,45000,5000,inv_valve_act,0,0,2,0.0,0.0,0.0,0.0,1.0,0.0,0.10059809778967732,True,False
18,0.1,4500,45000,5000,limiter.y,0,0,1,283.0,283.0,283.0,283.0,283.0,0.0,0.0,True,True
18,0.1,4500,45000,5000,limiter1.y,0,0,3,93.1018981934,93.1018981934,100.0,100.0,134.604019165,6.898101806599996,15.04896951399032,False,False
18,0.1,4500,45000,5000,out_valve_act,0,0,1,0.0,0.0,0.0,0.0,0.0,0.0,0.0,True,True
18,0.2,9000,45000,5000,C_level,0,0,1,0.00999999977648,0.00999999977648,0.00999999977648,0.00999999977648,0.00999999977648,0.0,0.0,True,True
18,0.2,9000,45000,5000,C_temperature.T,0,0,1,273.149993896,273.149993896,273.149993896,273.149993896,273.149993896,0.0,0.0,True,True
18,0.2,9000,45000,5000,HT_level,0,0,516,0.10000000149,0.2117475420235,0.600000023842,0.600000023842,0.600000023842,0.38825248181850003,0.21540619192466293,False,False
18,0.2,9000,45000,5000,HT_temperature.T,0,0,8960,283.149993896,311.97164154025,324.924407959,329.67172241225,332.998321533,17.700080872,14.79648313086498,False,False
18,0.2,9000,45000,5000,RT_level,0,0,1388,0.5,1.75,1.75,1.75,2.25,0.0,0.30335315093193427,True,False
18,0.2,9000,45000,5000,RT_level_ini,0,0,2,0.0,2.25,2.25,2.25,2.25,0.0,0.6983947272292862,True,False
18,0.2,9000,45000,5000,RT_temperature.T,0,0,1148,283.033294678,283.118644714,302.719024658,318.680145264,329.723449707,35.56150054999995,16.590647022189998,False,False
18,0.2,9000,45000,5000,Relaxing.active,0,0,2,0.0,0.0,0.0,0.0,1.0,0.0,0.335709848815381,True,False
18,0.2,9000,45000,5000,boundary.m_flow_in,0,0,2,0.0,0.0,0.0,0.0,20.0,0.0,5.913427196205702,True,False
18,0.2,9000,45000,5000,dL_rand,0,0,1,0.0,0.0,0.0,0.0,0.0,0.0,0.0,True,True
18,0.2,9000,45000,5000,dT_rand,0,0,1,0.0,0.0,0.0,0.0,0.0,0.0,0.0,True,True
18,0.2,9000,45000,5000,dir_valve_act,0,0,2,0.0,0.0,0.0,0.0,1.0,0.0,0.16687714975164925,True,False
18,0.2,9000,45000,5000,dt_rand,0,0,12,-0.689809858799,0.0,0.0477919876575,0.323648780584,3.46040225029,0.323648780584,1.210362364131069,False,False
18,0.2,9000,45000,5000,heater_act,0,0,2,0.0,0.0,1.0,1.0,1.0,1.0,0.4558680410787874,False,False
18,0.2,9000,45000,5000,inj_valve_act,0,0,2,0.0,0.0,0.0,0.0,1.0,0.0,0.29567135981028514,True,False
18,0.2,9000,45000,5000,inv_valve_act,0,0,2,0.0,0.0,0.0,0.0,1.0,0.0,0.16624809460935963,True,False
18,0.2,9000,45000,5000,limiter.y,0,0,1,283.0,283.0,283.0,283.0,283.0,0.0,0.0,True,True
18,0.2,9000,45000,5000,limiter1.y,0,0,12,93.1018981934,100.0,100.477920532,103.236488342,134.604019165,3.2364883420000012,12.103622963554807,False,False
18,0.2,9000,45000,5000,out_valve_act,0,0,1,0.0,0.0,0.0,0.0,0.0,0.0,0.0,True,True
18,0.4,18000,45000,5000,C_level,0,0,432,0.00999999977648,0.00999999977648,0.00999999977648,0.0799999982119,0.152149111032,0.06999999843542,0.03970941910889379,False,False
18,0.4,18000,45000,5000,C_temperature.T,0,0,432,273.149993896,273.149993896,273.149993896,323.280639648,326.588378906,50.130645751999964,25.127258595466667,False,False
18,0.4,18000,45000,5000,HT_level,0,0,1036,0.10000000149,0.10000000149,0.600000023842,0.600000023842,0.600000023842,0.500000022352,0.22895624146640223,False,False
18,0.4,18000,45000,5000,HT_temperature.T,0,0,17768,283.149993896,313.7979049685,325.105392456,329.76840972875,332.999511719,15.97050476024998,12.619442174646307,False,False
18,0.4,18000,45000,5000,RT_level,0,0,3683,0.5,1.75,1.80372786522,1.80372786522,2.30372786522,0.05372786521999995,0.3670186006416508,False,False
18,0.4,18000,45000,5000,RT_level_ini,0,0,3,0.0,2.25,2.25,2.30372786522,2.30372786522,0.05372786521999995,0.5146104213580138,False,False
18,0.4,18000,45000,5000,RT_temperature.T,0,0,2801,283.033294678,294.1065979,309.417724609,323.930786133,330.421203613,29.82418823300003,15.399607952543807,False,False
18,0.4,18000,45000,5000,Relaxing.active,0,0,2,0.0,0.0,0.0,0.0,1.0,0.0,0.33904297090291263,True,False
18,0.4,18000,45000,5000,boundary.m_flow_in,0,0,2,0.0,0.0,0.0,0.0,20.0,0.0,6.570201862831141,True,False
18,0.4,18000,45000,5000,dL_rand,0,0,3,0.0,0.0,0.0,0.107455670834,2.06399726868,0.107455670834,0.3495191732091583,False,False
18,0.4,18000,45000,5000,dT_rand,0,0,3,0.0,0.0,0.0,0.107455670834,2.06399726868,0.107455670834,0.3495191732091583,False,False
18,0.4,18000,45000,5000,dir_valve_act,0,0,2,0.0,0.0,0.0,0.0,1.0,0.0,0.16353970724700442,True,False
18,0.4,18000,45000,5000,dt_rand,0,0,24,-2.04022336006,0.0,0.193670466542,1.07415997982,3.46040225029,1.07415997982,1.1864383924949509,False,False
18,0.4,18000,45000,5000,heater_act,0,0,2,0.0,0.0,1.0,1.0,1.0,1.0,0.4780865223394475,False,False
18,0.4,18000,45000,5000,inj_valve_act,0,0,2,0.0,0.0,0.0,0.0,1.0,0.0,0.328510093141557,True,False
18,0.4,18000,45000,5000,inv_valve_act,0,0,2,0.0,0.0,0.0,0.0,1.0,0.0,0.17043881173687306,True,False
18,0.4,18000,45000,5000,limiter.y,0,0,3,283.0,283.0,283.0,284.074554443,303.639984131,1.074554443000011,3.495193681229823,False,False
18,0.4,18000,45000,5000,limiter1.y,0,0,24,79.5977630615,100.0,101.936706543,110.741600037,134.604019165,10.741600036999998,11.864383810664012,False,False
18,0.4,18000,45000,5000,out_valve_act,0,0,2,0.0,0.0,0.0,0.0,1.0,0.0,0.15253392456873768,True,False
18,0.6,27000,45000,5000,C_level,0,0,698,0.00999999977648,0.00999999977648,0.0799999982119,0.152149111032,0.240149110556,0.14214911125552,0.07363964934929736,False,False
18,0.6,27000,45000,5000,C_temperature.T,0,0,698,273.149993896,273.149993896,323.280639648,326.588378906,327.958892822,53.43838500999999,24.754534102226014,False,False
18,0.6,27000,45000,5000,HT_level,0,0,1599,0.10000000149,0.10000000149,0.600000023842,0.600000023842,0.600000023842,0.500000022352,0.2331132610110673,False,False
18,0.6,27000,45000,5000,HT_temperature.T,0,0,26450,283.149993896,313.60014343299997,325.212249756,329.8182296755,332.999511719,16.21808624250002,12.061840532310065,False,False
18,0.6,27000,45000,5000,RT_level,0,0,6255,0.5,1.75,1.80372786522,2.20000004768,2.70000004768,0.4500000476800001,0.43588847803572406,False,False
18,0.6,27000,45000,5000,RT_level_ini,0,0,4,0.0,2.25,2.30372786522,2.70000004768,2.70000004768,0.4500000476800001,0.49011588369953496,False,False
18,0.6,27000,45000,5000,RT_temperature.T,0,0,4855,283.033294678,302.718994141,313.046508789,324.072761536,330.421203613,21.353767394999977,13.980585462854993,False,False
18,0.6,27000,45000,5000,Relaxing.active,0,0,2,0.0,0.0,0.0,0.0,1.0,0.0,0.33897960027313717,True,False
18,0.6,27000,45000,5000,boundary.m_flow_in,0,0,2,0.0,0.0,0.0,0.0,20.0,0.0,7.074857339550817,True,False
18,0.6,27000,45000,5000,dL_rand,0,0,4,0.0,0.0,0.107455670834,2.06399726868,2.06399726868,2.06399726868,0.9034391025017564,False,False
18,0.6,27000,45000,5000,dT_rand,0,0,4,0.0,0.0,0.107455670834,2.06399726868,2.06399726868,2.06399726868,0.9034391025017564,False,False
18,0.6,27000,45000,5000,dir_valve_act,0,0,2,0.0,0.0,0.0,0.0,1.0,0.0,0.16718448640140693,True,False
18,0.6,27000,45000,5000,dt_rand,0,0,36,-2.04022336006,-0.729087173939,0.0177922919393,0.950987279415,3.46040225029,1.680074453354,1.2217037317577224,False,False
18,0.6,27000,45000,5000,heater_act,0,0,2,0.0,0.0,1.0,1.0,1.0,1.0,0.4850916286318468,False,False
18,0.6,27000,45000,5000,inj_valve_act,0,0,2,0.0,0.0,0.0,0.0,1.0,0.0,0.35374286697754087,True,False
18,0.6,27000,45000,5000,inv_valve_act,0,0,2,0.0,0.0,0.0,0.0,1.0,0.0,0.1716074056718025,True,False
18,0.6,27000,45000,5000,limiter.y,0,0,4,283.0,283.0,284.074554443,303.639984131,303.639984131,20.639984131000006,9.034396517665806,False,False
18,0.6,27000,45000,5000,limiter1.y,0,0,36,79.5977630615,92.7091293335,100.17792511,109.509872437,134.604019165,16.800743103499997,12.21703746035243,False,False
18,0.6,27000,45000,5000,out_valve_act,0,0,2,0.0,0.0,0.0,0.0,1.0,0.0,0.15825280684193868,True,False
18,0.8,36000,45000,5000,C_level,0,0,965,0.00999999977648,0.00999999977648,0.152149111032,0.240149110556,0.328149110079,0.23014911077952,0.10527105422433947,False,False
18,0.8,36000,45000,5000,C_temperature.T,0,0,965,273.149993896,273.149993896,326.588378906,327.958892822,328.611114502,54.80889892599998,23.257597906526765,False,False
18,0.8,36000,45000,5000,HT_level,0,0,2189,0.10000000149,0.10000000149,0.600000023842,0.600000023842,0.600000023842,0.500000022352,0.23229527120791343,False,False
18,0.8,36000,45000,5000,HT_temperature.T,0,0,35029,283.149993896,314.7269363405,325.53593444850003,329.9125366215,332.999938965,15.185600281000006,11.546218210369616,False,False
18,0.8,36000,45000,5000,RT_level,0,0,8204,0.5,1.75,2.186061620715,2.20000004768,2.70000004768,0.4500000476800001,0.4513618024356018,False,False
18,0.8,36000,45000,5000,RT_level_ini,0,0,4,0.0,2.25,2.30372786522,2.70000004768,2.70000004768,0.4500000476800001,0.4545223223542276,False,False
18,0.8,36000,45000,5000,RT_temperature.T,0,0,6284,283.033294678,303.742797852,313.529968262,324.129180908,330.421203613,20.386383056,13.233099563025279,False,False
18,0.8,36000,45000,5000,Relaxing.active,0,0,2,0.0,0.0,0.0,0.0,1.0,0.0,0.34029855368752804,True,False
18,0.8,36000,45000,5000,boundary.m_flow_in,0,0,2,0.0,0.0,0.0,0.0,20.0,0.0,6.9478975547016555,True,False
18,0.8,36000,45000,5000,dL_rand,0,0,5,0.0,0.0,0.999267578125,1.47489857674,2.06399726868,1.47489857674,0.8293097807479799,False,False
18,0.8,36000,45000,5000,dT_rand,0,0,5,0.0,0.0,0.999267578125,1.47489857674,2.06399726868,1.47489857674,0.8293097807479799,False,False
18,0.8,36000,45000,5000,dir_valve_act,0,0,2,0.0,0.0,0.0,0.0,1.0,0.0,0.1690510661795444,True,False
18,0.8,36000,45000,5000,dt_rand,0,0,49,-2.23102521896,-0.689809858799,0.00579851679504,0.555192708969,3.46040225029,1.2450025677680001,1.1438204006315456,False,False
18,0.8,36000,45000,5000,heater_act,0,0,2,0.0,0.0,1.0,1.0,1.0,1.0,0.48422988784425747,False,False
18,0.8,36000,45000,5000,inj_valve_act,0,0,2,0.0,0.0,0.0,0.0,1.0,0.0,0.34739487773508276,True,False
18,0.8,36000,45000,5000,inv_valve_act,0,0,2,0.0,0.0,0.0,0.0,1.0,0.0,0.17414465293487053,True,False
18,0.8,36000,45000,5000,limiter.y,0,0,5,283.0,283.0,292.992675781,297.74899292,303.639984131,14.748992919999978,8.29310270821523,False,False
18,0.8,36000,45000,5000,limiter1.y,0,0,49,77.6897506714,93.1018981934,100.057983398,105.551925659,134.604019165,12.450027465600002,11.43820394659782,False,False
18,0.8,36000,45000,5000,out_valve_act,0,0,2,0.0,0.0,0.0,0.0,1.0,0.0,0.1611095172956516,True,False
18,1.0,45000,45000,5000,C_level,0,0,1232,0.00999999977648,0.0799999982119,0.152149111032,0.328149110079,0.416149109602,0.24814911186709998,0.13409793210574014,False,False
18,1.0,45000,45000,5000,C_temperature.T,0,0,1232,273.149993896,323.280639648,326.588378906,328.611114502,328.917907715,5.330474854000045,21.781423286145564,False,False
18,1.0,45000,45000,5000,HT_level,0,0,2775,0.10000000149,0.10000000149,0.600000023842,0.600000023842,0.600000023842,0.500000022352,0.23216078464635392,False,False
18,1.0,45000,45000,5000,HT_temperature.T,0,0,43399,283.149993896,315.75018310575,325.88331603999995,329.96620941175,332.999938965,14.216026306000003,11.174467552655624,False,False
18,1.0,45000,45000,5000,RT_level,0,0,10152,0.5,1.75,2.20000004768,2.20000004768,2.70000004768,0.4500000476800001,0.4564001009402217,False,False
18,1.0,45000,45000,5000,RT_level_ini,0,0,4,0.0,2.30372786522,2.70000004768,2.70000004768,2.70000004768,0.3962721824600002,0.42185165234519345,False,False
18,1.0,45000,45000,5000,RT_temperature.T,0,0,7706,283.033294678,304.40235900874995,314.251983643,324.129180908,330.421203613,19.72682189925007,12.539785743153518,False,False
18,1.0,45000,45000,5000,Relaxing.active,0,0,2,0.0,0.0,0.0,0.0,1.0,0.0,0.34342839276464915,True,False
18,1.0,45000,45000,5000,boundary.m_flow_in,0,0,2,0.0,0.0,0.0,0.0,20.0,0.0,6.869978483880862,True,False
18,1.0,45000,45000,5000,dL_rand,0,0,6,0.0,0.107455670834,0.999267578125,1.48997461796,2.06399726868,1.382518947126,0.764915877676591,False,False
18,1.0,45000,45000,5000,dT_rand,0,0,6,0.0,0.107455670834,0.999267578125,1.48997461796,2.06399726868,1.382518947126,0.764915877676591,False,False
18,1.0,45000,45000,5000,dir_valve_act,0,0,2,0.0,0.0,0.0,0.0,1.0,0.0,0.17003706214316286,True,False
18,1.0,45000,45000,5000,dt_rand,0,0,62,-2.23102521896,-0.52824485302,0.0292672514915,0.735068798065,3.46040225029,1.263313651085,1.080641989683026,False,False
18,1.0,45000,45000,5000,heater_act,0,0,2,0.0,0.0,1.0,1.0,1.0,1.0,0.4842599795833334,False,False
18,1.0,45000,45000,5000,inj_valve_act,0,0,2,0.0,0.0,0.0,0.0,1.0,0.0,0.34349892419404304,True,False
18,1.0,45000,45000,5000,inv_valve_act,0,0,2,0.0,0.0,0.0,0.0,1.0,0.0,0.17558775850598649,True,False
18,1.0,45000,45000,5000,limiter.y,0,0,6,283.0,284.074554443,292.992675781,297.899749756,303.639984131,13.825195312999995,7.64916301354816,False,False
18,1.0,45000,45000,5000,limiter1.y,0,0,62,77.6897506714,94.7175521851,100.292671204,107.35068512,134.604019165,12.63313293489999,10.806420020811109,False,False
18,1.0,45000,45000,5000,out_valve_act,0,0,2,0.0,0.0,0.0,0.0,1.0,0.0,0.16279672491141645,True,False
19,0.05,1969,39375,4375,C_level,0,0,1,0.212269052863,0.212269052863,0.212269052863,0.212269052863,0.212269052863,0.0,8.328787932451663e-17,True,False
19,0.05,1969,39375,4375,C_temperature.T,0,0,1,327.696350098,327.696350098,327.696350098,327.696350098,327.696350098,0.0,0.0,True,True
19,0.05,1969,39375,4375,HT_level,0,0,70,0.10000000149,0.10000000149,0.600000023842,0.600000023842,0.600000023842,0.500000022352,0.21981240787021258,False,False
19,0.05,1969,39375,4375,HT_temperature.T,0,0,1969,293.162780762,305.765991211,310.710662842,322.462371826,332.999511719,16.696380614999953,10.683114041715015,False,False
19,0.05,1969,39375,4375,RT_level,0,0,479,0.841863930225,1.16242718697,1.16242718697,1.16242718697,1.66242718697,0.0,0.1606137924017012,True,False
19,0.05,1969,39375,4375,RT_level_ini,0,0,2,1.66242718697,1.66242718697,1.66242718697,1.66242718697,2.22721791267,0.0,0.22917967790162683,True,False
19,0.05,1969,39375,4375,RT_temperature.T,0,0,439,290.983276367,290.983276367,290.983276367,297.579803467,307.379577637,6.596527100000003,5.181235260978203,False,False
19,0.05,1969,39375,4375,Relaxing.active,0,0,2,0.0,0.0,0.0,0.0,1.0,0.0,0.21541160673031856,True,False
19,0.05,1969,39375,4375,boundary.m_flow_in,0,0,2,0.0,0.0,0.0,0.0,20.0,0.0,8.11556094932622,True,False
19,0.05,1969,39375,4375,dL_rand,0,0,1,-1.17514574528,-1.17514574528,-1.17514574528,-1.17514574528,-1.17514574528,0.0,2.2210101153204436e-16,True,False
19,0.05,1969,39375,4375,dT_rand,0,0,1,-1.17514574528,-1.17514574528,-1.17514574528,-1.17514574528,-1.17514574528,0.0,2.2210101153204436e-16,True,False
19,0.05,1969,39375,4375,dir_valve_act,0,0,2,0.0,0.0,0.0,0.0,1.0,0.0,0.14784488372124666,True,False
19,0.05,1969,39375,4375,dt_rand,0,0,2,-0.330362856388,0.054231390357,0.054231390357,0.054231390357,0.054231390357,0.0,0.14316202435580264,True,False
19,0.05,1969,39375,4375,heater_act,0,0,2,0.0,0.0,1.0,1.0,1.0,1.0,0.4543438094024072,False,False
19,0.05,1969,39375,4375,inj_valve_act,0,0,2,0.0,0.0,0.0,0.0,1.0,0.0,0.4057780474663109,True,False
19,0.05,1969,39375,4375,inv_valve_act,0,0,2,0.0,0.0,0.0,0.0,1.0,0.0,0.1097564416471681,True,False
19,0.05,1969,39375,4375,limiter.y,0,0,1,274.0,274.0,274.0,274.0,274.0,0.0,0.0,True,True
19,0.05,1969,39375,4375,limiter1.y,0,0,2,96.6963729858,100.542312622,100.542312622,100.542312622,100.542312622,0.0,1.4316191896486532,True,False
19,0.05,1969,39375,4375,out_valve_act,0,0,1,0.0,0.0,0.0,0.0,0.0,0.0,0.0,True,True
19,0.1,3938,39375,4375,C_level,0,0,1,0.212269052863,0.212269052863,0.212269052863,0.212269052863,0.212269052863,0.0,8.327730107092415e-17,True,False
19,0.1,3938,39375,4375,C_temperature.T,0,0,1,327.696350098,327.696350098,327.696350098,327.696350098,327.696350098,0.0,0.0,True,True
19,0.1,3938,39375,4375,HT_level,0,0,160,0.10000000149,0.600000023842,0.600000023842,0.600000023842,0.600000023842,0.0,0.19716757212303876,True,False
19,0.1,3938,39375,4375,HT_temperature.T,0,0,3934,293.162780762,310.714454651,321.383148193,328.15366363500004,332.999511719,17.43920898400006,10.262419771406165,False,False
19,0.1,3938,39375,4375,RT_level,0,0,569,0.841863930225,1.16242718697,1.16242718697,1.16242718697,1.66242718697,0.0,0.16260340223402917,True,False
19,0.1,3938,39375,4375,RT_level_ini,0,0,2,1.66242718697,1.66242718697,1.66242718697,1.66242718697,2.22721791267,0.0,0.1723274559171116,True,False
19,0.1,3938,39375,4375,RT_temperature.T,0,0,491,290.983276367,290.983276367,303.583587646,312.389587402,318.549316406,21.406311035000044,10.102651843261151,False,False
19,0.1,3938,39375,4375,Relaxing.active,0,0,2,0.0,0.0,0.0,0.0,1.0,0.0,0.2705238820218989,True,False
19,0.1,3938,39375,4375,boundary.m_flow_in,0,0,2,0.0,0.0,0.0,0.0,20.0,0.0,6.102347226170524,True,False
19,0.1,3938,39375,4375,dL_rand,0,0,1,-1.17514574528,-1.17514574528,-1.17514574528,-1.17514574528,-1.17514574528,0.0,2.2207280285579773e-16,True,False
19,0.1,3938,39375,4375,dT_rand,0,0,1,-1.17514574528,-1.17514574528,-1.17514574528,-1.17514574528,-1.17514574528,0.0,2.2207280285579773e-16,True,False
19,0.1,3938,39375,4375,dir_valve_act,0,0,2,0.0,0.0,0.0,0.0,1.0,0.0,0.1478261061910101,True,False
19,0.1,3938,39375,4375,dt_rand,0,0,4,-0.330362856388,0.00476088747382,0.054231390357,0.054231390357,1.72576069832,0.04947050288318,0.6486084011904893,False,False
19,0.1,3938,39375,4375,heater_act,0,0,2,0.0,1.0,1.0,1.0,1.0,0.0,0.41661942320483847,True,False
19,0.1,3938,39375,4375,inj_valve_act,0,0,2,0.0,0.0,0.0,0.0,1.0,0.0,0.30511736130852624,True,False
19,0.1,3938,39375,4375,inv_valve_act,0,0,2,0.0,0.0,0.0,0.0,1.0,0.0,0.13215137597565446,True,False
19,0.1,3938,39375,4375,limiter.y,0,0,1,274.0,274.0,274.0,274.0,274.0,0.0,0.0,True,True
19,0.1,3938,39375,4375,limiter1.y,0,0,4,96.6963729858,100.047607422,100.542312622,100.542312622,117.257606506,0.4947051999999985,6.486083735220233,False,False
19,0.1,3938,39375,4375,out_valve_act,0,0,1,0.0,0.0,0.0,0.0,0.0,0.0,0.0,True,True
19,0.2,7875,39375,4375,C_level,0,0,144,0.212269052863,0.212269052863,0.212269052863,0.258766144514,0.258766144514,0.046497091650999994,0.02067055721003454,False,False
19,0.2,7875,39375,4375,C_temperature.T,0,0,144,327.696350098,327.696350098,327.696350098,328.198730469,328.198730469,0.5023803710000152,0.22349244761246076,False,False
19,0.2,7875,39375,4375,HT_level,0,0,431,0.10000000149,0.10000000149,0.600000023842,0.600000023842,0.600000023842,0.500000022352,0.22419004286045385,False,False
19,0.2,7875,39375,4375,HT_temperature.T,0,0,7851,292.773529053,311.153549194,323.274261475,329.3576660155,332.999511719,18.20411682150001,10.679895993011,False,False
19,0.2,7875,39375,4375,RT_level,0,0,1588,0.5,1.16242718697,1.16242718697,1.21156191826,1.71156191826,0.0491347312899999,0.22353086957003548,False,False
19,0.2,7875,39375,4375,RT_level_ini,0,0,3,1.66242718697,1.66242718697,1.66242718697,1.66242718697,2.22721791267,0.0,0.12468731872523012,True,False
19,0.2,7875,39375,4375,RT_temperature.T,0,0,1252,290.401519775,290.983276367,303.583587646,318.549316406,330.470184326,27.56604003900003,14.508269874131758,False,False
19,0.2,7875,39375,4375,Relaxing.active,0,0,2,0.0,0.0,0.0,0.0,1.0,0.0,0.31725216313235083,True,False
19,0.2,7875,39375,4375,boundary.m_flow_in,0,0,2,0.0,0.0,0.0,0.0,20.0,0.0,6.693515368892311,True,False
19,0.2,7875,39375,4375,dL_rand,0,0,2,-1.17514574528,-1.17514574528,-1.17514574528,-1.07687616348,-1.07687616348,0.09826958180000012,0.043563974217667056,False,False
19,0.2,7875,39375,4375,dT_rand,0,0,2,-1.17514574528,-1.17514574528,-1.17514574528,-1.07687616348,-1.07687616348,0.09826958180000012,0.043563974217667056,False,False
19,0.2,7875,39375,4375,dir_valve_act,0,0,2,0.0,0.0,0.0,0.0,1.0,0.0,0.16443718494750906,True,False
19,0.2,7875,39375,4375,dt_rand,0,0,10,-1.80126345158,0.00476088747382,0.054231390357,0.499160736799,1.72576069832,0.49439984932518005,0.7797057280795342,False,False
19,0.2,7875,39375,4375,heater_act,0,0,2,0.0,0.0,1.0,1.0,1.0,1.0,0.46923478535924745,False,False
19,0.2,7875,39375,4375,inj_valve_act,0,0,2,0.0,0.0,0.0,0.0,1.0,0.0,0.3346757684446156,True,False
19,0.2,7875,39375,4375,inv_valve_act,0,0,2,0.0,0.0,0.0,0.0,1.0,0.0,0.1611175096558529,True,False
19,0.2,7875,39375,4375,limiter.y,0,0,1,274.0,274.0,274.0,274.0,274.0,0.0,0.0,True,True
19,0.2,7875,39375,4375,limiter1.y,0,0,10,81.9873657227,100.047607422,100.542312622,104.991607666,117.257606506,4.944000243999994,7.797057326526646,False,False
19,0.2,7875,39375,4375,out_valve_act,0,0,2,0.0,0.0,0.0,0.0,1.0,0.0,0.1330746065549897,True,False
19,0.4,15750,39375,4375,C_level,0,0,294,0.212269052863,0.212269052863,0.258766144514,0.27326741069525,0.307228624821,0.06099835783225002,0.03652262411753576,False,False
19,0.4,15750,39375,4375,C_temperature.T,0,0,294,327.696350098,327.696350098,328.198730469,328.30536651625005,328.515838623,0.6090164182500644,0.3240500102767931,False,False
19,0.4,15750,39375,4375,HT_level,0,0,832,0.10000000149,0.10000000149,0.600000023842,0.600000023842,0.600000023842,0.500000022352,0.2205426802271674,False,False
19,0.4,15750,39375,4375,HT_temperature.T,0,0,15644,292.773529053,313.6055603025,323.868927002,329.37943267825,332.99987793,15.773872375749988,10.091910807988109,False,False
19,0.4,15750,39375,4375,RT_level,0,0,2905,0.5,1.16242718697,1.21156191826,1.53714871407,2.03714871407,0.37472152709999995,0.26462328562134413,False,False
19,0.4,15750,39375,4375,RT_level_ini,0,0,4,1.66242718697,1.66242718697,1.71156191826,1.71156191826,2.22721791267,0.0491347312899999,0.15713103818985347,False,False
19,0.4,15750,39375,4375,RT_temperature.T,0,0,2246,290.401519775,292.34266662625,303.583648682,318.549316406,330.470184326,26.206649779750023,13.628144155921024,False,False
19,0.4,15750,39375,4375,Relaxing.active,0,0,2,0.0,0.0,0.0,0.0,1.0,0.0,0.31724209083571736,True,False
19,0.4,15750,39375,4375,boundary.m_flow_in,0,0,2,0.0,0.0,0.0,0.0,20.0,0.0,6.327785784955306,True,False
19,0.4,15750,39375,4375,dL_rand,0,0,3,-1.17514574528,-1.17514574528,-1.07687616348,-1.07687616348,-0.425702691078,0.09826958180000012,0.30284325304890874,False,False
19,0.4,15750,39375,4375,dT_rand,0,0,3,-1.17514574528,-1.17514574528,-1.07687616348,-1.07687616348,-0.425702691078,0.09826958180000012,0.30284325304890874,False,False
19,0.4,15750,39375,4375,dir_valve_act,0,0,2,0.0,0.0,0.0,0.0,1.0,0.0,0.1598006215020305,True,False
19,0.4,15750,39375,4375,dt_rand,0,0,19,-3.26773881912,-0.286568790674,0.054231390357,0.499160736799,1.72576069832,0.7857295274730001,1.015091068567375,False,False
19,0.4,15750,39375,4375,heater_act,0,0,2,0.0,0.0,1.0,1.0,1.0,1.0,0.4625991593541904,False,False
19,0.4,15750,39375,4375,inj_valve_act,0,0,2,0.0,0.0,0.0,0.0,1.0,0.0,0.31638928924776527,True,False
19,0.4,15750,39375,4375,inv_valve_act,0,0,2,0.0,0.0,0.0,0.0,1.0,0.0,0.16055166906239787,True,False
19,0.4,15750,39375,4375,limiter.y,0,0,2,274.0,274.0,274.0,274.0,278.742980957,0.0,2.0353424461412413,True,False
19,0.4,15750,39375,4375,limiter1.y,0,0,19,67.3226089478,97.1343154907,100.542312622,104.991607666,117.257606506,7.857292175299989,10.15091067915125,False,False
19,0.4,15750,39375,4375,out_valve_act,0,0,2,0.0,0.0,0.0,0.0,1.0,0.0,0.13466986430521888,True,False
19,0.6,23625,39375,4375,C_level,0,0,482,0.212269052863,0.258766144514,0.273349702358,0.307228624821,0.368714570999,0.04846248030700001,0.05391477540843592,False,False
19,0.6,23625,39375,4375,C_temperature.T,0,0,482,327.696350098,328.198730469,328.305938721,328.515838623,328.830352783,0.3171081539999818,0.3963321560031412,False,False
19,0.6,23625,39375,4375,HT_level,0,0,1330,0.10000000149,0.10000000149,0.600000023842,0.600000023842,0.600000023842,0.500000022352,0.22266722224296268,False,False
19,0.6,23625,39375,4375,HT_temperature.T,0,0,23378,292.773529053,314.430847168,324.451690674,329.623168945,332.99987793,15.192321776999961,9.98698380882208,False,False
19,0.6,23625,39375,4375,RT_level,0,0,4451,0.5,1.21156191826,1.53714871407,1.70835447311,2.22470021248,0.49679255485000007,0.3260981296938763,False,False
19,0.6,23625,39375,4375,RT_level_ini,0,0,5,1.66242718697,1.66242718697,1.71156191826,2.03714871407,2.22721791267,0.3747215271000002,0.2157755748947709,False,False
19,0.6,23625,39375,4375,RT_temperature.T,0,0,3392,290.401519775,296.397369385,309.050354004,322.203063965,330.470184326,25.805694580000022,13.393626883327409,False,False
19,0.6,23625,39375,4375,Relaxing.active,0,0,2,0.0,0.0,0.0,0.0,1.0,0.0,0.3268889736243691,True,False
19,0.6,23625,39375,4375,boundary.m_flow_in,0,0,2,0.0,0.0,0.0,0.0,20.0,0.0,6.297032674830767,True,False
19,0.6,23625,39375,4375,dL_rand,0,0,4,-1.17514574528,-1.07687616348,-1.07687616348,-0.425702691078,-0.0505996905267,0.651173472402,0.43906882271493747,False,False
19,0.6,23625,39375,4375,dT_rand,0,0,4,-1.17514574528,-1.07687616348,-1.07687616348,-0.425702691078,-0.0505996905267,0.651173472402,0.43906882271493747,False,False
19,0.6,23625,39375,4375,dir_valve_act,0,0,2,0.0,0.0,0.0,0.0,1.0,0.0,0.16382117199069593,True,False
19,0.6,23625,39375,4375,dt_rand,0,0,30,-3.26773881912,-0.331827759743,0.054231390357,0.499160736799,2.12710952759,0.830988496542,1.1461806804996182,False,False
19,0.6,23625,39375,4375,heater_act,0,0,2,0.0,0.0,1.0,1.0,1.0,1.0,0.4673937970631994,False,False
19,0.6,23625,39375,4375,inj_valve_act,0,0,2,0.0,0.0,0.0,0.0,1.0,0.0,0.31485163374153846,True,False
19,0.6,23625,39375,4375,inv_valve_act,0,0,2,0.0,0.0,0.0,0.0,1.0,0.0,0.16672188250001044,True,False
19,0.6,23625,39375,4375,limiter.y,0,0,3,274.0,274.0,274.0,278.742980957,282.493988037,4.742980956999986,3.31976485588874,False,False
19,0.6,23625,39375,4375,limiter1.y,0,0,30,67.3226089478,96.6817245483,100.542312622,104.991607666,121.271095276,8.309883117699997,11.4618066577389,False,False
19,0.6,23625,39375,4375,out_valve_act,0,0,2,0.0,0.0,0.0,0.0,1.0,0.0,0.14079871089082013,True,False
19,0.8,31500,39375,4375,C_level,0,0,756,0.212269052863,0.258766144514,0.307228624821,0.368714570999,0.457702577114,0.10994842648500003,0.07472663292538846,False,False
19,0.8,31500,39375,4375,C_temperature.T,0,0,756,327.696350098,328.198730469,328.515838623,328.830352783,329.172210693,0.6316223140000261,0.4620362086402703,False,False
19,0.8,31500,39375,4375,HT_level,0,0,1877,0.10000000149,0.10000000149,0.600000023842,0.600000023842,0.600000023842,0.500000022352,0.22475956712223266,False,False
19,0.8,31500,39375,4375,HT_temperature.T,0,0,30922,292.773529053,315.547592163,325.3299255375,329.829322815,332.99987793,14.281730652000022,9.666021592284972,False,False
19,0.8,31500,39375,4375,RT_level,0,0,5949,0.5,1.16242718697,1.53714871407,1.72470021248,2.22470021248,0.5622730255099999,0.4293512045560032,False,False
19,0.8,31500,39375,4375,RT_level_ini,0,0,7,1.0,1.66242718697,1.71156191826,2.03714871407,2.22721791267,0.3747215271000002,0.3595209662575496,False,False
19,0.8,31500,39375,4375,RT_temperature.T,0,0,4391,290.401519775,301.542480469,311.586181641,324.261535645,330.952911377,22.719055175999983,13.485982037104765,False,False
19,0.8,31500,39375,4375,Relaxing.active,0,0,2,0.0,0.0,0.0,0.0,1.0,0.0,0.33669257423276,True,False
19,0.8,31500,39375,4375,boundary.m_flow_in,0,0,2,0.0,0.0,0.0,0.0,20.0,0.0,6.135662762173983,True,False
19,0.8,31500,39375,4375,dL_rand,0,0,6,-2.67198705673,-1.17514574528,-1.07687616348,-0.0505996905267,-0.0505996905267,1.1245460547533,0.7565059237810317,False,False
19,0.8,31500,39375,4375,dT_rand,0,0,6,-2.67198705673,-1.17514574528,-1.07687616348,-0.0505996905267,-0.0505996905267,1.1245460547533,0.7565059237810317,False,False
19,0.8,31500,39375,4375,dir_valve_act,0,0,2,0.0,0.0,0.0,0.0,1.0,0.0,0.16794269934766656,True,False
19,0.8,31500,39375,4375,dt_rand,0,0,42,-3.26773881912,-0.330362856388,0.259346306324,0.938230514526,2.12710952759,1.268593370914,1.0690870198227904,False,False
19,0.8,31500,39375,4375,heater_act,0,0,2,0.0,0.0,1.0,1.0,1.0,1.0,0.4719035380075846,False,False
19,0.8,31500,39375,4375,inj_valve_act,0,0,2,0.0,0.0,0.0,0.0,1.0,0.0,0.30678313810869917,True,False
19,0.8,31500,39375,4375,inv_valve_act,0,0,2,0.0,0.0,0.0,0.0,1.0,0.0,0.1718962778319595,True,False
19,0.8,31500,39375,4375,limiter.y,0,0,3,274.0,274.0,274.0,282.493988037,282.493988037,8.493988037000008,3.5888602018580356,False,False
19,0.8,31500,39375,4375,limiter1.y,0,0,42,67.3226089478,96.6963729858,102.593460083,109.38230896,121.271095276,12.685935974200007,10.690869990646304,False,False
19,0.8,31500,39375,4375,out_valve_act,0,0,2,0.0,0.0,0.0,0.0,1.0,0.0,0.15245775897013086,True,False
19,1.0,39375,39375,4375,C_level,0,0,864,0.212269052863,0.258766144514,0.368714570999,0.437702566385,0.492110043764,0.178936421871,0.0938558994959289,False,False
19,1.0,39375,39375,4375,C_temperature.T,0,0,863,327.696350098,328.198730469,328.830352783,329.089782715,329.261993408,0.8910522460000152,0.5130424558146751,False,False
19,1.0,39375,39375,4375,HT_level,0,0,2305,0.10000000149,0.10000000149,0.600000023842,0.600000023842,0.600000023842,0.500000022352,0.22471816435535416,False,False
19,1.0,39375,39375,4375,HT_temperature.T,0,0,38398,292.773529053,315.64604187,325.235443115,329.8066101075,332.99987793,14.160568237500001,9.612672964937378,False,False
19,1.0,39375,39375,4375,RT_level,0,0,7517,0.5,1.16242718697,1.53714871407,1.72470021248,2.57229065895,0.5622730255099999,0.4773006351707953,False,False
19,1.0,39375,39375,4375,RT_level_ini,0,0,8,1.0,1.66242718697,1.71156191826,2.22470021248,2.57229065895,0.5622730255100001,0.42171423305746947,False,False
19,1.0,39375,39375,4375,RT_temperature.T,0,0,5680,290.401519775,301.542480469,309.834655762,322.854248047,330.952911377,21.311767578,12.917591774771756,False,False
19,1.0,39375,39375,4375,Relaxing.active,0,0,2,0.0,0.0,0.0,0.0,1.0,0.0,0.33386767998594563,True,False
19,1.0,39375,39375,4375,boundary.m_flow_in,0,0,2,0.0,0.0,0.0,0.0,20.0,0.0,6.265938378258421,True,False
19,1.0,39375,39375,4375,dL_rand,0,0,7,-2.67198705673,-1.17514574528,-0.425702691078,-0.0505996905267,0.644581437111,1.1245460547533,0.886973265826636,False,False
19,1.0,39375,39375,4375,dT_rand,0,0,7,-2.67198705673,-1.17514574528,-0.425702691078,-0.0505996905267,0.644581437111,1.1245460547533,0.886973265826636,False,False
19,1.0,39375,39375,4375,dir_valve_act,0,0,2,0.0,0.0,0.0,0.0,1.0,0.0,0.16551878753172017,True,False
19,1.0,39375,39375,4375,dt_rand,0,0,52,-3.26773881912,-0.330362856388,0.11429181695,0.630146205425,2.12710952759,0.960509061813,1.0059394443615517,False,False
19,1.0,39375,39375,4375,heater_act,0,0,2,0.0,0.0,1.0,1.0,1.0,1.0,0.47150918561135524,False,False
19,1.0,39375,39375,4375,inj_valve_act,0,0,2,0.0,0.0,0.0,0.0,1.0,0.0,0.31329691891292105,True,False
19,1.0,39375,39375,4375,inv_valve_act,0,0,2,0.0,0.0,0.0,0.0,1.0,0.0,0.17140934943779676,True,False
19,1.0,39375,39375,4375,limiter.y,0,0,4,274.0,274.0,278.742980957,282.493988037,289.445800781,8.493988037000008,5.259668842444606,False,False
19,1.0,39375,39375,4375,limiter1.y,0,0,52,67.3226089478,96.6963729858,101.142921448,106.301460266,121.271095276,9.60508728020001,10.059394368559543,False,False
19,1.0,39375,39375,4375,out_valve_act,0,0,2,0.0,0.0,0.0,0.0,1.0,0.0,0.14591744731872947,True,False
20,0.05,2250,45000,5000,C_level,0,0,1,0.00999999977648,0.00999999977648,0.00999999977648,0.00999999977648,0.00999999977648,0.0,0.0,True,True
20,0.05,2250,45000,5000,C_temperature.T,0,0,1,273.149993896,273.149993896,273.149993896,273.149993896,273.149993896,0.0,5.68560549438497e-14,True,False
20,0.05,2250,45000,5000,HT_level,0,0,23,0.10000000149,0.10000000149,0.600000023842,0.600000023842,0.600000023842,0.500000022352,0.2472290560238009,False,False
20,0.05,2250,45000,5000,HT_temperature.T,0,0,2250,283.149993896,287.765739441,290.374267578,310.97518920875,328.431213379,23.209449767750016,13.970714535481191,False,False
20,0.05,2250,45000,5000,RT_level,0,0,894,0.5,1.428598850965,1.75,1.75,2.24972319603,0.32140114903499994,0.4295202505725591,False,False
20,0.05,2250,45000,5000,RT_level_ini,0,0,2,0.0,0.0,2.25,2.25,2.25,2.25,1.1147952015886615,False,False
20,0.05,2250,45000,5000,RT_temperature.T,0,0,870,283.033294678,283.033294678,283.033294678,283.05082702625,283.149993896,0.017532348249972074,0.03169923561068816,False,False
20,0.05,2250,45000,5000,Relaxing.active,0,0,1,0.0,0.0,0.0,0.0,0.0,0.0,0.0,True,True
20,0.05,2250,45000,5000,boundary.m_flow_in,0,0,2,0.0,0.0,0.0,20.0,20.0,20.0,9.743953875233185,False,False
20,0.05,2250,45000,5000,dL_rand,0,0,1,0.0,0.0,0.0,0.0,0.0,0.0,0.0,True,True
20,0.05,2250,45000,5000,dT_rand,0,0,1,0.0,0.0,0.0,0.0,0.0,0.0,0.0,True,True
20,0.05,2250,45000,5000,dir_valve_act,0,0,2,0.0,0.0,0.0,0.0,1.0,0.0,0.0961786539807423,True,False
20,0.05,2250,45000,5000,dt_rand,0,0,1,0.0,0.0,0.0,0.0,0.0,0.0,0.0,True,True
20,0.05,2250,45000,5000,heater_act,0,0,2,0.0,0.0,1.0,1.0,1.0,1.0,0.49665667455379575,False,False
20,0.05,2250,45000,5000,inj_valve_act,0,0,2,0.0,0.0,0.0,1.0,1.0,1.0,0.4871976937616593,False,False
20,0.05,2250,45000,5000,inv_valve_act,0,0,1,0.0,0.0,0.0,0.0,0.0,0.0,0.0,True,True
20,0.05,2250,45000,5000,limiter.y,0,0,1,283.0,283.0,283.0,283.0,283.0,0.0,0.0,True,True
20,0.05,2250,45000,5000,limiter1.y,0,0,1,100.0,100.0,100.0,100.0,100.0,0.0,0.0,True,True
20,0.05,2250,45000,5000,out_valve_act,0,0,1,0.0,0.0,0.0,0.0,0.0,0.0,0.0,True,True
20,0.1,4500,45000,5000,C_level,0,0,1,0.00999999977648,0.00999999977648,0.00999999977648,0.00999999977648,0.00999999977648,0.0,0.0,True,True
20,0.1,4500,45000,5000,C_temperature.T,0,0,1,273.149993896,273.149993896,273.149993896,273.149993896,273.149993896,0.0,5.684973584908787e-14,True,False
20,0.1,4500,45000,5000,HT_level,0,0,114,0.10000000149,0.10000000149,0.600000023842,0.600000023842,0.600000023842,0.500000022352,0.22218281910727405,False,False
20,0.1,4500,45000,5000,HT_temperature.T,0,0,4497,283.149993896,290.3746643065,311.97557067900004,323.76432037325003,332.994506836,33.389656066750035,15.879367080627086,False,False
20,0.1,4500,45000,5000,RT_level,0,0,986,0.5,1.75,1.75,1.75,2.25,0.0,0.3490275049815253,True,False
20,0.1,4500,45000,5000,RT_level_ini,0,0,2,0.0,2.25,2.25,2.25,2.25,0.0,0.9260100184908424,True,False
20,0.1,4500,45000,5000,RT_temperature.T,0,0,922,283.033294678,283.033294678,283.118545532,294.1065979,302.719207764,11.073303221999993,7.8522664980810335,False,False
20,0.1,4500,45000,5000,Relaxing.active,0,0,2,0.0,0.0,0.0,0.0,1.0,0.0,0.22115254642687107,True,False
20,0.1,4500,45000,5000,boundary.m_flow_in,0,0,2,0.0,0.0,0.0,0.0,20.0,0.0,7.902569132789706,True,False
20,0.1,4500,45000,5000,dL_rand,0,0,1,0.0,0.0,0.0,0.0,0.0,0.0,0.0,True,True
20,0.1,4500,45000,5000,dT_rand,0,0,1,0.0,0.0,0.0,0.0,0.0,0.0,0.0,True,True
20,0.1,4500,45000,5000,dir_valve_act,0,0,2,0.0,0.0,0.0,0.0,1.0,0.0,0.11932714143879614,True,False
20,0.1,4500,45000,5000,dt_rand,0,0,3,0.0,0.0,0.0,1.15854370594,2.04040646553,1.15854370594,0.8192083720850253,False,False
20,0.1,4500,45000,5000,heater_act,0,0,2,0.0,0.0,1.0,1.0,1.0,1.0,0.45493591191997473,False,False
20,0.1,4500,45000,5000,inj_valve_act,0,0,2,0.0,0.0,0.0,0.0,1.0,0.0,0.39512845663948537,True,False
20,0.1,4500,45000,5000,inv_valve_act,0,0,2,0.0,0.0,0.0,0.0,1.0,0.0,0.1016742606632601,True,False
20,0.1,4500,45000,5000,limiter.y,0,0,1,283.0,283.0,283.0,283.0,283.0,0.0,0.0,True,True
20,0.1,4500,45000,5000,limiter1.y,0,0,3,100.0,100.0,100.0,111.58543396,120.404067993,11.585433960000003,8.192084328348228,False,False
20,0.1,4500,45000,5000,out_valve_act,0,0,1,0.0,0.0,0.0,0.0,0.0,0.0,0.0,True,True
20,0.2,9000,45000,5000,C_level,0,0,1,0.00999999977648,0.00999999977648,0.00999999977648,0.00999999977648,0.00999999977648,0.0,0.0,True,True
20,0.2,9000,45000,5000,C_temperature.T,0,0,1,273.149993896,273.149993896,273.149993896,273.149993896,273.149993896,0.0,0.0,True,True
20,0.2,9000,45000,5000,HT_level,0,0,521,0.10000000149,0.2486306764185,0.600000023842,0.600000023842,0.600000023842,0.3513693474235,0.21431910410614743,False,False
20,0.2,9000,45000,5000,HT_temperature.T,0,0,8975,283.149993896,311.9793319705,324.9337768555,329.74042510975,332.999450684,17.761093139249965,14.814984207978904,False,False
20,0.2,9000,45000,5000,RT_level,0,0,1393,0.5,1.75,1.75,1.75,2.25,0.0,0.3018998361057536,True,False
20,0.2,9000,45000,5000,RT_level_ini,0,0,2,0.0,2.25,2.25,2.25,2.25,0.0,0.6983947272292862,True,False
20,0.2,9000,45000,5000,RT_temperature.T,0,0,1155,283.033294678,283.118644714,302.719177246,318.680938721,329.7237854,35.56229400699999,16.62509826383908,False,False
20,0.2,9000,45000,5000,Relaxing.active,0,0,2,0.0,0.0,0.0,0.0,1.0,0.0,0.3307372886873152,True,False
20,0.2,9000,45000,5000,boundary.m_flow_in,0,0,2,0.0,0.0,0.0,0.0,20.0,0.0,5.913427196205702,True,False
20,0.2,9000,45000,5000,dL_rand,0,0,1,0.0,0.0,0.0,0.0,0.0,0.0,0.0,True,True
20,0.2,9000,45000,5000,dT_rand,0,0,1,0.0,0.0,0.0,0.0,0.0,0.0,0.0,True,True
20,0.2,9000,45000,5000,dir_valve_act,0,0,2,0.0,0.0,0.0,0.0,1.0,0.0,0.16750354766636694,True,False
20,0.2,9000,45000,5000,dt_rand,0,0,12,-1.59349346161,0.0,0.0883816033602,1.14127016068,2.04040646553,1.14127016068,1.0183363087348951,False,False
20,0.2,9000,45000,5000,heater_act,0,0,2,0.0,0.0,1.0,1.0,1.0,1.0,0.454095217923258,False,False
20,0.2,9000,45000,5000,inj_valve_act,0,0,2,0.0,0.0,0.0,0.0,1.0,0.0,0.29567135981028514,True,False
20,0.2,9000,45000,5000,inv_valve_act,0,0,2,0.0,0.0,0.0,0.0,1.0,0.0,0.16719067899281198,True,False
20,0.2,9000,45000,5000,limiter.y,0,0,1,283.0,283.0,283.0,283.0,283.0,0.0,0.0,True,True
20,0.2,9000,45000,5000,limiter1.y,0,0,12,84.0650634766,100.0,100.88381958,111.412704468,120.404067993,11.412704468000001,10.183364236409012,False,False
20,0.2,9000,45000,5000,out_valve_act,0,0,1,0.0,0.0,0.0,0.0,0.0,0.0,0.0,True,True
20,0.4,18000,45000,5000,C_level,0,0,479,0.00999999977648,0.00999999977648,0.00999999977648,0.0799999982119,0.167999997735,0.06999999843542,0.04866204457501738,False,False
20,0.4,18000,45000,5000,C_temperature.T,0,0,479,273.149993896,273.149993896,273.149993896,323.280853271,326.895996094,50.130859375,25.343851717606753,False,False
20,0.4,18000,45000,5000,HT_level,0,0,1065,0.10000000149,0.10000000149,0.600000023842,0.600000023842,0.600000023842,0.500000022352,0.23634975746977935,False,False
20,0.4,18000,45000,5000,HT_temperature.T,0,0,17866,283.149993896,311.290977478,324.8795013425,329.76772308375,332.999450684,18.47674560575001,13.083104183800772,False,False
20,0.4,18000,45000,5000,RT_level,0,0,4603,0.5,1.75,1.787993729115,2.20000004768,2.70000004768,0.4500000476800001,0.46723827017269076,False,False
20,0.4,18000,45000,5000,RT_level_ini,0,0,3,0.0,2.25,2.25,2.70000004768,2.70000004768,0.4500000476800001,0.5939407063286894,False,False
20,0.4,18000,45000,5000,RT_temperature.T,0,0,3657,283.033294678,302.719177246,314.3648529055,324.28414917,330.421478271,21.564971923999963,14.829808091298354,False,False
20,0.4,18000,45000,5000,Relaxing.active,0,0,2,0.0,0.0,0.0,0.0,1.0,0.0,0.33397532487823484,True,False
20,0.4,18000,45000,5000,boundary.m_flow_in,0,0,2,0.0,0.0,0.0,0.0,20.0,0.0,7.513840694122616,True,False
20,0.4,18000,45000,5000,dL_rand,0,0,3,0.0,0.0,0.0,1.8866237402,1.8866237402,1.8866237402,0.9273506905992913,False,False
20,0.4,18000,45000,5000,dT_rand,0,0,3,0.0,0.0,0.0,1.8866237402,1.8866237402,1.8866237402,0.9273506905992913,False,False
20,0.4,18000,45000,5000,dir_valve_act,0,0,2,0.0,0.0,0.0,0.0,1.0,0.0,0.16765507790791995,True,False
20,0.4,18000,45000,5000,dt_rand,0,0,24,-1.59349346161,-0.550523400307,0.0651570186019,1.15854370594,2.04040646553,1.7090671062469998,1.07206939500081,False,False
20,0.4,18000,45000,5000,heater_act,0,0,2,0.0,0.0,1.0,1.0,1.0,1.0,0.48994554950533253,False,False
20,0.4,18000,45000,5000,inj_valve_act,0,0,2,0.0,0.0,0.0,0.0,1.0,0.0,0.3756920347061308,True,False
20,0.4,18000,45000,5000,inv_valve_act,0,0,2,0.0,0.0,0.0,0.0,1.0,0.0,0.1708977900891568,True,False
20,0.4,18000,45000,5000,limiter.y,0,0,3,283.0,283.0,283.0,301.866241455,301.866241455,18.866241455000022,9.273508911167399,False,False
20,0.4,18000,45000,5000,limiter1.y,0,0,24,84.0650634766,94.4947662354,100.651573181,111.58543396,120.404067993,17.09066772460001,10.720694356721603,False,False
20,0.4,18000,45000,5000,out_valve_act,0,0,2,0.0,0.0,0.0,0.0,1.0,0.0,0.1604573655749595,True,False
20,0.6,27000,45000,5000,C_level,0,0,746,0.00999999977648,0.00999999977648,0.0799999982119,0.167999997735,0.256000012159,0.15799999795852,0.08208977255808489,False,False
20,0.6,27000,45000,5000,C_temperature.T,0,0,746,273.149993896,273.149993896,323.280853271,326.895996094,328.147766113,53.746002197999985,24.89631238912278,False,False
20,0.6,27000,45000,5000,HT_level,0,0,1654,0.10000000149,0.10000000149,0.600000023842,0.600000023842,0.600000023842,0.500000022352,0.2334597992893113,False,False
20,0.6,27000,45000,5000,HT_temperature.T,0,0,26461,283.149993896,313.75694274925,325.519363403,329.91157531775,333.0,16.154632568500006,12.120598176850597,False,False
20,0.6,27000,45000,5000,RT_level,0,0,6324,0.5,1.75,2.20000004768,2.20000004768,2.70000004768,0.4500000476800001,0.47057866416268673,False,False
20,0.6,27000,45000,5000,RT_level_ini,0,0,4,0.0,2.25,2.70000004768,2.70000004768,2.70000004768,0.4500000476800001,0.5155516533628526,False,False
20,0.6,27000,45000,5000,RT_temperature.T,0,0,4858,283.033294678,302.71916961675004,314.62789917,324.284210205,330.51675415,21.565040588249985,14.142091454840926,False,False
20,0.6,27000,45000,5000,Relaxing.active,0,0,2,0.0,0.0,0.0,0.0,1.0,0.0,0.34057901927073475,True,False
20,0.6,27000,45000,5000,boundary.m_flow_in,0,0,2,0.0,0.0,0.0,0.0,20.0,0.0,7.05109811424534,True,False
20,0.6,27000,45000,5000,dL_rand,0,0,4,-0.0196234025061,0.0,1.68855857849,1.8866237402,1.8866237402,1.8866237402,0.8922774293061416,False,False
20,0.6,27000,45000,5000,dT_rand,0,0,4,-0.0196234025061,0.0,1.68855857849,1.8866237402,1.8866237402,1.8866237402,0.8922774293061416,False,False
20,0.6,27000,45000,5000,dir_valve_act,0,0,2,0.0,0.0,0.0,0.0,1.0,0.0,0.17007928445690607,True,False
20,0.6,27000,45000,5000,dt_rand,0,0,37,-1.94399857521,-0.45597705245,0.0,0.843836784363,2.66454052925,1.2998138368130001,1.0217734112760448,False,False
20,0.6,27000,45000,5000,heater_act,0,0,2,0.0,0.0,1.0,1.0,1.0,1.0,0.48610054440855555,False,False
20,0.6,27000,45000,5000,inj_valve_act,0,0,2,0.0,0.0,0.0,0.0,1.0,0.0,0.35255490571226694,True,False
20,0.6,27000,45000,5000,inv_valve_act,0,0,2,0.0,0.0,0.0,0.0,1.0,0.0,0.17431980866297406,True,False
20,0.6,27000,45000,5000,limiter.y,0,0,4,282.803771973,283.0,299.8855896,301.866241455,301.866241455,18.866241455000022,8.922775573209735,False,False
20,0.6,27000,45000,5000,limiter1.y,0,0,37,80.5600128174,95.4402313232,100.0,108.438369751,126.64540863,12.9981384278,10.21773472725276,False,False
20,0.6,27000,45000,5000,out_valve_act,0,0,2,0.0,0.0,0.0,0.0,1.0,0.0,0.16348467681965112,True,False
20,0.8,36000,45000,5000,C_level,0,0,959,0.00999999977648,0.00999999977648,0.167999997735,0.256000012159,0.325607538223,0.24600001238251998,0.10894917808871954,False,False
20,0.8,36000,45000,5000,C_temperature.T,0,0,959,273.149993896,273.149993896,326.895996094,328.147766113,328.636779785,54.99777221699998,23.339756556761895,False,False
20,0.8,36000,45000,5000,HT_level,0,0,2192,0.10000000149,0.10000000149,0.600000023842,0.600000023842,0.600000023842,0.500000022352,0.22975953712119854,False,False
20,0.8,36000,45000,5000,HT_temperature.T,0,0,35124,283.149993896,315.06475830075,325.695892334,329.95035552999997,333.0,14.885597229249981,11.498337887667448,False,False
20,0.8,36000,45000,5000,RT_level,0,0,7714,0.5,1.740188241,1.75,2.20000004768,2.70000004768,0.4598118066800001,0.4757512849351132,False,False
20,0.8,36000,45000,5000,RT_level_ini,0,0,5,0.0,2.24018836021,2.25,2.70000004768,2.70000004768,0.45981168747000023,0.4808885550391674,False,False
20,0.8,36000,45000,5000,RT_temperature.T,0,0,5808,283.033294678,302.25949096675,314.388641357,324.20322418225,330.51675415,21.943733215500004,13.881241801056364,False,False
20,0.8,36000,45000,5000,Relaxing.active,0,0,2,0.0,0.0,0.0,0.0,1.0,0.0,0.3394893634002177,True,False
20,0.8,36000,45000,5000,boundary.m_flow_in,0,0,2,0.0,0.0,0.0,0.0,20.0,0.0,6.655192933067238,True,False
20,0.8,36000,45000,5000,dL_rand,0,0,5,-0.934171557426,-0.0196234025061,0.0,1.68855857849,1.8866237402,1.7081819809960999,1.0047540855047947,False,False
20,0.8,36000,45000,5000,dT_rand,0,0,5,-0.934171557426,-0.0196234025061,0.0,1.68855857849,1.8866237402,1.7081819809960999,1.0047540855047947,False,False
20,0.8,36000,45000,5000,dir_valve_act,0,0,2,0.0,0.0,0.0,0.0,1.0,0.0,0.16943717771863223,True,False
20,0.8,36000,45000,5000,dt_rand,0,0,49,-1.94399857521,-0.45597705245,0.0,0.843836784363,2.66454052925,1.2998138368130001,1.0014922158908746,False,False
20,0.8,36000,45000,5000,heater_act,0,0,2,0.0,0.0,1.0,1.0,1.0,1.0,0.4802891678141798,False,False
20,0.8,36000,45000,5000,inj_valve_act,0,0,2,0.0,0.0,0.0,0.0,1.0,0.0,0.33275964665336194,True,False
20,0.8,36000,45000,5000,inv_valve_act,0,0,2,0.0,0.0,0.0,0.0,1.0,0.0,0.17399505295317802,True,False
20,0.8,36000,45000,5000,limiter.y,0,0,5,274.0,282.803771973,283.0,299.8855896,301.866241455,17.08181762700002,9.991660342200015,False,False
20,0.8,36000,45000,5000,limiter1.y,0,0,49,80.5600128174,95.4402313232,100.0,108.438369751,126.64540863,12.9981384278,10.01492251690198,False,False
20,0.8,36000,45000,5000,out_valve_act,0,0,2,0.0,0.0,0.0,0.0,1.0,0.0,0.16061901078039578,True,False
20,1.0,45000,45000,5000,C_level,0,0,1117,0.00999999977648,0.0799999982119,0.167999997735,0.325607538223,0.376924097538,0.24560754001109997,0.13035885663320038,False,False
20,1.0,45000,45000,5000,C_temperature.T,0,0,1117,273.149993896,323.280853271,326.895996094,328.636779785,328.91217041,5.355926513999975,21.828448406445755,False,False
20,1.0,45000,45000,5000,HT_level,0,0,2781,0.10000000149,0.10000000149,0.600000023842,0.600000023842,0.600000023842,0.500000022352,0.22903528334203233,False,False
20,1.0,45000,45000,5000,HT_temperature.T,0,0,43655,283.149993896,315.7208404545,325.8002929685,329.966674805,333.0,14.245834350500047,11.106918040709008,False,False
20,1.0,45000,45000,5000,RT_level,0,0,9466,0.5,1.740188241,1.78291416168,2.20000004768,2.70000004768,0.4598118066800001,0.46969107857310244,False,False
20,1.0,45000,45000,5000,RT_level_ini,0,0,6,0.0,2.24018836021,2.25,2.70000004768,2.70000004768,0.45981168747000023,0.4632694755486448,False,False
20,1.0,45000,45000,5000,RT_temperature.T,0,0,7150,283.033294678,302.719146729,314.388641357,323.631011963,330.637329102,20.911865234000004,13.336399715404543,False,False
20,1.0,45000,45000,5000,Relaxing.active,0,0,2,0.0,0.0,0.0,0.0,1.0,0.0,0.3410853636791209,True,False
20,1.0,45000,45000,5000,boundary.m_flow_in,0,0,2,0.0,0.0,0.0,0.0,20.0,0.0,6.586630389257378,True,False
20,1.0,45000,45000,5000,dL_rand,0,0,6,-0.934171557426,-0.0196234025061,0.0,1.68855857849,1.8866237402,1.7081819809960999,0.975855048874246,False,False
20,1.0,45000,45000,5000,dT_rand,0,0,6,-0.934171557426,-0.0196234025061,0.0,1.68855857849,1.8866237402,1.7081819809960999,0.975855048874246,False,False
20,1.0,45000,45000,5000,dir_valve_act,0,0,2,0.0,0.0,0.0,0.0,1.0,0.0,0.17046661256530954,True,False
20,1.0,45000,45000,5000,dt_rand,0,0,62,-1.94399857521,-0.592913627625,0.0,0.846369802952,2.66454052925,1.439283430577,0.996320399443942,False,False
20,1.0,45000,45000,5000,heater_act,0,0,2,0.0,0.0,1.0,1.0,1.0,1.0,0.4794108841432046,False,False
20,1.0,45000,45000,5000,inj_valve_act,0,0,2,0.0,0.0,0.0,0.0,1.0,0.0,0.329331519462869,True,False
20,1.0,45000,45000,5000,inv_valve_act,0,0,2,0.0,0.0,0.0,0.0,1.0,0.0,0.17546921157249018,True,False
20,1.0,45000,45000,5000,limiter.y,0,0,6,274.0,282.803771973,283.0,299.8855896,301.866241455,17.08181762700002,9.683693645850736,False,False
20,1.0,45000,45000,5000,limiter1.y,0,0,62,80.5600128174,94.0708618164,100.0,108.463699341,126.64540863,14.392837524599997,9.96320420681587,False,False
20,1.0,45000,45000,5000,out_valve_act,0,0,2,0.0,0.0,0.0,0.0,1.0,0.0,0.15517694017742076,True,False
21,0.05,2250,45000,5000,C_level,0,0,1,0.00999999977648,0.00999999977648,0.00999999977648,0.00999999977648,0.00999999977648,0.0,0.0,True,True
21,0.05,2250,45000,5000,C_temperature.T,0,0,1,273.149993896,273.149993896,273.149993896,273.149993896,273.149993896,0.0,5.68560549438497e-14,True,False
21,0.05,2250,45000,5000,HT_level,0,0,23,0.10000000149,0.10000000149,0.600000023842,0.600000023842,0.600000023842,0.500000022352,0.2472290560238009,False,False
21,0.05,2250,45000,5000,HT_temperature.T,0,0,2250,283.149993896,287.765739441,290.374267578,310.97518920875,328.431213379,23.209449767750016,13.970714535481191,False,False
21,0.05,2250,45000,5000,RT_level,0,0,894,0.5,1.428598850965,1.75,1.75,2.24972319603,0.32140114903499994,0.4295202505725591,False,False
21,0.05,2250,45000,5000,RT_level_ini,0,0,2,0.0,0.0,2.25,2.25,2.25,2.25,1.1147952015886615,False,False
21,0.05,2250,45000,5000,RT_temperature.T,0,0,870,283.033294678,283.033294678,283.033294678,283.05082702625,283.149993896,0.017532348249972074,0.03169923561068816,False,False
21,0.05,2250,45000,5000,Relaxing.active,0,0,1,0.0,0.0,0.0,0.0,0.0,0.0,0.0,True,True
21,0.05,2250,45000,5000,boundary.m_flow_in,0,0,2,0.0,0.0,0.0,20.0,20.0,20.0,9.743953875233185,False,False
21,0.05,2250,45000,5000,dL_rand,0,0,1,0.0,0.0,0.0,0.0,0.0,0.0,0.0,True,True
21,0.05,2250,45000,5000,dT_rand,0,0,1,0.0,0.0,0.0,0.0,0.0,0.0,0.0,True,True
21,0.05,2250,45000,5000,dir_valve_act,0,0,2,0.0,0.0,0.0,0.0,1.0,0.0,0.0961786539807423,True,False
21,0.05,2250,45000,5000,dt_rand,0,0,1,0.0,0.0,0.0,0.0,0.0,0.0,0.0,True,True
21,0.05,2250,45000,5000,heater_act,0,0,2,0.0,0.0,1.0,1.0,1.0,1.0,0.49665667455379575,False,False
21,0.05,2250,45000,5000,inj_valve_act,0,0,2,0.0,0.0,0.0,1.0,1.0,1.0,0.4871976937616593,False,False
21,0.05,2250,45000,5000,inv_valve_act,0,0,1,0.0,0.0,0.0,0.0,0.0,0.0,0.0,True,True
21,0.05,2250,45000,5000,limiter.y,0,0,1,283.0,283.0,283.0,283.0,283.0,0.0,0.0,True,True
21,0.05,2250,45000,5000,limiter1.y,0,0,1,100.0,100.0,100.0,100.0,100.0,0.0,0.0,True,True
21,0.05,2250,45000,5000,out_valve_act,0,0,1,0.0,0.0,0.0,0.0,0.0,0.0,0.0,True,True
21,0.1,4500,45000,5000,C_level,0,0,1,0.00999999977648,0.00999999977648,0.00999999977648,0.00999999977648,0.00999999977648,0.0,0.0,True,True
21,0.1,4500,45000,5000,C_temperature.T,0,0,1,273.149993896,273.149993896,273.149993896,273.149993896,273.149993896,0.0,5.684973584908787e-14,True,False
21,0.1,4500,45000,5000,HT_level,0,0,114,0.10000000149,0.10000000149,0.600000023842,0.600000023842,0.600000023842,0.500000022352,0.21959116388243405,False,False
21,0.1,4500,45000,5000,HT_temperature.T,0,0,4500,283.149993896,290.3746643065,312.0916900635,323.85823059075,332.996734619,33.48356628425,15.937291835140051,False,False
21,0.1,4500,45000,5000,RT_level,0,0,986,0.5,1.75,1.75,1.75,2.25,0.0,0.3443183848969046,True,False
21,0.1,4500,45000,5000,RT_level_ini,0,0,2,0.0,2.25,2.25,2.25,2.25,0.0,0.9260100184908424,True,False
21,0.1,4500,45000,5000,RT_temperature.T,0,0,921,283.033294678,283.033294678,283.118545532,294.1065979,302.719177246,11.073303221999993,7.897811284660798,False,False
21,0.1,4500,45000,5000,Relaxing.active,0,0,2,0.0,0.0,0.0,0.0,1.0,0.0,0.19908213475089284,True,False
21,0.1,4500,45000,5000,boundary.m_flow_in,0,0,2,0.0,0.0,0.0,0.0,20.0,0.0,7.902569132789706,True,False
21,0.1,4500,45000,5000,dL_rand,0,0,1,0.0,0.0,0.0,0.0,0.0,0.0,0.0,True,True
21,0.1,4500,45000,5000,dT_rand,0,0,1,0.0,0.0,0.0,0.0,0.0,0.0,0.0,True,True
21,0.1,4500,45000,5000,dir_valve_act,0,0,2,0.0,0.0,0.0,0.0,1.0,0.0,0.11932714143879614,True,False
21,0.1,4500,45000,5000,dt_rand,0,0,3,-0.725974321365,-0.650593578815,0.0,0.0,0.0,0.650593578815,0.34168200070159144,False,False
21,0.1,4500,45000,5000,heater_act,0,0,2,0.0,0.0,1.0,1.0,1.0,1.0,0.45013094283613775,False,False
21,0.1,4500,45000,5000,inj_valve_act,0,0,2,0.0,0.0,0.0,0.0,1.0,0.0,0.39512845663948537,True,False
21,0.1,4500,45000,5000,inv_valve_act,0,0,2,0.0,0.0,0.0,0.0,1.0,0.0,0.1016742606632601,True,False
21,0.1,4500,45000,5000,limiter.y,0,0,1,283.0,283.0,283.0,283.0,283.0,0.0,0.0,True,True
21,0.1,4500,45000,5000,limiter1.y,0,0,3,92.7402572632,93.4940643311,100.0,100.0,100.0,6.505935668899994,3.4168198616806493,False,False
21,0.1,4500,45000,5000,out_valve_act,0,0,1,0.0,0.0,0.0,0.0,0.0,0.0,0.0,True,True
21,0.2,9000,45000,5000,C_level,0,0,1,0.00999999977648,0.00999999977648,0.00999999977648,0.00999999977648,0.00999999977648,0.0,0.0,True,True
21,0.2,9000,45000,5000,C_temperature.T,0,0,1,273.149993896,273.149993896,273.149993896,273.149993896,273.149993896,0.0,0.0,True,True
21,0.2,9000,45000,5000,HT_level,0,0,544,0.10000000149,0.2809940353035,0.600000023842,0.600000023842,0.600000023842,0.31900598853850004,0.21301856006471165,False,False
21,0.2,9000,45000,5000,HT_temperature.T,0,0,8975,283.149993896,312.09328460675,325.0034942625,329.877632141,332.999694824,17.784347534250003,14.84682869755883,False,False
21,0.2,9000,45000,5000,RT_level,0,0,1416,0.5,1.75,1.75,1.75,2.25,0.0,0.30033200837653196,True,False
21,0.2,9000,45000,5000,RT_level_ini,0,0,2,0.0,2.25,2.25,2.25,2.25,0.0,0.6983947272292862,True,False
21,0.2,9000,45000,5000,RT_temperature.T,0,0,1176,283.033294678,283.118644714,302.719177246,321.832519531,330.421539307,38.713874816999976,16.76568798530306,False,False
21,0.2,9000,45000,5000,Relaxing.active,0,0,2,0.0,0.0,0.0,0.0,1.0,0.0,0.3249795911087063,True,False
21,0.2,9000,45000,5000,boundary.m_flow_in,0,0,2,0.0,0.0,0.0,0.0,20.0,0.0,5.913427196205702,True,False
21,0.2,9000,45000,5000,dL_rand,0,0,1,0.0,0.0,0.0,0.0,0.0,0.0,0.0,True,True
21,0.2,9000,45000,5000,dT_rand,0,0,1,0.0,0.0,0.0,0.0,0.0,0.0,0.0,True,True
21,0.2,9000,45000,5000,dir_valve_act,0,0,2,0.0,0.0,0.0,0.0,1.0,0.0,0.1678157594669177,True,False
21,0.2,9000,45000,5000,dt_rand,0,0,13,-1.51774656773,-1.13751637936,-0.650593578815,0.0,1.43745231628,1.13751637936,0.8118686736603979,False,False
21,0.2,9000,45000,5000,heater_act,0,0,2,0.0,0.0,1.0,1.0,1.0,1.0,0.45296022986146883,False,False
21,0.2,9000,45000,5000,inj_valve_act,0,0,2,0.0,0.0,0.0,0.0,1.0,0.0,0.29567135981028514,True,False
21,0.2,9000,45000,5000,inv_valve_act,0,0,2,0.0,0.0,0.0,0.0,1.0,0.0,0.17392744538130847,True,False
21,0.2,9000,45000,5000,limiter.y,0,0,1,283.0,283.0,283.0,283.0,283.0,0.0,0.0,True,True
21,0.2,9000,45000,5000,limiter1.y,0,0,13,84.8225326538,88.6248321533,93.4940643311,100.0,114.374519348,11.375167846699995,8.118686553211727,False,False
21,0.2,9000,45000,5000,out_valve_act,0,0,1,0.0,0.0,0.0,0.0,0.0,0.0,0.0,True,True
21,0.4,18000,45000,5000,C_level,0,0,447,0.00999999977648,0.00999999977648,0.00999999977648,0.0799999982119,0.157190769911,0.06999999843542,0.03864055886244841,False,False
21,0.4,18000,45000,5000,C_temperature.T,0,0,447,273.149993896,273.149993896,273.149993896,323.280914307,326.844085693,50.13092041099998,25.1040162619769,False,False
21,0.4,18000,45000,5000,HT_level,0,0,1082,0.10000000149,0.10000000149,0.600000023842,0.600000023842,0.600000023842,0.500000022352,0.22714791991369537,False,False
21,0.4,18000,45000,5000,HT_temperature.T,0,0,17817,283.149993896,314.47836303675,325.3926849365,329.91040802025,332.999694824,15.432044983499964,12.601016332096536,False,False
21,0.4,18000,45000,5000,RT_level,0,0,3606,0.5,1.75,1.92976927757,1.92976927757,2.42976927757,0.17976927756999994,0.38618398639740864,False,False
21,0.4,18000,45000,5000,RT_level_ini,0,0,3,0.0,2.25,2.25,2.42976927757,2.42976927757,0.17976927757000016,0.5339499129605129,False,False
21,0.4,18000,45000,5000,RT_temperature.T,0,0,2690,283.033294678,295.594848633,309.417785645,323.510375977,330.516082764,27.915527343999997,15.359105233885636,False,False
21,0.4,18000,45000,5000,Relaxing.active,0,0,2,0.0,0.0,0.0,0.0,1.0,0.0,0.3360681191607032,True,False
21,0.4,18000,45000,5000,boundary.m_flow_in,0,0,2,0.0,0.0,0.0,0.0,20.0,0.0,6.389991058491564,True,False
21,0.4,18000,45000,5000,dL_rand,0,0,3,-0.817316174507,0.0,0.0,0.359538555145,0.359538555145,0.359538555145,0.22351164260333925,False,False
21,0.4,18000,45000,5000,dT_rand,0,0,3,-0.817316174507,0.0,0.0,0.359538555145,0.359538555145,0.359538555145,0.22351164260333925,False,False
21,0.4,18000,45000,5000,dir_valve_act,0,0,2,0.0,0.0,0.0,0.0,1.0,0.0,0.16749889446690314,True,False
21,0.4,18000,45000,5000,dt_rand,0,0,25,-1.7091281414,-0.750450134277,-0.100009158254,0.16067995131,1.73616743088,0.911130085587,0.8527169887216418,False,False
21,0.4,18000,45000,5000,heater_act,0,0,2,0.0,0.0,1.0,1.0,1.0,1.0,0.47588589387632474,False,False
21,0.4,18000,45000,5000,inj_valve_act,0,0,2,0.0,0.0,0.0,0.0,1.0,0.0,0.3194995529245783,True,False
21,0.4,18000,45000,5000,inv_valve_act,0,0,2,0.0,0.0,0.0,0.0,1.0,0.0,0.1736228227865044,True,False
21,0.4,18000,45000,5000,limiter.y,0,0,3,274.826843262,283.0,283.0,286.595397949,286.595397949,3.5953979490000165,2.23512137557804,False,False
21,0.4,18000,45000,5000,limiter1.y,0,0,25,82.9087219238,92.4954986572,98.9999084473,101.606796265,117.361671448,9.111297607799997,8.527169120993122,False,False
21,0.4,18000,45000,5000,out_valve_act,0,0,2,0.0,0.0,0.0,0.0,1.0,0.0,0.15511144014669373,True,False
21,0.6,27000,45000,5000,C_level,0,0,611,0.00999999977648,0.00999999977648,0.0799999982119,0.157190769911,0.210844442248,0.14719077013452,0.06890140627668974,False,False
21,0.6,27000,45000,5000,C_temperature.T,0,0,611,273.149993896,273.149993896,323.280914307,326.844085693,327.750396729,53.694091797,24.669476600928025,False,False
21,0.6,27000,45000,5000,HT_level,0,0,1556,0.10000000149,0.10000000149,0.600000023842,0.600000023842,0.600000023842,0.500000022352,0.22502978309459834,False,False
21,0.6,27000,45000,5000,HT_temperature.T,0,0,26546,283.149993896,313.3635787965,324.60330200199996,329.7146072385,332.999694824,16.351028441999972,11.999697135128446,False,False
21,0.6,27000,45000,5000,RT_level,0,0,5283,0.5,1.34134185314,1.75,1.92976927757,2.42976927757,0.5884274244299998,0.4075990936746355,False,False
21,0.6,27000,45000,5000,RT_level_ini,0,0,5,0.0,1.84134185314,2.25,2.42976927757,2.42976927757,0.5884274244300001,0.4740612290882822,False,False
21,0.6,27000,45000,5000,RT_temperature.T,0,0,3990,283.033294678,295.594848633,309.417785645,321.832550049,330.516082764,26.237701415999993,15.105598665895167,False,False
21,0.6,27000,45000,5000,Relaxing.active,0,0,2,0.0,0.0,0.0,0.0,1.0,0.0,0.3294185631953268,True,False
21,0.6,27000,45000,5000,boundary.m_flow_in,0,0,2,0.0,0.0,0.0,0.0,20.0,0.0,6.387701883704477,True,False
21,0.6,27000,45000,5000,dL_rand,0,0,4,-1.03402817249,-0.817316174507,0.0,0.359538555145,0.359538555145,1.176854729652,0.5217311596344691,False,False
21,0.6,27000,45000,5000,dT_rand,0,0,4,-1.03402817249,-0.817316174507,0.0,0.359538555145,0.359538555145,1.176854729652,0.5217311596344691,False,False
21,0.6,27000,45000,5000,dir_valve_act,0,0,2,0.0,0.0,0.0,0.0,1.0,0.0,0.16561021768116385,True,False
21,0.6,27000,45000,5000,dt_rand,0,0,35,-1.7091281414,-0.708029448986,-0.0617694631219,0.16067995131,2.03387546539,0.868709400296,0.9665814458366655,False,False
21,0.6,27000,45000,5000,heater_act,0,0,2,0.0,0.0,1.0,1.0,1.0,1.0,0.47167449261975697,False,False
21,0.6,27000,45000,5000,inj_valve_act,0,0,2,0.0,0.0,0.0,0.0,1.0,0.0,0.31938509418522393,True,False
21,0.6,27000,45000,5000,inv_valve_act,0,0,2,0.0,0.0,0.0,0.0,1.0,0.0,0.16884551399560627,True,False
21,0.6,27000,45000,5000,limiter.y,0,0,4,274.0,274.826843262,283.0,286.595397949,286.595397949,11.768554687000005,5.025121141844556,False,False
21,0.6,27000,45000,5000,limiter1.y,0,0,35,82.9087219238,92.919708252,99.38230896,101.606796265,120.338752747,8.687088012999993,9.66581395988606,False,False
21,0.6,27000,45000,5000,out_valve_act,0,0,2,0.0,0.0,0.0,0.0,1.0,0.0,0.14824600645663166,True,False
21,0.8,36000,45000,5000,C_level,0,0,762,0.00999999977648,0.00999999977648,0.157190769911,0.210844442248,0.260163873434,0.20084444247152,0.08953427930101251,False,False
21,0.8,36000,45000,5000,C_temperature.T,0,0,762,273.149993896,273.149993896,326.844085693,327.750396729,328.193145752,54.600402832999976,23.104754340694246,False,False
21,0.8,36000,45000,5000,HT_level,0,0,2096,0.10000000149,0.10000000149,0.600000023842,0.600000023842,0.600000023842,0.500000022352,0.22559085965544648,False,False
21,0.8,36000,45000,5000,HT_temperature.T,0,0,35136,283.149993896,314.76406860375005,325.00761413600003,329.76622772175,332.999908447,15.002159117999952,11.384394349694798,False,False
21,0.8,36000,45000,5000,RT_level,0,0,7071,0.5,1.34134185314,1.75,1.92976927757,2.70000004768,0.5884274244299998,0.4480822594516842,False,False
21,0.8,36000,45000,5000,RT_level_ini,0,0,6,0.0,1.84134185314,2.25,2.42976927757,2.70000004768,0.5884274244300001,0.47725924664890884,False,False
21,0.8,36000,45000,5000,RT_temperature.T,0,0,5397,283.033294678,301.593536377,310.086975098,321.832550049,330.516082764,20.239013672,13.988448085282286,False,False
21,0.8,36000,45000,5000,Relaxing.active,0,0,2,0.0,0.0,0.0,0.0,1.0,0.0,0.3332574417991507,True,False
21,0.8,36000,45000,5000,boundary.m_flow_in,0,0,2,0.0,0.0,0.0,0.0,20.0,0.0,6.426508469722867,True,False
21,0.8,36000,45000,5000,dL_rand,0,0,5,-1.03402817249,-0.817316174507,0.0,0.359538555145,1.29212319851,1.176854729652,0.7634751248456875,False,False
21,0.8,36000,45000,5000,dT_rand,0,0,5,-1.03402817249,-0.817316174507,0.0,0.359538555145,1.29212319851,1.176854729652,0.7634751248456875,False,False
21,0.8,36000,45000,5000,dir_valve_act,0,0,2,0.0,0.0,0.0,0.0,1.0,0.0,0.16608349132637132,True,False
21,0.8,36000,45000,5000,dt_rand,0,0,47,-1.7091281414,-0.650593578815,0.0,0.7947935462,2.03387546539,1.4453871250149999,1.061841872033616,False,False
21,0.8,36000,45000,5000,heater_act,0,0,2,0.0,0.0,1.0,1.0,1.0,1.0,0.47279670800508344,False,False
21,0.8,36000,45000,5000,inj_valve_act,0,0,2,0.0,0.0,0.0,0.0,1.0,0.0,0.3213254234861434,True,False
21,0.8,36000,45000,5000,inv_valve_act,0,0,2,0.0,0.0,0.0,0.0,1.0,0.0,0.1700528967439723,True,False
21,0.8,36000,45000,5000,limiter.y,0,0,5,274.0,274.826843262,283.0,286.595397949,295.921234131,11.768554687000005,7.34897242317571,False,False
21,0.8,36000,45000,5000,limiter1.y,0,0,47,82.9087219238,93.4940643311,100.0,107.947937012,120.338752747,14.453872680899991,10.61841813544556,False,False
21,0.8,36000,45000,5000,out_valve_act,0,0,2,0.0,0.0,0.0,0.0,1.0,0.0,0.1434788562050172,True,False
21,1.0,45000,45000,5000,C_level,0,0,1029,0.00999999977648,0.0799999982119,0.157190769911,0.260163873434,0.348163872957,0.18016387522209998,0.11325299103907012,False,False
21,1.0,45000,45000,5000,C_temperature.T,0,0,1029,273.149993896,323.280914307,326.844085693,328.193145752,328.715637207,4.912231445000032,21.608381571596265,False,False
21,1.0,45000,45000,5000,HT_level,0,0,2687,0.10000000149,0.10000000149,0.600000023842,0.600000023842,0.600000023842,0.500000022352,0.22566134182037084,False,False
21,1.0,45000,45000,5000,HT_temperature.T,0,0,43688,283.149993896,315.315673828,325.458908081,329.85538482649997,332.999908447,14.53971099849997,11.073510288641693,False,False
21,1.0,45000,45000,5000,RT_level,0,0,8787,0.5,1.34134185314,1.75,2.0349370837225,2.70000004768,0.6935952305824997,0.45183338000703205,False,False
21,1.0,45000,45000,5000,RT_level_ini,0,0,7,0.0,1.84134185314,2.25,2.42976927757,2.70000004768,0.5884274244300001,0.4578094557944488,False,False
21,1.0,45000,45000,5000,RT_temperature.T,0,0,6586,283.033294678,301.593597412,311.280212402,322.41132354775,330.516082764,20.81772613574998,13.818199769904247,False,False
21,1.0,45000,45000,5000,Relaxing.active,0,0,2,0.0,0.0,0.0,0.0,1.0,0.0,0.33703918649232045,True,False
21,1.0,45000,45000,5000,boundary.m_flow_in,0,0,2,0.0,0.0,0.0,0.0,20.0,0.0,6.322134466186081,True,False
21,1.0,45000,45000,5000,dL_rand,0,0,6,-1.03402817249,-0.817316174507,0.0,0.359538555145,1.29212319851,1.176854729652,0.7584571155500343,False,False
21,1.0,45000,45000,5000,dT_rand,0,0,6,-1.03402817249,-0.817316174507,0.0,0.359538555145,1.29212319851,1.176854729652,0.7584571155500343,False,False
21,1.0,45000,45000,5000,dir_valve_act,0,0,2,0.0,0.0,0.0,0.0,1.0,0.0,0.16787066174335605,True,False
21,1.0,45000,45000,5000,dt_rand,0,0,60,-1.7091281414,-0.464766383171,-0.0739768669009,0.74010437727,2.03387546539,1.204870760441,0.9866642933202235,False,False
21,1.0,45000,45000,5000,heater_act,0,0,2,0.0,0.0,1.0,1.0,1.0,1.0,0.47339020807129334,False,False
21,1.0,45000,45000,5000,inj_valve_act,0,0,2,0.0,0.0,0.0,0.0,1.0,0.0,0.316106723309304,True,False
21,1.0,45000,45000,5000,inv_valve_act,0,0,2,0.0,0.0,0.0,0.0,1.0,0.0,0.17241485672533616,True,False
21,1.0,45000,45000,5000,limiter.y,0,0,6,274.0,274.826843262,283.0,286.595397949,295.921234131,11.768554687000005,7.333627333690938,False,False
21,1.0,45000,45000,5000,limiter1.y,0,0,60,82.9087219238,95.3523330688,99.2602310181,107.401046753,120.338752747,12.04871368420001,9.866642244858253,False,False
21,1.0,45000,45000,5000,out_valve_act,0,0,2,0.0,0.0,0.0,0.0,1.0,0.0,0.1490537574182625,True,False
22,0.05,2250,45000,5000,C_level,0,0,1,0.00999999977648,0.00999999977648,0.00999999977648,0.00999999977648,0.00999999977648,0.0,0.0,True,True
22,0.05,2250,45000,5000,C_temperature.T,0,0,1,273.149993896,273.149993896,273.149993896,273.149993896,273.149993896,0.0,5.68560549438497e-14,True,False
22,0.05,2250,45000,5000,HT_level,0,0,23,0.10000000149,0.10000000149,0.600000023842,0.600000023842,0.600000023842,0.500000022352,0.2472290560238009,False,False
22,0.05,2250,45000,5000,HT_temperature.T,0,0,2250,283.149993896,287.765739441,290.374267578,310.97518920875,328.431213379,23.209449767750016,13.970714535481191,False,False
22,0.05,2250,45000,5000,RT_level,0,0,894,0.5,1.428598850965,1.75,1.75,2.24972319603,0.32140114903499994,0.4295202505725591,False,False
22,0.05,2250,45000,5000,RT_level_ini,0,0,2,0.0,0.0,2.25,2.25,2.25,2.25,1.1147952015886615,False,False
22,0.05,2250,45000,5000,RT_temperature.T,0,0,870,283.033294678,283.033294678,283.033294678,283.05082702625,283.149993896,0.017532348249972074,0.03169923561068816,False,False
22,0.05,2250,45000,5000,Relaxing.active,0,0,1,0.0,0.0,0.0,0.0,0.0,0.0,0.0,True,True
22,0.05,2250,45000,5000,boundary.m_flow_in,0,0,2,0.0,0.0,0.0,20.0,20.0,20.0,9.743953875233185,False,False
22,0.05,2250,45000,5000,dL_rand,0,0,1,0.0,0.0,0.0,0.0,0.0,0.0,0.0,True,True
22,0.05,2250,45000,5000,dT_rand,0,0,1,0.0,0.0,0.0,0.0,0.0,0.0,0.0,True,True
22,0.05,2250,45000,5000,dir_valve_act,0,0,2,0.0,0.0,0.0,0.0,1.0,0.0,0.0961786539807423,True,False
22,0.05,2250,45000,5000,dt_rand,0,0,1,0.0,0.0,0.0,0.0,0.0,0.0,0.0,True,True
22,0.05,2250,45000,5000,heater_act,0,0,2,0.0,0.0,1.0,1.0,1.0,1.0,0.49665667455379575,False,False
22,0.05,2250,45000,5000,inj_valve_act,0,0,2,0.0,0.0,0.0,1.0,1.0,1.0,0.4871976937616593,False,False
22,0.05,2250,45000,5000,inv_valve_act,0,0,1,0.0,0.0,0.0,0.0,0.0,0.0,0.0,True,True
22,0.05,2250,45000,5000,limiter.y,0,0,1,283.0,283.0,283.0,283.0,283.0,0.0,0.0,True,True
22,0.05,2250,45000,5000,limiter1.y,0,0,1,100.0,100.0,100.0,100.0,100.0,0.0,0.0,True,True
22,0.05,2250,45000,5000,out_valve_act,0,0,1,0.0,0.0,0.0,0.0,0.0,0.0,0.0,True,True
22,0.1,4500,45000,5000,C_level,0,0,1,0.00999999977648,0.00999999977648,0.00999999977648,0.00999999977648,0.00999999977648,0.0,0.0,True,True
22,0.1,4500,45000,5000,C_temperature.T,0,0,1,273.149993896,273.149993896,273.149993896,273.149993896,273.149993896,0.0,5.684973584908787e-14,True,False
22,0.1,4500,45000,5000,HT_level,0,0,112,0.10000000149,0.10000000149,0.600000023842,0.600000023842,0.600000023842,0.500000022352,0.22039207539198627,False,False
22,0.1,4500,45000,5000,HT_temperature.T,0,0,4499,283.149993896,290.3746643065,312.0484924315,323.8253707885,332.99395752,33.45070648199999,15.918139622404677,False,False
22,0.1,4500,45000,5000,RT_level,0,0,984,0.5,1.75,1.75,1.75,2.25,0.0,0.3457597372535631,True,False
22,0.1,4500,45000,5000,RT_level_ini,0,0,2,0.0,2.25,2.25,2.25,2.25,0.0,0.9260100184908424,True,False
22,0.1,4500,45000,5000,RT_temperature.T,0,0,920,283.033294678,283.033294678,283.118545532,294.1065979,302.719177246,11.073303221999993,7.883859839269957,False,False
22,0.1,4500,45000,5000,Relaxing.active,0,0,2,0.0,0.0,0.0,0.0,1.0,0.0,0.20659390172791278,True,False
22,0.1,4500,45000,5000,boundary.m_flow_in,0,0,2,0.0,0.0,0.0,0.0,20.0,0.0,7.902569132789706,True,False
22,0.1,4500,45000,5000,dL_rand,0,0,1,0.0,0.0,0.0,0.0,0.0,0.0,0.0,True,True
22,0.1,4500,45000,5000,dT_rand,0,0,1,0.0,0.0,0.0,0.0,0.0,0.0,0.0,True,True
22,0.1,4500,45000,5000,dir_valve_act,0,0,2,0.0,0.0,0.0,0.0,1.0,0.0,0.11841903079472783,True,False
22,0.1,4500,45000,5000,dt_rand,0,0,3,-0.113254189491,-0.113254189491,0.0,0.0,0.122287668288,0.113254189491,0.07958871280472549,False,False
22,0.1,4500,45000,5000,heater_act,0,0,2,0.0,0.0,1.0,1.0,1.0,1.0,0.45151751842816856,False,False
22,0.1,4500,45000,5000,inj_valve_act,0,0,2,0.0,0.0,0.0,0.0,1.0,0.0,0.39512845663948537,True,False
22,0.1,4500,45000,5000,inv_valve_act,0,0,2,0.0,0.0,0.0,0.0,1.0,0.0,0.10059809778967732,True,False
22,0.1,4500,45000,5000,limiter.y,0,0,1,283.0,283.0,283.0,283.0,283.0,0.0,0.0,True,True
22,0.1,4500,45000,5000,limiter1.y,0,0,3,98.8674545288,98.8674545288,100.0,100.0,101.222877502,1.1325454712000038,0.7958886680236984,False,False
22,0.1,4500,45000,5000,out_valve_act,0,0,1,0.0,0.0,0.0,0.0,0.0,0.0,0.0,True,True
22,0.2,9000,45000,5000,C_level,0,0,1,0.00999999977648,0.00999999977648,0.00999999977648,0.00999999977648,0.00999999977648,0.0,0.0,True,True
22,0.2,9000,45000,5000,C_temperature.T,0,0,1,273.149993896,273.149993896,273.149993896,273.149993896,273.149993896,0.0,0.0,True,True
22,0.2,9000,45000,5000,HT_level,0,0,518,0.10000000149,0.2587499395015,0.600000023842,0.600000023842,0.600000023842,0.3412500843405,0.2138974543291263,False,False
22,0.2,9000,45000,5000,HT_temperature.T,0,0,8946,283.149993896,312.05294799775004,324.94992065450003,329.76392364475,332.999389648,17.71097564699994,14.818133331294161,False,False
22,0.2,9000,45000,5000,RT_level,0,0,1390,0.5,1.75,1.75,1.75,2.25,0.0,0.30133971316216956,True,False
22,0.2,9000,45000,5000,RT_level_ini,0,0,2,0.0,2.25,2.25,2.25,2.25,0.0,0.6983947272292862,True,False
22,0.2,9000,45000,5000,RT_temperature.T,0,0,1155,283.033294678,283.118644714,302.719177246,318.680938721,329.723693848,35.56229400699999,16.645265901381542,False,False
22,0.2,9000,45000,5000,Relaxing.active,0,0,2,0.0,0.0,0.0,0.0,1.0,0.0,0.3294730542653384,True,False
22,0.2,9000,45000,5000,boundary.m_flow_in,0,0,2,0.0,0.0,0.0,0.0,20.0,0.0,5.913427196205702,True,False
22,0.2,9000,45000,5000,dL_rand,0,0,1,0.0,0.0,0.0,0.0,0.0,0.0,0.0,True,True
22,0.2,9000,45000,5000,dT_rand,0,0,1,0.0,0.0,0.0,0.0,0.0,0.0,0.0,True,True
22,0.2,9000,45000,5000,dir_valve_act,0,0,2,0.0,0.0,0.0,0.0,1.0,0.0,0.16750354766636694,True,False
22,0.2,9000,45000,5000,dt_rand,0,0,12,-1.47138893604,-0.0842005684972,0.0,0.498428285122,1.01690721512,0.5826288536192,0.49273596367038613,False,False
22,0.2,9000,45000,5000,heater_act,0,0,2,0.0,0.0,1.0,1.0,1.0,1.0,0.4534264795394561,False,False
22,0.2,9000,45000,5000,inj_valve_act,0,0,2,0.0,0.0,0.0,0.0,1.0,0.0,0.29567135981028514,True,False
22,0.2,9000,45000,5000,inv_valve_act,0,0,2,0.0,0.0,0.0,0.0,1.0,0.0,0.16624809460935966,True,False
22,0.2,9000,45000,5000,limiter.y,0,0,1,283.0,283.0,283.0,283.0,283.0,0.0,0.0,True,True
22,0.2,9000,45000,5000,limiter1.y,0,0,12,85.2861099243,99.1579971313,100.0,104.984283447,110.169075012,5.826286315700003,4.927360099875482,False,False
22,0.2,9000,45000,5000,out_valve_act,0,0,1,0.0,0.0,0.0,0.0,0.0,0.0,0.0,True,True
22,0.4,18000,45000,5000,C_level,0,0,431,0.00999999977648,0.00999999977648,0.00999999977648,0.0799999982119,0.151780456305,0.06999999843542,0.040358213563912664,False,False
22,0.4,18000,45000,5000,C_temperature.T,0,0,431,273.149993896,273.149993896,273.149993896,323.280792236,326.593139648,50.13079834000001,25.152418029587096,False,False
22,0.4,18000,45000,5000,HT_level,0,0,1035,0.10000000149,0.10000000149,0.600000023842,0.600000023842,0.600000023842,0.500000022352,0.22918204589135283,False,False
22,0.4,18000,45000,5000,HT_temperature.T,0,0,17854,283.149993896,313.60401153600003,325.01004028299997,329.76821899375,332.999389648,16.164207457749967,12.629610543751692,False,False
22,0.4,18000,45000,5000,RT_level,0,0,3779,0.5,1.75,1.794511199,1.794511199,2.29451131821,0.044511199,0.3648330690957549,False,False
22,0.4,18000,45000,5000,RT_level_ini,0,0,3,0.0,2.25,2.25,2.29451131821,2.29451131821,0.044511318210000095,0.5135387595254999,False,False
22,0.4,18000,45000,5000,RT_temperature.T,0,0,2904,283.033294678,294.1065979,309.417785645,322.47505188,330.421417236,28.368453980000027,15.354930610968612,False,False
22,0.4,18000,45000,5000,Relaxing.active,0,0,2,0.0,0.0,0.0,0.0,1.0,0.0,0.3343463688556689,True,False
22,0.4,18000,45000,5000,boundary.m_flow_in,0,0,2,0.0,0.0,0.0,0.0,20.0,0.0,6.693100085530683,True,False
22,0.4,18000,45000,5000,dL_rand,0,0,3,-0.311807602644,0.0,0.0,0.0890224948525,0.0890224948525,0.0890224948525,0.07888169421253147,False,False
22,0.4,18000,45000,5000,dT_rand,0,0,3,-0.311807602644,0.0,0.0,0.0890224948525,0.0890224948525,0.0890224948525,0.07888169421253147,False,False
22,0.4,18000,45000,5000,dir_valve_act,0,0,2,0.0,0.0,0.0,0.0,1.0,0.0,0.16402047682408735,True,False
22,0.4,18000,45000,5000,dt_rand,0,0,24,-2.29462575912,-0.610980570316,0.0,0.498428285122,1.70451974869,1.109408855438,1.035539454404256,False,False
22,0.4,18000,45000,5000,heater_act,0,0,2,0.0,0.0,1.0,1.0,1.0,1.0,0.47840859759577625,False,False
22,0.4,18000,45000,5000,inj_valve_act,0,0,2,0.0,0.0,0.0,0.0,1.0,0.0,0.33465500427653416,True,False
22,0.4,18000,45000,5000,inv_valve_act,0,0,2,0.0,0.0,0.0,0.0,1.0,0.0,0.1698246565537991,True,False
22,0.4,18000,45000,5000,limiter.y,0,0,3,279.88192749,283.0,283.0,283.890228271,283.890228271,0.8902282710000122,0.7888175329818959,False,False
22,0.4,18000,45000,5000,limiter1.y,0,0,24,77.0537414551,93.8901977539,100.0,104.984283447,117.045196533,11.094085693099998,10.355394934432862,False,False
22,0.4,18000,45000,5000,out_valve_act,0,0,2,0.0,0.0,0.0,0.0,1.0,0.0,0.15236037775904535,True,False
22,0.6,27000,45000,5000,C_level,0,0,625,0.00999999977648,0.00999999977648,0.0799999982119,0.151780456305,0.215544298291,0.14178045652852,0.06773589257352268,False,False
22,0.6,27000,45000,5000,C_temperature.T,0,0,625,273.149993896,273.149993896,323.280792236,326.593139648,327.662139893,53.443145751999964,24.663276724145366,False,False
22,0.6,27000,45000,5000,HT_level,0,0,1548,0.10000000149,0.10000000149,0.600000023842,0.600000023842,0.600000023842,0.500000022352,0.22933561219577409,False,False
22,0.6,27000,45000,5000,HT_temperature.T,0,0,26565,283.149993896,313.57605743425,324.775131226,329.7170562745,332.999908447,16.140998840250006,11.969020077062748,False,False
22,0.6,27000,45000,5000,RT_level,0,0,5830,0.5,1.59409618378,1.75,1.797320127485,2.70000004768,0.20322394370499985,0.3674465197519892,False,False
22,0.6,27000,45000,5000,RT_level_ini,0,0,5,0.0,2.09409618378,2.25,2.29451131821,2.70000004768,0.20041513443000003,0.4337587248972576,False,False
22,0.6,27000,45000,5000,RT_temperature.T,0,0,4529,283.033294678,298.33222961399997,311.387908936,322.386505127,330.421417236,24.05427551300005,14.398101798954544,False,False
22,0.6,27000,45000,5000,Relaxing.active,0,0,2,0.0,0.0,0.0,0.0,1.0,0.0,0.3305990053069762,True,False
22,0.6,27000,45000,5000,boundary.m_flow_in,0,0,2,0.0,0.0,0.0,0.0,20.0,0.0,6.841711960934264,True,False
22,0.6,27000,45000,5000,dL_rand,0,0,4,-0.311807602644,-0.311807602644,0.0,0.0890224948525,2.41016888618,0.4008300974965,0.6955525233001466,False,False
22,0.6,27000,45000,5000,dT_rand,0,0,4,-0.311807602644,-0.311807602644,0.0,0.0890224948525,2.41016888618,0.4008300974965,0.6955525233001466,False,False
22,0.6,27000,45000,5000,dir_valve_act,0,0,2,0.0,0.0,0.0,0.0,1.0,0.0,0.16497578015373868,True,False
22,0.6,27000,45000,5000,dt_rand,0,0,35,-2.37519454956,-1.28272342682,0.0,0.579699099064,1.70451974869,1.862422525884,1.055441560001014,False,False
22,0.6,27000,45000,5000,heater_act,0,0,2,0.0,0.0,1.0,1.0,1.0,1.0,0.47862306672524835,False,False
22,0.6,27000,45000,5000,inj_valve_act,0,0,2,0.0,0.0,0.0,0.0,1.0,0.0,0.3420855980467132,True,False
22,0.6,27000,45000,5000,inv_valve_act,0,0,2,0.0,0.0,0.0,0.0,1.0,0.0,0.16853547702049537,True,False
22,0.6,27000,45000,5000,limiter.y,0,0,4,279.88192749,279.88192749,283.0,283.890228271,307.10168457,4.008300781000003,6.955523396535625,False,False
22,0.6,27000,45000,5000,limiter1.y,0,0,35,76.2480545044,87.1727676392,100.0,105.796989441,117.045196533,18.62422180179999,10.554415693357322,False,False
22,0.6,27000,45000,5000,out_valve_act,0,0,2,0.0,0.0,0.0,0.0,1.0,0.0,0.14990607822928603,True,False
22,0.8,36000,45000,5000,C_level,0,0,891,0.00999999977648,0.00999999977648,0.151780456305,0.215544298291,0.303544282913,0.20554429851452,0.09884725764132128,False,False
22,0.8,36000,45000,5000,C_temperature.T,0,0,891,273.149993896,273.149993896,326.593139648,327.662139893,328.373077393,54.512145997000005,23.130732690932312,False,False
22,0.8,36000,45000,5000,HT_level,0,0,2111,0.10000000149,0.10000000149,0.600000023842,0.600000023842,0.600000023842,0.500000022352,0.2289964200816373,False,False
22,0.8,36000,45000,5000,HT_temperature.T,0,0,35185,283.149993896,314.54305267350003,325.2757263185,329.83425140425,332.999938965,15.291198730749954,11.47615253609073,False,False
22,0.8,36000,45000,5000,RT_level,0,0,7675,0.5,1.672086894515,1.794511199,2.09409618378,2.70000004768,0.42200928926500003,0.4122579095061964,False,False
22,0.8,36000,45000,5000,RT_level_ini,0,0,6,0.0,2.25,2.25,2.53940701485,2.70000004768,0.2894070148500001,0.4309996943934287,False,False
22,0.8,36000,45000,5000,RT_temperature.T,0,0,5871,283.033294678,301.663696289,313.23326110849996,323.397644043,330.421417236,21.73394775400004,13.761146638014479,False,False
22,0.8,36000,45000,5000,Relaxing.active,0,0,2,0.0,0.0,0.0,0.0,1.0,0.0,0.33406351569452664,True,False
22,0.8,36000,45000,5000,boundary.m_flow_in,0,0,2,0.0,0.0,0.0,0.0,20.0,0.0,6.719432446122121,True,False
22,0.8,36000,45000,5000,dL_rand,0,0,5,-0.311807602644,0.0,0.0890224948525,0.578814029694,2.41016888618,0.578814029694,0.9391147868127752,False,False
22,0.8,36000,45000,5000,dT_rand,0,0,5,-0.311807602644,0.0,0.0890224948525,0.578814029694,2.41016888618,0.578814029694,0.9391147868127752,False,False
22,0.8,36000,45000,5000,dir_valve_act,0,0,2,0.0,0.0,0.0,0.0,1.0,0.0,0.16560945094412,True,False
22,0.8,36000,45000,5000,dt_rand,0,0,48,-2.37519454956,-0.797418117523,0.0,0.498428285122,1.70451974869,1.295846402645,0.9933290633331424,False,False
22,0.8,36000,45000,5000,heater_act,0,0,2,0.0,0.0,1.0,1.0,1.0,1.0,0.4784610039787643,False,False
22,0.8,36000,45000,5000,inj_valve_act,0,0,2,0.0,0.0,0.0,0.0,1.0,0.0,0.33597162230610605,True,False
22,0.8,36000,45000,5000,inv_valve_act,0,0,2,0.0,0.0,0.0,0.0,1.0,0.0,0.1716572830589407,True,False
22,0.8,36000,45000,5000,limiter.y,0,0,5,279.88192749,283.0,283.890228271,288.788146973,307.10168457,5.788146972999982,9.391145520858732,False,False
22,0.8,36000,45000,5000,limiter1.y,0,0,48,76.2480545044,92.0258178711,100.0,104.984283447,117.045196533,12.958465575899993,9.933290934348156,False,False
22,0.8,36000,45000,5000,out_valve_act,0,0,2,0.0,0.0,0.0,0.0,1.0,0.0,0.15493892718196275,True,False
22,1.0,45000,45000,5000,C_level,0,0,1139,0.00999999977648,0.0799999982119,0.151780456305,0.303544282913,0.38512057066,0.2235442847011,0.12644204516970142,False,False
22,1.0,45000,45000,5000,C_temperature.T,0,0,1139,273.149993896,323.280792236,326.593139648,328.373077393,328.780090332,5.092285156999992,21.64908667535052,False,False
22,1.0,45000,45000,5000,HT_level,0,0,2695,0.10000000149,0.10000000149,0.600000023842,0.600000023842,0.600000023842,0.500000022352,0.22812506206631258,False,False
22,1.0,45000,45000,5000,HT_temperature.T,0,0,43718,283.149993896,315.28461456325,325.617202759,329.9127197265,332.999938965,14.628105163249984,11.124879169872823,False,False
22,1.0,45000,45000,5000,RT_level,0,0,9284,0.5,1.59409618378,1.794511199,2.0717732310275,2.70000004768,0.47767704724750004,0.4138240730656249,False,False
22,1.0,45000,45000,5000,RT_level_ini,0,0,7,0.0,2.09409618378,2.25,2.53940701485,2.70000004768,0.44531083107,0.4002124394015156,False,False
22,1.0,45000,45000,5000,RT_temperature.T,0,0,6976,283.033294678,301.621276855,314.224273682,323.397644043,330.421417236,21.776367187999995,13.621282730948598,False,False
22,1.0,45000,45000,5000,Relaxing.active,0,0,2,0.0,0.0,0.0,0.0,1.0,0.0,0.3386394305538931,True,False
22,1.0,45000,45000,5000,boundary.m_flow_in,0,0,2,0.0,0.0,0.0,0.0,20.0,0.0,6.523134458549603,True,False
22,1.0,45000,45000,5000,dL_rand,0,0,6,-0.378063291311,-0.311807602644,0.0890224948525,0.578814029694,2.41016888618,0.890621632338,0.8843329977262635,False,False
22,1.0,45000,45000,5000,dT_rand,0,0,6,-0.378063291311,-0.311807602644,0.0890224948525,0.578814029694,2.41016888618,0.890621632338,0.8843329977262635,False,False
22,1.0,45000,45000,5000,dir_valve_act,0,0,2,0.0,0.0,0.0,0.0,1.0,0.0,0.16718324796569634,True,False
22,1.0,45000,45000,5000,dt_rand,0,0,61,-2.37519454956,-0.779625833035,-0.0221564378589,0.498428285122,2.24579596519,1.278054118157,0.9880857123600029,False,False
22,1.0,45000,45000,5000,heater_act,0,0,2,0.0,0.0,1.0,1.0,1.0,1.0,0.47746132084003545,False,False
22,1.0,45000,45000,5000,inj_valve_act,0,0,2,0.0,0.0,0.0,0.0,1.0,0.0,0.3261567229274802,True,False
22,1.0,45000,45000,5000,inv_valve_act,0,0,2,0.0,0.0,0.0,0.0,1.0,0.0,0.17355990112182026,True,False
22,1.0,45000,45000,5000,limiter.y,0,0,6,279.219360352,279.88192749,283.890228271,288.788146973,307.10168457,8.906219482999973,8.843328920095546,False,False
22,1.0,45000,45000,5000,limiter1.y,0,0,61,76.2480545044,92.203742981,99.7784347534,104.984283447,122.457962036,12.78054046599999,9.880857445015511,False,False
22,1.0,45000,45000,5000,out_valve_act,0,0,2,0.0,0.0,0.0,0.0,1.0,0.0,0.15666653348792162,True,False
23,0.05,2250,45000,5000,C_level,0,0,1,0.00999999977648,0.00999999977648,0.00999999977648,0.00999999977648,0.00999999977648,0.0,0.0,True,True
23,0.05,2250,45000,5000,C_temperature.T,0,0,1,273.149993896,273.149993896,273.149993896,273.149993896,273.149993896,0.0,5.68560549438497e-14,True,False
23,0.05,2250,45000,5000,HT_level,0,0,23,0.10000000149,0.10000000149,0.600000023842,0.600000023842,0.600000023842,0.500000022352,0.2472290560238009,False,False
23,0.05,2250,45000,5000,HT_temperature.T,0,0,2250,283.149993896,287.765739441,290.374267578,310.97518920875,328.431213379,23.209449767750016,13.970714535481191,False,False
23,0.05,2250,45000,5000,RT_level,0,0,894,0.5,1.428598850965,1.75,1.75,2.24972319603,0.32140114903499994,0.4295202505725591,False,False
23,0.05,2250,45000,5000,RT_level_ini,0,0,2,0.0,0.0,2.25,2.25,2.25,2.25,1.1147952015886615,False,False
23,0.05,2250,45000,5000,RT_temperature.T,0,0,870,283.033294678,283.033294678,283.033294678,283.05082702625,283.149993896,0.017532348249972074,0.03169923561068816,False,False
23,0.05,2250,45000,5000,Relaxing.active,0,0,1,0.0,0.0,0.0,0.0,0.0,0.0,0.0,True,True
23,0.05,2250,45000,5000,boundary.m_flow_in,0,0,2,0.0,0.0,0.0,20.0,20.0,20.0,9.743953875233185,False,False
23,0.05,2250,45000,5000,dL_rand,0,0,1,0.0,0.0,0.0,0.0,0.0,0.0,0.0,True,True
23,0.05,2250,45000,5000,dT_rand,0,0,1,0.0,0.0,0.0,0.0,0.0,0.0,0.0,True,True
23,0.05,2250,45000,5000,dir_valve_act,0,0,2,0.0,0.0,0.0,0.0,1.0,0.0,0.0961786539807423,True,False
23,0.05,2250,45000,5000,dt_rand,0,0,1,0.0,0.0,0.0,0.0,0.0,0.0,0.0,True,True
23,0.05,2250,45000,5000,heater_act,0,0,2,0.0,0.0,1.0,1.0,1.0,1.0,0.49665667455379575,False,False
23,0.05,2250,45000,5000,inj_valve_act,0,0,2,0.0,0.0,0.0,1.0,1.0,1.0,0.4871976937616593,False,False
23,0.05,2250,45000,5000,inv_valve_act,0,0,1,0.0,0.0,0.0,0.0,0.0,0.0,0.0,True,True
23,0.05,2250,45000,5000,limiter.y,0,0,1,283.0,283.0,283.0,283.0,283.0,0.0,0.0,True,True
23,0.05,2250,45000,5000,limiter1.y,0,0,1,100.0,100.0,100.0,100.0,100.0,0.0,0.0,True,True
23,0.05,2250,45000,5000,out_valve_act,0,0,1,0.0,0.0,0.0,0.0,0.0,0.0,0.0,True,True
23,0.1,4500,45000,5000,C_level,0,0,1,0.00999999977648,0.00999999977648,0.00999999977648,0.00999999977648,0.00999999977648,0.0,0.0,True,True
23,0.1,4500,45000,5000,C_temperature.T,0,0,1,273.149993896,273.149993896,273.149993896,273.149993896,273.149993896,0.0,5.684973584908787e-14,True,False
23,0.1,4500,45000,5000,HT_level,0,0,113,0.10000000149,0.10000000149,0.600000023842,0.600000023842,0.600000023842,0.500000022352,0.2197459053598458,False,False
23,0.1,4500,45000,5000,HT_temperature.T,0,0,4500,283.149993896,290.3746643065,312.0831298825,323.856010437,332.99395752,33.481346130500015,15.934735686432864,False,False
23,0.1,4500,45000,5000,RT_level,0,0,985,0.5,1.75,1.75,1.75,2.25,0.0,0.3445967791597298,True,False
23,0.1,4500,45000,5000,RT_level_ini,0,0,2,0.0,2.25,2.25,2.25,2.25,0.0,0.9260100184908424,True,False
23,0.1,4500,45000,5000,RT_temperature.T,0,0,920,283.033294678,283.033294678,283.118545532,294.1065979,302.720825195,11.073303221999993,7.880712439074425,False,False
23,0.1,4500,45000,5000,Relaxing.active,0,0,2,0.0,0.0,0.0,0.0,1.0,0.0,0.20061142370447885,True,False
23,0.1,4500,45000,5000,boundary.m_flow_in,0,0,2,0.0,0.0,0.0,0.0,20.0,0.0,7.902569132789706,True,False
23,0.1,4500,45000,5000,dL_rand,0,0,1,0.0,0.0,0.0,0.0,0.0,0.0,0.0,True,True
23,0.1,4500,45000,5000,dT_rand,0,0,1,0.0,0.0,0.0,0.0,0.0,0.0,0.0,True,True
23,0.1,4500,45000,5000,dir_valve_act,0,0,2,0.0,0.0,0.0,0.0,1.0,0.0,0.11932714143879614,True,False
23,0.1,4500,45000,5000,dt_rand,0,0,3,-1.18823814392,0.0,0.0,0.0788903459907,0.0788903459907,0.0788903459907,0.4856810825019334,False,False
23,0.1,4500,45000,5000,heater_act,0,0,2,0.0,0.0,1.0,1.0,1.0,1.0,0.4503457465082672,False,False
23,0.1,4500,45000,5000,inj_valve_act,0,0,2,0.0,0.0,0.0,0.0,1.0,0.0,0.39512845663948537,True,False
23,0.1,4500,45000,5000,inv_valve_act,0,0,2,0.0,0.0,0.0,0.0,1.0,0.0,0.10059809778967732,True,False
23,0.1,4500,45000,5000,limiter.y,0,0,1,283.0,283.0,283.0,283.0,283.0,0.0,0.0,True,True
23,0.1,4500,45000,5000,limiter1.y,0,0,3,88.1176147461,100.0,100.0,100.788902283,100.788902283,0.7889022829999988,4.8568121551806245,False,False
23,0.1,4500,45000,5000,out_valve_act,0,0,1,0.0,0.0,0.0,0.0,0.0,0.0,0.0,True,True
23,0.2,9000,45000,5000,C_level,0,0,1,0.00999999977648,0.00999999977648,0.00999999977648,0.00999999977648,0.00999999977648,0.0,0.0,True,True
23,0.2,9000,45000,5000,C_temperature.T,0,0,1,273.149993896,273.149993896,273.149993896,273.149993896,273.149993896,0.0,0.0,True,True
23,0.2,9000,45000,5000,HT_level,0,0,543,0.10000000149,0.28305512666675,0.600000023842,0.600000023842,0.600000023842,0.31694489717525004,0.2130318340570229,False,False
23,0.2,9000,45000,5000,HT_temperature.T,0,0,8970,283.149993896,312.08760070775,325.0072784425,329.87330627425,332.999542236,17.785705566499985,14.850508966762238,False,False
23,0.2,9000,45000,5000,RT_level,0,0,1415,0.5,1.75,1.75,1.75,2.25,0.0,0.3003497651679647,True,False
23,0.2,9000,45000,5000,RT_level_ini,0,0,2,0.0,2.25,2.25,2.25,2.25,0.0,0.6983947272292862,True,False
23,0.2,9000,45000,5000,RT_temperature.T,0,0,1176,283.033294678,283.118644714,302.720825195,321.83303833,330.421386719,38.714393615999995,16.760988669927208,False,False
23,0.2,9000,45000,5000,Relaxing.active,0,0,2,0.0,0.0,0.0,0.0,1.0,0.0,0.32510948327960865,True,False
23,0.2,9000,45000,5000,boundary.m_flow_in,0,0,2,0.0,0.0,0.0,0.0,20.0,0.0,5.913427196205702,True,False
23,0.2,9000,45000,5000,dL_rand,0,0,1,0.0,0.0,0.0,0.0,0.0,0.0,0.0,True,True
23,0.2,9000,45000,5000,dT_rand,0,0,1,0.0,0.0,0.0,0.0,0.0,0.0,0.0,True,True
23,0.2,9000,45000,5000,dir_valve_act,0,0,2,0.0,0.0,0.0,0.0,1.0,0.0,0.16812731805389658,True,False
23,0.2,9000,45000,5000,dt_rand,0,0,13,-1.40736103058,-0.898831129074,0.0,0.0788903459907,0.754234433174,0.9777214750647,0.5214167897789769,False,False
23,0.2,9000,45000,5000,heater_act,0,0,2,0.0,0.0,1.0,1.0,1.0,1.0,0.45296022986146883,False,False
23,0.2,9000,45000,5000,inj_valve_act,0,0,2,0.0,0.0,0.0,0.0,1.0,0.0,0.29567135981028514,True,False
23,0.2,9000,45000,5000,inv_valve_act,0,0,2,0.0,0.0,0.0,0.0,1.0,0.0,0.17332725705312402,True,False
23,0.2,9000,45000,5000,limiter.y,0,0,1,283.0,283.0,283.0,283.0,283.0,0.0,0.0,True,True
23,0.2,9000,45000,5000,limiter1.y,0,0,13,85.9263916016,91.0116882324,100.0,100.788902283,107.54234314,9.777214050599994,5.214168775633503,False,False
23,0.2,9000,45000,5000,out_valve_act,0,0,1,0.0,0.0,0.0,0.0,0.0,0.0,0.0,True,True
23,0.4,18000,45000,5000,C_level,0,0,275,0.00999999977648,0.00999999977648,0.00999999977648,0.10000000149,0.10000000149,0.09000000171352,0.042075235188588314,False,False
23,0.4,18000,45000,5000,C_temperature.T,0,0,275,273.149993896,273.149993896,273.149993896,324.818511963,324.818511963,51.66851806699998,25.516582581886205,False,False
23,0.4,18000,45000,5000,HT_level,0,0,1040,0.10000000149,0.10000000149,0.600000023842,0.600000023842,0.600000023842,0.500000022352,0.21972484186336666,False,False
23,0.4,18000,45000,5000,HT_temperature.T,0,0,17811,283.149993896,314.66258239725,325.113586426,329.76821136475,332.999542236,15.105628967500024,12.446634824787086,False,False
23,0.4,18000,45000,5000,RT_level,0,0,3073,0.5,1.28263950348,1.75,1.75,2.25,0.46736049652,0.4940544342108504,False,False
23,0.4,18000,45000,5000,RT_level_ini,0,0,4,0.0,1.78263950348,1.78263950348,2.25,2.25,0.46736049652,0.6220478719485701,False,False
23,0.4,18000,45000,5000,RT_temperature.T,0,0,2360,283.033294678,294.1065979,309.4190979,321.83303833,330.946868896,27.726440430000025,15.463416645639363,False,False
23,0.4,18000,45000,5000,Relaxing.active,0,0,2,0.0,0.0,0.0,0.0,1.0,0.0,0.3298440631754078,True,False
23,0.4,18000,45000,5000,boundary.m_flow_in,0,0,2,0.0,0.0,0.0,0.0,20.0,0.0,5.937433289047745,True,False
23,0.4,18000,45000,5000,dL_rand,0,0,3,-2.63402199745,-0.934720933437,0.0,0.0,0.0,0.934720933437,0.9295883669363004,False,False
23,0.4,18000,45000,5000,dT_rand,0,0,3,-2.63402199745,-0.934720933437,0.0,0.0,0.0,0.934720933437,0.9295883669363004,False,False
23,0.4,18000,45000,5000,dir_valve_act,0,0,2,0.0,0.0,0.0,0.0,1.0,0.0,0.16465905690628319,True,False
23,0.4,18000,45000,5000,dt_rand,0,0,24,-1.40736103058,-0.889492452145,-0.0721762776375,0.0788903459907,1.21716976166,0.9683827981356999,0.6816951281370704,False,False
23,0.4,18000,45000,5000,heater_act,0,0,2,0.0,0.0,1.0,1.0,1.0,1.0,0.4630742510380281,False,False
23,0.4,18000,45000,5000,inj_valve_act,0,0,2,0.0,0.0,0.0,0.0,1.0,0.0,0.29687166445238733,True,False
23,0.4,18000,45000,5000,inv_valve_act,0,0,2,0.0,0.0,0.0,0.0,1.0,0.0,0.16997843062151996,True,False
23,0.4,18000,45000,5000,limiter.y,0,0,2,274.0,274.0,283.0,283.0,283.0,9.0,4.498099493113421,False,False
23,0.4,18000,45000,5000,limiter1.y,0,0,24,85.9263916016,91.1050720215,99.2782363892,100.788902283,112.171699524,9.683830261499992,6.816951769287389,False,False
23,0.4,18000,45000,5000,out_valve_act,0,0,2,0.0,0.0,0.0,0.0,1.0,0.0,0.12199832908010487,True,False
23,0.6,27000,45000,5000,C_level,0,0,699,0.00999999977648,0.00999999977648,0.10000000149,0.1513055861,0.239305585623,0.14130558632352,0.06491286070249178,False,False
23,0.6,27000,45000,5000,C_temperature.T,0,0,699,273.149993896,273.149993896,324.818511963,326.802307129,328.091369629,53.65231323299997,24.766906722524343,False,False
23,0.6,27000,45000,5000,HT_level,0,0,1623,0.10000000149,0.10000000149,0.600000023842,0.600000023842,0.600000023842,0.500000022352,0.23333091487124297,False,False
23,0.6,27000,45000,5000,HT_temperature.T,0,0,26554,283.149993896,314.455062866,325.505844116,329.910957336,332.999664307,15.455894470000032,11.912492312828963,False,False
23,0.6,27000,45000,5000,RT_level,0,0,6225,0.5,1.28263950348,1.75,2.20000004768,2.70000004768,0.9173605442000001,0.5853343104832176,False,False
23,0.6,27000,45000,5000,RT_level_ini,0,0,5,0.0,1.78263950348,2.25,2.70000004768,2.70000004768,0.9173605442000001,0.6511587786696498,False,False
23,0.6,27000,45000,5000,RT_temperature.T,0,0,4832,283.033294678,302.126495361,314.62878418,324.593536377,330.946868896,22.467041015999996,14.554358383397796,False,False
23,0.6,27000,45000,5000,Relaxing.active,0,0,2,0.0,0.0,0.0,0.0,1.0,0.0,0.338698259166476,True,False
23,0.6,27000,45000,5000,boundary.m_flow_in,0,0,2,0.0,0.0,0.0,0.0,20.0,0.0,7.033173595335837,True,False
23,0.6,27000,45000,5000,dL_rand,0,0,5,-2.63402199745,-0.934720933437,0.0,2.02941989899,2.02941989899,2.964140832427,1.4484228643286958,False,False
23,0.6,27000,45000,5000,dT_rand,0,0,5,-2.63402199745,-0.934720933437,0.0,2.02941989899,2.02941989899,2.964140832427,1.4484228643286958,False,False
23,0.6,27000,45000,5000,dir_valve_act,0,0,2,0.0,0.0,0.0,0.0,1.0,0.0,0.16760148303385303,True,False
23,0.6,27000,45000,5000,dt_rand,0,0,37,-1.95638906956,-0.76955473423,0.0,0.270638138056,1.99841308594,1.040192872286,0.9178149469536978,False,False
23,0.6,27000,45000,5000,heater_act,0,0,2,0.0,0.0,1.0,1.0,1.0,1.0,0.485650644878403,False,False
23,0.6,27000,45000,5000,inj_valve_act,0,0,2,0.0,0.0,0.0,0.0,1.0,0.0,0.3516586797667918,True,False
23,0.6,27000,45000,5000,inv_valve_act,0,0,2,0.0,0.0,0.0,0.0,1.0,0.0,0.17362121510078793,True,False
23,0.6,27000,45000,5000,limiter.y,0,0,4,274.0,274.0,283.0,303.294189453,303.294189453,29.294189453,11.687574320494186,False,False
23,0.6,27000,45000,5000,limiter1.y,0,0,37,80.4361114502,92.3044509888,100.0,102.706382751,119.984130859,10.401931762200007,9.178149682603241,False,False
23,0.6,27000,45000,5000,out_valve_act,0,0,2,0.0,0.0,0.0,0.0,1.0,0.0,0.1582528068419387,True,False
23,0.8,36000,45000,5000,C_level,0,0,966,0.00999999977648,0.00999999977648,0.10000000149,0.239305585623,0.327305585146,0.22930558584652,0.09585309083570864,False,False
23,0.8,36000,45000,5000,C_temperature.T,0,0,966,273.149993896,273.149993896,324.818511963,328.091369629,328.684631348,54.94137573299997,23.1860212409654,False,False
23,0.8,36000,45000,5000,HT_level,0,0,2188,0.10000000149,0.10000000149,0.600000023842,0.600000023842,0.600000023842,0.500000022352,0.23241222972586312,False,False
23,0.8,36000,45000,5000,HT_temperature.T,0,0,35120,283.149993896,314.84688568075,325.6003570555,329.910957336,332.999786377,15.064071655250018,11.477997824639727,False,False
23,0.8,36000,45000,5000,RT_level,0,0,8197,0.5,1.28263950348,1.75,2.20000004768,2.70000004768,0.9173605442000001,0.599391283164838,False,False
23,0.8,36000,45000,5000,RT_level_ini,0,0,5,0.0,1.78263950348,2.25,2.70000004768,2.70000004768,0.9173605442000001,0.6376994366355282,False,False
23,0.8,36000,45000,5000,RT_temperature.T,0,0,6273,283.033294678,302.657409668,314.62878418,324.593536377,330.946868896,21.936126709000007,13.66005766667541,False,False
23,0.8,36000,45000,5000,Relaxing.active,0,0,2,0.0,0.0,0.0,0.0,1.0,0.0,0.33837463019500846,True,False
23,0.8,36000,45000,5000,boundary.m_flow_in,0,0,2,0.0,0.0,0.0,0.0,20.0,0.0,6.941565796257322,True,False
23,0.8,36000,45000,5000,dL_rand,0,0,6,-2.63402199745,-0.934720933437,0.0,1.33921325207,2.02941989899,2.273934185507,1.3632862321180288,False,False
23,0.8,36000,45000,5000,dT_rand,0,0,6,-2.63402199745,-0.934720933437,0.0,1.33921325207,2.02941989899,2.273934185507,1.3632862321180288,False,False
23,0.8,36000,45000,5000,dir_valve_act,0,0,2,0.0,0.0,0.0,0.0,1.0,0.0,0.16936003494448718,True,False
23,0.8,36000,45000,5000,dt_rand,0,0,49,-1.95638906956,-0.76955473423,0.0,0.270638138056,1.99841308594,1.040192872286,0.9278536644685856,False,False
23,0.8,36000,45000,5000,heater_act,0,0,2,0.0,0.0,1.0,1.0,1.0,1.0,0.4844080695142214,False,False
23,0.8,36000,45000,5000,inj_valve_act,0,0,2,0.0,0.0,0.0,0.0,1.0,0.0,0.34707828981286615,True,False
23,0.8,36000,45000,5000,inv_valve_act,0,0,2,0.0,0.0,0.0,0.0,1.0,0.0,0.17384530648119595,True,False
23,0.8,36000,45000,5000,limiter.y,0,0,5,274.0,274.0,283.0,296.392120361,303.294189453,22.392120361000025,11.080361168463396,False,False
23,0.8,36000,45000,5000,limiter1.y,0,0,49,80.4361114502,92.3044509888,100.0,102.706382751,119.984130859,10.401931762200007,9.27853681267512,False,False
23,0.8,36000,45000,5000,out_valve_act,0,0,2,0.0,0.0,0.0,0.0,1.0,0.0,0.1611095172956516,True,False
23,1.0,45000,45000,5000,C_level,0,0,1233,0.00999999977648,0.0799999982119,0.1513055861,0.27963160723475,0.415305584669,0.19963160902285,0.1260826638137294,False,False
23,1.0,45000,45000,5000,C_temperature.T,0,0,1233,273.149993896,323.280792236,326.802307129,328.40937042275004,329.00769043,5.128578186750019,21.68056510406205,False,False
23,1.0,45000,45000,5000,HT_level,0,0,2822,0.10000000149,0.10000000149,0.600000023842,0.600000023842,0.600000023842,0.500000022352,0.23246709226798004,False,False
23,1.0,45000,45000,5000,HT_temperature.T,0,0,43606,283.149993896,315.901977539,325.96986389150004,330.01878356925,332.999938965,14.116806030250018,11.088922162942403,False,False
23,1.0,45000,45000,5000,RT_level,0,0,10191,0.5,1.4016946852199998,2.20000004768,2.20000004768,2.70000004768,0.7983053624600003,0.5951196275957046,False,False
23,1.0,45000,45000,5000,RT_level_ini,0,0,5,0.0,1.78263950348,2.70000004768,2.70000004768,2.70000004768,0.9173605442000001,0.6065328591588778,False,False
23,1.0,45000,45000,5000,RT_temperature.T,0,0,7728,283.033294678,305.317939758,314.628814697,324.593536377,330.946868896,19.275596618999998,12.84124360008885,False,False
23,1.0,45000,45000,5000,Relaxing.active,0,0,2,0.0,0.0,0.0,0.0,1.0,0.0,0.34333430818281085,True,False
23,1.0,45000,45000,5000,boundary.m_flow_in,0,0,2,0.0,0.0,0.0,0.0,20.0,0.0,6.864332676254182,True,False
23,1.0,45000,45000,5000,dL_rand,0,0,7,-2.63402199745,0.0,1.21399581432,1.33921325207,2.28095340729,1.33921325207,1.3256479971096795,False,False
23,1.0,45000,45000,5000,dT_rand,0,0,7,-2.63402199745,0.0,1.21399581432,1.33921325207,2.28095340729,1.33921325207,1.3256479971096795,False,False
23,1.0,45000,45000,5000,dir_valve_act,0,0,2,0.0,0.0,0.0,0.0,1.0,0.0,0.17174797266433373,True,False
23,1.0,45000,45000,5000,dt_rand,0,0,63,-1.95638906956,-0.708639800549,0.0,0.37925350666,1.99841308594,1.087893307209,0.874373690602511,False,False
23,1.0,45000,45000,5000,heater_act,0,0,2,0.0,0.0,1.0,1.0,1.0,1.0,0.4849990424240016,False,False
23,1.0,45000,45000,5000,inj_valve_act,0,0,2,0.0,0.0,0.0,0.0,1.0,0.0,0.3432166338127091,True,False
23,1.0,45000,45000,5000,inv_valve_act,0,0,2,0.0,0.0,0.0,0.0,1.0,0.0,0.17670943043581808,True,False
23,1.0,45000,45000,5000,limiter.y,0,0,6,274.0,283.0,295.139953613,296.392120361,305.809539795,13.392120361000025,10.962907351568802,False,False
23,1.0,45000,45000,5000,limiter1.y,0,0,63,80.4361114502,92.9136047363,100.0,103.792533875,119.984130859,10.878929138700002,8.743736978932061,False,False
23,1.0,45000,45000,5000,out_valve_act,0,0,2,0.0,0.0,0.0,0.0,1.0,0.0,0.16279672491141647,True,False
24,0.05,2250,45000,5000,C_level,0,0,1,0.00999999977648,0.00999999977648,0.00999999977648,0.00999999977648,0.00999999977648,0.0,0.0,True,True
24,0.05,2250,45000,5000,C_temperature.T,0,0,1,273.149993896,273.149993896,273.149993896,273.149993896,273.149993896,0.0,5.68560549438497e-14,True,False
24,0.05,2250,45000,5000,HT_level,0,0,23,0.10000000149,0.10000000149,0.600000023842,0.600000023842,0.600000023842,0.500000022352,0.2472290560238009,False,False
24,0.05,2250,45000,5000,HT_temperature.T,0,0,2250,283.149993896,287.765739441,290.374267578,310.97518920875,328.431213379,23.209449767750016,13.970714535481191,False,False
24,0.05,2250,45000,5000,RT_level,0,0,894,0.5,1.428598850965,1.75,1.75,2.24972319603,0.32140114903499994,0.4295202505725591,False,False
24,0.05,2250,45000,5000,RT_level_ini,0,0,2,0.0,0.0,2.25,2.25,2.25,2.25,1.1147952015886615,False,False
24,0.05,2250,45000,5000,RT_temperature.T,0,0,870,283.033294678,283.033294678,283.033294678,283.05082702625,283.149993896,0.017532348249972074,0.03169923561068816,False,False
24,0.05,2250,45000,5000,Relaxing.active,0,0,1,0.0,0.0,0.0,0.0,0.0,0.0,0.0,True,True
24,0.05,2250,45000,5000,boundary.m_flow_in,0,0,2,0.0,0.0,0.0,20.0,20.0,20.0,9.743953875233185,False,False
24,0.05,2250,45000,5000,dL_rand,0,0,1,0.0,0.0,0.0,0.0,0.0,0.0,0.0,True,True
24,0.05,2250,45000,5000,dT_rand,0,0,1,0.0,0.0,0.0,0.0,0.0,0.0,0.0,True,True
24,0.05,2250,45000,5000,dir_valve_act,0,0,2,0.0,0.0,0.0,0.0,1.0,0.0,0.0961786539807423,True,False
24,0.05,2250,45000,5000,dt_rand,0,0,1,0.0,0.0,0.0,0.0,0.0,0.0,0.0,True,True
24,0.05,2250,45000,5000,heater_act,0,0,2,0.0,0.0,1.0,1.0,1.0,1.0,0.49665667455379575,False,False
24,0.05,2250,45000,5000,inj_valve_act,0,0,2,0.0,0.0,0.0,1.0,1.0,1.0,0.4871976937616593,False,False
24,0.05,2250,45000,5000,inv_valve_act,0,0,1,0.0,0.0,0.0,0.0,0.0,0.0,0.0,True,True
24,0.05,2250,45000,5000,limiter.y,0,0,1,283.0,283.0,283.0,283.0,283.0,0.0,0.0,True,True
24,0.05,2250,45000,5000,limiter1.y,0,0,1,100.0,100.0,100.0,100.0,100.0,0.0,0.0,True,True
24,0.05,2250,45000,5000,out_valve_act,0,0,1,0.0,0.0,0.0,0.0,0.0,0.0,0.0,True,True
24,0.1,4500,45000,5000,C_level,0,0,1,0.00999999977648,0.00999999977648,0.00999999977648,0.00999999977648,0.00999999977648,0.0,0.0,True,True
24,0.1,4500,45000,5000,C_temperature.T,0,0,1,273.149993896,273.149993896,273.149993896,273.149993896,273.149993896,0.0,5.684973584908787e-14,True,False
24,0.1,4500,45000,5000,HT_level,0,0,113,0.10000000149,0.10000000149,0.600000023842,0.600000023842,0.600000023842,0.500000022352,0.22101340201517286,False,False
24,0.1,4500,45000,5000,HT_temperature.T,0,0,4499,283.149993896,290.3746643065,312.03291320799997,323.80589294475,332.99395752,33.43122863824999,15.904647730658274,False,False
24,0.1,4500,45000,5000,RT_level,0,0,985,0.5,1.75,1.75,1.75,2.25,0.0,0.346886328643451,True,False
24,0.1,4500,45000,5000,RT_level_ini,0,0,2,0.0,2.25,2.25,2.25,2.25,0.0,0.9260100184908424,True,False
24,0.1,4500,45000,5000,RT_temperature.T,0,0,920,283.033294678,283.033294678,283.118545532,294.1065979,302.72088623,11.073303221999993,7.876447239150721,False,False
24,0.1,4500,45000,5000,Relaxing.active,0,0,2,0.0,0.0,0.0,0.0,1.0,0.0,0.21190005300031112,True,False
24,0.1,4500,45000,5000,boundary.m_flow_in,0,0,2,0.0,0.0,0.0,0.0,20.0,0.0,7.902569132789706,True,False
24,0.1,4500,45000,5000,dL_rand,0,0,1,0.0,0.0,0.0,0.0,0.0,0.0,0.0,True,True
24,0.1,4500,45000,5000,dT_rand,0,0,1,0.0,0.0,0.0,0.0,0.0,0.0,0.0,True,True
24,0.1,4500,45000,5000,dir_valve_act,0,0,2,0.0,0.0,0.0,0.0,1.0,0.0,0.11932714143879614,True,False
24,0.1,4500,45000,5000,dt_rand,0,0,3,0.0,0.0,0.0,0.233100369573,0.869502842426,0.233100369573,0.33087340917986635,False,False
24,0.1,4500,45000,5000,heater_act,0,0,2,0.0,0.0,1.0,1.0,1.0,1.0,0.4527773024011172,False,False
24,0.1,4500,45000,5000,inj_valve_act,0,0,2,0.0,0.0,0.0,0.0,1.0,0.0,0.39512845663948537,True,False
24,0.1,4500,45000,5000,inv_valve_act,0,0,2,0.0,0.0,0.0,0.0,1.0,0.0,0.10059809778967732,True,False
24,0.1,4500,45000,5000,limiter.y,0,0,1,283.0,283.0,283.0,283.0,283.0,0.0,0.0,True,True
24,0.1,4500,45000,5000,limiter1.y,0,0,3,100.0,100.0,100.0,102.331001282,108.695030212,2.3310012820000026,3.3087347744075215,False,False
24,0.1,4500,45000,5000,out_valve_act,0,0,1,0.0,0.0,0.0,0.0,0.0,0.0,0.0,True,True
24,0.2,9000,45000,5000,C_level,0,0,1,0.00999999977648,0.00999999977648,0.00999999977648,0.00999999977648,0.00999999977648,0.0,0.0,True,True
24,0.2,9000,45000,5000,C_temperature.T,0,0,1,273.149993896,273.149993896,273.149993896,273.149993896,273.149993896,0.0,0.0,True,True
24,0.2,9000,45000,5000,HT_level,0,0,543,0.10000000149,0.28537049144500004,0.600000023842,0.600000023842,0.600000023842,0.314629532397,0.2129133766398663,False,False
24,0.2,9000,45000,5000,HT_temperature.T,0,0,8949,283.149993896,312.0334091185,325.0033416745,329.83684539775,332.99987793,17.80343627924998,14.842805718241527,False,False
24,0.2,9000,45000,5000,RT_level,0,0,1415,0.5,1.75,1.75,1.75,2.25,0.0,0.3001926767393481,True,False
24,0.2,9000,45000,5000,RT_level_ini,0,0,2,0.0,2.25,2.25,2.25,2.25,0.0,0.6983947272292862,True,False
24,0.2,9000,45000,5000,RT_temperature.T,0,0,1179,283.033294678,283.118644714,302.72088623,318.681762695,330.42175293,35.56311798099995,16.680052024117845,False,False
24,0.2,9000,45000,5000,Relaxing.active,0,0,2,0.0,0.0,0.0,0.0,1.0,0.0,0.3245893744858484,True,False
24,0.2,9000,45000,5000,boundary.m_flow_in,0,0,2,0.0,0.0,0.0,0.0,20.0,0.0,5.913427196205702,True,False
24,0.2,9000,45000,5000,dL_rand,0,0,1,0.0,0.0,0.0,0.0,0.0,0.0,0.0,True,True
24,0.2,9000,45000,5000,dT_rand,0,0,1,0.0,0.0,0.0,0.0,0.0,0.0,0.0,True,True
24,0.2,9000,45000,5000,dir_valve_act,0,0,2,0.0,0.0,0.0,0.0,1.0,0.0,0.1678157594669177,True,False
24,0.2,9000,45000,5000,dt_rand,0,0,13,-2.59486675262,-0.147648543119,0.0,0.313303023577,1.30124819279,0.460951566696,0.8062295156737928,False,False
24,0.2,9000,45000,5000,heater_act,0,0,2,0.0,0.0,1.0,1.0,1.0,1.0,0.4527521446123826,False,False
24,0.2,9000,45000,5000,inj_valve_act,0,0,2,0.0,0.0,0.0,0.0,1.0,0.0,0.29567135981028514,True,False
24,0.2,9000,45000,5000,inv_valve_act,0,0,2,0.0,0.0,0.0,0.0,1.0,0.0,0.17362764611162823,True,False
24,0.2,9000,45000,5000,limiter.y,0,0,1,283.0,283.0,283.0,283.0,283.0,0.0,0.0,True,True
24,0.2,9000,45000,5000,limiter1.y,0,0,13,74.0513305664,98.5235137939,100.0,103.133033752,113.012481689,4.609519958100009,8.062295524789272,False,False
24,0.2,9000,45000,5000,out_valve_act,0,0,1,0.0,0.0,0.0,0.0,0.0,0.0,0.0,True,True
24,0.4,18000,45000,5000,C_level,0,0,385,0.00999999977648,0.00999999977648,0.00999999977648,0.0799999982119,0.136333808303,0.06999999843542,0.04394974782412969,False,False
24,0.4,18000,45000,5000,C_temperature.T,0,0,385,273.149993896,273.149993896,273.149993896,323.281097412,326.108642578,50.131103515999996,25.31659496472758,False,False
24,0.4,18000,45000,5000,HT_level,0,0,972,0.10000000149,0.10000000149,0.600000023842,0.600000023842,0.600000023842,0.500000022352,0.22971853067191997,False,False
24,0.4,18000,45000,5000,HT_temperature.T,0,0,17832,283.149993896,310.70974731474996,323.360015869,329.436607361,332.99987793,18.72686004625001,12.979441400644674,False,False
24,0.4,18000,45000,5000,RT_level,0,0,4025,0.5,1.40834534168,1.75,1.75,2.69916963577,0.34165465831999997,0.38099490030513045,False,False
24,0.4,18000,45000,5000,RT_level_ini,0,0,4,0.0,1.90834534168,2.25,2.25,2.70000004768,0.34165465831999997,0.5173875470021652,False,False
24,0.4,18000,45000,5000,RT_temperature.T,0,0,3212,283.033294678,294.1065979,309.420379639,321.833679199,330.42175293,27.72708129900002,15.37254463380399,False,False
24,0.4,18000,45000,5000,Relaxing.active,0,0,2,0.0,0.0,0.0,0.0,1.0,0.0,0.3174824060032682,True,False
24,0.4,18000,45000,5000,boundary.m_flow_in,0,0,2,0.0,0.0,0.0,0.0,20.0,0.0,7.105499779619532,True,False
24,0.4,18000,45000,5000,dL_rand,0,0,3,-0.683309435844,-0.683309435844,0.0,0.0,1.01416063309,0.683309435844,0.5061664330407081,False,False
24,0.4,18000,45000,5000,dT_rand,0,0,3,-0.683309435844,-0.683309435844,0.0,0.0,1.01416063309,0.683309435844,0.5061664330407081,False,False
24,0.4,18000,45000,5000,dir_valve_act,0,0,2,0.0,0.0,0.0,0.0,1.0,0.0,0.1609484358725537,True,False
24,0.4,18000,45000,5000,dt_rand,0,0,22,-2.59486675262,-0.147648543119,0.00991851557046,0.233100369573,1.30124819279,0.380748912692,0.6886596589118161,False,False
24,0.4,18000,45000,5000,heater_act,0,0,2,0.0,0.0,1.0,1.0,1.0,1.0,0.47813754568137146,False,False
24,0.4,18000,45000,5000,inj_valve_act,0,0,2,0.0,0.0,0.0,0.0,1.0,0.0,0.35527498898097665,True,False
24,0.4,18000,45000,5000,inv_valve_act,0,0,2,0.0,0.0,0.0,0.0,1.0,0.0,0.1628962086534287,True,False
24,0.4,18000,45000,5000,limiter.y,0,0,3,276.166900635,276.166900635,283.0,283.0,293.141601562,6.83309936500001,5.061665203136591,False,False
24,0.4,18000,45000,5000,limiter1.y,0,0,22,74.0513305664,98.5235137939,100.099182129,102.331001282,113.012481689,3.8074874881000085,6.886597032476062,False,False
24,0.4,18000,45000,5000,out_valve_act,0,0,2,0.0,0.0,0.0,0.0,1.0,0.0,0.14412839262744412,True,False
24,0.6,27000,45000,5000,C_level,0,0,651,0.00999999977648,0.00999999977648,0.0799999982119,0.136333808303,0.224333807826,0.12633380852652,0.06740202041588235,False,False
24,0.6,27000,45000,5000,C_temperature.T,0,0,651,273.149993896,273.149993896,323.281097412,326.108642578,327.661437988,52.95864868199999,24.637007974485343,False,False
24,0.6,27000,45000,5000,HT_level,0,0,1557,0.10000000149,0.10000000149,0.600000023842,0.600000023842,0.600000023842,0.500000022352,0.2277793628038113,False,False
24,0.6,27000,45000,5000,HT_temperature.T,0,0,26445,283.149993896,313.113525391,324.7503051755,329.7160720825,332.99987793,16.60254669149998,12.075860359528976,False,False
24,0.6,27000,45000,5000,RT_level,0,0,5668,0.5,1.40834534168,1.75,2.20000004768,2.70000004768,0.7916547060000001,0.45934235440719423,False,False
24,0.6,27000,45000,5000,RT_level_ini,0,0,5,0.0,1.90834534168,2.25,2.70000004768,2.70000004768,0.7916547060000001,0.5230753158980204,False,False
24,0.6,27000,45000,5000,RT_temperature.T,0,0,4331,283.033294678,297.20114135775,309.709136963,323.236175537,330.42175293,26.035034179250033,14.761487243323048,False,False
24,0.6,27000,45000,5000,Relaxing.active,0,0,2,0.0,0.0,0.0,0.0,1.0,0.0,0.3284007719816569,True,False
24,0.6,27000,45000,5000,boundary.m_flow_in,0,0,2,0.0,0.0,0.0,0.0,20.0,0.0,6.6827446242817485,True,False
24,0.6,27000,45000,5000,dL_rand,0,0,4,-0.683309435844,-0.683309435844,0.0,1.01416063309,1.01416063309,1.6974700689339999,0.660080282445411,False,False
24,0.6,27000,45000,5000,dT_rand,0,0,4,-0.683309435844,-0.683309435844,0.0,1.01416063309,1.01416063309,1.6974700689339999,0.660080282445411,False,False
24,0.6,27000,45000,5000,dir_valve_act,0,0,2,0.0,0.0,0.0,0.0,1.0,0.0,0.16561021768116385,True,False
24,0.6,27000,45000,5000,dt_rand,0,0,35,-2.59486675262,-0.73653370142,0.00991851557046,0.233100369573,1.48200929165,0.969634070993,0.976638915605922,False,False
24,0.6,27000,45000,5000,heater_act,0,0,2,0.0,0.0,1.0,1.0,1.0,1.0,0.4761553295588253,False,False
24,0.6,27000,45000,5000,inj_valve_act,0,0,2,0.0,0.0,0.0,0.0,1.0,0.0,0.33413723121408745,True,False
24,0.6,27000,45000,5000,inv_valve_act,0,0,2,0.0,0.0,0.0,0.0,1.0,0.0,0.16884551399560624,True,False
24,0.6,27000,45000,5000,limiter.y,0,0,4,276.166900635,276.166900635,283.0,293.141601562,293.141601562,16.974700927000015,6.6008018812041005,False,False
24,0.6,27000,45000,5000,limiter1.y,0,0,35,74.0513305664,92.6346664429,100.099182129,102.331001282,114.820091248,9.696334839100004,9.76638975393602,False,False
24,0.6,27000,45000,5000,out_valve_act,0,0,2,0.0,0.0,0.0,0.0,1.0,0.0,0.15293660664042924,True,False
24,0.8,36000,45000,5000,C_level,0,0,845,0.00999999977648,0.00999999977648,0.136333808303,0.224333807826,0.28782299161,0.21433380804951999,0.09384865986493116,False,False
24,0.8,36000,45000,5000,C_temperature.T,0,0,845,273.149993896,273.149993896,326.108642578,327.661437988,328.227600098,54.51144409199998,23.078805076454778,False,False
24,0.8,36000,45000,5000,HT_level,0,0,2050,0.10000000149,0.10000000149,0.600000023842,0.600000023842,0.600000023842,0.500000022352,0.22658927640230106,False,False
24,0.8,36000,45000,5000,HT_temperature.T,0,0,35127,283.149993896,314.08197021525,324.8498535155,329.7160720825,332.99987793,15.634101867249967,11.491911486792159,False,False
24,0.8,36000,45000,5000,RT_level,0,0,7388,0.5,1.58722949028,1.75,2.1850520372349997,2.70000004768,0.5978225469549998,0.4401000315758328,False,False
24,0.8,36000,45000,5000,RT_level_ini,0,0,6,0.0,2.08722949028,2.25,2.57187867165,2.70000004768,0.48464918137,0.4670355228613959,False,False
24,0.8,36000,45000,5000,RT_temperature.T,0,0,5648,283.033294678,299.964202881,309.709136963,322.415252686,330.42175293,22.45104980499997,13.924349324575335,False,False
24,0.8,36000,45000,5000,Relaxing.active,0,0,2,0.0,0.0,0.0,0.0,1.0,0.0,0.32741863953427297,True,False
24,0.8,36000,45000,5000,boundary.m_flow_in,0,0,2,0.0,0.0,0.0,0.0,20.0,0.0,6.607534241438807,True,False
24,0.8,36000,45000,5000,dL_rand,0,0,5,-0.683309435844,-0.325540930033,0.0,0.643757462502,1.01416063309,0.969298392535,0.6202265010810486,False,False
24,0.8,36000,45000,5000,dT_rand,0,0,5,-0.683309435844,-0.325540930033,0.0,0.643757462502,1.01416063309,0.969298392535,0.6202265010810486,False,False
24,0.8,36000,45000,5000,dir_valve_act,0,0,2,0.0,0.0,0.0,0.0,1.0,0.0,0.16417810253498538,True,False
24,0.8,36000,45000,5000,dt_rand,0,0,46,-2.59486675262,-0.798608362675,0.0,0.313303023577,1.48200929165,1.111911386252,0.9931129943199168,False,False
24,0.8,36000,45000,5000,heater_act,0,0,2,0.0,0.0,1.0,1.0,1.0,1.0,0.47403330275827354,False,False
24,0.8,36000,45000,5000,inj_valve_act,0,0,2,0.0,0.0,0.0,0.0,1.0,0.0,0.33037671207194036,True,False
24,0.8,36000,45000,5000,inv_valve_act,0,0,2,0.0,0.0,0.0,0.0,1.0,0.0,0.16827584139993332,True,False
24,0.8,36000,45000,5000,limiter.y,0,0,5,276.166900635,279.744598389,283.0,289.437561035,293.141601562,9.692962646000012,6.202262207840403,False,False
24,0.8,36000,45000,5000,limiter1.y,0,0,46,74.0513305664,92.0139160156,100.0,103.133033752,114.820091248,11.1191177364,9.931130188274558,False,False
24,0.8,36000,45000,5000,out_valve_act,0,0,2,0.0,0.0,0.0,0.0,1.0,0.0,0.1509619883651668,True,False
24,1.0,45000,45000,5000,C_level,0,0,1097,0.00999999977648,0.0799999982119,0.136333808303,0.28782299161,0.370698153973,0.2078229933981,0.11768305387319195,False,False
24,1.0,45000,45000,5000,C_temperature.T,0,0,1097,273.149993896,323.281097412,326.108642578,328.227600098,328.675964355,4.946502685999974,21.585163866303628,False,False
24,1.0,45000,45000,5000,HT_level,0,0,2632,0.10000000149,0.10000000149,0.600000023842,0.600000023842,0.600000023842,0.500000022352,0.2276243543264491,False,False
24,1.0,45000,45000,5000,HT_temperature.T,0,0,43716,283.149993896,314.899284363,325.24618530299995,329.79674530025,332.99987793,14.897460937250003,11.148577904798502,False,False
24,1.0,45000,45000,5000,RT_level,0,0,9316,0.5,1.58722949028,1.9062204361,2.20000004768,2.70000004768,0.6127705574000002,0.4552403246052738,False,False
24,1.0,45000,45000,5000,RT_level_ini,0,0,6,0.0,2.08722949028,2.25,2.70000004768,2.70000004768,0.6127705574000002,0.44902570785360413,False,False
24,1.0,45000,45000,5000,RT_temperature.T,0,0,7078,283.033294678,301.489044189,311.020874023,323.161560059,330.42175293,21.672515869999984,13.373854013096057,False,False
24,1.0,45000,45000,5000,Relaxing.active,0,0,2,0.0,0.0,0.0,0.0,1.0,0.0,0.3334490521153497,True,False
24,1.0,45000,45000,5000,boundary.m_flow_in,0,0,2,0.0,0.0,0.0,0.0,20.0,0.0,6.594238666798249,True,False
24,1.0,45000,45000,5000,dL_rand,0,0,6,-0.683309435844,-0.325540930033,0.0,1.01416063309,1.11572623253,1.339701563123,0.6425098855622866,False,False
24,1.0,45000,45000,5000,dT_rand,0,0,6,-0.683309435844,-0.325540930033,0.0,1.01416063309,1.11572623253,1.339701563123,0.6425098855622866,False,False
24,1.0,45000,45000,5000,dir_valve_act,0,0,2,0.0,0.0,0.0,0.0,1.0,0.0,0.1660514746744394,True,False
24,1.0,45000,45000,5000,dt_rand,0,0,59,-2.59486675262,-0.689779341221,0.0,0.433545947075,1.79540395737,1.123325288296,0.9948981445591571,False,False
24,1.0,45000,45000,5000,heater_act,0,0,2,0.0,0.0,1.0,1.0,1.0,1.0,0.4762063686699832,False,False
24,1.0,45000,45000,5000,inj_valve_act,0,0,2,0.0,0.0,0.0,0.0,1.0,0.0,0.32971193333991256,True,False
24,1.0,45000,45000,5000,inv_valve_act,0,0,2,0.0,0.0,0.0,0.0,1.0,0.0,0.17077268603551435,True,False
24,1.0,45000,45000,5000,limiter.y,0,0,6,276.166900635,279.744598389,283.0,293.141601562,294.15725708,13.39700317300003,6.42509556202927,False,False
24,1.0,45000,45000,5000,limiter1.y,0,0,59,74.0513305664,93.1022033691,100.0,104.335456848,117.954040527,11.23325347890001,9.948981683229386,False,False
24,1.0,45000,45000,5000,out_valve_act,0,0,2,0.0,0.0,0.0,0.0,1.0,0.0,0.15380889789953883,True,False
25,0.05,2250,45000,5000,C_level,0,0,1,0.00999999977648,0.00999999977648,0.00999999977648,0.00999999977648,0.00999999977648,0.0,0.0,True,True
25,0.05,2250,45000,5000,C_temperature.T,0,0,1,273.149993896,273.149993896,273.149993896,273.149993896,273.149993896,0.0,5.68560549438497e-14,True,False
25,0.05,2250,45000,5000,HT_level,0,0,23,0.10000000149,0.10000000149,0.600000023842,0.600000023842,0.600000023842,0.500000022352,0.2472290560238009,False,False
25,0.05,2250,45000,5000,HT_temperature.T,0,0,2250,283.149993896,287.765739441,290.374267578,310.97518920875,328.431213379,23.209449767750016,13.970714535481191,False,False
25,0.05,2250,45000,5000,RT_level,0,0,894,0.5,1.428598850965,1.75,1.75,2.24972319603,0.32140114903499994,0.4295202505725591,False,False
25,0.05,2250,45000,5000,RT_level_ini,0,0,2,0.0,0.0,2.25,2.25,2.25,2.25,1.1147952015886615,False,False
25,0.05,2250,45000,5000,RT_temperature.T,0,0,870,283.033294678,283.033294678,283.033294678,283.05082702625,283.149993896,0.017532348249972074,0.03169923561068816,False,False
25,0.05,2250,45000,5000,Relaxing.active,0,0,1,0.0,0.0,0.0,0.0,0.0,0.0,0.0,True,True
25,0.05,2250,45000,5000,boundary.m_flow_in,0,0,2,0.0,0.0,0.0,20.0,20.0,20.0,9.743953875233185,False,False
25,0.05,2250,45000,5000,dL_rand,0,0,1,0.0,0.0,0.0,0.0,0.0,0.0,0.0,True,True
25,0.05,2250,45000,5000,dT_rand,0,0,1,0.0,0.0,0.0,0.0,0.0,0.0,0.0,True,True
25,0.05,2250,45000,5000,dir_valve_act,0,0,2,0.0,0.0,0.0,0.0,1.0,0.0,0.0961786539807423,True,False
25,0.05,2250,45000,5000,dt_rand,0,0,1,0.0,0.0,0.0,0.0,0.0,0.0,0.0,True,True
25,0.05,2250,45000,5000,heater_act,0,0,2,0.0,0.0,1.0,1.0,1.0,1.0,0.49665667455379575,False,False
25,0.05,2250,45000,5000,inj_valve_act,0,0,2,0.0,0.0,0.0,1.0,1.0,1.0,0.4871976937616593,False,False
25,0.05,2250,45000,5000,inv_valve_act,0,0,1,0.0,0.0,0.0,0.0,0.0,0.0,0.0,True,True
25,0.05,2250,45000,5000,limiter.y,0,0,1,283.0,283.0,283.0,283.0,283.0,0.0,0.0,True,True
25,0.05,2250,45000,5000,limiter1.y,0,0,1,100.0,100.0,100.0,100.0,100.0,0.0,0.0,True,True
25,0.05,2250,45000,5000,out_valve_act,0,0,1,0.0,0.0,0.0,0.0,0.0,0.0,0.0,True,True
25,0.1,4500,45000,5000,C_level,0,0,1,0.00999999977648,0.00999999977648,0.00999999977648,0.00999999977648,0.00999999977648,0.0,0.0,True,True
25,0.1,4500,45000,5000,C_temperature.T,0,0,1,273.149993896,273.149993896,273.149993896,273.149993896,273.149993896,0.0,5.684973584908787e-14,True,False
25,0.1,4500,45000,5000,HT_level,0,0,114,0.10000000149,0.10000000149,0.600000023842,0.600000023842,0.600000023842,0.500000022352,0.21981171779376624,False,False
25,0.1,4500,45000,5000,HT_temperature.T,0,0,4469,283.149993896,290.3746643065,312.0647125245,323.84884643575003,332.995635986,33.47418212925004,15.931388048641704,False,False
25,0.1,4500,45000,5000,RT_level,0,0,986,0.5,1.75,1.75,1.75,2.25,0.0,0.3447140388664083,True,False
25,0.1,4500,45000,5000,RT_level_ini,0,0,2,0.0,2.25,2.25,2.25,2.25,0.0,0.9260100184908424,True,False
25,0.1,4500,45000,5000,RT_temperature.T,0,0,922,283.033294678,283.033294678,283.118545532,294.1065979,302.719146729,11.073303221999993,7.891738426984922,False,False
25,0.1,4500,45000,5000,Relaxing.active,0,0,2,0.0,0.0,0.0,0.0,1.0,0.0,0.20111811138538305,True,False
25,0.1,4500,45000,5000,boundary.m_flow_in,0,0,2,0.0,0.0,0.0,0.0,20.0,0.0,7.902569132789706,True,False
25,0.1,4500,45000,5000,dL_rand,0,0,1,0.0,0.0,0.0,0.0,0.0,0.0,0.0,True,True
25,0.1,4500,45000,5000,dT_rand,0,0,1,0.0,0.0,0.0,0.0,0.0,0.0,0.0,True,True
25,0.1,4500,45000,5000,dir_valve_act,0,0,2,0.0,0.0,0.0,0.0,1.0,0.0,0.11932714143879614,True,False
25,0.1,4500,45000,5000,dt_rand,0,0,3,-0.576738774776,-0.420484036207,0.0,0.0,0.0,0.420484036207,0.24898067259260837,False,False
25,0.1,4500,45000,5000,heater_act,0,0,2,0.0,0.0,1.0,1.0,1.0,1.0,0.4505600092641237,False,False
25,0.1,4500,45000,5000,inj_valve_act,0,0,2,0.0,0.0,0.0,0.0,1.0,0.0,0.39512845663948537,True,False
25,0.1,4500,45000,5000,inv_valve_act,0,0,2,0.0,0.0,0.0,0.0,1.0,0.0,0.1016742606632601,True,False
25,0.1,4500,45000,5000,limiter.y,0,0,1,283.0,283.0,283.0,283.0,283.0,0.0,0.0,True,True
25,0.1,4500,45000,5000,limiter1.y,0,0,3,94.2326126099,95.7951583862,100.0,100.0,100.0,4.204841613799999,2.489806882470343,False,False
25,0.1,4500,45000,5000,out_valve_act,0,0,1,0.0,0.0,0.0,0.0,0.0,0.0,0.0,True,True
25,0.2,9000,45000,5000,C_level,0,0,1,0.00999999977648,0.00999999977648,0.00999999977648,0.00999999977648,0.00999999977648,0.0,0.0,True,True
25,0.2,9000,45000,5000,C_temperature.T,0,0,1,273.149993896,273.149993896,273.149993896,273.149993896,273.149993896,0.0,0.0,True,True
25,0.2,9000,45000,5000,HT_level,0,0,520,0.10000000149,0.25853312015525,0.600000023842,0.600000023842,0.600000023842,0.34146690368675003,0.21389629036489707,False,False
25,0.2,9000,45000,5000,HT_temperature.T,0,0,8935,283.149993896,312.06615448024996,324.9491119385,329.76167297375,332.999938965,17.69551849350006,14.815301257916161,False,False
25,0.2,9000,45000,5000,RT_level,0,0,1392,0.5,1.75,1.75,1.75,2.25,0.0,0.30133767390196947,True,False
25,0.2,9000,45000,5000,RT_level_ini,0,0,2,0.0,2.25,2.25,2.25,2.25,0.0,0.6983947272292862,True,False
25,0.2,9000,45000,5000,RT_temperature.T,0,0,1155,283.033294678,283.118644714,302.719146729,320.730102539,329.723571777,37.611457824999945,16.684251400316032,False,False
25,0.2,9000,45000,5000,Relaxing.active,0,0,2,0.0,0.0,0.0,0.0,1.0,0.0,0.32921917475968454,True,False
25,0.2,9000,45000,5000,boundary.m_flow_in,0,0,2,0.0,0.0,0.0,0.0,20.0,0.0,5.913427196205702,True,False
25,0.2,9000,45000,5000,dL_rand,0,0,1,0.0,0.0,0.0,0.0,0.0,0.0,0.0,True,True
25,0.2,9000,45000,5000,dT_rand,0,0,1,0.0,0.0,0.0,0.0,0.0,0.0,0.0,True,True
25,0.2,9000,45000,5000,dir_valve_act,0,0,2,0.0,0.0,0.0,0.0,1.0,0.0,0.16750354766636694,True,False
25,0.2,9000,45000,5000,dt_rand,0,0,12,-1.44825589657,-0.420484036207,0.0,0.0386364348233,1.6993316412,0.45912047103029996,0.7833999579061165,False,False
25,0.2,9000,45000,5000,heater_act,0,0,2,0.0,0.0,1.0,1.0,1.0,1.0,0.4534264795394561,False,False
25,0.2,9000,45000,5000,inj_valve_act,0,0,2,0.0,0.0,0.0,0.0,1.0,0.0,0.29567135981028514,True,False
25,0.2,9000,45000,5000,inv_valve_act,0,0,2,0.0,0.0,0.0,0.0,1.0,0.0,0.16687714975164927,True,False
25,0.2,9000,45000,5000,limiter.y,0,0,1,283.0,283.0,283.0,283.0,283.0,0.0,0.0,True,True
25,0.2,9000,45000,5000,limiter1.y,0,0,12,85.5174407959,95.7951583862,100.0,100.386367798,116.99331665,4.591209411799994,7.833999275227803,False,False
25,0.2,9000,45000,5000,out_valve_act,0,0,1,0.0,0.0,0.0,0.0,0.0,0.0,0.0,True,True
25,0.4,18000,45000,5000,C_level,0,0,420,0.00999999977648,0.00999999977648,0.00999999977648,0.0799999982119,0.147844776511,0.06999999843542,0.04042453901395877,False,False
25,0.4,18000,45000,5000,C_temperature.T,0,0,420,273.149993896,273.149993896,273.149993896,323.280731201,326.619506836,50.13073730499997,25.16755429865008,False,False
25,0.4,18000,45000,5000,HT_level,0,0,1041,0.10000000149,0.10000000149,0.600000023842,0.600000023842,0.600000023842,0.500000022352,0.2296646724848561,False,False
25,0.4,18000,45000,5000,HT_temperature.T,0,0,17737,283.149993896,313.32487487774995,324.940002441,329.7656936645,332.999938965,16.44081878675007,12.683948205612571,False,False
25,0.4,18000,45000,5000,RT_level,0,0,3803,0.5,1.69611954689,1.75,1.75,2.25,0.05388045310999989,0.35315203209454676,False,False
25,0.4,18000,45000,5000,RT_level_ini,0,0,3,0.0,2.19611954689,2.25,2.25,2.25,0.053880453110000115,0.5037192527457464,False,False
25,0.4,18000,45000,5000,RT_temperature.T,0,0,2940,283.033294678,294.1065979,309.419342041,321.894256592,330.535339355,27.78765869199998,15.518197156123797,False,False
25,0.4,18000,45000,5000,Relaxing.active,0,0,2,0.0,0.0,0.0,0.0,1.0,0.0,0.33582313645590156,True,False
25,0.4,18000,45000,5000,boundary.m_flow_in,0,0,2,0.0,0.0,0.0,0.0,20.0,0.0,6.729921131444903,True,False
25,0.4,18000,45000,5000,dL_rand,0,0,3,-0.107760854065,-0.107760854065,0.0,0.0,0.0,0.107760854065,0.0527260276884698,False,False
25,0.4,18000,45000,5000,dT_rand,0,0,3,-0.107760854065,-0.107760854065,0.0,0.0,0.0,0.107760854065,0.0527260276884698,False,False
25,0.4,18000,45000,5000,dir_valve_act,0,0,2,0.0,0.0,0.0,0.0,1.0,0.0,0.16402047682408735,True,False
25,0.4,18000,45000,5000,dt_rand,0,0,24,-1.66356396675,-0.576738774776,0.0,0.348277240992,1.6993316412,0.9250160157680001,0.7951496275466796,False,False
25,0.4,18000,45000,5000,heater_act,0,0,2,0.0,0.0,1.0,1.0,1.0,1.0,0.4792274836176479,False,False
25,0.4,18000,45000,5000,inj_valve_act,0,0,2,0.0,0.0,0.0,0.0,1.0,0.0,0.3364960565722452,True,False
25,0.4,18000,45000,5000,inv_valve_act,0,0,2,0.0,0.0,0.0,0.0,1.0,0.0,0.17074495246862562,True,False
25,0.4,18000,45000,5000,limiter.y,0,0,3,281.922393799,281.922393799,283.0,283.0,283.0,1.0776062009999805,0.5272592516180099,False,False
25,0.4,18000,45000,5000,limiter1.y,0,0,24,83.3643569946,94.2326126099,100.0,103.482772827,116.99331665,9.250160217100003,7.951496532333751,False,False
25,0.4,18000,45000,5000,out_valve_act,0,0,2,0.0,0.0,0.0,0.0,1.0,0.0,0.15043679574077184,True,False
25,0.6,27000,45000,5000,C_level,0,0,631,0.00999999977648,0.00999999977648,0.0799999982119,0.147844776511,0.217226475477,0.13784477673452,0.06546934744030714,False,False
25,0.6,27000,45000,5000,C_temperature.T,0,0,631,273.149993896,273.149993896,323.280731201,326.619506836,327.843231201,53.469512940000016,24.683876282179845,False,False
25,0.6,27000,45000,5000,HT_level,0,0,1563,0.10000000149,0.10000000149,0.600000023842,0.600000023842,0.600000023842,0.500000022352,0.23016456497525412,False,False
25,0.6,27000,45000,5000,HT_temperature.T,0,0,26415,283.149993896,312.955947876,324.756347656,329.71421051,332.999938965,16.758262634000005,12.082699712062377,False,False
25,0.6,27000,45000,5000,RT_level,0,0,5868,0.5,1.69611954689,1.73454236984,1.7673007547875001,2.69893860817,0.07118120789750004,0.355442357915877,False,False
25,0.6,27000,45000,5000,RT_level_ini,0,0,5,0.0,2.19611954689,2.23454236984,2.25,2.70000004768,0.053880453110000115,0.4229552590783874,False,False
25,0.6,27000,45000,5000,RT_temperature.T,0,0,4553,283.033294678,298.3846206665,309.419342041,322.421974182,330.535339355,24.0373535155,14.58841536373201,False,False
25,0.6,27000,45000,5000,Relaxing.active,0,0,2,0.0,0.0,0.0,0.0,1.0,0.0,0.33426088379442664,True,False
25,0.6,27000,45000,5000,boundary.m_flow_in,0,0,2,0.0,0.0,0.0,0.0,20.0,0.0,6.856684760174597,True,False
25,0.6,27000,45000,5000,dL_rand,0,0,4,-0.107760854065,-0.107760854065,-0.0309152510017,0.0,1.10794401169,0.107760854065,0.28730973489491807,False,False
25,0.6,27000,45000,5000,dT_rand,0,0,4,-0.107760854065,-0.107760854065,-0.0309152510017,0.0,1.10794401169,0.107760854065,0.28730973489491807,False,False
25,0.6,27000,45000,5000,dir_valve_act,0,0,2,0.0,0.0,0.0,0.0,1.0,0.0,0.16561021768116385,True,False
25,0.6,27000,45000,5000,dt_rand,0,0,35,-1.66356396675,-0.575151801109,0.0,0.665791809559,1.75926995277,1.2409436106679999,0.8733483983198186,False,False
25,0.6,27000,45000,5000,heater_act,0,0,2,0.0,0.0,1.0,1.0,1.0,1.0,0.48003048827253414,False,False
25,0.6,27000,45000,5000,inj_valve_act,0,0,2,0.0,0.0,0.0,0.0,1.0,0.0,0.34283423800872986,True,False
25,0.6,27000,45000,5000,inv_valve_act,0,0,2,0.0,0.0,0.0,0.0,1.0,0.0,0.16946366773869828,True,False
25,0.6,27000,45000,5000,limiter.y,0,0,4,281.922393799,281.922393799,282.690856934,283.0,294.079437256,1.0776062009999805,2.873095715432802,False,False
25,0.6,27000,45000,5000,limiter1.y,0,0,35,83.3643569946,94.2484817505,100.0,106.657920837,117.592697144,12.4094390865,8.733484222961318,False,False
25,0.6,27000,45000,5000,out_valve_act,0,0,2,0.0,0.0,0.0,0.0,1.0,0.0,0.15061138986704287,True,False
25,0.8,36000,45000,5000,C_level,0,0,897,0.00999999977648,0.00999999977648,0.147844776511,0.217226475477,0.305226475,0.20722647570052,0.09092444558845439,False,False
25,0.8,36000,45000,5000,C_temperature.T,0,0,897,273.149993896,273.149993896,326.619506836,327.843231201,328.504516602,54.69323730499997,23.14723233625721,False,False
25,0.8,36000,45000,5000,HT_level,0,0,2146,0.10000000149,0.10000000149,0.600000023842,0.600000023842,0.600000023842,0.500000022352,0.2300648720186131,False,False
25,0.8,36000,45000,5000,HT_temperature.T,0,0,35123,283.149993896,314.4218215945,325.25810241700003,329.8400344845,333.0,15.418212890000007,11.509288066207992,False,False
25,0.8,36000,45000,5000,RT_level,0,0,7812,0.5,1.69611954689,1.75,2.20000004768,2.70000004768,0.50388050079,0.4189269044685687,False,False
25,0.8,36000,45000,5000,RT_level_ini,0,0,5,0.0,2.23454236984,2.25,2.70000004768,2.70000004768,0.4654576778399999,0.4350728402253304,False,False
25,0.8,36000,45000,5000,RT_temperature.T,0,0,5980,283.033294678,302.031738281,311.561981201,323.47454834,330.535339355,21.44281005900001,13.674130990177032,False,False
25,0.8,36000,45000,5000,Relaxing.active,0,0,2,0.0,0.0,0.0,0.0,1.0,0.0,0.3370096800901204,True,False
25,0.8,36000,45000,5000,boundary.m_flow_in,0,0,2,0.0,0.0,0.0,0.0,20.0,0.0,6.780162976365677,True,False
25,0.8,36000,45000,5000,dL_rand,0,0,5,-0.107760854065,-0.0309152510017,0.0,1.10794401169,1.74739825726,1.1388592626916998,0.6149177361930315,False,False
25,0.8,36000,45000,5000,dT_rand,0,0,5,-0.107760854065,-0.0309152510017,0.0,1.10794401169,1.74739825726,1.1388592626916998,0.6149177361930315,False,False
25,0.8,36000,45000,5000,dir_valve_act,0,0,2,0.0,0.0,0.0,0.0,1.0,0.0,0.1677307784844737,True,False
25,0.8,36000,45000,5000,dt_rand,0,0,48,-1.6721701622,-0.678212821484,-0.049592576921,0.348277240992,1.75926995277,1.026490062476,0.8956846211075161,False,False
25,0.8,36000,45000,5000,heater_act,0,0,2,0.0,0.0,1.0,1.0,1.0,1.0,0.48040157077250245,False,False
25,0.8,36000,45000,5000,inj_valve_act,0,0,2,0.0,0.0,0.0,0.0,1.0,0.0,0.3390081488182838,True,False
25,0.8,36000,45000,5000,inv_valve_act,0,0,2,0.0,0.0,0.0,0.0,1.0,0.0,0.1721883173557236,True,False
25,0.8,36000,45000,5000,limiter.y,0,0,5,281.922393799,282.690856934,283.0,294.079437256,300.473968506,11.388580321999996,6.149172647019986,False,False
25,0.8,36000,45000,5000,limiter1.y,0,0,48,83.2782974243,93.2178726196,99.5040740967,103.482772827,117.592697144,10.264900207400004,8.956846255844638,False,False
25,0.8,36000,45000,5000,out_valve_act,0,0,2,0.0,0.0,0.0,0.0,1.0,0.0,0.15544938321711782,True,False
25,1.0,45000,45000,5000,C_level,0,0,1164,0.00999999977648,0.0799999982119,0.147844776511,0.305226475,0.393226474524,0.22522647678809998,0.12202106765807542,False,False
25,1.0,45000,45000,5000,C_temperature.T,0,0,1164,273.149993896,323.280731201,326.619506836,328.504516602,328.851257324,5.223785401000043,21.671001908037496,False,False
25,1.0,45000,45000,5000,HT_level,0,0,2732,0.10000000149,0.10000000149,0.600000023842,0.600000023842,0.600000023842,0.500000022352,0.2290856361445808,False,False
25,1.0,45000,45000,5000,HT_temperature.T,0,0,43679,283.149993896,315.0807113645,325.58370971650004,329.9109954835,333.0,14.830284118999998,11.167626239855137,False,False
25,1.0,45000,45000,5000,RT_level,0,0,9501,0.5,1.69611954689,1.75,2.20000004768,2.70000004768,0.50388050079,0.4316243910642256,False,False
25,1.0,45000,45000,5000,RT_level_ini,0,0,6,0.0,2.19611954689,2.25,2.70000004768,2.70000004768,0.5038805007900002,0.4143612128763824,False,False
25,1.0,45000,45000,5000,RT_temperature.T,0,0,7144,283.033294678,302.031738281,311.561981201,323.47454834,330.535339355,21.44281005900001,13.457872243733902,False,False
25,1.0,45000,45000,5000,Relaxing.active,0,0,2,0.0,0.0,0.0,0.0,1.0,0.0,0.3394583815576171,True,False
25,1.0,45000,45000,5000,boundary.m_flow_in,0,0,2,0.0,0.0,0.0,0.0,20.0,0.0,6.604358934322389,True,False
25,1.0,45000,45000,5000,dL_rand,0,0,6,-0.142765581608,-0.107760854065,0.0,1.10794401169,1.74739825726,1.2157048657549998,0.724701961614885,False,False
25,1.0,45000,45000,5000,dT_rand,0,0,6,-0.142765581608,-0.107760854065,0.0,1.10794401169,1.74739825726,1.2157048657549998,0.724701961614885,False,False
25,1.0,45000,45000,5000,dir_valve_act,0,0,2,0.0,0.0,0.0,0.0,1.0,0.0,0.16898872644630228,True,False
25,1.0,45000,45000,5000,dt_rand,0,0,61,-1.82973718643,-0.716635644436,-0.193609431386,0.326151311398,2.04812765121,1.042786955834,0.9002572630183647,False,False
25,1.0,45000,45000,5000,heater_act,0,0,2,0.0,0.0,1.0,1.0,1.0,1.0,0.47917978099763847,False,False
25,1.0,45000,45000,5000,inj_valve_act,0,0,2,0.0,0.0,0.0,0.0,1.0,0.0,0.3302179467161194,True,False
25,1.0,45000,45000,5000,inv_valve_act,0,0,2,0.0,0.0,0.0,0.0,1.0,0.0,0.17397960161485662,True,False
25,1.0,45000,45000,5000,limiter.y,0,0,6,281.572357178,281.922393799,283.0,294.079437256,300.473968506,12.157043456999986,7.247012607471273,False,False
25,1.0,45000,45000,5000,limiter1.y,0,0,61,81.7026290894,92.8336410522,98.0639038086,103.261512756,120.481277466,10.427871703800008,9.0025729102902,False,False
25,1.0,45000,45000,5000,out_valve_act,0,0,2,0.0,0.0,0.0,0.0,1.0,0.0,0.15834041188991363,True,False
