source_file,series_id,feature,left_group,right_group,left_count,right_count,left_mean,right_mean,left_std,mean_difference,absolute_mean_difference_in_left_sd,left_zero_variance_but_mean_changed,ks_statistic
032_GHL_id_1_Sensor_tr_50000_1st_65001.csv,1,RT_level_ini,post_train_normal,anomaly,148151,1850,2.301574139268948,2.38321328163,0.35215680281187506,0.08163914236105185,0.2318261118603582,False,0.6323413274294469
032_GHL_id_1_Sensor_tr_50000_1st_65001.csv,1,RT_temperature.T,post_train_normal,anomaly,148151,1850,313.1546194548568,307.3838485637125,12.182776622222047,-5.770770891144309,0.4736827301436447,False,0.5288725692030428
032_GHL_id_1_Sensor_tr_50000_1st_65001.csv,1,C_temperature.T,post_train_normal,anomaly,148151,1850,329.72552786730614,329.3695983890001,0.22636505233305246,-0.35592947830605226,1.572369385811246,False,0.8775776066310723
032_GHL_id_1_Sensor_tr_50000_1st_65001.csv,1,RT_level,post_train_normal,anomaly,148151,1850,1.8204226458874875,1.8832132816299998,0.4823644755510362,0.06279063574251231,0.13017259546483498,False,0.556756282441563
032_GHL_id_1_Sensor_tr_50000_1st_65001.csv,1,out_valve_act,post_train_normal,anomaly,148151,1850,0.02836970388320025,0.0,0.16602725633246057,-0.02836970388320025,0.17087377404100118,False,0.02836970388320026
032_GHL_id_1_Sensor_tr_50000_1st_65001.csv,1,dT_rand,post_train_normal,anomaly,148151,1850,0.1854917168438539,0.26642659306499994,0.7583121227028886,0.08093487622114603,0.10673029455557949,False,0.6202590600130947
032_GHL_id_1_Sensor_tr_50000_1st_65001.csv,1,inv_valve_act,post_train_normal,anomaly,148151,1850,0.032763869295516064,0.0,0.17801857226653672,-0.032763869295516064,0.18404747818368442,False,0.03276386929551611
032_GHL_id_1_Sensor_tr_50000_1st_65001.csv,1,limiter.y,post_train_normal,anomaly,148151,1850,285.40109094949236,285.66427612300004,6.452934318675744,0.26318517350767934,0.04078534826334472,False,0.6202590600130947
032_GHL_id_1_Sensor_tr_50000_1st_65001.csv,1,inj_valve_act,post_train_normal,anomaly,148151,1850,0.11488278850632125,0.0,0.3188815136923182,-0.11488278850632125,0.36026794772797377,False,0.11488278850632128
032_GHL_id_1_Sensor_tr_50000_1st_65001.csv,1,Relaxing.active,post_train_normal,anomaly,148151,1850,0.1390135739887007,0.0,0.3459618593499748,-0.1390135739887007,0.4018176288273288,False,0.13901357398870073
032_GHL_id_1_Sensor_tr_50000_1st_65001.csv,1,boundary.m_flow_in,post_train_normal,anomaly,148151,1850,2.297655770126425,0.0,6.377630273846363,-2.297655770126425,0.3602679477279738,False,0.11488278850632128
032_GHL_id_1_Sensor_tr_50000_1st_65001.csv,1,dir_valve_act,post_train_normal,anomaly,148151,1850,0.030293416851725603,0.0,0.17139406066384985,-0.030293416851725603,0.17674717977036086,False,0.030293416851725596
032_GHL_id_1_Sensor_tr_50000_1st_65001.csv,1,dt_rand,post_train_normal,anomaly,148151,1850,0.013511324207131793,-0.5918722778544121,1.0029707720630672,-0.6053836020615438,0.6035904723487566,False,0.49554466252200324
032_GHL_id_1_Sensor_tr_50000_1st_65001.csv,1,C_level,post_train_normal,anomaly,148151,1850,1.1262371558208755,0.5676766633990001,0.4052176925439644,-0.5585604924218753,1.378420791341123,False,0.8775776066310723
032_GHL_id_1_Sensor_tr_50000_1st_65001.csv,1,HT_temperature.T,post_train_normal,anomaly,148151,1850,322.4509800376289,336.2720950729724,9.745593365313733,13.821115035343496,1.4181912293339938,False,0.6215490258569278
032_GHL_id_1_Sensor_tr_50000_1st_65001.csv,1,heater_act,post_train_normal,anomaly,148151,1850,0.6418518943510337,1.0,0.4794576015941325,0.35814810564896626,0.7469859784434988,False,0.35814810564896626
032_GHL_id_1_Sensor_tr_50000_1st_65001.csv,1,HT_level,post_train_normal,anomaly,148151,1850,0.4366845828121538,0.600000023842,0.22881910066148645,0.16331544102984624,0.7137316795570056,False,0.35812785603877123
032_GHL_id_1_Sensor_tr_50000_1st_65001.csv,1,limiter1.y,post_train_normal,anomaly,148151,1850,100.13511331566164,94.08127995661076,10.029707582878077,-6.053833359050884,0.6035902152706336,False,0.49554466252200324
032_GHL_id_1_Sensor_tr_50000_1st_65001.csv,1,dL_rand,post_train_normal,anomaly,148151,1850,0.1854917168438539,0.26642659306499994,0.7583121227028886,0.08093487622114603,0.10673029455557949,False,0.6202590600130947
033_GHL_id_2_Sensor_tr_50000_1st_51001.csv,2,RT_level_ini,post_train_normal,anomaly,148154,1847,2.2898539799611908,1.8176137208900005,0.36061310423336956,-0.47224025907119027,1.3095482486004768,False,0.9016631343061949
033_GHL_id_2_Sensor_tr_50000_1st_51001.csv,2,RT_temperature.T,post_train_normal,anomaly,148154,1847,313.6895645930564,312.3095979549421,12.166342579816162,-1.379966638114297,0.11342493679272582,False,0.41296914968393666
033_GHL_id_2_Sensor_tr_50000_1st_51001.csv,2,C_temperature.T,post_train_normal,anomaly,148154,1847,329.87091940391207,329.120574951,0.24813064869816442,-0.7503444529120884,3.0239894057780665,False,0.9825856878653293
033_GHL_id_2_Sensor_tr_50000_1st_51001.csv,2,RT_level,post_train_normal,anomaly,148154,1847,1.8115790642800291,1.31761372089,0.4899799046934412,-0.49396534339002907,1.0081338819376304,False,0.8576751218326876
033_GHL_id_2_Sensor_tr_50000_1st_51001.csv,2,out_valve_act,post_train_normal,anomaly,148154,1847,0.02907785142486872,0.0,0.16802535684642494,-0.02907785142486872,0.17305632894114817,False,0.02907785142486874
033_GHL_id_2_Sensor_tr_50000_1st_51001.csv,2,dT_rand,post_train_normal,anomaly,148154,1847,0.3090073478920921,-0.8647724986079998,0.9789855551374717,-1.173779846500092,1.19897565427844,False,0.9151963497441851
033_GHL_id_2_Sensor_tr_50000_1st_51001.csv,2,inv_valve_act,post_train_normal,anomaly,148154,1847,0.033208688256813855,0.0,0.17918171778563116,-0.033208688256813855,0.18533524885917188,False,0.03320868825681389
033_GHL_id_2_Sensor_tr_50000_1st_51001.csv,2,limiter.y,post_train_normal,anomaly,148154,1847,286.4534745125972,274.3522644039999,9.1067679090816,-12.101210108597286,1.3288150339847267,False,0.9151963497441851
033_GHL_id_2_Sensor_tr_50000_1st_51001.csv,2,inj_valve_act,post_train_normal,anomaly,148154,1847,0.11997651092781834,0.0,0.32493516339350415,-0.11997651092781834,0.3692321559625234,False,0.11997651092781836
033_GHL_id_2_Sensor_tr_50000_1st_51001.csv,2,Relaxing.active,post_train_normal,anomaly,148154,1847,0.1410761774909891,0.0,0.3481012891833913,-0.1410761774909891,0.4052733554131295,False,0.1410761774909891
033_GHL_id_2_Sensor_tr_50000_1st_51001.csv,2,boundary.m_flow_in,post_train_normal,anomaly,148154,1847,2.399530218556367,0.0,6.498703267870084,-2.399530218556367,0.36923215596252335,False,0.11997651092781836
033_GHL_id_2_Sensor_tr_50000_1st_51001.csv,2,dir_valve_act,post_train_normal,anomaly,148154,1847,0.030805783171564724,0.0,0.17279174870769384,-0.030805783171564724,0.17828272126395261,False,0.030805783171564682
033_GHL_id_2_Sensor_tr_50000_1st_51001.csv,2,dt_rand,post_train_normal,anomaly,148154,1847,-0.11139667986189668,-0.2334286129400801,0.9274572823769762,-0.12203193307818343,0.1315768773365263,False,0.46316691687213274
033_GHL_id_2_Sensor_tr_50000_1st_51001.csv,2,C_level,post_train_normal,anomaly,148154,1847,1.082998972270457,0.391507923603,0.4045687174171602,-0.6914910486674569,1.7092054301233686,False,0.9825856878653293
033_GHL_id_2_Sensor_tr_50000_1st_51001.csv,2,HT_temperature.T,post_train_normal,anomaly,148154,1847,322.480183290947,334.0138680004163,9.765386437656684,11.533684709469298,1.1810781665530214,False,0.4969170821163501
033_GHL_id_2_Sensor_tr_50000_1st_51001.csv,2,heater_act,post_train_normal,anomaly,148154,1847,0.6323555219568827,1.0,0.4821655161972251,0.3676444780431173,0.7624860461666361,False,0.3676444780431173
033_GHL_id_2_Sensor_tr_50000_1st_51001.csv,2,HT_level,post_train_normal,anomaly,148154,1847,0.4321816374509488,0.600000023842,0.23039194340260408,0.16781838639105123,0.7284038838883913,False,0.36763097857634625
033_GHL_id_2_Sensor_tr_50000_1st_51001.csv,2,limiter1.y,post_train_normal,anomaly,148154,1847,98.88603278562346,97.66571538129428,9.274573047980965,-1.2203174043291796,0.13157666644232616,False,0.46316691687213274
033_GHL_id_2_Sensor_tr_50000_1st_51001.csv,2,dL_rand,post_train_normal,anomaly,148154,1847,0.3090073478920921,-0.8647724986079998,0.9789855551374717,-1.173779846500092,1.19897565427844,False,0.9151963497441851
034_GHL_id_3_Sensor_tr_50000_1st_122001.csv,3,RT_level_ini,post_train_normal,anomaly,148082,1919,2.2334931264129634,2.1083941459699993,0.3700254813196358,-0.12509898044296408,0.3380820693667335,False,0.6905633365297605
034_GHL_id_3_Sensor_tr_50000_1st_122001.csv,3,RT_temperature.T,post_train_normal,anomaly,148082,1919,312.90989021007016,323.1581458748301,12.498627262413049,10.248255664759938,0.8199504993303847,False,0.6261328183033724
034_GHL_id_3_Sensor_tr_50000_1st_122001.csv,3,C_temperature.T,post_train_normal,anomaly,148082,1919,329.8486586272815,329.861236572,0.3281517988186433,0.012577944718486833,0.03832965342188532,False,0.5119730959873583
034_GHL_id_3_Sensor_tr_50000_1st_122001.csv,3,RT_level,post_train_normal,anomaly,148082,1919,1.7619829267185465,1.6083941459699995,0.48610446879568675,-0.15358878074854698,0.31595838057004466,False,0.6832430680298753
034_GHL_id_3_Sensor_tr_50000_1st_122001.csv,3,out_valve_act,post_train_normal,anomaly,148082,1919,0.02833565186855931,0.0,0.16593049337607982,-0.02833565186855931,0.17076820114273292,False,0.028335651868559353
034_GHL_id_3_Sensor_tr_50000_1st_122001.csv,3,dT_rand,post_train_normal,anomaly,148082,1919,0.02491240791621897,-0.28321176767299994,0.7708583971615287,-0.3081241755892189,0.39971566337449305,False,0.6983630691103577
034_GHL_id_3_Sensor_tr_50000_1st_122001.csv,3,inv_valve_act,post_train_normal,anomaly,148082,1919,0.032387461001337096,0.0,0.1770274696257926,-0.032387461001337096,0.1829516123672724,False,0.03238746100133705
034_GHL_id_3_Sensor_tr_50000_1st_122001.csv,3,limiter.y,post_train_normal,anomaly,148082,1919,283.8954675766533,280.167877197,6.543454700129922,-3.727590379653293,0.5696670261321257,False,0.6983630691103577
034_GHL_id_3_Sensor_tr_50000_1st_122001.csv,3,inj_valve_act,post_train_normal,anomaly,148082,1919,0.11303872178927891,0.0,0.3166411947835405,-0.11303872178927891,0.35699310023938435,False,0.11303872178927887
034_GHL_id_3_Sensor_tr_50000_1st_122001.csv,3,Relaxing.active,post_train_normal,anomaly,148082,1919,0.14055050580084008,0.0,0.3475584510022972,-0.14055050580084008,0.40439386640007524,False,0.14055050580084005
034_GHL_id_3_Sensor_tr_50000_1st_122001.csv,3,boundary.m_flow_in,post_train_normal,anomaly,148082,1919,2.2607744357855784,0.0,6.332823895670811,-2.2607744357855784,0.35699310023938435,False,0.11303872178927887
034_GHL_id_3_Sensor_tr_50000_1st_122001.csv,3,dir_valve_act,post_train_normal,anomaly,148082,1919,0.030240002160964872,0.0,0.17124760572765674,-0.030240002160964872,0.1765864231063002,False,0.030240002160964896
034_GHL_id_3_Sensor_tr_50000_1st_122001.csv,3,dt_rand,post_train_normal,anomaly,148082,1919,0.12984313582245743,-0.5019027513880281,0.9457032293463874,-0.6317458872104855,0.6680170560981481,False,0.6749773773990086
034_GHL_id_3_Sensor_tr_50000_1st_122001.csv,3,C_level,post_train_normal,anomaly,148082,1919,1.0870452175734755,1.0507633686099997,0.392385535933814,-0.03628184896347575,0.09246479709587366,False,0.5119730959873583
034_GHL_id_3_Sensor_tr_50000_1st_122001.csv,3,HT_temperature.T,post_train_normal,anomaly,148082,1919,322.4887556804391,342.29347248882914,9.726627401612417,19.804716808390026,2.0361340052058465,False,0.8965657514699387
034_GHL_id_3_Sensor_tr_50000_1st_122001.csv,3,heater_act,post_train_normal,anomaly,148082,1919,0.6419416269364271,1.0,0.4794310448344546,0.3580583730635729,0.7468401909334196,False,0.3580583730635729
034_GHL_id_3_Sensor_tr_50000_1st_122001.csv,3,HT_level,post_train_normal,anomaly,148082,1919,0.43662968152891796,0.6000000238420001,0.22887945221502876,0.16337034231308217,0.7137833507203531,False,0.35804486703313027
034_GHL_id_3_Sensor_tr_50000_1st_122001.csv,3,limiter1.y,post_train_normal,anomaly,148082,1919,101.29843124841749,94.98097084285372,9.457032241952907,-6.317460405563764,0.6680172218868515,False,0.6749773773990086
034_GHL_id_3_Sensor_tr_50000_1st_122001.csv,3,dL_rand,post_train_normal,anomaly,148082,1919,0.02491240791621897,-0.28321176767299994,0.7708583971615287,-0.3081241755892189,0.39971566337449305,False,0.6983630691103577
035_GHL_id_4_Sensor_tr_50000_1st_90001.csv,4,RT_level_ini,post_train_normal,anomaly,147288,2713,2.234067778363005,2.4005630016300006,0.40531922580335267,0.1664952232669954,0.41077553855728843,False,0.557540329151051
035_GHL_id_4_Sensor_tr_50000_1st_90001.csv,4,RT_temperature.T,post_train_normal,anomaly,147288,2713,312.90606101346447,316.27923676194877,12.52702142676106,3.3731757484843,0.26927197085161014,False,0.4011188963119874
035_GHL_id_4_Sensor_tr_50000_1st_90001.csv,4,C_temperature.T,post_train_normal,anomaly,147288,2713,329.75380508481555,329.671813965,0.24052256267217031,-0.08199111981554097,0.34088743652417336,False,0.7217695942642985
035_GHL_id_4_Sensor_tr_50000_1st_90001.csv,4,RT_level,post_train_normal,anomaly,147288,2713,1.7501869163147112,1.90056312084,0.514453769764971,0.15037620452528877,0.2923026583982237,False,0.5368190212373037
035_GHL_id_4_Sensor_tr_50000_1st_90001.csv,4,out_valve_act,post_train_normal,anomaly,147288,2713,0.029961707674759655,0.0,0.17048226030007232,-0.029961707674759655,0.17574677636267205,False,0.029961707674759697
035_GHL_id_4_Sensor_tr_50000_1st_90001.csv,4,dT_rand,post_train_normal,anomaly,147288,2713,0.02499312129501095,0.3011261224749999,0.8553055256009992,0.27613300117998896,0.3228472082954896,False,0.5553066101786975
035_GHL_id_4_Sensor_tr_50000_1st_90001.csv,4,inv_valve_act,post_train_normal,anomaly,147288,2713,0.032568844712400194,0.0,0.17750585621257367,-0.032568844712400194,0.183480395561694,False,0.03256884471240018
035_GHL_id_4_Sensor_tr_50000_1st_90001.csv,4,limiter.y,post_train_normal,anomaly,147288,2713,284.0952153062089,286.01126098599997,7.110323110005378,1.9160456797910683,0.2694737848263015,False,0.5553066101786975
035_GHL_id_4_Sensor_tr_50000_1st_90001.csv,4,inj_valve_act,post_train_normal,anomaly,147288,2713,0.11838031611536581,0.0,0.3230590123552893,-0.11838031611536581,0.366435578603129,False,0.11838031611536581
035_GHL_id_4_Sensor_tr_50000_1st_90001.csv,4,Relaxing.active,post_train_normal,anomaly,147288,2713,0.13904051925479333,0.0,0.3459899796456571,-0.13904051925479333,0.401862849892909,False,0.13904051925479333
035_GHL_id_4_Sensor_tr_50000_1st_90001.csv,4,boundary.m_flow_in,post_train_normal,anomaly,147288,2713,2.3676063223073163,0.0,6.461180247105785,-2.3676063223073163,0.366435578603129,False,0.11838031611536581
035_GHL_id_4_Sensor_tr_50000_1st_90001.csv,4,dir_valve_act,post_train_normal,anomaly,147288,2713,0.03009070664276791,0.0,0.17083750808529904,-0.03009070664276791,0.1761364174648558,False,0.030090706642767917
035_GHL_id_4_Sensor_tr_50000_1st_90001.csv,4,dt_rand,post_train_normal,anomaly,147288,2713,0.059006142139074944,-0.40167679244666643,0.9639268495535559,-0.4606829345857414,0.47792312746460724,False,0.5188091141205649
035_GHL_id_4_Sensor_tr_50000_1st_90001.csv,4,C_level,post_train_normal,anomaly,147288,2713,1.1070618043605531,0.7668504118920001,0.395277061862223,-0.34021139246855303,0.8606909565299705,False,0.7217695942642985
035_GHL_id_4_Sensor_tr_50000_1st_90001.csv,4,HT_temperature.T,post_train_normal,anomaly,147288,2713,322.32028695783515,339.21410023696205,9.834917259913595,16.893813279126903,1.7177382211424241,False,0.7489186579610745
035_GHL_id_4_Sensor_tr_50000_1st_90001.csv,4,heater_act,post_train_normal,anomaly,147288,2713,0.6357001249253164,1.0,0.48123492021760605,0.36429987507468364,0.7570104740320042,False,0.3642998750746836
035_GHL_id_4_Sensor_tr_50000_1st_90001.csv,4,HT_level,post_train_normal,anomaly,147288,2713,0.43348237444032484,0.600000023842,0.2300424201607843,0.16651764940167518,0.7238562752265015,False,0.3642862962359459
035_GHL_id_4_Sensor_tr_50000_1st_90001.csv,4,limiter1.y,post_train_normal,anomaly,147288,2713,100.59006125650097,95.98323356892209,9.639268390749772,-4.606827687578885,0.47792296062632533,False,0.5188091141205649
035_GHL_id_4_Sensor_tr_50000_1st_90001.csv,4,dL_rand,post_train_normal,anomaly,147288,2713,0.02499312129501095,0.3011261224749999,0.8553055256009992,0.27613300117998896,0.3228472082954896,False,0.5553066101786975
036_GHL_id_5_Sensor_tr_50000_1st_67147.csv,5,RT_level_ini,post_train_normal,anomaly,147718,2283,2.1766799511380306,2.6672638555990402,0.5004036480890577,0.49058390446100963,0.9803763548376442,False,0.7369514886472874
036_GHL_id_5_Sensor_tr_50000_1st_67147.csv,5,RT_temperature.T,post_train_normal,anomaly,147718,2283,313.7456280281197,312.1930856790303,11.964308607853726,-1.5525423490894354,0.12976448535189913,False,0.39752721468307545
036_GHL_id_5_Sensor_tr_50000_1st_67147.csv,5,C_temperature.T,post_train_normal,anomaly,147718,2283,329.9300907790952,329.6432051188384,0.2559384298874604,-0.2868856602568144,1.1209167000944793,False,0.8335341664522942
036_GHL_id_5_Sensor_tr_50000_1st_67147.csv,5,RT_level,post_train_normal,anomaly,147718,2283,1.7093233848297318,2.1672638555990402,0.5764454141398556,0.45794047076930844,0.7944212227841649,False,0.6940386411947088
036_GHL_id_5_Sensor_tr_50000_1st_67147.csv,5,out_valve_act,post_train_normal,anomaly,147718,2283,0.028791345672159113,0.0,0.16722019430581614,-0.028791345672159113,0.172176248159985,False,0.02879134567215913
036_GHL_id_5_Sensor_tr_50000_1st_67147.csv,5,dT_rand,post_train_normal,anomaly,147718,2283,0.014562806362715685,1.2696041272912546,1.1330316543999006,1.255041320928539,1.1076842522932508,False,0.7220176281834306
036_GHL_id_5_Sensor_tr_50000_1st_67147.csv,5,inv_valve_act,post_train_normal,anomaly,147718,2283,0.03275836390961156,0.0,0.1780041235569725,-0.03275836390961156,0.18403148901843738,False,0.03275836390961151
036_GHL_id_5_Sensor_tr_50000_1st_67147.csv,5,limiter.y,post_train_normal,anomaly,147718,2283,284.89679742996924,295.6960398687766,8.811245127649904,10.799242438807369,1.225620475013126,False,0.7220176281834306
036_GHL_id_5_Sensor_tr_50000_1st_67147.csv,5,inj_valve_act,post_train_normal,anomaly,147718,2283,0.1187736091742374,0.0,0.3235230246806463,-0.1187736091742374,0.36712567611371816,False,0.1187736091742374
036_GHL_id_5_Sensor_tr_50000_1st_67147.csv,5,Relaxing.active,post_train_normal,anomaly,147718,2283,0.13975954182970254,0.0,0.34673855597104947,-0.13975954182970254,0.40306893889634704,False,0.13975954182970252
036_GHL_id_5_Sensor_tr_50000_1st_67147.csv,5,boundary.m_flow_in,post_train_normal,anomaly,147718,2283,2.375472183484748,0.0,6.470460493612926,-2.375472183484748,0.3671256761137182,False,0.1187736091742374
036_GHL_id_5_Sensor_tr_50000_1st_67147.csv,5,dir_valve_act,post_train_normal,anomaly,147718,2283,0.030449911317510393,0.0,0.17182233288554075,-0.030449911317510393,0.17721742456956727,False,0.030449911317510403
036_GHL_id_5_Sensor_tr_50000_1st_67147.csv,5,dt_rand,post_train_normal,anomaly,147718,2283,-0.03518827250125826,0.10651328411670827,0.9228007049448316,0.14170155661796652,0.15355596919102696,False,0.36394396689262964
036_GHL_id_5_Sensor_tr_50000_1st_67147.csv,5,C_level,post_train_normal,anomaly,147718,2283,1.1383635162558747,0.6013947376757819,0.39405793836876,-0.5369687785800928,1.3626645381207791,False,0.8335409361079895
036_GHL_id_5_Sensor_tr_50000_1st_67147.csv,5,HT_temperature.T,post_train_normal,anomaly,147718,2283,322.6713604824085,329.44601503256195,9.559347326676956,6.774654550153457,0.7086942569026288,False,0.445790921944494
036_GHL_id_5_Sensor_tr_50000_1st_67147.csv,5,heater_act,post_train_normal,anomaly,147718,2283,0.6345739855670941,1.0,0.4815510484191755,0.3654260144329059,0.7588520794057407,False,0.36542601443290595
036_GHL_id_5_Sensor_tr_50000_1st_67147.csv,5,HT_level,post_train_normal,anomaly,147718,2283,0.4330871249872128,0.600000023842,0.2301338336217456,0.16691289885478722,0.7252862224905614,False,0.3654124751215153
036_GHL_id_5_Sensor_tr_50000_1st_67147.csv,5,limiter1.y,post_train_normal,anomaly,147718,2283,99.64811712429193,101.0651342465754,9.228006775969067,1.4170171222834682,0.15355614237015577,False,0.36394396689262964
036_GHL_id_5_Sensor_tr_50000_1st_67147.csv,5,dL_rand,post_train_normal,anomaly,147718,2283,0.014562806362715685,1.2696041272912546,1.1330316543999006,1.255041320928539,1.1076842522932508,False,0.7220176281834306
037_GHL_id_6_Sensor_tr_50000_1st_80001.csv,6,RT_level_ini,post_train_normal,anomaly,148135,1866,2.1921581751453965,1.4503234624900005,0.43663900506424574,-0.7418347126553959,1.698965745275653,False,0.8911263374624498
037_GHL_id_6_Sensor_tr_50000_1st_80001.csv,6,RT_temperature.T,post_train_normal,anomaly,148135,1866,313.5302677705221,311.86333590665595,12.314090007852743,-1.6669318638661252,0.135367847953289,False,0.3769137758564497
037_GHL_id_6_Sensor_tr_50000_1st_80001.csv,6,C_temperature.T,post_train_normal,anomaly,148135,1866,329.79590477744756,329.608337402,0.24308250671117537,-0.18756737544754287,0.7716202123520381,False,0.7940797245755561
037_GHL_id_6_Sensor_tr_50000_1st_80001.csv,6,RT_level,post_train_normal,anomaly,148135,1866,1.7256465409510044,0.9503235220910001,0.5268535188858411,-0.7753230188600043,1.4716102124545205,False,0.8807304148243157
037_GHL_id_6_Sensor_tr_50000_1st_80001.csv,6,out_valve_act,post_train_normal,anomaly,148135,1866,0.02805548992473082,0.0,0.1651319578063396,-0.02805548992473082,0.16989739779887558,False,0.028055489924730836
037_GHL_id_6_Sensor_tr_50000_1st_80001.csv,6,dT_rand,post_train_normal,anomaly,148135,1866,0.07350942082870415,-1.5993529558199997,1.0699678369219523,-1.6728623766487039,1.5634697781768268,False,0.9011172241536436
037_GHL_id_6_Sensor_tr_50000_1st_80001.csv,6,inv_valve_act,post_train_normal,anomaly,148135,1866,0.033354710230532957,0.0,0.17956166403614,-0.033354710230532957,0.18575629942825506,False,0.033354710230532936
037_GHL_id_6_Sensor_tr_50000_1st_80001.csv,6,limiter.y,post_train_normal,anomaly,148135,1866,284.79575186721667,274.0,9.02569741182031,-10.795751867216666,1.1961127627742363,False,0.8565362675937489
037_GHL_id_6_Sensor_tr_50000_1st_80001.csv,6,inj_valve_act,post_train_normal,anomaly,148135,1866,0.11367333850879266,0.0,0.31741517096707594,-0.11367333850879266,0.35812194534515013,False,0.11367333850879269
037_GHL_id_6_Sensor_tr_50000_1st_80001.csv,6,Relaxing.active,post_train_normal,anomaly,148135,1866,0.1409660107334526,0.0,0.3479876607265407,-0.1409660107334526,0.40508910700781425,False,0.1409660107334526
037_GHL_id_6_Sensor_tr_50000_1st_80001.csv,6,boundary.m_flow_in,post_train_normal,anomaly,148135,1866,2.2734667701758533,0.0,6.348303419341519,-2.2734667701758533,0.35812194534515013,False,0.11367333850879269
037_GHL_id_6_Sensor_tr_50000_1st_80001.csv,6,dir_valve_act,post_train_normal,anomaly,148135,1866,0.03081648496304047,0.0,0.17282080557014867,-0.03081648496304047,0.17831467028159367,False,0.030816484963040458
037_GHL_id_6_Sensor_tr_50000_1st_80001.csv,6,dt_rand,post_train_normal,anomaly,148135,1866,-0.06837246077619602,0.15390936699882968,1.0767817185688564,0.2222818277750257,0.2064316508553461,False,0.43676458761599335
037_GHL_id_6_Sensor_tr_50000_1st_80001.csv,6,C_level,post_train_normal,anomaly,148135,1866,1.0994423958466366,0.696792066097,0.4021784674601987,-0.40265032974963666,1.0011732659195254,False,0.7940797245755561
037_GHL_id_6_Sensor_tr_50000_1st_80001.csv,6,HT_temperature.T,post_train_normal,anomaly,148135,1866,322.6365906352961,336.8794395062406,9.625947407840979,14.2428488709445,1.4796308630714878,False,0.6431081429698751
037_GHL_id_6_Sensor_tr_50000_1st_80001.csv,6,heater_act,post_train_normal,anomaly,148135,1866,0.6389577074965404,1.0,0.48030439602259417,0.36104229250345965,0.7516947491908355,False,0.3610422925034597
037_GHL_id_6_Sensor_tr_50000_1st_80001.csv,6,HT_level,post_train_normal,anomaly,148135,1866,0.43551432182583877,0.600000023842,0.22916170977354386,0.16448570201616125,0.7177713160663052,False,0.36102204070611266
037_GHL_id_6_Sensor_tr_50000_1st_80001.csv,6,limiter1.y,post_train_normal,anomaly,148135,1866,99.31627547160994,101.53909463662026,10.76781702566972,2.2228191650103213,0.20643173632234615,False,0.43676458761599335
037_GHL_id_6_Sensor_tr_50000_1st_80001.csv,6,dL_rand,post_train_normal,anomaly,148135,1866,0.07350942082870415,-1.5993529558199997,1.0699678369219523,-1.6728623766487039,1.5634697781768268,False,0.9011172241536436
038_GHL_id_7_Sensor_tr_50000_1st_100001.csv,7,RT_level_ini,post_train_normal,anomaly,148306,1695,2.206384576464847,2.2705304567824602,0.40254171382384535,0.06414588031761337,0.15935213200211093,False,0.4563537550739687
038_GHL_id_7_Sensor_tr_50000_1st_100001.csv,7,RT_temperature.T,post_train_normal,anomaly,148306,1695,312.80285143326967,314.2841182203505,12.383196828202196,1.4812667870808127,0.11961909413466573,False,0.49428737927525834
038_GHL_id_7_Sensor_tr_50000_1st_100001.csv,7,C_temperature.T,post_train_normal,anomaly,148306,1695,329.9002029170882,329.820854146361,0.35637947311163704,-0.07934877072722202,0.2226524721932168,False,0.6144255795449949
038_GHL_id_7_Sensor_tr_50000_1st_100001.csv,7,RT_level,post_train_normal,anomaly,148306,1695,1.7375929423348841,1.770530524932602,0.5050114596031072,0.03293758259771784,0.06522145581330721,False,0.49109274068480036
038_GHL_id_7_Sensor_tr_50000_1st_100001.csv,7,out_valve_act,post_train_normal,anomaly,148306,1695,0.02745674483837471,0.0,0.1634106852534717,-0.02745674483837471,0.16802294657650846,False,0.02745674483837468
038_GHL_id_7_Sensor_tr_50000_1st_100001.csv,7,dT_rand,post_train_normal,anomaly,148306,1695,-0.021420890802800695,0.0410610040732775,0.8505785601590199,0.06248189487607819,0.07345811169328896,False,0.4694213315712109
038_GHL_id_7_Sensor_tr_50000_1st_100001.csv,7,inv_valve_act,post_train_normal,anomaly,148306,1695,0.03250037085485415,0.0,0.17732543182613322,-0.03250037085485415,0.18328093449517505,False,0.03250037085485413
038_GHL_id_7_Sensor_tr_50000_1st_100001.csv,7,limiter.y,post_train_normal,anomaly,148306,1695,283.72896718356407,283.41060191509376,6.986507359793827,-0.318365268470302,0.04556858700277631,False,0.4694213315712109
038_GHL_id_7_Sensor_tr_50000_1st_100001.csv,7,inj_valve_act,post_train_normal,anomaly,148306,1695,0.109719094305018,0.0,0.3125403546712963,-0.109719094305018,0.35105576820763296,False,0.10971909430501803
038_GHL_id_7_Sensor_tr_50000_1st_100001.csv,7,Relaxing.active,post_train_normal,anomaly,148306,1695,0.13846371690963277,0.0,0.3453872035488754,-0.13846371690963277,0.40089417177854103,False,0.13846371690963277
038_GHL_id_7_Sensor_tr_50000_1st_100001.csv,7,boundary.m_flow_in,post_train_normal,anomaly,148306,1695,2.19438188610036,0.0,6.250807093425927,-2.19438188610036,0.35105576820763296,False,0.10971909430501803
038_GHL_id_7_Sensor_tr_50000_1st_100001.csv,7,dir_valve_act,post_train_normal,anomaly,148306,1695,0.030140385419335697,0.0,0.17097409070685268,-0.030140385419335697,0.17628627410578568,False,0.030140385419335725
038_GHL_id_7_Sensor_tr_50000_1st_100001.csv,7,dt_rand,post_train_normal,anomaly,148306,1695,-0.031261855462003635,-0.3333358667601381,1.0227692674989728,-0.3020740112981345,0.2953491279971784,False,0.3342765358731511
038_GHL_id_7_Sensor_tr_50000_1st_100001.csv,7,C_level,post_train_normal,anomaly,148306,1695,1.0803462099759584,0.860402463600756,0.3848944958907092,-0.21994374637520242,0.5714390533598471,False,0.6144255795449949
038_GHL_id_7_Sensor_tr_50000_1st_100001.csv,7,HT_temperature.T,post_train_normal,anomaly,148306,1695,322.63350088306646,327.91009136189325,9.546814067712843,5.27659047882679,0.5527069492923431,False,0.5071183008486758
038_GHL_id_7_Sensor_tr_50000_1st_100001.csv,7,heater_act,post_train_normal,anomaly,148306,1695,0.6482340566126792,1.0,0.4775229858470175,0.3517659433873208,0.7366471433063432,False,0.3517659433873208
038_GHL_id_7_Sensor_tr_50000_1st_100001.csv,7,HT_level,post_train_normal,anomaly,148306,1695,0.43976200989148945,0.600000023842,0.2276768042617738,0.16023801395051057,0.7037959552799907,False,0.3517659433873208
038_GHL_id_7_Sensor_tr_50000_1st_100001.csv,7,limiter1.y,post_train_normal,anomaly,148306,1695,99.68738128260331,96.6666387100977,10.227692899687481,-3.020742572505611,0.2953493619854301,False,0.3342765358731511
038_GHL_id_7_Sensor_tr_50000_1st_100001.csv,7,dL_rand,post_train_normal,anomaly,148306,1695,-0.021420890802800695,0.0410610040732775,0.8505785601590199,0.06248189487607819,0.07345811169328896,False,0.4694213315712109
039_GHL_id_8_Sensor_tr_50000_1st_63030.csv,8,RT_level_ini,post_train_normal,anomaly,148833,1168,2.2732201408848987,2.2733924388899998,0.3293549446020696,0.00017229800510110138,0.0005231377513074042,False,0.4866125120101053
039_GHL_id_8_Sensor_tr_50000_1st_63030.csv,8,RT_temperature.T,post_train_normal,anomaly,148833,1168,313.1014406812783,324.051239014,12.397835071272352,10.949798332721684,0.8832024518614555,False,0.7425436563127801
039_GHL_id_8_Sensor_tr_50000_1st_63030.csv,8,C_temperature.T,post_train_normal,anomaly,148833,1168,329.6925422013506,329.203186035,0.2626923778920331,-0.4893561663506034,1.8628487445179298,False,0.9117400038969852
039_GHL_id_8_Sensor_tr_50000_1st_63030.csv,8,RT_level,post_train_normal,anomaly,148833,1168,1.7875081748403518,1.7733924388899998,0.4700083983431246,-0.014115735950352093,0.030032944092303327,False,0.5117279098049492
039_GHL_id_8_Sensor_tr_50000_1st_63030.csv,8,out_valve_act,post_train_normal,anomaly,148833,1168,0.029247545907157686,0.0,0.16850020098458712,-0.029247545907157686,0.17357573306297117,False,0.029247545907157724
039_GHL_id_8_Sensor_tr_50000_1st_63030.csv,8,dT_rand,post_train_normal,anomaly,148833,1168,0.19752942791660602,0.04678487405179999,0.8870746042654902,-0.15074455386480604,0.16993447128342104,False,0.4791477696478604
039_GHL_id_8_Sensor_tr_50000_1st_63030.csv,8,inv_valve_act,post_train_normal,anomaly,148833,1168,0.0325734212170688,0.0,0.17751790100885118,-0.0325734212170688,0.18349372672812678,False,0.03257342121706874
039_GHL_id_8_Sensor_tr_50000_1st_63030.csv,8,limiter.y,post_train_normal,anomaly,148833,1168,285.2321701548358,283.46783447300004,8.457958002630072,-1.764335681835746,0.20860066712167538,False,0.4791477696478604
039_GHL_id_8_Sensor_tr_50000_1st_63030.csv,8,inj_valve_act,post_train_normal,anomaly,148833,1168,0.11447730006114236,0.0,0.3183911571486916,-0.11447730006114236,0.3595492446659893,False,0.11447730006114232
039_GHL_id_8_Sensor_tr_50000_1st_63030.csv,8,Relaxing.active,post_train_normal,anomaly,148833,1168,0.13789280603092055,0.0,0.3447886001855508,-0.13789280603092055,0.3999343538525126,False,0.13789280603092058
039_GHL_id_8_Sensor_tr_50000_1st_63030.csv,8,boundary.m_flow_in,post_train_normal,anomaly,148833,1168,2.2895460012228472,0.0,6.3678231429738315,-2.2895460012228472,0.3595492446659893,False,0.11447730006114232
039_GHL_id_8_Sensor_tr_50000_1st_63030.csv,8,dir_valve_act,post_train_normal,anomaly,148833,1168,0.030228511150080965,0.0,0.1712160776010509,-0.030228511150080965,0.17655182605290232,False,0.03022851115008096
039_GHL_id_8_Sensor_tr_50000_1st_63030.csv,8,dt_rand,post_train_normal,anomaly,148833,1168,-0.0213071321722479,0.6736350655559998,1.0245538373812222,0.6949421977282477,0.6782876334781316,False,0.7552155771905424
039_GHL_id_8_Sensor_tr_50000_1st_63030.csv,8,C_level,post_train_normal,anomaly,148833,1168,1.1174968490506905,0.519533276558,0.3933220163675097,-0.5979635724926905,1.5202901124506825,False,0.9117400038969852
039_GHL_id_8_Sensor_tr_50000_1st_63030.csv,8,HT_temperature.T,post_train_normal,anomaly,148833,1168,322.48879114512454,339.64827796204366,9.709521057519417,17.159486816919127,1.7672845771965422,False,0.7367332400873314
039_GHL_id_8_Sensor_tr_50000_1st_63030.csv,8,heater_act,post_train_normal,anomaly,148833,1168,0.6421425355935848,1.0,0.4793715089234851,0.3578574644064152,0.7465138368570307,False,0.35785746440641525
039_GHL_id_8_Sensor_tr_50000_1st_63030.csv,8,HT_level,post_train_normal,anomaly,148833,1168,0.4367629166145131,0.600000023842,0.2288155977702285,0.1632371072274869,0.7134002612505724,False,0.35785746440641525
039_GHL_id_8_Sensor_tr_50000_1st_63030.csv,8,limiter1.y,post_train_normal,anomaly,148833,1168,99.78692840440269,106.736351013,10.245538223707989,6.949422608597317,0.6782877050340292,False,0.7552155771905424
039_GHL_id_8_Sensor_tr_50000_1st_63030.csv,8,dL_rand,post_train_normal,anomaly,148833,1168,0.19752942791660602,0.04678487405179999,0.8870746042654902,-0.15074455386480604,0.16993447128342104,False,0.4791477696478604
040_GHL_id_9_Sensor_tr_50000_1st_92001.csv,9,RT_level_ini,post_train_normal,anomaly,147614,2387,2.2004845318132875,2.697898648900788,0.40650906567420203,0.4974141170875006,1.2236236755569794,False,0.8657105694581815
040_GHL_id_9_Sensor_tr_50000_1st_92001.csv,9,RT_temperature.T,post_train_normal,anomaly,147614,2387,313.00657602621254,311.31116010299536,12.450768038689976,-1.6954159232171833,0.13616958551864314,False,0.3547748308495279
040_GHL_id_9_Sensor_tr_50000_1st_92001.csv,9,C_temperature.T,post_train_normal,anomaly,147614,2387,329.7273043693318,329.63878288668917,0.2681000342585745,-0.0885214826426477,0.3301807957147494,False,0.6655195306678228
040_GHL_id_9_Sensor_tr_50000_1st_92001.csv,9,RT_level,post_train_normal,anomaly,147614,2387,1.7307922369818403,2.197898648900788,0.5052093352267221,0.46710641191894786,0.9245799302368892,False,0.8091441191214925
040_GHL_id_9_Sensor_tr_50000_1st_92001.csv,9,out_valve_act,post_train_normal,anomaly,147614,2387,0.027382226618071458,0.0,0.1631950388467879,-0.027382226618071458,0.16778835197176958,False,0.027382226618071437
040_GHL_id_9_Sensor_tr_50000_1st_92001.csv,9,dT_rand,post_train_normal,anomaly,147614,2387,-0.022237729254291475,1.5948607303837259,0.9069909889078873,1.6170984596380173,1.7829267097627666,False,0.861070088203016
040_GHL_id_9_Sensor_tr_50000_1st_92001.csv,9,inv_valve_act,post_train_normal,anomaly,147614,2387,0.032794992344899535,0.0,0.1781002406082123,-0.032794992344899535,0.18413783290187952,False,0.032794992344899576
040_GHL_id_9_Sensor_tr_50000_1st_92001.csv,9,limiter.y,post_train_normal,anomaly,147614,2387,283.64251158517095,298.9486121059309,7.502236294625394,15.30610052075997,2.040205069483784,False,0.861070088203016
040_GHL_id_9_Sensor_tr_50000_1st_92001.csv,9,inj_valve_act,post_train_normal,anomaly,147614,2387,0.10992182313330714,0.0,0.3127933482987471,-0.10992182313330714,0.3514199510033105,False,0.10992182313330712
040_GHL_id_9_Sensor_tr_50000_1st_92001.csv,9,Relaxing.active,post_train_normal,anomaly,147614,2387,0.14032544338612868,0.0,0.34732553974276764,-0.14032544338612868,0.4040170598743039,False,0.14032544338612873
040_GHL_id_9_Sensor_tr_50000_1st_92001.csv,9,boundary.m_flow_in,post_train_normal,anomaly,147614,2387,2.198436462666143,0.0,6.255866965974942,-2.198436462666143,0.35141995100331047,False,0.10992182313330712
040_GHL_id_9_Sensor_tr_50000_1st_92001.csv,9,dir_valve_act,post_train_normal,anomaly,147614,2387,0.0304781389299118,0.0,0.17189945362807474,-0.0304781389299118,0.17730212799777095,False,0.030478138929911802
040_GHL_id_9_Sensor_tr_50000_1st_92001.csv,9,dt_rand,post_train_normal,anomaly,147614,2387,0.1462115986803206,0.5252218608282949,1.010295177441379,0.3790102621479743,0.37514804644305627,False,0.6396683241426965
040_GHL_id_9_Sensor_tr_50000_1st_92001.csv,9,C_level,post_train_normal,anomaly,147614,2387,1.1340126313805148,0.8468854850089427,0.39312177035133233,-0.2871271463715721,0.7303771198297337,False,0.6655195306678228
040_GHL_id_9_Sensor_tr_50000_1st_92001.csv,9,HT_temperature.T,post_train_normal,anomaly,147614,2387,322.6047201146165,329.5855712379288,9.632413941002023,6.980851123312277,0.7247249927245222,False,0.44411870316398117
040_GHL_id_9_Sensor_tr_50000_1st_92001.csv,9,heater_act,post_train_normal,anomaly,147614,2387,0.6455485252076362,1.0,0.4783483844592028,0.35445147479236383,0.7409902203246475,False,0.3544514747923639
040_GHL_id_9_Sensor_tr_50000_1st_92001.csv,9,HT_level,post_train_normal,anomaly,147614,2387,0.4386112980449447,0.600000023842,0.22805947884517905,0.16138872579705532,0.7076606796361927,False,0.3544379259419838
040_GHL_id_9_Sensor_tr_50000_1st_92001.csv,9,limiter1.y,post_train_normal,anomaly,147614,2387,101.46211583968095,105.25221923333515,10.102951948827386,3.7901033936542063,0.37514811639721896,False,0.6396683241426965
040_GHL_id_9_Sensor_tr_50000_1st_92001.csv,9,dL_rand,post_train_normal,anomaly,147614,2387,-0.022237729254291475,1.5948607303837259,0.9069909889078873,1.6170984596380173,1.7829267097627666,False,0.861070088203016
041_GHL_id_10_Sensor_tr_50000_1st_57001.csv,10,RT_level_ini,post_train_normal,anomaly,148146,1855,2.226360132787048,2.38126015663,0.4176798713762958,0.15490002384295165,0.37085824445535526,False,0.4959026905890136
041_GHL_id_10_Sensor_tr_50000_1st_57001.csv,10,RT_temperature.T,post_train_normal,anomaly,148146,1855,313.0543220761712,296.60287567739624,12.545750554194539,-16.451446398774976,1.3113162363390534,False,0.7561288468871479
041_GHL_id_10_Sensor_tr_50000_1st_57001.csv,10,C_temperature.T,post_train_normal,anomaly,148146,1855,329.77955653912124,329.23013305699993,0.2588549033794456,-0.5494234821213126,2.122515258348935,False,0.9203015943731184
041_GHL_id_10_Sensor_tr_50000_1st_57001.csv,10,RT_level,post_train_normal,anomaly,148146,1855,1.7543009297389847,1.8812601566299996,0.5209558618946181,0.1269592268910149,0.2437043829956883,False,0.4881063275417494
041_GHL_id_10_Sensor_tr_50000_1st_57001.csv,10,out_valve_act,post_train_normal,anomaly,148146,1855,0.02820865902555587,0.0,0.16556906602004295,-0.02820865902555587,0.17037396962872928,False,0.028208659025555916
041_GHL_id_10_Sensor_tr_50000_1st_57001.csv,10,dT_rand,post_train_normal,anomaly,148146,1855,0.04411518220965924,0.26252022385599993,0.9035190248649116,0.2184050416463407,0.24172710882208065,False,0.5090046305671432
041_GHL_id_10_Sensor_tr_50000_1st_57001.csv,10,inv_valve_act,post_train_normal,anomaly,148146,1855,0.032872976658161544,0.0,0.17830467931794794,-0.032872976658161544,0.184364071565073,False,0.03287297665816158
041_GHL_id_10_Sensor_tr_50000_1st_57001.csv,10,limiter.y,post_train_normal,anomaly,148146,1855,284.0303565799307,285.62521362300004,8.211242830265919,1.5948570430693394,0.19422845920362222,False,0.5090046305671432
041_GHL_id_10_Sensor_tr_50000_1st_57001.csv,10,inj_valve_act,post_train_normal,anomaly,148146,1855,0.11373239911978723,0.0,0.31748704053354915,-0.11373239911978723,0.35822690251751876,False,0.11373239911978728
041_GHL_id_10_Sensor_tr_50000_1st_57001.csv,10,Relaxing.active,post_train_normal,anomaly,148146,1855,0.13945027202894442,0.0,0.34641695065844197,-0.13945027202894442,0.40255037105975433,False,0.13945027202894444
041_GHL_id_10_Sensor_tr_50000_1st_57001.csv,10,boundary.m_flow_in,post_train_normal,anomaly,148146,1855,2.2746479823957446,0.0,6.349740810670984,-2.2746479823957446,0.35822690251751865,False,0.11373239911978728
041_GHL_id_10_Sensor_tr_50000_1st_57001.csv,10,dir_valve_act,post_train_normal,anomaly,148146,1855,0.030483442009909142,0.0,0.17191393564292248,-0.030483442009909142,0.17731803937771182,False,0.030483442009909156
041_GHL_id_10_Sensor_tr_50000_1st_57001.csv,10,dt_rand,post_train_normal,anomaly,148146,1855,-0.02444132925565093,-0.18103533978971545,1.0148938708039483,-0.15659401053406452,0.15429594663924667,False,0.47676616310936504
041_GHL_id_10_Sensor_tr_50000_1st_57001.csv,10,C_level,post_train_normal,anomaly,148146,1855,1.1077203047192432,0.4962912797929999,0.3903650512582681,-0.6114290249262433,1.5663006279773695,False,0.9203015943731184
041_GHL_id_10_Sensor_tr_50000_1st_57001.csv,10,HT_temperature.T,post_train_normal,anomaly,148146,1855,322.457152562451,331.50338600345066,9.756933401161936,9.046233440999686,0.9271594945930846,False,0.46438534827757694
041_GHL_id_10_Sensor_tr_50000_1st_57001.csv,10,heater_act,post_train_normal,anomaly,148146,1855,0.6417520554048034,1.0,0.4794871288047118,0.3582479445951966,0.7471481987186059,False,0.35824794459519665
041_GHL_id_10_Sensor_tr_50000_1st_57001.csv,10,HT_level,post_train_normal,anomaly,148146,1855,0.4367145043902401,0.6000000238420001,0.22878006559394667,0.16328551945176,0.7137226708447993,False,0.35824794459519665
041_GHL_id_10_Sensor_tr_50000_1st_57001.csv,10,limiter1.y,post_train_normal,anomaly,148146,1855,99.75558676914922,98.18964829356266,10.148938820582014,-1.565938475586563,0.15429578434455088,False,0.47676616310936504
041_GHL_id_10_Sensor_tr_50000_1st_57001.csv,10,dL_rand,post_train_normal,anomaly,148146,1855,0.04411518220965924,0.26252022385599993,0.9035190248649116,0.2184050416463407,0.24172710882208065,False,0.5090046305671432
042_GHL_id_11_Sensor_tr_50000_1st_150001.csv,11,RT_level_ini,post_train_normal,anomaly,148455,1546,2.187508154090959,2.5005754474511575,0.34241916470056066,0.31306729336019856,0.9142808745356593,False,0.6813714593647907
042_GHL_id_11_Sensor_tr_50000_1st_150001.csv,11,RT_temperature.T,post_train_normal,anomaly,148455,1546,312.348829621127,312.995422896207,12.75904242461475,0.6465932750800221,0.05067725723935317,False,0.37149461793689315
042_GHL_id_11_Sensor_tr_50000_1st_150001.csv,11,C_temperature.T,post_train_normal,anomaly,148455,1546,329.7668367003113,329.9439468089263,0.24852656553836835,0.17711010861501109,0.712640551046718,False,0.6280286955643124
042_GHL_id_11_Sensor_tr_50000_1st_150001.csv,11,RT_level,post_train_normal,anomaly,148455,1546,1.7128343098371053,2.000575495644075,0.4638495942034869,0.28774118580696983,0.6203329471508391,False,0.6266343336364555
042_GHL_id_11_Sensor_tr_50000_1st_150001.csv,11,out_valve_act,post_train_normal,anomaly,148455,1546,0.027846822269374558,0.0,0.16453437061657658,-0.027846822269374558,0.1692462320487889,False,0.027846822269374516
042_GHL_id_11_Sensor_tr_50000_1st_150001.csv,11,dT_rand,post_train_normal,anomaly,148455,1546,-0.07484390177089455,0.5011508841295388,0.7368127013336218,0.5759947859004333,0.781738404967626,False,0.6717321747330841
042_GHL_id_11_Sensor_tr_50000_1st_150001.csv,11,inv_valve_act,post_train_normal,anomaly,148455,1546,0.03201643595702401,0.0,0.17604429143396716,-0.03201643595702401,0.18186580034055308,False,0.03201643595702397
042_GHL_id_11_Sensor_tr_50000_1st_150001.csv,11,limiter.y,post_train_normal,anomaly,148455,1546,282.5250735482239,288.0115019488622,6.995852909889079,5.486428400638317,0.7842401021443582,False,0.6717321747330841
042_GHL_id_11_Sensor_tr_50000_1st_150001.csv,11,inj_valve_act,post_train_normal,anomaly,148455,1546,0.11195985315415445,0.0,0.3153181158304841,-0.11195985315415445,0.35506952354854354,False,0.11195985315415447
042_GHL_id_11_Sensor_tr_50000_1st_150001.csv,11,Relaxing.active,post_train_normal,anomaly,148455,1546,0.1367148294095854,0.0,0.3435472017772774,-0.1367148294095854,0.3979506417235149,False,0.13671482940958535
042_GHL_id_11_Sensor_tr_50000_1st_150001.csv,11,boundary.m_flow_in,post_train_normal,anomaly,148455,1546,2.2391970630830893,0.0,6.3063623166096825,-2.2391970630830893,0.35506952354854354,False,0.11195985315415447
042_GHL_id_11_Sensor_tr_50000_1st_150001.csv,11,dir_valve_act,post_train_normal,anomaly,148455,1546,0.029712707554477788,0.0,0.16979415998468542,-0.029712707554477788,0.17499251774712232,False,0.029712707554477746
042_GHL_id_11_Sensor_tr_50000_1st_150001.csv,11,dt_rand,post_train_normal,anomaly,148455,1546,0.05935228716946471,-0.12370280441465206,1.1656196726141614,-0.18305509158411676,0.1570453003539096,False,0.3184953925824087
042_GHL_id_11_Sensor_tr_50000_1st_150001.csv,11,C_level,post_train_normal,anomaly,148455,1546,1.0811656717432914,1.2982735402506143,0.3855551817405118,0.2171078685073229,0.563104527676772,False,0.6280286955643124
042_GHL_id_11_Sensor_tr_50000_1st_150001.csv,11,HT_temperature.T,post_train_normal,anomaly,148455,1546,322.40459698209463,328.62218359864426,9.720777163504216,6.2175866165496245,0.6396182642569973,False,0.5560120600529569
042_GHL_id_11_Sensor_tr_50000_1st_150001.csv,11,heater_act,post_train_normal,anomaly,148455,1546,0.6482772557340608,1.0,0.4775095720031043,0.3517227442659392,0.7365773690996348,False,0.3517227442659392
042_GHL_id_11_Sensor_tr_50000_1st_150001.csv,11,HT_level,post_train_normal,anomaly,148455,1546,0.43957716495809274,0.600000023842,0.22782616439297226,0.16042285888390728,0.7041458969883612,False,0.3517025361220572
042_GHL_id_11_Sensor_tr_50000_1st_150001.csv,11,limiter1.y,post_train_normal,anomaly,148455,1546,100.59352285269593,98.76297300066048,11.656196785813322,-1.8305498520354462,0.15704520828469506,False,0.3184953925824087
042_GHL_id_11_Sensor_tr_50000_1st_150001.csv,11,dL_rand,post_train_normal,anomaly,148455,1546,-0.07484390177089455,0.5011508841295388,0.7368127013336218,0.5759947859004333,0.781738404967626,False,0.6717321747330841
043_GHL_id_12_Sensor_tr_39938_1st_40038.csv,12,RT_level_ini,post_train_normal,anomaly,159012,1051,2.150673617327845,2.70000004768,0.4888657229890409,0.549326430352155,1.1236754890349911,False,0.8020275199356024
043_GHL_id_12_Sensor_tr_39938_1st_40038.csv,12,RT_temperature.T,post_train_normal,anomaly,159012,1051,313.12608906599104,327.90902710000006,12.54096483587985,14.782938034009021,1.1787719866429145,False,0.8530614041707544
043_GHL_id_12_Sensor_tr_39938_1st_40038.csv,12,C_temperature.T,post_train_normal,anomaly,159012,1051,329.9358246518586,328.4535827640001,0.2108882868701418,-1.4822418878584926,7.028564316477232,False,0.9986353231202677
043_GHL_id_12_Sensor_tr_39938_1st_40038.csv,12,RT_level,post_train_normal,anomaly,159012,1051,1.6831441031305179,2.20000004768,0.5674555928769374,0.5168559445494822,0.9108306465517055,False,0.7626468442633261
043_GHL_id_12_Sensor_tr_39938_1st_40038.csv,12,out_valve_act,post_train_normal,anomaly,159012,1051,0.029293386662641814,0.0,0.16862817969238805,-0.029293386662641814,0.1737158446238279,False,0.029293386662641807
043_GHL_id_12_Sensor_tr_39938_1st_40038.csv,12,dT_rand,post_train_normal,anomaly,159012,1051,-0.08036544811906153,1.2014527320900001,1.102658662162145,1.2818181802090616,1.162479581573877,False,0.9028249440293814
043_GHL_id_12_Sensor_tr_39938_1st_40038.csv,12,inv_valve_act,post_train_normal,anomaly,159012,1051,0.03224284959625689,0.0,0.17664496731987145,-0.03224284959625689,0.1825291152386529,False,0.032242849596256895
043_GHL_id_12_Sensor_tr_39938_1st_40038.csv,12,limiter.y,post_train_normal,anomaly,159012,1051,283.7687897321566,295.014526367,8.783038027515461,11.245736634843354,1.2803925702715577,False,0.9028249440293814
043_GHL_id_12_Sensor_tr_39938_1st_40038.csv,12,inj_valve_act,post_train_normal,anomaly,159012,1051,0.11478378990264886,0.0,0.3187618397503316,-0.11478378990264886,0.36009263214364867,False,0.11478378990264881
043_GHL_id_12_Sensor_tr_39938_1st_40038.csv,12,Relaxing.active,post_train_normal,anomaly,159012,1051,0.13929137423590673,0.0,0.3462514133803541,-0.13929137423590673,0.4022839152511889,False,0.13929137423590676
043_GHL_id_12_Sensor_tr_39938_1st_40038.csv,12,boundary.m_flow_in,post_train_normal,anomaly,159012,1051,2.295675798052977,0.0,6.375236795006633,-2.295675798052977,0.36009263214364867,False,0.11478378990264881
043_GHL_id_12_Sensor_tr_39938_1st_40038.csv,12,dir_valve_act,post_train_normal,anomaly,159012,1051,0.030117223857318944,0.0,0.17091038699722552,-0.030117223857318944,0.17621646282860418,False,0.030117223857318964
043_GHL_id_12_Sensor_tr_39938_1st_40038.csv,12,dt_rand,post_train_normal,anomaly,159012,1051,0.14385352236389506,-1.9152500629399998,0.997167101360293,-2.059103585303895,2.0649533889505114,False,0.9791776721253742
043_GHL_id_12_Sensor_tr_39938_1st_40038.csv,12,C_level,post_train_normal,anomaly,159012,1051,1.0784085886203532,0.29502049088499993,0.4096895679443739,-0.7833880977353532,1.9121504647189813,False,0.9986353231202677
043_GHL_id_12_Sensor_tr_39938_1st_40038.csv,12,HT_temperature.T,post_train_normal,anomaly,159012,1051,322.4803492011314,341.15519103133204,9.648870216033062,18.67484183020065,1.935443364049976,False,0.8192882617719125
043_GHL_id_12_Sensor_tr_39938_1st_40038.csv,12,heater_act,post_train_normal,anomaly,159012,1051,0.639178175232058,1.0,0.48024044596256893,0.360821824767942,0.7513357689911551,False,0.36082182476794206
043_GHL_id_12_Sensor_tr_39938_1st_40038.csv,12,HT_level,post_train_normal,anomaly,159012,1051,0.4351827326059708,0.600000023842,0.22945244777573123,0.16481729123602923,0.7183069644004105,False,0.3608155359343949
043_GHL_id_12_Sensor_tr_39938_1st_40038.csv,12,limiter1.y,post_train_normal,anomaly,159012,1051,101.43853525008912,80.8474960327,9.971670696480745,-20.591039217389124,2.0649537920116257,False,0.9791776721253742
043_GHL_id_12_Sensor_tr_39938_1st_40038.csv,12,dL_rand,post_train_normal,anomaly,159012,1051,-0.08036544811906153,1.2014527320900001,1.102658662162145,1.2818181802090616,1.162479581573877,False,0.9028249440293814
044_GHL_id_13_Sensor_tr_50000_1st_145001.csv,13,RT_level_ini,post_train_normal,anomaly,148152,1849,2.328807222436193,2.70000004768,0.3546520202883491,0.37119282524380726,1.046639533991685,False,0.8009476753604406
044_GHL_id_13_Sensor_tr_50000_1st_145001.csv,13,RT_temperature.T,post_train_normal,anomaly,148152,1849,313.82330619075526,309.26737825014595,12.146591841202364,-4.555927940609308,0.3750787052179673,False,0.48699983800421187
044_GHL_id_13_Sensor_tr_50000_1st_145001.csv,13,C_temperature.T,post_train_normal,anomaly,148152,1849,329.7559142437402,329.91333007800006,0.2768308381301478,0.15741583425983663,0.5686354718394125,False,0.6223405691452022
044_GHL_id_13_Sensor_tr_50000_1st_145001.csv,13,RT_level,post_train_normal,anomaly,148152,1849,1.844120455612383,2.20000004768,0.4948592247732031,0.3558795920676172,0.7191531939830341,False,0.7225889626869701
044_GHL_id_13_Sensor_tr_50000_1st_145001.csv,13,out_valve_act,post_train_normal,anomaly,148152,1849,0.03015146606188239,0.0,0.17100453952541506,-0.03015146606188239,0.17631968218832703,False,0.030151466061882348
044_GHL_id_13_Sensor_tr_50000_1st_145001.csv,13,dT_rand,post_train_normal,anomaly,148152,1849,0.29622384446355227,1.0437940359100002,0.8575938992948972,0.7475701914464479,0.8717065175732833,False,0.8452805227064096
044_GHL_id_13_Sensor_tr_50000_1st_145001.csv,13,inv_valve_act,post_train_normal,anomaly,148152,1849,0.033371132350558885,0.0,0.17960433627875788,-0.033371132350558885,0.1858036005253496,False,0.033371132350558885
044_GHL_id_13_Sensor_tr_50000_1st_145001.csv,13,limiter.y,post_train_normal,anomaly,148152,1849,286.4027672747743,293.4379272460001,7.713898320963204,7.035159971225767,0.9120109805060684,False,0.8452805227064096
044_GHL_id_13_Sensor_tr_50000_1st_145001.csv,13,inj_valve_act,post_train_normal,anomaly,148152,1849,0.12205707651601058,0.0,0.3273528217362592,-0.12205707651601058,0.3728609268392048,False,0.12205707651601061
044_GHL_id_13_Sensor_tr_50000_1st_145001.csv,13,Relaxing.active,post_train_normal,anomaly,148152,1849,0.14286003563907337,0.0,0.3499312395098856,-0.14286003563907337,0.40825173493845085,False,0.14286003563907335
044_GHL_id_13_Sensor_tr_50000_1st_145001.csv,13,boundary.m_flow_in,post_train_normal,anomaly,148152,1849,2.4411415303202117,0.0,6.547056434725183,-2.4411415303202117,0.3728609268392048,False,0.12205707651601061
044_GHL_id_13_Sensor_tr_50000_1st_145001.csv,13,dir_valve_act,post_train_normal,anomaly,148152,1849,0.030974944651439063,0.0,0.17325039698652095,-0.030974944651439063,0.17878714964127293,False,0.030974944651439018
044_GHL_id_13_Sensor_tr_50000_1st_145001.csv,13,dt_rand,post_train_normal,anomaly,148152,1849,0.07912704902516075,-0.8071120723374061,1.020048456085841,-0.8862391213625669,0.8688206095260111,False,0.5773357510335884
044_GHL_id_13_Sensor_tr_50000_1st_145001.csv,13,C_level,post_train_normal,anomaly,148152,1849,1.10868919610113,1.3044904470399996,0.41026536786564377,0.19580125093886958,0.477255128692685,False,0.6223405691452022
044_GHL_id_13_Sensor_tr_50000_1st_145001.csv,13,HT_temperature.T,post_train_normal,anomaly,148152,1849,322.4262910329278,335.6021993584532,9.850387085946675,13.175908325525427,1.3376031023515003,False,0.5620156535475778
044_GHL_id_13_Sensor_tr_50000_1st_145001.csv,13,heater_act,post_train_normal,anomaly,148152,1849,0.62708569577191,1.0,0.4835812283185312,0.37291430422809,0.7711513234803529,False,0.3729143042280901
044_GHL_id_13_Sensor_tr_50000_1st_145001.csv,13,HT_level,post_train_normal,anomaly,148152,1849,0.4296325523151534,0.600000023842,0.23125733460154513,0.17036747152684661,0.7367008351124891,False,0.3729008045790809
044_GHL_id_13_Sensor_tr_50000_1st_145001.csv,13,limiter1.y,post_train_normal,anomaly,148152,1849,100.7912703305424,91.92888066581432,10.200484197704512,-8.862389664728084,0.8688204886119476,False,0.5773357510335884
044_GHL_id_13_Sensor_tr_50000_1st_145001.csv,13,dL_rand,post_train_normal,anomaly,148152,1849,0.29622384446355227,1.0437940359100002,0.8575938992948972,0.7475701914464479,0.8717065175732833,False,0.8452805227064096
045_GHL_id_14_Sensor_tr_50000_1st_85076.csv,14,RT_level_ini,post_train_normal,anomaly,148230,1771,2.184336294471796,1.1742836236999996,0.44636103360345164,-1.0100526707717963,2.262860318737253,False,0.9537070768400459
045_GHL_id_14_Sensor_tr_50000_1st_85076.csv,14,RT_temperature.T,post_train_normal,anomaly,148230,1771,312.77833074052637,315.7809275751739,12.491092579014623,3.002596834647534,0.2403790393557709,False,0.47305538689873844
045_GHL_id_14_Sensor_tr_50000_1st_85076.csv,14,C_temperature.T,post_train_normal,anomaly,148230,1771,329.76898860139215,329.54486084000007,0.30271092312719144,-0.2241277613920829,0.740401961966566,False,0.7615462456992512
045_GHL_id_14_Sensor_tr_50000_1st_85076.csv,14,RT_level,post_train_normal,anomaly,148230,1771,1.7228098666108027,0.6742835640909999,0.5307887587286468,-1.0485263025198028,1.9754116591151039,False,0.9478040882412467
045_GHL_id_14_Sensor_tr_50000_1st_85076.csv,14,out_valve_act,post_train_normal,anomaly,148230,1771,0.02797004654928152,0.0,0.16488755702703364,-0.02797004654928152,0.16963103252658282,False,0.02797004654928148
045_GHL_id_14_Sensor_tr_50000_1st_85076.csv,14,dT_rand,post_train_normal,anomaly,148230,1771,-0.03563414228138459,-2.151432752609999,0.9391370226106402,-2.1157986103286146,2.252917901635968,False,0.9630506645078594
045_GHL_id_14_Sensor_tr_50000_1st_85076.csv,14,inv_valve_act,post_train_normal,anomaly,148230,1771,0.032523780611212305,0.0,0.17738713759883645,-0.032523780611212305,0.18334914837379754,False,0.032523780611212305
045_GHL_id_14_Sensor_tr_50000_1st_85076.csv,14,limiter.y,post_train_normal,anomaly,148230,1771,283.750749677077,274.0,7.614672309190149,-9.75074967707701,1.2805212465031266,False,0.8130540376442016
045_GHL_id_14_Sensor_tr_50000_1st_85076.csv,14,inj_valve_act,post_train_normal,anomaly,148230,1771,0.11254132092019159,0.0,0.3160323492927079,-0.11254132092019159,0.35610696554344273,False,0.11254132092019165
045_GHL_id_14_Sensor_tr_50000_1st_85076.csv,14,Relaxing.active,post_train_normal,anomaly,148230,1771,0.13739458948930716,0.0,0.3442646014679688,-0.13739458948930716,0.3990958957251104,False,0.13739458948930716
045_GHL_id_14_Sensor_tr_50000_1st_85076.csv,14,boundary.m_flow_in,post_train_normal,anomaly,148230,1771,2.250826418403832,0.0,6.320646985854158,-2.250826418403832,0.35610696554344273,False,0.11254132092019165
045_GHL_id_14_Sensor_tr_50000_1st_85076.csv,14,dir_valve_act,post_train_normal,anomaly,148230,1771,0.030034405990690145,0.0,0.1706825620370019,-0.030034405990690145,0.17596645862498272,False,0.030034405990690183
045_GHL_id_14_Sensor_tr_50000_1st_85076.csv,14,dt_rand,post_train_normal,anomaly,148230,1771,-0.09266386345443547,-0.8724723950653043,0.9694043057200388,-0.7798085316108688,0.8044203301032947,False,0.6909456221090022
045_GHL_id_14_Sensor_tr_50000_1st_85076.csv,14,C_level,post_train_normal,anomaly,148230,1771,1.1064192841949152,0.7436330914500002,0.39465303195324397,-0.36278619274491497,0.9192535299916196,False,0.7615462456992512
045_GHL_id_14_Sensor_tr_50000_1st_85076.csv,14,HT_temperature.T,post_train_normal,anomaly,148230,1771,322.48707288361084,335.6918769547832,9.63235026785167,13.204804071172362,1.37088080312485,False,0.6333791058983107
045_GHL_id_14_Sensor_tr_50000_1st_85076.csv,14,heater_act,post_train_normal,anomaly,148230,1771,0.6453686838021993,1.0,0.4784030620570937,0.35463131619780075,0.7412814514040009,False,0.3546313161978007
045_GHL_id_14_Sensor_tr_50000_1st_85076.csv,14,HT_level,post_train_normal,anomaly,148230,1771,0.43833944899702626,0.600000023842,0.22823020395474652,0.16166057484497376,0.7083224395533021,False,0.35461782365243205
045_GHL_id_14_Sensor_tr_50000_1st_85076.csv,14,limiter1.y,post_train_normal,anomaly,148230,1771,99.07336153402129,91.27527319873911,9.694043434540271,-7.7980883352821735,0.8044206102375473,False,0.6909456221090022
045_GHL_id_14_Sensor_tr_50000_1st_85076.csv,14,dL_rand,post_train_normal,anomaly,148230,1771,-0.03563414228138459,-2.151432752609999,0.9391370226106402,-2.1157986103286146,2.252917901635968,False,0.9630506645078594
046_GHL_id_15_Sensor_tr_50000_1st_156462.csv,15,RT_level_ini,post_train_normal,anomaly,148762,1239,2.394674009682479,2.20178079605,0.3826247331579867,-0.19289321363247902,0.5041315861639111,False,0.6695190976190156
046_GHL_id_15_Sensor_tr_50000_1st_156462.csv,15,RT_temperature.T,post_train_normal,anomaly,148762,1239,313.6608118076366,294.294421573908,12.43313822658549,-19.366390233728623,1.5576429603523527,False,0.6163554073985
046_GHL_id_15_Sensor_tr_50000_1st_156462.csv,15,C_temperature.T,post_train_normal,anomaly,148762,1239,329.70906165769725,329.916137695,0.252744361955495,0.20707603730272695,0.8193102140857661,False,0.714980976324599
046_GHL_id_15_Sensor_tr_50000_1st_156462.csv,15,RT_level,post_train_normal,anomaly,148762,1239,1.8960140607432479,1.7445246273707442,0.520414802879981,-0.15148943337250365,0.2910936286480698,False,0.20650644888256597
046_GHL_id_15_Sensor_tr_50000_1st_156462.csv,15,out_valve_act,post_train_normal,anomaly,148762,1239,0.03120420537502857,0.0,0.1738697965639398,-0.03120420537502857,0.17946880937169193,False,0.03120420537502855
046_GHL_id_15_Sensor_tr_50000_1st_156462.csv,15,dT_rand,post_train_normal,anomaly,148762,1239,0.272259173783807,-1.58964812756,1.089202162731901,-1.861907301343807,1.7094230667646053,False,0.9257942216426238
046_GHL_id_15_Sensor_tr_50000_1st_156462.csv,15,inv_valve_act,post_train_normal,anomaly,148762,1239,0.03326790443796131,0.0,0.17933590595778323,-0.03326790443796131,0.1855060996306717,False,0.03326790443796135
046_GHL_id_15_Sensor_tr_50000_1st_156462.csv,15,limiter.y,post_train_normal,anomaly,148762,1239,286.42065272866756,274.0,9.888501608530815,-12.420652728667562,1.2560702541578452,False,0.8444764119869321
046_GHL_id_15_Sensor_tr_50000_1st_156462.csv,15,inj_valve_act,post_train_normal,anomaly,148762,1239,0.11506970866215835,1.0,0.31910712201772906,0.8849302913378416,2.7731449105315686,False,0.8849302913378416
046_GHL_id_15_Sensor_tr_50000_1st_156462.csv,15,Relaxing.active,post_train_normal,anomaly,148762,1239,0.13965259945416167,0.0,0.3466274059989318,-0.13965259945416167,0.402889664917586,False,0.13965259945416164
046_GHL_id_15_Sensor_tr_50000_1st_156462.csv,15,boundary.m_flow_in,post_train_normal,anomaly,148762,1239,2.301394173243167,20.0,6.382142440354581,17.698605826756832,2.7731449105315686,False,0.8849302913378416
046_GHL_id_15_Sensor_tr_50000_1st_156462.csv,15,dir_valve_act,post_train_normal,anomaly,148762,1239,0.030679877925814388,0.0,0.17244947934106508,-0.030679877925814388,0.17790646885710049,False,0.03067987792581439
046_GHL_id_15_Sensor_tr_50000_1st_156462.csv,15,dt_rand,post_train_normal,anomaly,148762,1239,-0.10593847647653883,1.7056185007099995,0.8540944307755094,1.8115569771865383,2.121026565577371,False,0.9775614740323469
046_GHL_id_15_Sensor_tr_50000_1st_156462.csv,15,C_level,post_train_normal,anomaly,148762,1239,1.1514759415471076,1.4787902832000002,0.4098954386160975,0.3273143416528925,0.7985313102238513,False,0.714980976324599
046_GHL_id_15_Sensor_tr_50000_1st_156462.csv,15,HT_temperature.T,post_train_normal,anomaly,148762,1239,322.45464693789233,303.97636363081523,9.830516256066941,-18.478283307077106,1.8796859519634244,False,0.7746601954800285
046_GHL_id_15_Sensor_tr_50000_1st_156462.csv,15,heater_act,post_train_normal,anomaly,148762,1239,0.6366814105752813,0.0,0.4809571155190914,-0.6366814105752813,1.3237800004021532,False,0.6366814105752814
046_GHL_id_15_Sensor_tr_50000_1st_156462.csv,15,HT_level,post_train_normal,anomaly,148762,1239,0.43432477861603364,0.10000000149000002,0.22962462041330706,-0.3343247771260336,1.4559622418722962,False,0.700629192939057
046_GHL_id_15_Sensor_tr_50000_1st_156462.csv,15,limiter1.y,post_train_normal,anomaly,148762,1239,98.94061537562528,117.056182861,8.54094442304596,18.11556748537471,2.1210262692371145,False,0.9775614740323469
046_GHL_id_15_Sensor_tr_50000_1st_156462.csv,15,dL_rand,post_train_normal,anomaly,148762,1239,0.272259173783807,-1.58964812756,1.089202162731901,-1.861907301343807,1.7094230667646053,False,0.9257942216426238
047_GHL_id_16_Sensor_tr_50000_1st_77001.csv,16,RT_level_ini,post_train_normal,anomaly,147273,2728,2.243603005420297,2.2305598258999995,0.3547808778021306,-0.013043179520297432,0.036764043206330616,False,0.5197490375017824
047_GHL_id_16_Sensor_tr_50000_1st_77001.csv,16,RT_temperature.T,post_train_normal,anomaly,147273,2728,313.22483142411176,302.2736891359018,12.561372342019709,-10.951142288209951,0.871810976542484,False,0.6152608827307429
047_GHL_id_16_Sensor_tr_50000_1st_77001.csv,16,C_temperature.T,post_train_normal,anomaly,147273,2728,329.7780316533405,329.565979004,0.24910532847267303,-0.21205264934053503,0.8512569788879377,False,0.7961337108634984
047_GHL_id_16_Sensor_tr_50000_1st_77001.csv,16,RT_level,post_train_normal,anomaly,147273,2728,1.7593123966486242,1.7305597066900003,0.4840506823377698,-0.0287526899586239,0.05940016408976016,False,0.5463119512741643
047_GHL_id_16_Sensor_tr_50000_1st_77001.csv,16,out_valve_act,post_train_normal,anomaly,147273,2728,0.02931290867979874,0.0,0.16868270589885861,-0.02931290867979874,0.173775423648792,False,0.029312908679798744
047_GHL_id_16_Sensor_tr_50000_1st_77001.csv,16,dT_rand,post_train_normal,anomaly,147273,2728,0.08584821766687402,-0.0388805828989,0.8584636413881764,-0.12472880056577401,0.14529304976047863,False,0.5205095299206236
047_GHL_id_16_Sensor_tr_50000_1st_77001.csv,16,inv_valve_act,post_train_normal,anomaly,147273,2728,0.033257963102537466,0.0,0.1793100368330207,-0.033257963102537466,0.18547742050551447,False,0.03325796310253748
047_GHL_id_16_Sensor_tr_50000_1st_77001.csv,16,limiter.y,post_train_normal,anomaly,147273,2728,284.42430649134667,282.61120605499997,7.657874816546612,-1.8131004363467014,0.2367628721782025,False,0.5205095299206236
047_GHL_id_16_Sensor_tr_50000_1st_77001.csv,16,inj_valve_act,post_train_normal,anomaly,147273,2728,0.11304855608292083,0.0,0.3166532186633938,-0.11304855608292083,0.35701060156629205,False,0.11304855608292086
047_GHL_id_16_Sensor_tr_50000_1st_77001.csv,16,Relaxing.active,post_train_normal,anomaly,147273,2728,0.141050973362395,0.0,0.348075306422956,-0.141050973362395,0.40523119784602024,False,0.14105097336239503
047_GHL_id_16_Sensor_tr_50000_1st_77001.csv,16,boundary.m_flow_in,post_train_normal,anomaly,147273,2728,2.2609711216584167,0.0,6.333064373267875,-2.2609711216584167,0.3570106015662921,False,0.11304855608292086
047_GHL_id_16_Sensor_tr_50000_1st_77001.csv,16,dir_valve_act,post_train_normal,anomaly,147273,2728,0.03084747373924616,0.0,0.17290491635883354,-0.03084747373924616,0.17840715225949788,False,0.030847473739246123
047_GHL_id_16_Sensor_tr_50000_1st_77001.csv,16,dt_rand,post_train_normal,anomaly,147273,2728,-0.054000309482500564,-0.7070991111550492,1.0000162917096327,-0.6530988016725486,0.6530881617498528,False,0.6923808165787347
047_GHL_id_16_Sensor_tr_50000_1st_77001.csv,16,C_level,post_train_normal,anomaly,147273,2728,1.1656988574294571,0.7529636621479997,0.3930389090444918,-0.4127351952814574,1.0501128152549803,False,0.7961337108634984
047_GHL_id_16_Sensor_tr_50000_1st_77001.csv,16,HT_temperature.T,post_train_normal,anomaly,147273,2728,322.5196262848213,336.5974021419399,9.77394315808576,14.077775857118581,1.4403373980615344,False,0.6310479502696261
047_GHL_id_16_Sensor_tr_50000_1st_77001.csv,16,heater_act,post_train_normal,anomaly,147273,2728,0.6389019032680804,1.0,0.48032054692698406,0.3610980967319196,0.7517856544804692,False,0.3610980967319196
047_GHL_id_16_Sensor_tr_50000_1st_77001.csv,16,HT_level,post_train_normal,anomaly,147273,2728,0.4354741853684827,0.600000023842,0.229184144899028,0.16452583847351732,0.7178761800734632,False,0.3610845165101546
047_GHL_id_16_Sensor_tr_50000_1st_77001.csv,16,limiter1.y,post_train_normal,anomaly,147273,2728,99.45999708673678,92.92900792455066,10.00016277894533,-6.530989162186117,0.6530882853163826,False,0.6923808165787347
047_GHL_id_16_Sensor_tr_50000_1st_77001.csv,16,dL_rand,post_train_normal,anomaly,147273,2728,0.08584821766687402,-0.0388805828989,0.8584636413881764,-0.12472880056577401,0.14529304976047863,False,0.5205095299206236
048_GHL_id_17_Sensor_tr_50000_1st_154001.csv,17,RT_level_ini,post_train_normal,anomaly,146418,3583,2.2808027835360356,2.15058588982,0.3929124434621924,-0.13021689371603573,0.33141453237931295,False,0.6590378232184567
048_GHL_id_17_Sensor_tr_50000_1st_154001.csv,17,RT_temperature.T,post_train_normal,anomaly,146418,3583,313.18023192440944,313.4299057991995,12.420327298195433,0.2496738747900622,0.02010203666906086,False,0.2790597492113912
048_GHL_id_17_Sensor_tr_50000_1st_154001.csv,17,C_temperature.T,post_train_normal,anomaly,146418,3583,329.7387622624494,329.950134277,0.28230967345417557,0.21137201455059085,0.7487239525460352,False,0.6898195577046538
048_GHL_id_17_Sensor_tr_50000_1st_154001.csv,17,RT_level,post_train_normal,anomaly,146418,3583,1.7999156787345487,1.6505860090300004,0.5150799227443342,-0.1493296697045483,0.289915531766261,False,0.6564698329440369
048_GHL_id_17_Sensor_tr_50000_1st_154001.csv,17,out_valve_act,post_train_normal,anomaly,146418,3583,0.02942261197393763,0.0,0.16898851119784042,-0.02942261197393763,0.174110131898207,False,0.029422611973937585
048_GHL_id_17_Sensor_tr_50000_1st_154001.csv,17,dT_rand,post_train_normal,anomaly,146418,3583,0.1999419173757166,-0.198828086257,0.9548667419054354,-0.3987700036327166,0.4176184865722431,False,0.6723148793181166
048_GHL_id_17_Sensor_tr_50000_1st_154001.csv,17,inv_valve_act,post_train_normal,anomaly,146418,3583,0.0327965140897977,0.0,0.17810423745950363,-0.0327965140897977,0.1841422447753653,False,0.03279651408979767
048_GHL_id_17_Sensor_tr_50000_1st_154001.csv,17,limiter.y,post_train_normal,anomaly,146418,3583,285.4649686098541,281.01171875,8.856672903024185,-4.453249859854111,0.5028129534210879,False,0.6723148793181166
048_GHL_id_17_Sensor_tr_50000_1st_154001.csv,17,inj_valve_act,post_train_normal,anomaly,146418,3583,0.11820267999836086,0.0,0.3228490642946996,-0.11820267999836086,0.3661236567514545,False,0.11820267999836087
048_GHL_id_17_Sensor_tr_50000_1st_154001.csv,17,Relaxing.active,post_train_normal,anomaly,146418,3583,0.1411779972407764,0.0,0.348206258456139,-0.1411779972407764,0.40544359503107424,False,0.1411779972407764
048_GHL_id_17_Sensor_tr_50000_1st_154001.csv,17,boundary.m_flow_in,post_train_normal,anomaly,146418,3583,2.364053599967217,0.0,6.456981285893992,-2.364053599967217,0.3661236567514545,False,0.11820267999836087
048_GHL_id_17_Sensor_tr_50000_1st_154001.csv,17,dir_valve_act,post_train_normal,anomaly,146418,3583,0.03034462975863623,0.0,0.17153435271857162,-0.03034462975863623,0.17690118205314387,False,0.030344629758636277
048_GHL_id_17_Sensor_tr_50000_1st_154001.csv,17,dt_rand,post_train_normal,anomaly,146418,3583,0.05411537120340823,0.5043496310026175,0.966324381180503,0.4502342597992093,0.46592455759957535,False,0.5676670492438605
048_GHL_id_17_Sensor_tr_50000_1st_154001.csv,17,C_level,post_train_normal,anomaly,146418,3583,1.0920470651529615,1.38622546196,0.4095429828491588,0.2941783968070386,0.718308966644874,False,0.6898195577046538
048_GHL_id_17_Sensor_tr_50000_1st_154001.csv,17,HT_temperature.T,post_train_normal,anomaly,146418,3583,322.39863201897435,339.26061665915154,9.865405472153741,16.861984640177184,1.7092034065677386,False,0.7325350888187496
048_GHL_id_17_Sensor_tr_50000_1st_154001.csv,17,heater_act,post_train_normal,anomaly,146418,3583,0.6343960442022156,1.0,0.4816007551829429,0.3656039557977844,0.7591432361000027,False,0.36560395579778443
048_GHL_id_17_Sensor_tr_50000_1st_154001.csv,17,HT_level,post_train_normal,anomaly,146418,3583,0.43295822852405985,0.600000023842,0.23019638156803882,0.16704179531794017,0.7256490922233192,False,0.36560395579778443
048_GHL_id_17_Sensor_tr_50000_1st_154001.csv,17,limiter1.y,post_train_normal,anomaly,146418,3583,100.54115383468982,105.0434956127273,9.663243958856745,4.502341778037476,0.46592446565637013,False,0.5676670492438605
048_GHL_id_17_Sensor_tr_50000_1st_154001.csv,17,dL_rand,post_train_normal,anomaly,146418,3583,0.1999419173757166,-0.198828086257,0.9548667419054354,-0.3987700036327166,0.4176184865722431,False,0.6723148793181166
049_GHL_id_18_Sensor_tr_50000_1st_109001.csv,18,RT_level_ini,post_train_normal,anomaly,144452,5549,2.3019450219654405,2.40416431427,0.4132306919927317,0.1022192923045595,0.24736616685373755,False,0.5213288843352809
049_GHL_id_18_Sensor_tr_50000_1st_109001.csv,18,RT_temperature.T,post_train_normal,anomaly,144452,5549,313.2807357414648,309.02459212503027,12.065366671908347,-4.256143616434542,0.3527570882983666,False,0.25991332761055574
049_GHL_id_18_Sensor_tr_50000_1st_109001.csv,18,C_temperature.T,post_train_normal,anomaly,144452,5549,329.76760476081625,329.785369873,0.2242258224708097,0.01776511218372434,0.07922866326440636,False,0.5876069559438429
049_GHL_id_18_Sensor_tr_50000_1st_109001.csv,18,RT_level,post_train_normal,anomaly,144452,5549,1.819348816815555,1.9041641950599997,0.5254194847898539,0.08481537824444474,0.1614241205355515,False,0.49982000941489213
049_GHL_id_18_Sensor_tr_50000_1st_109001.csv,18,out_valve_act,post_train_normal,anomaly,144452,5549,0.029712291972419903,0.0,0.16979302476178998,-0.029712291972419903,0.17499124015314863,False,0.02971229197241987
049_GHL_id_18_Sensor_tr_50000_1st_109001.csv,18,dT_rand,post_train_normal,anomaly,144452,5549,0.13844534547388462,0.308328509331,0.8466178559548028,0.16988316385711535,0.20066097432533325,False,0.5142607925123917
049_GHL_id_18_Sensor_tr_50000_1st_109001.csv,18,inv_valve_act,post_train_normal,anomaly,144452,5549,0.033090576800598126,0.0,0.17887373207232993,-0.033090576800598126,0.18499405372286593,False,0.033090576800598126
049_GHL_id_18_Sensor_tr_50000_1st_109001.csv,18,limiter.y,post_train_normal,anomaly,144452,5549,285.3576238959383,286.083282471,6.19391700806203,0.7256585750617432,0.11715665129468522,False,0.5142607925123917
049_GHL_id_18_Sensor_tr_50000_1st_109001.csv,18,inj_valve_act,post_train_normal,anomaly,144452,5549,0.11795613767895217,0.0,0.32255729339804123,-0.11795613767895217,0.365690499310435,False,0.11795613767895219
049_GHL_id_18_Sensor_tr_50000_1st_109001.csv,18,Relaxing.active,post_train_normal,anomaly,144452,5549,0.13934040373272782,0.0,0.34630259287257054,-0.13934040373272782,0.40236604230104944,False,0.13934040373272782
049_GHL_id_18_Sensor_tr_50000_1st_109001.csv,18,boundary.m_flow_in,post_train_normal,anomaly,144452,5549,2.3591227535790438,0.0,6.451145867960825,-2.3591227535790438,0.365690499310435,False,0.11795613767895219
049_GHL_id_18_Sensor_tr_50000_1st_109001.csv,18,dir_valve_act,post_train_normal,anomaly,144452,5549,0.030536095035028937,0.0,0.17205768472820346,-0.030536095035028937,0.17747591502969645,False,0.030536095035028965
049_GHL_id_18_Sensor_tr_50000_1st_109001.csv,18,dt_rand,post_train_normal,anomaly,144452,5549,-0.06942890977801786,0.46900979185826536,0.9516842206515694,0.5384387016362833,0.5657745394450713,False,0.43808323872289756
049_GHL_id_18_Sensor_tr_50000_1st_109001.csv,18,C_level,post_train_normal,anomaly,144452,5549,1.16233189464667,1.00982916355,0.4084290719403847,-0.15250273109667,0.37338853077268136,False,0.5876069559438429
049_GHL_id_18_Sensor_tr_50000_1st_109001.csv,18,HT_temperature.T,post_train_normal,anomaly,144452,5549,322.5481209281044,336.08274545152796,9.7858225201507,13.534624523423531,1.3830850187149213,False,0.6170404891911409
049_GHL_id_18_Sensor_tr_50000_1st_109001.csv,18,heater_act,post_train_normal,anomaly,144452,5549,0.6355190651565918,1.0,0.4812859716741626,0.36448093484340816,0.7573063756160483,False,0.3644809348434082
049_GHL_id_18_Sensor_tr_50000_1st_109001.csv,18,HT_level,post_train_normal,anomaly,144452,5549,0.4336814686505013,0.600000023842,0.22990105161508848,0.16631855519149874,0.7234353824094609,False,0.36447401212859637
049_GHL_id_18_Sensor_tr_50000_1st_109001.csv,18,limiter1.y,post_train_normal,anomaly,144452,5549,99.30571107030102,104.69009975228323,9.516842209277216,5.384388681982216,0.5657747142989722,False,0.43808323872289756
049_GHL_id_18_Sensor_tr_50000_1st_109001.csv,18,dL_rand,post_train_normal,anomaly,144452,5549,0.13844534547388462,0.308328509331,0.8466178559548028,0.16988316385711535,0.20066097432533325,False,0.5142607925123917
050_GHL_id_19_Sensor_tr_43750_1st_55001.csv,19,RT_level_ini,post_train_normal,anomaly,130122,1129,2.1890850238818786,1.0,0.4082907297344423,-1.1890850238818786,2.912348817361774,False,0.9789735786415825
050_GHL_id_19_Sensor_tr_43750_1st_55001.csv,19,RT_temperature.T,post_train_normal,anomaly,130122,1129,311.98836388164113,298.7323444863082,12.987177789747845,-13.256019395332942,1.0207005409441088,False,0.5251748345618119
050_GHL_id_19_Sensor_tr_43750_1st_55001.csv,19,C_temperature.T,post_train_normal,anomaly,130122,1129,329.8326033193958,329.59548950199996,0.1697253219556023,-0.23711381739582293,1.3970444401799307,False,0.8421020273281997
050_GHL_id_19_Sensor_tr_43750_1st_55001.csv,19,RT_level,post_train_normal,anomaly,130122,1129,1.7156577410549785,1.856866970275542,0.507712658408635,0.14120922922056356,0.2781282421895233,False,0.21245567745383154
050_GHL_id_19_Sensor_tr_43750_1st_55001.csv,19,out_valve_act,post_train_normal,anomaly,130122,1129,0.026352192557753493,0.0,0.1601809966536677,-0.026352192557753493,0.16451509922072957,False,0.02635219255775345
050_GHL_id_19_Sensor_tr_43750_1st_55001.csv,19,dT_rand,post_train_normal,anomaly,130122,1129,-0.23514959928979595,0.11243019252999999,0.7122073298019972,0.3475797918197959,0.4880317532205511,False,0.6710318009252855
050_GHL_id_19_Sensor_tr_43750_1st_55001.csv,19,inv_valve_act,post_train_normal,anomaly,130122,1129,0.032016107960221946,0.0,0.17604350303978084,-0.032016107960221946,0.18186475165168245,False,0.03201610796022192
050_GHL_id_19_Sensor_tr_43750_1st_55001.csv,19,limiter.y,post_train_normal,anomaly,130122,1129,281.2554679192278,284.12429809599996,5.819552726766485,2.868830176772178,0.4929640320255651,False,0.6710318009252855
050_GHL_id_19_Sensor_tr_43750_1st_55001.csv,19,inj_valve_act,post_train_normal,anomaly,130122,1129,0.09713192234979481,1.0,0.2961384574448714,0.9028680776502052,3.0488038785650846,False,0.9028680776502052
050_GHL_id_19_Sensor_tr_43750_1st_55001.csv,19,Relaxing.active,post_train_normal,anomaly,130122,1129,0.13809348150197506,0.0,0.34499940084579356,-0.13809348150197506,0.400271656018613,False,0.1380934815019751
050_GHL_id_19_Sensor_tr_43750_1st_55001.csv,19,boundary.m_flow_in,post_train_normal,anomaly,130122,1129,1.9426384469958962,20.0,5.922769148897429,18.057361553004103,3.0488038785650837,False,0.9028680776502052
050_GHL_id_19_Sensor_tr_43750_1st_55001.csv,19,dir_valve_act,post_train_normal,anomaly,130122,1129,0.029895021595118428,0.0,0.17029836217207395,-0.029895021595118428,0.17554497420774787,False,0.029895021595118476
050_GHL_id_19_Sensor_tr_43750_1st_55001.csv,19,dt_rand,post_train_normal,anomaly,130122,1129,0.10476551918357369,-1.94714188576,1.1767609541550852,-2.0519074049435737,1.7436909320439204,False,0.9708581177664038
050_GHL_id_19_Sensor_tr_43750_1st_55001.csv,19,C_level,post_train_normal,anomaly,130122,1129,1.1318726481524501,0.6823465824130001,0.33139594324186916,-0.4495260657394501,1.3564621864165782,False,0.8421020273281997
050_GHL_id_19_Sensor_tr_43750_1st_55001.csv,19,HT_temperature.T,post_train_normal,anomaly,130122,1129,322.4231430623377,305.8145822232675,9.651521171154771,-16.608560839070208,1.7208231266909246,False,0.7303761085750295
050_GHL_id_19_Sensor_tr_43750_1st_55001.csv,19,heater_act,post_train_normal,anomaly,130122,1129,0.6634466116413827,0.0,0.4725324551015195,-0.6634466116413827,1.4040233733762204,False,0.6634466116413826
050_GHL_id_19_Sensor_tr_43750_1st_55001.csv,19,HT_level,post_train_normal,anomaly,130122,1129,0.4472283218802376,0.10000000148999999,0.22464977689454077,-0.3472283203902376,1.5456428454555728,False,0.7253577411967231
050_GHL_id_19_Sensor_tr_43750_1st_55001.csv,19,limiter1.y,post_train_normal,anomaly,130122,1129,101.04765493691461,80.5285797119,11.767609613334567,-20.519075225014618,1.7436910213067616,False,0.9708581177664038
050_GHL_id_19_Sensor_tr_43750_1st_55001.csv,19,dL_rand,post_train_normal,anomaly,130122,1129,-0.23514959928979595,0.11243019252999999,0.7122073298019972,0.3475797918197959,0.4880317532205511,False,0.6710318009252855
051_GHL_id_20_Sensor_tr_50000_1st_75110.csv,20,RT_level_ini,post_train_normal,anomaly,148810,1191,2.1362313032183264,1.9691991806,0.3659369759159989,-0.16703212261832645,0.45645051910979556,False,0.6571601370875613
051_GHL_id_20_Sensor_tr_50000_1st_75110.csv,20,RT_temperature.T,post_train_normal,anomaly,148810,1191,312.5756882426395,323.14959716800007,12.807895681880462,10.57390892536057,0.8255773772673407,False,0.7187285800685438
051_GHL_id_20_Sensor_tr_50000_1st_75110.csv,20,C_temperature.T,post_train_normal,anomaly,148810,1191,329.80973528661605,329.54086303700007,0.2412590154746698,-0.2688722496159812,1.1144547244669105,False,0.830374302802231
051_GHL_id_20_Sensor_tr_50000_1st_75110.csv,20,RT_level,post_train_normal,anomaly,148810,1191,1.6697829087441347,1.4691991806000002,0.4759755231581774,-0.2005837281441345,0.42141605688718575,False,0.6688730596062092
051_GHL_id_20_Sensor_tr_50000_1st_75110.csv,20,out_valve_act,post_train_normal,anomaly,148810,1191,0.02817686983401653,0.0,0.165478451329279,-0.02817686983401653,0.17027516034669973,False,0.02817686983401657
051_GHL_id_20_Sensor_tr_50000_1st_75110.csv,20,dT_rand,post_train_normal,anomaly,148810,1191,-0.13209364322786044,-0.5616016387940002,0.8591934986574251,-0.4295079955661397,0.4998967010775669,False,0.6695383374773201
051_GHL_id_20_Sensor_tr_50000_1st_75110.csv,20,inv_valve_act,post_train_normal,anomaly,148810,1191,0.03241717626503595,0.0,0.17710593928588422,-0.03241717626503595,0.1830383351103103,False,0.03241717626503593
051_GHL_id_20_Sensor_tr_50000_1st_75110.csv,20,limiter.y,post_train_normal,anomaly,148810,1191,282.3031622256946,277.38397216800007,7.793550707161983,-4.91919005769455,0.6311872781136841,False,0.6695383374773201
051_GHL_id_20_Sensor_tr_50000_1st_75110.csv,20,inj_valve_act,post_train_normal,anomaly,148810,1191,0.10801021436731402,0.0,0.3103943546420478,-0.10801021436731402,0.3479773802325538,False,0.10801021436731406
051_GHL_id_20_Sensor_tr_50000_1st_75110.csv,20,Relaxing.active,post_train_normal,anomaly,148810,1191,0.138868355621262,0.0,0.3458102645023474,-0.138868355621262,0.40157383940325275,False,0.13886835562126199
051_GHL_id_20_Sensor_tr_50000_1st_75110.csv,20,boundary.m_flow_in,post_train_normal,anomaly,148810,1191,2.1602042873462803,0.0,6.207887092840955,-2.1602042873462803,0.34797738023255387,False,0.10801021436731406
051_GHL_id_20_Sensor_tr_50000_1st_75110.csv,20,dir_valve_act,post_train_normal,anomaly,148810,1191,0.029924064242994423,0.0,0.17037843083897816,-0.029924064242994423,0.17563293719540804,False,0.02992406424299443
051_GHL_id_20_Sensor_tr_50000_1st_75110.csv,20,dt_rand,post_train_normal,anomaly,148810,1191,0.17580135123077245,0.19296853244299994,0.8623943500887461,0.01716718121222749,0.019906416606812038,False,0.5055977420872253
051_GHL_id_20_Sensor_tr_50000_1st_75110.csv,20,C_level,post_train_normal,anomaly,148810,1191,1.115238850033521,0.650573790073,0.3777110369275749,-0.4646650599605211,1.230213084955787,False,0.830374302802231
051_GHL_id_20_Sensor_tr_50000_1st_75110.csv,20,HT_temperature.T,post_train_normal,anomaly,148810,1191,322.53837847845625,339.3335272775298,9.63001747860333,16.79514879907356,1.744041361959128,False,0.7224642223210377
051_GHL_id_20_Sensor_tr_50000_1st_75110.csv,20,heater_act,post_train_normal,anomaly,148810,1191,0.6484913648276326,1.0,0.47744302948428613,0.3515086351723674,0.73623157835617,False,0.35150863517236747
051_GHL_id_20_Sensor_tr_50000_1st_75110.csv,20,HT_level,post_train_normal,anomaly,148810,1191,0.43983483650179156,0.600000023842,0.22766839462107907,0.16016518734020846,0.7035020719796444,False,0.35150863517236747
051_GHL_id_20_Sensor_tr_50000_1st_75110.csv,20,limiter1.y,post_train_normal,anomaly,148810,1191,101.75801366765013,101.9296875,8.623943706876748,0.17167383234986744,0.0199066503893079,False,0.5055977420872253
051_GHL_id_20_Sensor_tr_50000_1st_75110.csv,20,dL_rand,post_train_normal,anomaly,148810,1191,-0.13209364322786044,-0.5616016387940002,0.8591934986574251,-0.4295079955661397,0.4998967010775669,False,0.6695383374773201
052_GHL_id_21_Sensor_tr_50000_1st_98001.csv,21,RT_level_ini,post_train_normal,anomaly,149030,971,2.1935389105890315,1.9070329666099999,0.34216828927251197,-0.2865059439790316,0.8373246526969967,False,0.7083137623297322
052_GHL_id_21_Sensor_tr_50000_1st_98001.csv,21,RT_temperature.T,post_train_normal,anomaly,149030,971,313.047787396748,301.4880676270001,12.751519825888348,-11.559719769747915,0.9065366268167642,False,0.7992551835200966
052_GHL_id_21_Sensor_tr_50000_1st_98001.csv,21,C_temperature.T,post_train_normal,anomaly,149030,971,329.77374332925393,329.6970520020001,0.2758316748939775,-0.07669132725385452,0.2780366949638133,False,0.6567805139904717
052_GHL_id_21_Sensor_tr_50000_1st_98001.csv,21,RT_level,post_train_normal,anomaly,149030,971,1.718186896917465,1.4070329666099999,0.462686967979199,-0.3111539303074651,0.672493395840476,False,0.7215325773334228
052_GHL_id_21_Sensor_tr_50000_1st_98001.csv,21,out_valve_act,post_train_normal,anomaly,149030,971,0.027705831040730055,0.0,0.16412921350357043,-0.027705831040730055,0.16880499485320052,False,0.0277058310407301
052_GHL_id_21_Sensor_tr_50000_1st_98001.csv,21,dT_rand,post_train_normal,anomaly,149030,971,0.05269764664191476,-0.6859340071680002,0.9451645118454158,-0.738631653809915,0.7814847516521232,False,0.7206602697443467
052_GHL_id_21_Sensor_tr_50000_1st_98001.csv,21,inv_valve_act,post_train_normal,anomaly,149030,971,0.03279876534925854,0.0,0.1781101322369831,-0.03279876534925854,0.1841487900621981,False,0.03279876534925852
052_GHL_id_21_Sensor_tr_50000_1st_98001.csv,21,limiter.y,post_train_normal,anomaly,149030,971,283.7621183933357,276.140655518,9.17755008789885,-7.621462875335681,0.8304463394196058,False,0.7206602697443467
052_GHL_id_21_Sensor_tr_50000_1st_98001.csv,21,inj_valve_act,post_train_normal,anomaly,149030,971,0.11276253103402,0.0,0.31630335748375144,-0.11276253103402,0.3565012143123161,False,0.11276253103402001
052_GHL_id_21_Sensor_tr_50000_1st_98001.csv,21,Relaxing.active,post_train_normal,anomaly,149030,971,0.13989800711266187,0.0,0.34688234622446806,-0.13989800711266187,0.40330102882241714,False,0.13989800711266187
052_GHL_id_21_Sensor_tr_50000_1st_98001.csv,21,boundary.m_flow_in,post_train_normal,anomaly,149030,971,2.2552506206803997,0.0,6.32606714967503,-2.2552506206803997,0.35650121431231596,False,0.11276253103402001
052_GHL_id_21_Sensor_tr_50000_1st_98001.csv,21,dir_valve_act,post_train_normal,anomaly,149030,971,0.030430114741998256,0.0,0.1717682183481632,-0.030430114741998256,0.17715800416767646,False,0.030430114741998304
052_GHL_id_21_Sensor_tr_50000_1st_98001.csv,21,dt_rand,post_train_normal,anomaly,149030,971,0.024684411336124236,0.23731192946400004,1.0494955932058312,0.2126275181278758,0.20259972457661807,False,0.5719720861571496
052_GHL_id_21_Sensor_tr_50000_1st_98001.csv,21,C_level,post_train_normal,anomaly,149030,971,1.0664582702695025,0.8115874528880002,0.3909987542453637,-0.2548708173815023,0.6518455995426601,False,0.6567805139904717
052_GHL_id_21_Sensor_tr_50000_1st_98001.csv,21,HT_temperature.T,post_train_normal,anomaly,149030,971,322.46902407234256,342.1431568589588,9.774786579784264,19.674132786616212,2.012742951064046,False,0.8879088617895898
052_GHL_id_21_Sensor_tr_50000_1st_98001.csv,21,heater_act,post_train_normal,anomaly,149030,971,0.6429846339663156,1.0,0.47912100224259857,0.35701536603368444,0.7451465587244555,False,0.3570153660336845
052_GHL_id_21_Sensor_tr_50000_1st_98001.csv,21,HT_level,post_train_normal,anomaly,149030,971,0.43729164947405214,0.600000023842,0.2285678087328555,0.16270837436794788,0.711860411446292,False,0.357008655975307
052_GHL_id_21_Sensor_tr_50000_1st_98001.csv,21,limiter1.y,post_train_normal,anomaly,149030,971,100.24684371339514,102.37311554000001,10.494956169247999,2.126271826604878,0.20259940035149598,False,0.5719720861571496
052_GHL_id_21_Sensor_tr_50000_1st_98001.csv,21,dL_rand,post_train_normal,anomaly,149030,971,0.05269764664191476,-0.6859340071680002,0.9451645118454158,-0.738631653809915,0.7814847516521232,False,0.7206602697443467
053_GHL_id_22_Sensor_tr_50000_1st_126448.csv,22,RT_level_ini,post_train_normal,anomaly,143509,6492,2.22505645237995,2.7000000476800006,0.38990466575395927,0.4749435953000507,1.218101851594034,False,0.7671156512831948
053_GHL_id_22_Sensor_tr_50000_1st_126448.csv,22,RT_temperature.T,post_train_normal,anomaly,143509,6492,312.8916720409128,310.6179264609094,12.455888757438654,-2.2737455800033786,0.18254382519637535,False,0.222783034206536
053_GHL_id_22_Sensor_tr_50000_1st_126448.csv,22,C_temperature.T,post_train_normal,anomaly,143509,6492,329.74410681303834,329.8525152389239,0.2597195418102079,0.10840842588555688,0.41740573362314487,False,0.5242249615006724
053_GHL_id_22_Sensor_tr_50000_1st_126448.csv,22,RT_level,post_train_normal,anomaly,143509,6492,1.7470546100118558,2.20000004768,0.5020350202656862,0.4529454376681443,0.9022188082186721,False,0.7431450292316162
053_GHL_id_22_Sensor_tr_50000_1st_126448.csv,22,out_valve_act,post_train_normal,anomaly,143509,6492,0.029231616135573377,0.0,0.16845571077490443,-0.029231616135573377,0.17352701194341544,False,0.029231616135573346
053_GHL_id_22_Sensor_tr_50000_1st_126448.csv,22,dT_rand,post_train_normal,anomaly,143509,6492,0.02818755781880401,1.2109968743812878,0.8333058583418894,1.1828093165624838,1.419417978071144,False,0.8197674013476507
053_GHL_id_22_Sensor_tr_50000_1st_126448.csv,22,inv_valve_act,post_train_normal,anomaly,143509,6492,0.0326251315248521,0.0,0.17765402399325084,-0.0326251315248521,0.18364420231816164,False,0.032625131524852136
053_GHL_id_22_Sensor_tr_50000_1st_126448.csv,22,limiter.y,post_train_normal,anomaly,143509,6492,283.82679350312156,295.1099560092564,7.51913413174403,11.283162506134829,1.50059332742848,False,0.8197674013476507
053_GHL_id_22_Sensor_tr_50000_1st_126448.csv,22,inj_valve_act,post_train_normal,anomaly,143509,6492,0.12001337895184275,0.0,0.32497831272676486,-0.12001337895184275,0.36929657842351943,False,0.12001337895184272
053_GHL_id_22_Sensor_tr_50000_1st_126448.csv,22,Relaxing.active,post_train_normal,anomaly,143509,6492,0.13893205304196948,0.0,0.345876815197466,-0.13893205304196948,0.40168073411526933,False,0.13893205304196954
053_GHL_id_22_Sensor_tr_50000_1st_126448.csv,22,boundary.m_flow_in,post_train_normal,anomaly,143509,6492,2.400267579036855,0.0,6.499566254535298,-2.400267579036855,0.3692965784235194,False,0.12001337895184272
053_GHL_id_22_Sensor_tr_50000_1st_126448.csv,22,dir_valve_act,post_train_normal,anomaly,143509,6492,0.03042317903406755,0.0,0.171749278770893,-0.03042317903406755,0.17713715744128924,False,0.03042317903406755
053_GHL_id_22_Sensor_tr_50000_1st_126448.csv,22,dt_rand,post_train_normal,anomaly,143509,6492,-0.01432677865549278,0.08814941990731726,1.0188152352769653,0.10247619856281004,0.10058369271927098,False,0.2530938246526019
053_GHL_id_22_Sensor_tr_50000_1st_126448.csv,22,C_level,post_train_normal,anomaly,143509,6492,1.114085617300935,1.1458645529083442,0.41130110724818664,0.03177893560740919,0.07726440568085607,False,0.5242249615006724
053_GHL_id_22_Sensor_tr_50000_1st_126448.csv,22,HT_temperature.T,post_train_normal,anomaly,143509,6492,322.43247466105885,332.8233537421277,9.874697111287155,10.390879081068874,1.0522731952144337,False,0.5267281911430501
053_GHL_id_22_Sensor_tr_50000_1st_126448.csv,22,heater_act,post_train_normal,anomaly,143509,6492,0.6348382331421722,1.0,0.48147717106216303,0.36516176685782775,0.7584196900805543,False,0.36516176685782775
053_GHL_id_22_Sensor_tr_50000_1st_126448.csv,22,HT_level,post_train_normal,anomaly,143509,6492,0.4332001597006053,0.600000023842,0.23011036188417835,0.1667998641413947,0.7248689836286043,False,0.3651478304496582
053_GHL_id_22_Sensor_tr_50000_1st_126448.csv,22,limiter1.y,post_train_normal,anomaly,143509,6492,99.85673217798902,100.88149279455168,10.188152358050703,1.0247606165626593,0.10058355828894637,False,0.2530938246526019
053_GHL_id_22_Sensor_tr_50000_1st_126448.csv,22,dL_rand,post_train_normal,anomaly,143509,6492,0.02818755781880401,1.2109968743812878,0.8333058583418894,1.1828093165624838,1.419417978071144,False,0.8197674013476507
054_GHL_id_23_Sensor_tr_50000_1st_135001.csv,23,RT_level_ini,post_train_normal,anomaly,146267,3734,2.0812825385938094,1.7256495434758303,0.4573602494127781,-0.3556329951179791,0.7775774033151975,False,0.49131383018726027
054_GHL_id_23_Sensor_tr_50000_1st_135001.csv,23,RT_temperature.T,post_train_normal,anomaly,146267,3734,312.84546214469196,304.57887556548314,12.660732777690445,-8.26658657920882,0.6529311315831121,False,0.4029676558108112
054_GHL_id_23_Sensor_tr_50000_1st_135001.csv,23,C_temperature.T,post_train_normal,anomaly,146267,3734,329.8570909977684,329.96628616744863,0.2367432451700747,0.1091951696802198,0.46123879733833484,False,0.5632370938078992
054_GHL_id_23_Sensor_tr_50000_1st_135001.csv,23,RT_level,post_train_normal,anomaly,146267,3734,1.626629847930574,1.2256495434784989,0.5294280158869271,-0.4009803044520752,0.7573839925723062,False,0.5305776422569684
054_GHL_id_23_Sensor_tr_50000_1st_135001.csv,23,out_valve_act,post_train_normal,anomaly,146267,3734,0.027812151749882066,0.0,0.16443485282707504,-0.027812151749882066,0.16913781519986043,False,0.027812151749882053
054_GHL_id_23_Sensor_tr_50000_1st_135001.csv,23,dT_rand,post_train_normal,anomaly,146267,3734,-0.256474740166031,-1.0487009686263153,0.9524513892553321,-0.7922262284602843,0.8317760227949074,False,0.5020818092939624
054_GHL_id_23_Sensor_tr_50000_1st_135001.csv,23,inv_valve_act,post_train_normal,anomaly,146267,3734,0.0325842466174872,0.0,0.17754641366367852,-0.0325842466174872,0.1835252312063632,False,0.032584246617487156
054_GHL_id_23_Sensor_tr_50000_1st_135001.csv,23,limiter.y,post_train_normal,anomaly,146267,3734,281.95159146531984,276.13987155741796,7.408775113880403,-5.811719907901875,0.7844373487614124,False,0.5020818092939624
054_GHL_id_23_Sensor_tr_50000_1st_135001.csv,23,inj_valve_act,post_train_normal,anomaly,146267,3734,0.10989491819754285,0.0,0.31275980227633393,-0.10989491819754285,0.3513716193631781,False,0.10989491819754282
054_GHL_id_23_Sensor_tr_50000_1st_135001.csv,23,Relaxing.active,post_train_normal,anomaly,146267,3734,0.14091353483697622,0.0,0.3479335255271293,-0.14091353483697622,0.40500131346494467,False,0.14091353483697622
054_GHL_id_23_Sensor_tr_50000_1st_135001.csv,23,boundary.m_flow_in,post_train_normal,anomaly,146267,3734,2.197898363950857,0.0,6.255196045526679,-2.197898363950857,0.35137161936317807,False,0.10989491819754282
054_GHL_id_23_Sensor_tr_50000_1st_135001.csv,23,dir_valve_act,post_train_normal,anomaly,146267,3734,0.030143504686634716,0.0,0.17098267072001183,-0.030143504686634716,0.17629567113263436,False,0.030143504686634737
054_GHL_id_23_Sensor_tr_50000_1st_135001.csv,23,dt_rand,post_train_normal,anomaly,146267,3734,0.044598302709799684,-0.7719776928351769,0.9646167120626049,-0.8165759955449766,0.8465289739786094,False,0.46745740776815436
054_GHL_id_23_Sensor_tr_50000_1st_135001.csv,23,C_level,post_train_normal,anomaly,146267,3734,1.1386400744150742,1.271129555290624,0.3901729218342445,0.1324894808755499,0.3395660576666949,False,0.5632439306200305
054_GHL_id_23_Sensor_tr_50000_1st_135001.csv,23,HT_temperature.T,post_train_normal,anomaly,146267,3734,322.69494905399904,333.00122283624853,9.53899375688098,10.306273782249491,1.0804361597170593,False,0.6093179912241918
054_GHL_id_23_Sensor_tr_50000_1st_135001.csv,23,heater_act,post_train_normal,anomaly,146267,3734,0.6436106572227501,1.0,0.4789337609140204,0.3563893427772499,0.7441307584938243,False,0.3563893427772498
054_GHL_id_23_Sensor_tr_50000_1st_135001.csv,23,HT_level,post_train_normal,anomaly,146267,3734,0.437504908422811,0.600000023842,0.2285321049377347,0.16249511541918904,0.7110384576533002,False,0.3563893427772498
054_GHL_id_23_Sensor_tr_50000_1st_135001.csv,23,limiter1.y,post_train_normal,anomaly,146267,3734,100.44598295620675,92.28022283486652,9.646167004872902,-8.165760121340227,0.8465290013344341,False,0.46745740776815436
054_GHL_id_23_Sensor_tr_50000_1st_135001.csv,23,dL_rand,post_train_normal,anomaly,146267,3734,-0.256474740166031,-1.0487009686263153,0.9524513892553321,-0.7922262284602843,0.8317760227949074,False,0.5020818092939624
055_GHL_id_24_Sensor_tr_50000_1st_118124.csv,24,RT_level_ini,post_train_normal,anomaly,148992,1009,2.059609017444107,2.0858714580500006,0.4723429695214246,0.026262440605893556,0.055600363084693565,False,0.5171552835051546
055_GHL_id_24_Sensor_tr_50000_1st_118124.csv,24,RT_temperature.T,post_train_normal,anomaly,148992,1009,312.7790954639492,329.381378174,12.674192561061089,16.602282710050815,1.3099282364588647,False,0.913659793814433
055_GHL_id_24_Sensor_tr_50000_1st_118124.csv,24,C_temperature.T,post_train_normal,anomaly,148992,1009,329.8580455869188,329.79586792000003,0.38451701642505515,-0.062177666918785235,0.1617032907850622,False,0.5420559493127148
055_GHL_id_24_Sensor_tr_50000_1st_118124.csv,24,RT_level,post_train_normal,anomaly,148992,1009,1.6055161395317907,1.5858714580500004,0.5420995614315129,-0.019644681481790327,0.036238143100346655,False,0.48907995060137455
055_GHL_id_24_Sensor_tr_50000_1st_118124.csv,24,out_valve_act,post_train_normal,anomaly,148992,1009,0.026981314432989692,0.0,0.16202931621129738,-0.026981314432989692,0.16652118927542842,False,0.026981314432989678
055_GHL_id_24_Sensor_tr_50000_1st_118124.csv,24,dT_rand,post_train_normal,anomaly,148992,1009,-0.21044806202625455,-0.32825708389299996,1.1321086288361193,-0.11780902186674541,0.10406158814270383,False,0.49552324957044674
055_GHL_id_24_Sensor_tr_50000_1st_118124.csv,24,inv_valve_act,post_train_normal,anomaly,148992,1009,0.03222991838487973,0.0,0.17661075871817994,-0.03222991838487973,0.18249125148887121,False,0.03222991838487976
055_GHL_id_24_Sensor_tr_50000_1st_118124.csv,24,limiter.y,post_train_normal,anomaly,148992,1009,282.52183371761856,279.7174377440001,9.524592970179546,-2.8043959736184547,0.29443735626275164,False,0.49552324957044674
055_GHL_id_24_Sensor_tr_50000_1st_118124.csv,24,inj_valve_act,post_train_normal,anomaly,148992,1009,0.11236844931271478,0.0,0.31582028174284926,-0.11236844931271478,0.35579871150963216,False,0.11236844931271472
055_GHL_id_24_Sensor_tr_50000_1st_118124.csv,24,Relaxing.active,post_train_normal,anomaly,148992,1009,0.13728925042955326,0.0,0.34415360974354553,-0.13728925042955326,0.3989185251662991,False,0.1372892504295533
055_GHL_id_24_Sensor_tr_50000_1st_118124.csv,24,boundary.m_flow_in,post_train_normal,anomaly,148992,1009,2.2473689862542954,0.0,6.316405634856985,-2.2473689862542954,0.35579871150963216,False,0.11236844931271472
055_GHL_id_24_Sensor_tr_50000_1st_118124.csv,24,dir_valve_act,post_train_normal,anomaly,148992,1009,0.029900934278350517,0.0,0.1703146003616871,-0.029900934278350517,0.17556295358619672,False,0.0299009342783505
055_GHL_id_24_Sensor_tr_50000_1st_118124.csv,24,dt_rand,post_train_normal,anomaly,148992,1009,-0.014298427360151132,-0.9163487553599997,0.9839657526759621,-0.9020503279998486,0.9167497197404088,False,0.7949755691580755
055_GHL_id_24_Sensor_tr_50000_1st_118124.csv,24,C_level,post_train_normal,anomaly,148992,1009,1.0810035679833898,0.9804152846340002,0.38733902049391344,-0.10058828334938963,0.25969055020876797,False,0.5420559493127148
055_GHL_id_24_Sensor_tr_50000_1st_118124.csv,24,HT_temperature.T,post_train_normal,anomaly,148992,1009,322.534315828811,341.66663033191077,9.594667105485804,19.132314503099792,1.9940571457826592,False,0.8531545131616142
055_GHL_id_24_Sensor_tr_50000_1st_118124.csv,24,heater_act,post_train_normal,anomaly,148992,1009,0.6464642396907216,1.0,0.47806878214875076,0.35353576030927836,0.7395081492672658,False,0.35353576030927836
055_GHL_id_24_Sensor_tr_50000_1st_118124.csv,24,HT_level,post_train_normal,anomaly,148992,1009,0.4387573392186121,0.600000023842,0.22811295438687587,0.16124268462338792,0.7068545714853307,False,0.3535022014604811
055_GHL_id_24_Sensor_tr_50000_1st_118124.csv,24,limiter1.y,post_train_normal,anomaly,148992,1009,99.85701581772578,90.83650970459999,9.839657978707084,-9.02050611312579,0.9167499655624282,False,0.7949755691580755
055_GHL_id_24_Sensor_tr_50000_1st_118124.csv,24,dL_rand,post_train_normal,anomaly,148992,1009,-0.21044806202625455,-0.32825708389299996,1.1321086288361193,-0.11780902186674541,0.10406158814270383,False,0.49552324957044674
056_GHL_id_25_Sensor_tr_50000_1st_105568.csv,25,RT_level_ini,post_train_normal,anomaly,146857,3144,2.221762872246066,2.70000004768,0.3672893963205491,0.47823717543393407,1.3020718273515202,False,0.830883103971891
056_GHL_id_25_Sensor_tr_50000_1st_105568.csv,25,RT_temperature.T,post_train_normal,anomaly,146857,3144,313.30623312097634,311.45071958590836,12.59895601777394,-1.8555135350679848,0.14727518156665714,False,0.4276200939339634
056_GHL_id_25_Sensor_tr_50000_1st_105568.csv,25,C_temperature.T,post_train_normal,anomaly,146857,3144,329.79187993407874,329.7761535640001,0.27332013079943834,-0.015726370078652963,0.05753827949904259,False,0.6036893031997113
056_GHL_id_25_Sensor_tr_50000_1st_105568.csv,25,RT_level,post_train_normal,anomaly,146857,3144,1.7406315627889075,2.20000004768,0.49096503573187267,0.4593684848910926,0.9356439898134912,False,0.7898636088167401
056_GHL_id_25_Sensor_tr_50000_1st_105568.csv,25,out_valve_act,post_train_normal,anomaly,146857,3144,0.02908952246062496,0.0,0.16805806872469964,-0.02908952246062496,0.17309209061706687,False,0.029089522460625017
056_GHL_id_25_Sensor_tr_50000_1st_105568.csv,25,dT_rand,post_train_normal,anomaly,146857,3144,0.13328771924797048,1.9341410398500005,1.0208129153661907,1.80085332060203,1.7641364969956514,False,0.9244298875777116
056_GHL_id_25_Sensor_tr_50000_1st_105568.csv,25,inv_valve_act,post_train_normal,anomaly,146857,3144,0.03310703609633862,0.0,0.17891667958134994,-0.03310703609633862,0.18504164158314537,False,0.03310703609633858
056_GHL_id_25_Sensor_tr_50000_1st_105568.csv,25,limiter.y,post_train_normal,anomaly,146857,3144,284.81191181180293,302.341400146,9.570472497515926,17.529488334197083,1.83162203733901,False,0.9244298875777116
056_GHL_id_25_Sensor_tr_50000_1st_105568.csv,25,inj_valve_act,post_train_normal,anomaly,146857,3144,0.11456042272414661,0.0,0.3184917942257092,-0.11456042272414661,0.35969662264817964,False,0.11456042272414657
056_GHL_id_25_Sensor_tr_50000_1st_105568.csv,25,Relaxing.active,post_train_normal,anomaly,146857,3144,0.14126667438392448,0.0,0.34829761288651745,-0.14126667438392448,0.40559185351049787,False,0.14126667438392448
056_GHL_id_25_Sensor_tr_50000_1st_105568.csv,25,boundary.m_flow_in,post_train_normal,anomaly,146857,3144,2.2912084544829323,0.0,6.369835884514184,-2.2912084544829323,0.3596966226481797,False,0.11456042272414657
056_GHL_id_25_Sensor_tr_50000_1st_105568.csv,25,dir_valve_act,post_train_normal,anomaly,146857,3144,0.030744193330927365,0.0,0.17262442127443403,-0.030744193330927365,0.17809874816061516,False,0.030744193330927372
056_GHL_id_25_Sensor_tr_50000_1st_105568.csv,25,dt_rand,post_train_normal,anomaly,146857,3144,0.009707855718268567,-0.5029375833551816,1.0142581343304622,-0.5126454390734502,0.5054388244190524,False,0.47613937454276245
056_GHL_id_25_Sensor_tr_50000_1st_105568.csv,25,C_level,post_train_normal,anomaly,146857,3144,1.1361122939022932,0.9699091315270001,0.4100868760150139,-0.1662031623752931,0.40528768925833203,False,0.6036893031997113
056_GHL_id_25_Sensor_tr_50000_1st_105568.csv,25,HT_temperature.T,post_train_normal,anomaly,146857,3144,322.52288052640597,334.1430208725522,9.775114213611316,11.62014034614623,1.1887472711025528,False,0.5472594239734101
056_GHL_id_25_Sensor_tr_50000_1st_105568.csv,25,heater_act,post_train_normal,anomaly,146857,3144,0.6376134607134832,1.0,0.4806912822443593,0.36238653928651676,0.753886231500861,False,0.3623865392865168
056_GHL_id_25_Sensor_tr_50000_1st_105568.csv,25,HT_level,post_train_normal,anomaly,146857,3144,0.43476814142829756,0.600000023842,0.2294579066557954,0.16523188241370246,0.7200967045409468,False,0.3623797299413715
056_GHL_id_25_Sensor_tr_50000_1st_105568.csv,25,limiter1.y,post_train_normal,anomaly,146857,3144,100.0970782387923,94.97062195821351,10.14258149794837,-5.126456280578793,0.5054390030403766,False,0.47613937454276245
056_GHL_id_25_Sensor_tr_50000_1st_105568.csv,25,dL_rand,post_train_normal,anomaly,146857,3144,0.13328771924797048,1.9341410398500005,1.0208129153661907,1.80085332060203,1.7641364969956514,False,0.9244298875777116
