source_file,series_id,feature,lag_samples,autocorrelation
032_GHL_id_1_Sensor_tr_50000_1st_65001.csv,1,RT_level_ini,1,0.9995816584195207
032_GHL_id_1_Sensor_tr_50000_1st_65001.csv,1,RT_level_ini,10,0.9958064698322745
032_GHL_id_1_Sensor_tr_50000_1st_65001.csv,1,RT_level_ini,100,0.9570132669583228
032_GHL_id_1_Sensor_tr_50000_1st_65001.csv,1,RT_level_ini,1000,0.5346302487667046
032_GHL_id_1_Sensor_tr_50000_1st_65001.csv,1,RT_temperature.T,1,0.9999962731744275
032_GHL_id_1_Sensor_tr_50000_1st_65001.csv,1,RT_temperature.T,10,0.9996673745164477
032_GHL_id_1_Sensor_tr_50000_1st_65001.csv,1,RT_temperature.T,100,0.9860227365504494
032_GHL_id_1_Sensor_tr_50000_1st_65001.csv,1,RT_temperature.T,1000,0.6037463136529179
032_GHL_id_1_Sensor_tr_50000_1st_65001.csv,1,C_temperature.T,1,0.9999991635520546
032_GHL_id_1_Sensor_tr_50000_1st_65001.csv,1,C_temperature.T,10,0.9999277673433836
032_GHL_id_1_Sensor_tr_50000_1st_65001.csv,1,C_temperature.T,100,0.9965878404773487
032_GHL_id_1_Sensor_tr_50000_1st_65001.csv,1,C_temperature.T,1000,0.9446745049759704
032_GHL_id_1_Sensor_tr_50000_1st_65001.csv,1,RT_level,1,0.9999188070674563
032_GHL_id_1_Sensor_tr_50000_1st_65001.csv,1,RT_level,10,0.9929041614534445
032_GHL_id_1_Sensor_tr_50000_1st_65001.csv,1,RT_level,100,0.7908268345431405
032_GHL_id_1_Sensor_tr_50000_1st_65001.csv,1,RT_level,1000,0.23002234498377255
032_GHL_id_1_Sensor_tr_50000_1st_65001.csv,1,out_valve_act,1,0.9953278454146248
032_GHL_id_1_Sensor_tr_50000_1st_65001.csv,1,out_valve_act,10,0.9532782262312398
032_GHL_id_1_Sensor_tr_50000_1st_65001.csv,1,out_valve_act,100,0.532759424366475
032_GHL_id_1_Sensor_tr_50000_1st_65001.csv,1,out_valve_act,1000,-0.027152302151440964
032_GHL_id_1_Sensor_tr_50000_1st_65001.csv,1,dT_rand,1,0.999746868998957
032_GHL_id_1_Sensor_tr_50000_1st_65001.csv,1,dT_rand,10,0.9974671471959654
032_GHL_id_1_Sensor_tr_50000_1st_65001.csv,1,dT_rand,100,0.9745150189822008
032_GHL_id_1_Sensor_tr_50000_1st_65001.csv,1,dT_rand,1000,0.7383770926099024
032_GHL_id_1_Sensor_tr_50000_1st_65001.csv,1,inv_valve_act,1,0.9557742018683748
032_GHL_id_1_Sensor_tr_50000_1st_65001.csv,1,inv_valve_act,10,0.557739406858825
032_GHL_id_1_Sensor_tr_50000_1st_65001.csv,1,inv_valve_act,100,-0.032869680410663835
032_GHL_id_1_Sensor_tr_50000_1st_65001.csv,1,inv_valve_act,1000,0.019873169245167428
032_GHL_id_1_Sensor_tr_50000_1st_65001.csv,1,limiter.y,1,0.999833478417018
032_GHL_id_1_Sensor_tr_50000_1st_65001.csv,1,limiter.y,10,0.9983343893511083
032_GHL_id_1_Sensor_tr_50000_1st_65001.csv,1,limiter.y,100,0.9833041647290826
032_GHL_id_1_Sensor_tr_50000_1st_65001.csv,1,limiter.y,1000,0.8346279760363579
032_GHL_id_1_Sensor_tr_50000_1st_65001.csv,1,inj_valve_act,1,0.9986436578380977
032_GHL_id_1_Sensor_tr_50000_1st_65001.csv,1,inj_valve_act,10,0.9864362551825038
032_GHL_id_1_Sensor_tr_50000_1st_65001.csv,1,inj_valve_act,100,0.8643301593504217
032_GHL_id_1_Sensor_tr_50000_1st_65001.csv,1,inj_valve_act,1000,-0.09808221229021184
032_GHL_id_1_Sensor_tr_50000_1st_65001.csv,1,Relaxing.active,1,0.9885041162173244
032_GHL_id_1_Sensor_tr_50000_1st_65001.csv,1,Relaxing.active,10,0.8850378736477517
032_GHL_id_1_Sensor_tr_50000_1st_65001.csv,1,Relaxing.active,100,-0.10632038342314583
032_GHL_id_1_Sensor_tr_50000_1st_65001.csv,1,Relaxing.active,1000,0.07411796601275594
032_GHL_id_1_Sensor_tr_50000_1st_65001.csv,1,boundary.m_flow_in,1,0.9986436578380978
032_GHL_id_1_Sensor_tr_50000_1st_65001.csv,1,boundary.m_flow_in,10,0.9864362551825036
032_GHL_id_1_Sensor_tr_50000_1st_65001.csv,1,boundary.m_flow_in,100,0.8643301593504246
032_GHL_id_1_Sensor_tr_50000_1st_65001.csv,1,boundary.m_flow_in,1000,-0.09808221229021218
032_GHL_id_1_Sensor_tr_50000_1st_65001.csv,1,dir_valve_act,1,0.9525772902534071
032_GHL_id_1_Sensor_tr_50000_1st_65001.csv,1,dir_valve_act,10,0.5257702619096701
032_GHL_id_1_Sensor_tr_50000_1st_65001.csv,1,dir_valve_act,100,-0.030991735537190132
032_GHL_id_1_Sensor_tr_50000_1st_65001.csv,1,dir_valve_act,1000,0.02886454019606011
032_GHL_id_1_Sensor_tr_50000_1st_65001.csv,1,dt_rand,1,0.9984718877164974
032_GHL_id_1_Sensor_tr_50000_1st_65001.csv,1,dt_rand,10,0.9847141842387543
032_GHL_id_1_Sensor_tr_50000_1st_65001.csv,1,dt_rand,100,0.8466691675217567
032_GHL_id_1_Sensor_tr_50000_1st_65001.csv,1,dt_rand,1000,0.13577426571307358
032_GHL_id_1_Sensor_tr_50000_1st_65001.csv,1,C_level,1,0.9999999094525034
032_GHL_id_1_Sensor_tr_50000_1st_65001.csv,1,C_level,10,0.9999910667934256
032_GHL_id_1_Sensor_tr_50000_1st_65001.csv,1,C_level,100,0.9992298679733691
032_GHL_id_1_Sensor_tr_50000_1st_65001.csv,1,C_level,1000,0.9823244927324746
032_GHL_id_1_Sensor_tr_50000_1st_65001.csv,1,HT_temperature.T,1,0.9999463857211237
032_GHL_id_1_Sensor_tr_50000_1st_65001.csv,1,HT_temperature.T,10,0.9967952253560585
032_GHL_id_1_Sensor_tr_50000_1st_65001.csv,1,HT_temperature.T,100,0.9112156247231634
032_GHL_id_1_Sensor_tr_50000_1st_65001.csv,1,HT_temperature.T,1000,0.276223215913448
032_GHL_id_1_Sensor_tr_50000_1st_65001.csv,1,heater_act,1,0.9940252663076772
032_GHL_id_1_Sensor_tr_50000_1st_65001.csv,1,heater_act,10,0.9402400466389994
032_GHL_id_1_Sensor_tr_50000_1st_65001.csv,1,heater_act,100,0.4011329307624807
032_GHL_id_1_Sensor_tr_50000_1st_65001.csv,1,heater_act,1000,0.07162604019542158
032_GHL_id_1_Sensor_tr_50000_1st_65001.csv,1,HT_level,1,0.9997136762681063
032_GHL_id_1_Sensor_tr_50000_1st_65001.csv,1,HT_level,10,0.9752326083595916
032_GHL_id_1_Sensor_tr_50000_1st_65001.csv,1,HT_level,100,0.39390048260913313
032_GHL_id_1_Sensor_tr_50000_1st_65001.csv,1,HT_level,1000,0.07162349572787406
032_GHL_id_1_Sensor_tr_50000_1st_65001.csv,1,limiter1.y,1,0.998471887767024
032_GHL_id_1_Sensor_tr_50000_1st_65001.csv,1,limiter1.y,10,0.984714184743285
032_GHL_id_1_Sensor_tr_50000_1st_65001.csv,1,limiter1.y,100,0.846669172491502
032_GHL_id_1_Sensor_tr_50000_1st_65001.csv,1,limiter1.y,1000,0.13577425010681415
032_GHL_id_1_Sensor_tr_50000_1st_65001.csv,1,dL_rand,1,0.999746868998957
032_GHL_id_1_Sensor_tr_50000_1st_65001.csv,1,dL_rand,10,0.9974671471959654
032_GHL_id_1_Sensor_tr_50000_1st_65001.csv,1,dL_rand,100,0.9745150189822008
032_GHL_id_1_Sensor_tr_50000_1st_65001.csv,1,dL_rand,1000,0.7383770926099024
033_GHL_id_2_Sensor_tr_50000_1st_51001.csv,2,RT_level_ini,1,0.999654931995532
033_GHL_id_2_Sensor_tr_50000_1st_51001.csv,2,RT_level_ini,10,0.9965453669615747
033_GHL_id_2_Sensor_tr_50000_1st_51001.csv,2,RT_level_ini,100,0.9650478228284513
033_GHL_id_2_Sensor_tr_50000_1st_51001.csv,2,RT_level_ini,1000,0.6050042790443898
033_GHL_id_2_Sensor_tr_50000_1st_51001.csv,2,RT_temperature.T,1,0.9999944478040514
033_GHL_id_2_Sensor_tr_50000_1st_51001.csv,2,RT_temperature.T,10,0.9995125703163827
033_GHL_id_2_Sensor_tr_50000_1st_51001.csv,2,RT_temperature.T,100,0.9805973806728794
033_GHL_id_2_Sensor_tr_50000_1st_51001.csv,2,RT_temperature.T,1000,0.48035529663094195
033_GHL_id_2_Sensor_tr_50000_1st_51001.csv,2,C_temperature.T,1,0.9999991729453369
033_GHL_id_2_Sensor_tr_50000_1st_51001.csv,2,C_temperature.T,10,0.99992812686139
033_GHL_id_2_Sensor_tr_50000_1st_51001.csv,2,C_temperature.T,100,0.9966033513753995
033_GHL_id_2_Sensor_tr_50000_1st_51001.csv,2,C_temperature.T,1000,0.9449410562008242
033_GHL_id_2_Sensor_tr_50000_1st_51001.csv,2,RT_level,1,0.9999181823419198
033_GHL_id_2_Sensor_tr_50000_1st_51001.csv,2,RT_level,10,0.992867931262894
033_GHL_id_2_Sensor_tr_50000_1st_51001.csv,2,RT_level,100,0.797865395379327
033_GHL_id_2_Sensor_tr_50000_1st_51001.csv,2,RT_level,1000,0.5194384993013187
033_GHL_id_2_Sensor_tr_50000_1st_51001.csv,2,out_valve_act,1,0.9938273838882116
033_GHL_id_2_Sensor_tr_50000_1st_51001.csv,2,out_valve_act,10,0.938273574699126
033_GHL_id_2_Sensor_tr_50000_1st_51001.csv,2,out_valve_act,100,0.39064587006615353
033_GHL_id_2_Sensor_tr_50000_1st_51001.csv,2,out_valve_act,1000,-0.024268901941930005
033_GHL_id_2_Sensor_tr_50000_1st_51001.csv,2,dT_rand,1,0.9998574160967388
033_GHL_id_2_Sensor_tr_50000_1st_51001.csv,2,dT_rand,10,0.9985740780855425
033_GHL_id_2_Sensor_tr_50000_1st_51001.csv,2,dT_rand,100,0.9857324674724712
033_GHL_id_2_Sensor_tr_50000_1st_51001.csv,2,dT_rand,1000,0.8564673392450092
033_GHL_id_2_Sensor_tr_50000_1st_51001.csv,2,inv_valve_act,1,0.9558641223349018
033_GHL_id_2_Sensor_tr_50000_1st_51001.csv,2,inv_valve_act,10,0.5586386930491397
033_GHL_id_2_Sensor_tr_50000_1st_51001.csv,2,inv_valve_act,100,-0.031908513762227024
033_GHL_id_2_Sensor_tr_50000_1st_51001.csv,2,inv_valve_act,1000,0.037196624339068146
033_GHL_id_2_Sensor_tr_50000_1st_51001.csv,2,limiter.y,1,0.9998827599666544
033_GHL_id_2_Sensor_tr_50000_1st_51001.csv,2,limiter.y,10,0.9988274136989804
033_GHL_id_2_Sensor_tr_50000_1st_51001.csv,2,limiter.y,100,0.9882554531617407
033_GHL_id_2_Sensor_tr_50000_1st_51001.csv,2,limiter.y,1000,0.88059476307044
033_GHL_id_2_Sensor_tr_50000_1st_51001.csv,2,inj_valve_act,1,0.9983394125748793
033_GHL_id_2_Sensor_tr_50000_1st_51001.csv,2,inj_valve_act,10,0.9833937636814232
033_GHL_id_2_Sensor_tr_50000_1st_51001.csv,2,inj_valve_act,100,0.8339013495261576
033_GHL_id_2_Sensor_tr_50000_1st_51001.csv,2,inj_valve_act,1000,-0.11233481147373865
033_GHL_id_2_Sensor_tr_50000_1st_51001.csv,2,Relaxing.active,1,0.9886278383389657
033_GHL_id_2_Sensor_tr_50000_1st_51001.csv,2,Relaxing.active,10,0.8862752141059528
033_GHL_id_2_Sensor_tr_50000_1st_51001.csv,2,Relaxing.active,100,-0.0950846263211186
033_GHL_id_2_Sensor_tr_50000_1st_51001.csv,2,Relaxing.active,1000,0.08294628333407465
033_GHL_id_2_Sensor_tr_50000_1st_51001.csv,2,boundary.m_flow_in,1,0.9983394125748788
033_GHL_id_2_Sensor_tr_50000_1st_51001.csv,2,boundary.m_flow_in,10,0.9833937636814227
033_GHL_id_2_Sensor_tr_50000_1st_51001.csv,2,boundary.m_flow_in,100,0.8339013495261545
033_GHL_id_2_Sensor_tr_50000_1st_51001.csv,2,boundary.m_flow_in,1000,-0.11233481147373832
033_GHL_id_2_Sensor_tr_50000_1st_51001.csv,2,dir_valve_act,1,0.9526663627645078
033_GHL_id_2_Sensor_tr_50000_1st_51001.csv,2,dir_valve_act,10,0.5266610679961483
033_GHL_id_2_Sensor_tr_50000_1st_51001.csv,2,dir_valve_act,100,-0.029873834179563474
033_GHL_id_2_Sensor_tr_50000_1st_51001.csv,2,dir_valve_act,1000,-0.0008188824049663666
033_GHL_id_2_Sensor_tr_50000_1st_51001.csv,2,dt_rand,1,0.9988248553196637
033_GHL_id_2_Sensor_tr_50000_1st_51001.csv,2,dt_rand,10,0.9882484653830268
033_GHL_id_2_Sensor_tr_50000_1st_51001.csv,2,dt_rand,100,0.8824758542371739
033_GHL_id_2_Sensor_tr_50000_1st_51001.csv,2,dt_rand,1000,0.36040525872496604
033_GHL_id_2_Sensor_tr_50000_1st_51001.csv,2,C_level,1,0.9999999121051288
033_GHL_id_2_Sensor_tr_50000_1st_51001.csv,2,C_level,10,0.9999913703170025
033_GHL_id_2_Sensor_tr_50000_1st_51001.csv,2,C_level,100,0.9992966572592963
033_GHL_id_2_Sensor_tr_50000_1st_51001.csv,2,C_level,1000,0.986261262308706
033_GHL_id_2_Sensor_tr_50000_1st_51001.csv,2,HT_temperature.T,1,0.999938188073402
033_GHL_id_2_Sensor_tr_50000_1st_51001.csv,2,HT_temperature.T,10,0.996391117967153
033_GHL_id_2_Sensor_tr_50000_1st_51001.csv,2,HT_temperature.T,100,0.905041064958886
033_GHL_id_2_Sensor_tr_50000_1st_51001.csv,2,HT_temperature.T,1000,0.19653313609033968
033_GHL_id_2_Sensor_tr_50000_1st_51001.csv,2,heater_act,1,0.9940840296811126
033_GHL_id_2_Sensor_tr_50000_1st_51001.csv,2,heater_act,10,0.94082734523087
033_GHL_id_2_Sensor_tr_50000_1st_51001.csv,2,heater_act,100,0.40971687767294895
033_GHL_id_2_Sensor_tr_50000_1st_51001.csv,2,heater_act,1000,0.004227145663724124
033_GHL_id_2_Sensor_tr_50000_1st_51001.csv,2,HT_level,1,0.9997152685327388
033_GHL_id_2_Sensor_tr_50000_1st_51001.csv,2,HT_level,10,0.9753852425149521
033_GHL_id_2_Sensor_tr_50000_1st_51001.csv,2,HT_level,100,0.4007121176329869
033_GHL_id_2_Sensor_tr_50000_1st_51001.csv,2,HT_level,1000,-0.005919258633750262
033_GHL_id_2_Sensor_tr_50000_1st_51001.csv,2,limiter1.y,1,0.9988248553492483
033_GHL_id_2_Sensor_tr_50000_1st_51001.csv,2,limiter1.y,10,0.9882484656789987
033_GHL_id_2_Sensor_tr_50000_1st_51001.csv,2,limiter1.y,100,0.8824758572085107
033_GHL_id_2_Sensor_tr_50000_1st_51001.csv,2,limiter1.y,1000,0.36040526583689325
033_GHL_id_2_Sensor_tr_50000_1st_51001.csv,2,dL_rand,1,0.9998574160967388
033_GHL_id_2_Sensor_tr_50000_1st_51001.csv,2,dL_rand,10,0.9985740780855425
033_GHL_id_2_Sensor_tr_50000_1st_51001.csv,2,dL_rand,100,0.9857324674724712
033_GHL_id_2_Sensor_tr_50000_1st_51001.csv,2,dL_rand,1000,0.8564673392450092
034_GHL_id_3_Sensor_tr_50000_1st_122001.csv,3,RT_level_ini,1,0.9996633618023254
034_GHL_id_3_Sensor_tr_50000_1st_122001.csv,3,RT_level_ini,10,0.9966302524143098
034_GHL_id_3_Sensor_tr_50000_1st_122001.csv,3,RT_level_ini,100,0.9659580861479055
034_GHL_id_3_Sensor_tr_50000_1st_122001.csv,3,RT_level_ini,1000,0.6219565208803958
034_GHL_id_3_Sensor_tr_50000_1st_122001.csv,3,RT_temperature.T,1,0.9999947025650318
034_GHL_id_3_Sensor_tr_50000_1st_122001.csv,3,RT_temperature.T,10,0.9995350923478515
034_GHL_id_3_Sensor_tr_50000_1st_122001.csv,3,RT_temperature.T,100,0.9820676344087882
034_GHL_id_3_Sensor_tr_50000_1st_122001.csv,3,RT_temperature.T,1000,0.5300706904387906
034_GHL_id_3_Sensor_tr_50000_1st_122001.csv,3,C_temperature.T,1,0.9999991640063246
034_GHL_id_3_Sensor_tr_50000_1st_122001.csv,3,C_temperature.T,10,0.9999277409171728
034_GHL_id_3_Sensor_tr_50000_1st_122001.csv,3,C_temperature.T,100,0.9965864593019904
034_GHL_id_3_Sensor_tr_50000_1st_122001.csv,3,C_temperature.T,1000,0.9446281131988552
034_GHL_id_3_Sensor_tr_50000_1st_122001.csv,3,RT_level,1,0.9999412906764849
034_GHL_id_3_Sensor_tr_50000_1st_122001.csv,3,RT_level,10,0.9948752445703402
034_GHL_id_3_Sensor_tr_50000_1st_122001.csv,3,RT_level,100,0.852371796090623
034_GHL_id_3_Sensor_tr_50000_1st_122001.csv,3,RT_level,1000,0.5125745844288722
034_GHL_id_3_Sensor_tr_50000_1st_122001.csv,3,out_valve_act,1,0.9942429438134289
034_GHL_id_3_Sensor_tr_50000_1st_122001.csv,3,out_valve_act,10,0.9424291730183417
034_GHL_id_3_Sensor_tr_50000_1st_122001.csv,3,out_valve_act,100,0.44647207972020636
034_GHL_id_3_Sensor_tr_50000_1st_122001.csv,3,out_valve_act,1000,-0.02611354260465301
034_GHL_id_3_Sensor_tr_50000_1st_122001.csv,3,dT_rand,1,0.9997743455088925
034_GHL_id_3_Sensor_tr_50000_1st_122001.csv,3,dT_rand,10,0.9977434522818885
034_GHL_id_3_Sensor_tr_50000_1st_122001.csv,3,dT_rand,100,0.9774342415534205
034_GHL_id_3_Sensor_tr_50000_1st_122001.csv,3,dT_rand,1000,0.774313715136173
034_GHL_id_3_Sensor_tr_50000_1st_122001.csv,3,inv_valve_act,1,0.955808664187313
034_GHL_id_3_Sensor_tr_50000_1st_122001.csv,3,inv_valve_act,10,0.5584764021551277
034_GHL_id_3_Sensor_tr_50000_1st_122001.csv,3,inv_valve_act,100,-0.031619619593180555
034_GHL_id_3_Sensor_tr_50000_1st_122001.csv,3,inv_valve_act,1000,0.024471932089130677
034_GHL_id_3_Sensor_tr_50000_1st_122001.csv,3,limiter.y,1,0.999794413622658
034_GHL_id_3_Sensor_tr_50000_1st_122001.csv,3,limiter.y,10,0.9979441225647778
034_GHL_id_3_Sensor_tr_50000_1st_122001.csv,3,limiter.y,100,0.97943985660404
034_GHL_id_3_Sensor_tr_50000_1st_122001.csv,3,limiter.y,1000,0.7942587378051681
034_GHL_id_3_Sensor_tr_50000_1st_122001.csv,3,inj_valve_act,1,0.9984707328816684
034_GHL_id_3_Sensor_tr_50000_1st_122001.csv,3,inj_valve_act,10,0.9847069579028045
034_GHL_id_3_Sensor_tr_50000_1st_122001.csv,3,inj_valve_act,100,0.8470324041159867
034_GHL_id_3_Sensor_tr_50000_1st_122001.csv,3,inj_valve_act,1000,-0.10654175635238472
034_GHL_id_3_Sensor_tr_50000_1st_122001.csv,3,Relaxing.active,1,0.9884872643286948
034_GHL_id_3_Sensor_tr_50000_1st_122001.csv,3,Relaxing.active,10,0.8849932529594161
034_GHL_id_3_Sensor_tr_50000_1st_122001.csv,3,Relaxing.active,100,-0.10271341055509395
034_GHL_id_3_Sensor_tr_50000_1st_122001.csv,3,Relaxing.active,1000,0.07178204713936509
034_GHL_id_3_Sensor_tr_50000_1st_122001.csv,3,boundary.m_flow_in,1,0.9984707328816684
034_GHL_id_3_Sensor_tr_50000_1st_122001.csv,3,boundary.m_flow_in,10,0.9847069579028043
034_GHL_id_3_Sensor_tr_50000_1st_122001.csv,3,boundary.m_flow_in,100,0.8470324041159891
034_GHL_id_3_Sensor_tr_50000_1st_122001.csv,3,boundary.m_flow_in,1000,-0.1065417563523829
034_GHL_id_3_Sensor_tr_50000_1st_122001.csv,3,dir_valve_act,1,0.9526158919999811
034_GHL_id_3_Sensor_tr_50000_1st_122001.csv,3,dir_valve_act,10,0.5261564010463196
034_GHL_id_3_Sensor_tr_50000_1st_122001.csv,3,dir_valve_act,100,-0.029587752238682864
034_GHL_id_3_Sensor_tr_50000_1st_122001.csv,3,dir_valve_act,1000,0.00820088437565193
034_GHL_id_3_Sensor_tr_50000_1st_122001.csv,3,dt_rand,1,0.998549839478339
034_GHL_id_3_Sensor_tr_50000_1st_122001.csv,3,dt_rand,10,0.9854982809028188
034_GHL_id_3_Sensor_tr_50000_1st_122001.csv,3,dt_rand,100,0.8550030263234994
034_GHL_id_3_Sensor_tr_50000_1st_122001.csv,3,dt_rand,1000,0.22485010704109565
034_GHL_id_3_Sensor_tr_50000_1st_122001.csv,3,C_level,1,0.9999999273273438
034_GHL_id_3_Sensor_tr_50000_1st_122001.csv,3,C_level,10,0.9999928547678831
034_GHL_id_3_Sensor_tr_50000_1st_122001.csv,3,C_level,100,0.9994077368950297
034_GHL_id_3_Sensor_tr_50000_1st_122001.csv,3,C_level,1000,0.9873896831824307
034_GHL_id_3_Sensor_tr_50000_1st_122001.csv,3,HT_temperature.T,1,0.9999448786837404
034_GHL_id_3_Sensor_tr_50000_1st_122001.csv,3,HT_temperature.T,10,0.9967530577887795
034_GHL_id_3_Sensor_tr_50000_1st_122001.csv,3,HT_temperature.T,100,0.9097594225974114
034_GHL_id_3_Sensor_tr_50000_1st_122001.csv,3,HT_temperature.T,1000,0.20835600790493283
034_GHL_id_3_Sensor_tr_50000_1st_122001.csv,3,heater_act,1,0.9941985044605693
034_GHL_id_3_Sensor_tr_50000_1st_122001.csv,3,heater_act,10,0.9419656497943321
034_GHL_id_3_Sensor_tr_50000_1st_122001.csv,3,heater_act,100,0.4212843605566029
034_GHL_id_3_Sensor_tr_50000_1st_122001.csv,3,heater_act,1000,0.02839512861799517
034_GHL_id_3_Sensor_tr_50000_1st_122001.csv,3,HT_level,1,0.9997222403508657
034_GHL_id_3_Sensor_tr_50000_1st_122001.csv,3,HT_level,10,0.9759728209509154
034_GHL_id_3_Sensor_tr_50000_1st_122001.csv,3,HT_level,100,0.41549138149616494
034_GHL_id_3_Sensor_tr_50000_1st_122001.csv,3,HT_level,1000,0.02440732207298817
034_GHL_id_3_Sensor_tr_50000_1st_122001.csv,3,limiter1.y,1,0.9985498394676376
034_GHL_id_3_Sensor_tr_50000_1st_122001.csv,3,limiter1.y,10,0.9854982807959466
034_GHL_id_3_Sensor_tr_50000_1st_122001.csv,3,limiter1.y,100,0.8550030252235299
034_GHL_id_3_Sensor_tr_50000_1st_122001.csv,3,limiter1.y,1000,0.2248501121482744
034_GHL_id_3_Sensor_tr_50000_1st_122001.csv,3,dL_rand,1,0.9997743455088925
034_GHL_id_3_Sensor_tr_50000_1st_122001.csv,3,dL_rand,10,0.9977434522818885
034_GHL_id_3_Sensor_tr_50000_1st_122001.csv,3,dL_rand,100,0.9774342415534205
034_GHL_id_3_Sensor_tr_50000_1st_122001.csv,3,dL_rand,1000,0.774313715136173
035_GHL_id_4_Sensor_tr_50000_1st_90001.csv,4,RT_level_ini,1,0.9996901714773941
035_GHL_id_4_Sensor_tr_50000_1st_90001.csv,4,RT_level_ini,10,0.9968982617696311
035_GHL_id_4_Sensor_tr_50000_1st_90001.csv,4,RT_level_ini,100,0.9686291713378159
035_GHL_id_4_Sensor_tr_50000_1st_90001.csv,4,RT_level_ini,1000,0.6472485765983926
035_GHL_id_4_Sensor_tr_50000_1st_90001.csv,4,RT_temperature.T,1,0.9999952154895164
035_GHL_id_4_Sensor_tr_50000_1st_90001.csv,4,RT_temperature.T,10,0.9995784807889324
035_GHL_id_4_Sensor_tr_50000_1st_90001.csv,4,RT_temperature.T,100,0.9836497604152654
035_GHL_id_4_Sensor_tr_50000_1st_90001.csv,4,RT_temperature.T,1000,0.5551180636732349
035_GHL_id_4_Sensor_tr_50000_1st_90001.csv,4,C_temperature.T,1,0.9999991713632438
035_GHL_id_4_Sensor_tr_50000_1st_90001.csv,4,C_temperature.T,10,0.9999277353425924
035_GHL_id_4_Sensor_tr_50000_1st_90001.csv,4,C_temperature.T,100,0.9965839767840761
035_GHL_id_4_Sensor_tr_50000_1st_90001.csv,4,C_temperature.T,1000,0.9446447959136928
035_GHL_id_4_Sensor_tr_50000_1st_90001.csv,4,RT_level,1,0.9999420235209376
035_GHL_id_4_Sensor_tr_50000_1st_90001.csv,4,RT_level,10,0.9949441087267205
035_GHL_id_4_Sensor_tr_50000_1st_90001.csv,4,RT_level,100,0.8554268317444773
035_GHL_id_4_Sensor_tr_50000_1st_90001.csv,4,RT_level,1000,0.5514979272782884
035_GHL_id_4_Sensor_tr_50000_1st_90001.csv,4,out_valve_act,1,0.9944960945340356
035_GHL_id_4_Sensor_tr_50000_1st_90001.csv,4,out_valve_act,10,0.9449607193237987
035_GHL_id_4_Sensor_tr_50000_1st_90001.csv,4,out_valve_act,100,0.4495845457165184
035_GHL_id_4_Sensor_tr_50000_1st_90001.csv,4,out_valve_act,1000,-0.023284953534509874
035_GHL_id_4_Sensor_tr_50000_1st_90001.csv,4,dT_rand,1,0.999832572407608
035_GHL_id_4_Sensor_tr_50000_1st_90001.csv,4,dT_rand,10,0.998325409413063
035_GHL_id_4_Sensor_tr_50000_1st_90001.csv,4,dT_rand,100,0.983222447483308
035_GHL_id_4_Sensor_tr_50000_1st_90001.csv,4,dT_rand,1000,0.8288677848659042
035_GHL_id_4_Sensor_tr_50000_1st_90001.csv,4,inv_valve_act,1,0.9558869967119221
035_GHL_id_4_Sensor_tr_50000_1st_90001.csv,4,inv_valve_act,10,0.5588673958286834
035_GHL_id_4_Sensor_tr_50000_1st_90001.csv,4,inv_valve_act,100,-0.03244227426963472
035_GHL_id_4_Sensor_tr_50000_1st_90001.csv,4,inv_valve_act,1000,0.022254910946353856
035_GHL_id_4_Sensor_tr_50000_1st_90001.csv,4,limiter.y,1,0.9998402053281764
035_GHL_id_4_Sensor_tr_50000_1st_90001.csv,4,limiter.y,10,0.9984017297333261
035_GHL_id_4_Sensor_tr_50000_1st_90001.csv,4,limiter.y,100,0.9839847421292335
035_GHL_id_4_Sensor_tr_50000_1st_90001.csv,4,limiter.y,1000,0.8363773998797892
035_GHL_id_4_Sensor_tr_50000_1st_90001.csv,4,inj_valve_act,1,0.998606450091142
035_GHL_id_4_Sensor_tr_50000_1st_90001.csv,4,inj_valve_act,10,0.9860641803177905
035_GHL_id_4_Sensor_tr_50000_1st_90001.csv,4,inj_valve_act,100,0.8606096720645997
035_GHL_id_4_Sensor_tr_50000_1st_90001.csv,4,inj_valve_act,1000,-0.07824936439355629
035_GHL_id_4_Sensor_tr_50000_1st_90001.csv,4,Relaxing.active,1,0.988648088916344
035_GHL_id_4_Sensor_tr_50000_1st_90001.csv,4,Relaxing.active,10,0.8864776517008469
035_GHL_id_4_Sensor_tr_50000_1st_90001.csv,4,Relaxing.active,100,-0.11148113588123716
035_GHL_id_4_Sensor_tr_50000_1st_90001.csv,4,Relaxing.active,1000,0.08747040875141374
035_GHL_id_4_Sensor_tr_50000_1st_90001.csv,4,boundary.m_flow_in,1,0.998606450091142
035_GHL_id_4_Sensor_tr_50000_1st_90001.csv,4,boundary.m_flow_in,10,0.9860641803177901
035_GHL_id_4_Sensor_tr_50000_1st_90001.csv,4,boundary.m_flow_in,100,0.8606096720645989
035_GHL_id_4_Sensor_tr_50000_1st_90001.csv,4,boundary.m_flow_in,1000,-0.07824936439355727
035_GHL_id_4_Sensor_tr_50000_1st_90001.csv,4,dir_valve_act,1,0.9525281420198735
035_GHL_id_4_Sensor_tr_50000_1st_90001.csv,4,dir_valve_act,10,0.5252788204181685
035_GHL_id_4_Sensor_tr_50000_1st_90001.csv,4,dir_valve_act,100,-0.030256581957177574
035_GHL_id_4_Sensor_tr_50000_1st_90001.csv,4,dir_valve_act,1000,0.006543788753957275
035_GHL_id_4_Sensor_tr_50000_1st_90001.csv,4,dt_rand,1,0.9986783811402332
035_GHL_id_4_Sensor_tr_50000_1st_90001.csv,4,dt_rand,10,0.9867762506167869
035_GHL_id_4_Sensor_tr_50000_1st_90001.csv,4,dt_rand,100,0.8669975439719376
035_GHL_id_4_Sensor_tr_50000_1st_90001.csv,4,dt_rand,1000,0.16755125167821458
035_GHL_id_4_Sensor_tr_50000_1st_90001.csv,4,C_level,1,0.9999999231983874
035_GHL_id_4_Sensor_tr_50000_1st_90001.csv,4,C_level,10,0.9999924425890124
035_GHL_id_4_Sensor_tr_50000_1st_90001.csv,4,C_level,100,0.9993686824801826
035_GHL_id_4_Sensor_tr_50000_1st_90001.csv,4,C_level,1000,0.9866293313521269
035_GHL_id_4_Sensor_tr_50000_1st_90001.csv,4,HT_temperature.T,1,0.9999454294475821
035_GHL_id_4_Sensor_tr_50000_1st_90001.csv,4,HT_temperature.T,10,0.9967385207869001
035_GHL_id_4_Sensor_tr_50000_1st_90001.csv,4,HT_temperature.T,100,0.9089590813196133
035_GHL_id_4_Sensor_tr_50000_1st_90001.csv,4,HT_temperature.T,1000,0.2318005100106855
035_GHL_id_4_Sensor_tr_50000_1st_90001.csv,4,heater_act,1,0.9940439149455854
035_GHL_id_4_Sensor_tr_50000_1st_90001.csv,4,heater_act,10,0.940426302140753
035_GHL_id_4_Sensor_tr_50000_1st_90001.csv,4,heater_act,100,0.4037287739352518
035_GHL_id_4_Sensor_tr_50000_1st_90001.csv,4,heater_act,1000,0.03234329223065581
035_GHL_id_4_Sensor_tr_50000_1st_90001.csv,4,HT_level,1,0.9997137629074133
035_GHL_id_4_Sensor_tr_50000_1st_90001.csv,4,HT_level,10,0.9752472397350783
035_GHL_id_4_Sensor_tr_50000_1st_90001.csv,4,HT_level,100,0.39387007389271894
035_GHL_id_4_Sensor_tr_50000_1st_90001.csv,4,HT_level,1000,0.02672057199922631
035_GHL_id_4_Sensor_tr_50000_1st_90001.csv,4,limiter1.y,1,0.9986783812511058
035_GHL_id_4_Sensor_tr_50000_1st_90001.csv,4,limiter1.y,10,0.9867762517309101
035_GHL_id_4_Sensor_tr_50000_1st_90001.csv,4,limiter1.y,100,0.8669975556677367
035_GHL_id_4_Sensor_tr_50000_1st_90001.csv,4,limiter1.y,1000,0.16755129696603197
035_GHL_id_4_Sensor_tr_50000_1st_90001.csv,4,dL_rand,1,0.999832572407608
035_GHL_id_4_Sensor_tr_50000_1st_90001.csv,4,dL_rand,10,0.998325409413063
035_GHL_id_4_Sensor_tr_50000_1st_90001.csv,4,dL_rand,100,0.983222447483308
035_GHL_id_4_Sensor_tr_50000_1st_90001.csv,4,dL_rand,1000,0.8288677848659042
036_GHL_id_5_Sensor_tr_50000_1st_67147.csv,5,RT_level_ini,1,0.999726404763213
036_GHL_id_5_Sensor_tr_50000_1st_67147.csv,5,RT_level_ini,10,0.9972604822418238
036_GHL_id_5_Sensor_tr_50000_1st_67147.csv,5,RT_level_ini,100,0.9722382985987382
036_GHL_id_5_Sensor_tr_50000_1st_67147.csv,5,RT_level_ini,1000,0.6803540971516723
036_GHL_id_5_Sensor_tr_50000_1st_67147.csv,5,RT_temperature.T,1,0.9999958955592524
036_GHL_id_5_Sensor_tr_50000_1st_67147.csv,5,RT_temperature.T,10,0.9996359244416423
036_GHL_id_5_Sensor_tr_50000_1st_67147.csv,5,RT_temperature.T,100,0.9855672315465926
036_GHL_id_5_Sensor_tr_50000_1st_67147.csv,5,RT_temperature.T,1000,0.5966252318948877
036_GHL_id_5_Sensor_tr_50000_1st_67147.csv,5,C_temperature.T,1,0.9999991618558831
036_GHL_id_5_Sensor_tr_50000_1st_67147.csv,5,C_temperature.T,10,0.9999277192853181
036_GHL_id_5_Sensor_tr_50000_1st_67147.csv,5,C_temperature.T,100,0.9965860286730279
036_GHL_id_5_Sensor_tr_50000_1st_67147.csv,5,C_temperature.T,1000,0.9445907121651907
036_GHL_id_5_Sensor_tr_50000_1st_67147.csv,5,RT_level,1,0.9999285044473553
036_GHL_id_5_Sensor_tr_50000_1st_67147.csv,5,RT_level,10,0.9937537703145977
036_GHL_id_5_Sensor_tr_50000_1st_67147.csv,5,RT_level,100,0.8167928105054938
036_GHL_id_5_Sensor_tr_50000_1st_67147.csv,5,RT_level,1000,0.376043313780946
036_GHL_id_5_Sensor_tr_50000_1st_67147.csv,5,out_valve_act,1,0.9952471746740068
036_GHL_id_5_Sensor_tr_50000_1st_67147.csv,5,out_valve_act,10,0.9524715190402949
036_GHL_id_5_Sensor_tr_50000_1st_67147.csv,5,out_valve_act,100,0.5246923740463325
036_GHL_id_5_Sensor_tr_50000_1st_67147.csv,5,out_valve_act,1000,-0.027167533120912035
036_GHL_id_5_Sensor_tr_50000_1st_67147.csv,5,dT_rand,1,0.9999353022030862
036_GHL_id_5_Sensor_tr_50000_1st_67147.csv,5,dT_rand,10,0.9993529555463704
036_GHL_id_5_Sensor_tr_50000_1st_67147.csv,5,dT_rand,100,0.9935228798439354
036_GHL_id_5_Sensor_tr_50000_1st_67147.csv,5,dT_rand,1000,0.9345328364603751
036_GHL_id_5_Sensor_tr_50000_1st_67147.csv,5,inv_valve_act,1,0.9555854319106135
036_GHL_id_5_Sensor_tr_50000_1st_67147.csv,5,inv_valve_act,10,0.5558517489833344
036_GHL_id_5_Sensor_tr_50000_1st_67147.csv,5,inv_valve_act,100,-0.032207351633121384
036_GHL_id_5_Sensor_tr_50000_1st_67147.csv,5,inv_valve_act,1000,0.038254761210983854
036_GHL_id_5_Sensor_tr_50000_1st_67147.csv,5,limiter.y,1,0.9999345265375897
036_GHL_id_5_Sensor_tr_50000_1st_67147.csv,5,limiter.y,10,0.9993452043227703
036_GHL_id_5_Sensor_tr_50000_1st_67147.csv,5,limiter.y,100,0.9934459146976626
036_GHL_id_5_Sensor_tr_50000_1st_67147.csv,5,limiter.y,1000,0.9338221134383621
036_GHL_id_5_Sensor_tr_50000_1st_67147.csv,5,inj_valve_act,1,0.9986638384676979
036_GHL_id_5_Sensor_tr_50000_1st_67147.csv,5,inj_valve_act,10,0.9866380599799556
036_GHL_id_5_Sensor_tr_50000_1st_67147.csv,5,inj_valve_act,100,0.8663480569639973
036_GHL_id_5_Sensor_tr_50000_1st_67147.csv,5,inj_valve_act,1000,-0.08734640767651437
036_GHL_id_5_Sensor_tr_50000_1st_67147.csv,5,Relaxing.active,1,0.9884975670734701
036_GHL_id_5_Sensor_tr_50000_1st_67147.csv,5,Relaxing.active,10,0.8849724491169053
036_GHL_id_5_Sensor_tr_50000_1st_67147.csv,5,Relaxing.active,100,-0.10749390185079871
036_GHL_id_5_Sensor_tr_50000_1st_67147.csv,5,Relaxing.active,1000,0.07760800201564413
036_GHL_id_5_Sensor_tr_50000_1st_67147.csv,5,boundary.m_flow_in,1,0.9986638384676977
036_GHL_id_5_Sensor_tr_50000_1st_67147.csv,5,boundary.m_flow_in,10,0.9866380599799555
036_GHL_id_5_Sensor_tr_50000_1st_67147.csv,5,boundary.m_flow_in,100,0.8663480569639972
036_GHL_id_5_Sensor_tr_50000_1st_67147.csv,5,boundary.m_flow_in,1000,-0.08734640767651428
036_GHL_id_5_Sensor_tr_50000_1st_67147.csv,5,dir_valve_act,1,0.9524656889781792
036_GHL_id_5_Sensor_tr_50000_1st_67147.csv,5,dir_valve_act,10,0.5246542902155493
036_GHL_id_5_Sensor_tr_50000_1st_67147.csv,5,dir_valve_act,100,-0.0304381943584024
036_GHL_id_5_Sensor_tr_50000_1st_67147.csv,5,dir_valve_act,1000,0.03398370295854311
036_GHL_id_5_Sensor_tr_50000_1st_67147.csv,5,dt_rand,1,0.9986353675087586
036_GHL_id_5_Sensor_tr_50000_1st_67147.csv,5,dt_rand,10,0.9863526283324638
036_GHL_id_5_Sensor_tr_50000_1st_67147.csv,5,dt_rand,100,0.863421264664721
036_GHL_id_5_Sensor_tr_50000_1st_67147.csv,5,dt_rand,1000,0.11170447668082263
036_GHL_id_5_Sensor_tr_50000_1st_67147.csv,5,C_level,1,0.9999999311072068
036_GHL_id_5_Sensor_tr_50000_1st_67147.csv,5,C_level,10,0.9999932051121485
036_GHL_id_5_Sensor_tr_50000_1st_67147.csv,5,C_level,100,0.9994163419575646
036_GHL_id_5_Sensor_tr_50000_1st_67147.csv,5,C_level,1000,0.9866557855984226
036_GHL_id_5_Sensor_tr_50000_1st_67147.csv,5,HT_temperature.T,1,0.9999428281175277
036_GHL_id_5_Sensor_tr_50000_1st_67147.csv,5,HT_temperature.T,10,0.9966923785528305
036_GHL_id_5_Sensor_tr_50000_1st_67147.csv,5,HT_temperature.T,100,0.9098214293161366
036_GHL_id_5_Sensor_tr_50000_1st_67147.csv,5,HT_temperature.T,1000,0.2528628979052077
036_GHL_id_5_Sensor_tr_50000_1st_67147.csv,5,heater_act,1,0.9940972717455581
036_GHL_id_5_Sensor_tr_50000_1st_67147.csv,5,heater_act,10,0.9409601946077943
036_GHL_id_5_Sensor_tr_50000_1st_67147.csv,5,heater_act,100,0.4083437869568942
036_GHL_id_5_Sensor_tr_50000_1st_67147.csv,5,heater_act,1000,0.06498071094724177
036_GHL_id_5_Sensor_tr_50000_1st_67147.csv,5,HT_level,1,0.9997173623993948
036_GHL_id_5_Sensor_tr_50000_1st_67147.csv,5,HT_level,10,0.975549403045635
036_GHL_id_5_Sensor_tr_50000_1st_67147.csv,5,HT_level,100,0.4021684137825887
036_GHL_id_5_Sensor_tr_50000_1st_67147.csv,5,HT_level,1000,0.05722045271437354
036_GHL_id_5_Sensor_tr_50000_1st_67147.csv,5,limiter1.y,1,0.998635367445324
036_GHL_id_5_Sensor_tr_50000_1st_67147.csv,5,limiter1.y,10,0.9863526276975868
036_GHL_id_5_Sensor_tr_50000_1st_67147.csv,5,limiter1.y,100,0.8634212582633981
036_GHL_id_5_Sensor_tr_50000_1st_67147.csv,5,limiter1.y,1000,0.11170446377826233
036_GHL_id_5_Sensor_tr_50000_1st_67147.csv,5,dL_rand,1,0.9999353022030862
036_GHL_id_5_Sensor_tr_50000_1st_67147.csv,5,dL_rand,10,0.9993529555463704
036_GHL_id_5_Sensor_tr_50000_1st_67147.csv,5,dL_rand,100,0.9935228798439354
036_GHL_id_5_Sensor_tr_50000_1st_67147.csv,5,dL_rand,1000,0.9345328364603751
037_GHL_id_6_Sensor_tr_50000_1st_80001.csv,6,RT_level_ini,1,0.9996759667682978
037_GHL_id_6_Sensor_tr_50000_1st_80001.csv,6,RT_level_ini,10,0.9967558467248864
037_GHL_id_6_Sensor_tr_50000_1st_80001.csv,6,RT_level_ini,100,0.9671656354665393
037_GHL_id_6_Sensor_tr_50000_1st_80001.csv,6,RT_level_ini,1000,0.6255983072504429
037_GHL_id_6_Sensor_tr_50000_1st_80001.csv,6,RT_temperature.T,1,0.9999955377301128
037_GHL_id_6_Sensor_tr_50000_1st_80001.csv,6,RT_temperature.T,10,0.9996054442144543
037_GHL_id_6_Sensor_tr_50000_1st_80001.csv,6,RT_temperature.T,100,0.9843206735977276
037_GHL_id_6_Sensor_tr_50000_1st_80001.csv,6,RT_temperature.T,1000,0.5648206274326302
037_GHL_id_6_Sensor_tr_50000_1st_80001.csv,6,C_temperature.T,1,0.9999991853068068
037_GHL_id_6_Sensor_tr_50000_1st_80001.csv,6,C_temperature.T,10,0.9999284418064606
037_GHL_id_6_Sensor_tr_50000_1st_80001.csv,6,C_temperature.T,100,0.996614504648439
037_GHL_id_6_Sensor_tr_50000_1st_80001.csv,6,C_temperature.T,1000,0.9451150462161424
037_GHL_id_6_Sensor_tr_50000_1st_80001.csv,6,RT_level,1,0.9999323867193681
037_GHL_id_6_Sensor_tr_50000_1st_80001.csv,6,RT_level,10,0.9941022825677189
037_GHL_id_6_Sensor_tr_50000_1st_80001.csv,6,RT_level,100,0.8291800024862401
037_GHL_id_6_Sensor_tr_50000_1st_80001.csv,6,RT_level,1000,0.45339761392458944
037_GHL_id_6_Sensor_tr_50000_1st_80001.csv,6,out_valve_act,1,0.9948812073384887
037_GHL_id_6_Sensor_tr_50000_1st_80001.csv,6,out_valve_act,10,0.9488118465709118
037_GHL_id_6_Sensor_tr_50000_1st_80001.csv,6,out_valve_act,100,0.4880957382021049
037_GHL_id_6_Sensor_tr_50000_1st_80001.csv,6,out_valve_act,1000,-0.025126048662106097
037_GHL_id_6_Sensor_tr_50000_1st_80001.csv,6,dT_rand,1,0.9998318081301694
037_GHL_id_6_Sensor_tr_50000_1st_80001.csv,6,dT_rand,10,0.9983180449928735
037_GHL_id_6_Sensor_tr_50000_1st_80001.csv,6,dT_rand,100,0.9831768103519684
037_GHL_id_6_Sensor_tr_50000_1st_80001.csv,6,dT_rand,1000,0.8313952318979536
037_GHL_id_6_Sensor_tr_50000_1st_80001.csv,6,inv_valve_act,1,0.9560570976197792
037_GHL_id_6_Sensor_tr_50000_1st_80001.csv,6,inv_valve_act,10,0.5605684451666161
037_GHL_id_6_Sensor_tr_50000_1st_80001.csv,6,inv_valve_act,100,-0.03205791106514993
037_GHL_id_6_Sensor_tr_50000_1st_80001.csv,6,inv_valve_act,1000,0.027981657557003867
037_GHL_id_6_Sensor_tr_50000_1st_80001.csv,6,limiter.y,1,0.9998679530941723
037_GHL_id_6_Sensor_tr_50000_1st_80001.csv,6,limiter.y,10,0.9986794742286329
037_GHL_id_6_Sensor_tr_50000_1st_80001.csv,6,limiter.y,100,0.9867890547843221
037_GHL_id_6_Sensor_tr_50000_1st_80001.csv,6,limiter.y,1000,0.8673051245181275
037_GHL_id_6_Sensor_tr_50000_1st_80001.csv,6,inj_valve_act,1,0.9986109388971633
037_GHL_id_6_Sensor_tr_50000_1st_80001.csv,6,inj_valve_act,10,0.986109068074038
037_GHL_id_6_Sensor_tr_50000_1st_80001.csv,6,inj_valve_act,100,0.8610585191286801
037_GHL_id_6_Sensor_tr_50000_1st_80001.csv,6,inj_valve_act,1000,-0.09798475350718305
037_GHL_id_6_Sensor_tr_50000_1st_80001.csv,6,Relaxing.active,1,0.988516086934961
037_GHL_id_6_Sensor_tr_50000_1st_80001.csv,6,Relaxing.active,10,0.88515771130966
037_GHL_id_6_Sensor_tr_50000_1st_80001.csv,6,Relaxing.active,100,-0.10661896820465841
037_GHL_id_6_Sensor_tr_50000_1st_80001.csv,6,Relaxing.active,1000,0.0840208186862739
037_GHL_id_6_Sensor_tr_50000_1st_80001.csv,6,boundary.m_flow_in,1,0.9986109388971628
037_GHL_id_6_Sensor_tr_50000_1st_80001.csv,6,boundary.m_flow_in,10,0.9861090680740375
037_GHL_id_6_Sensor_tr_50000_1st_80001.csv,6,boundary.m_flow_in,100,0.8610585191286804
037_GHL_id_6_Sensor_tr_50000_1st_80001.csv,6,boundary.m_flow_in,1000,-0.0979847535071832
037_GHL_id_6_Sensor_tr_50000_1st_80001.csv,6,dir_valve_act,1,0.9525716988675876
037_GHL_id_6_Sensor_tr_50000_1st_80001.csv,6,dir_valve_act,10,0.5257144293433351
037_GHL_id_6_Sensor_tr_50000_1st_80001.csv,6,dir_valve_act,100,-0.03003405924243986
037_GHL_id_6_Sensor_tr_50000_1st_80001.csv,6,dir_valve_act,1000,0.015854704862662373
037_GHL_id_6_Sensor_tr_50000_1st_80001.csv,6,dt_rand,1,0.9984759870661382
037_GHL_id_6_Sensor_tr_50000_1st_80001.csv,6,dt_rand,10,0.9847598099433782
037_GHL_id_6_Sensor_tr_50000_1st_80001.csv,6,dt_rand,100,0.8475920152436112
037_GHL_id_6_Sensor_tr_50000_1st_80001.csv,6,dt_rand,1000,0.09387323534278036
037_GHL_id_6_Sensor_tr_50000_1st_80001.csv,6,C_level,1,0.9999999222201491
037_GHL_id_6_Sensor_tr_50000_1st_80001.csv,6,C_level,10,0.9999923374241212
037_GHL_id_6_Sensor_tr_50000_1st_80001.csv,6,C_level,100,0.9993503900122848
037_GHL_id_6_Sensor_tr_50000_1st_80001.csv,6,C_level,1000,0.9855900093090685
037_GHL_id_6_Sensor_tr_50000_1st_80001.csv,6,HT_temperature.T,1,0.9999410586407872
037_GHL_id_6_Sensor_tr_50000_1st_80001.csv,6,HT_temperature.T,10,0.9965453448785205
037_GHL_id_6_Sensor_tr_50000_1st_80001.csv,6,HT_temperature.T,100,0.9062713871884419
037_GHL_id_6_Sensor_tr_50000_1st_80001.csv,6,HT_temperature.T,1000,0.25223064459138483
037_GHL_id_6_Sensor_tr_50000_1st_80001.csv,6,heater_act,1,0.9941090684291032
037_GHL_id_6_Sensor_tr_50000_1st_80001.csv,6,heater_act,10,0.9410778870551357
037_GHL_id_6_Sensor_tr_50000_1st_80001.csv,6,heater_act,100,0.40949300945620914
037_GHL_id_6_Sensor_tr_50000_1st_80001.csv,6,heater_act,1000,0.046391722240009856
037_GHL_id_6_Sensor_tr_50000_1st_80001.csv,6,HT_level,1,0.9997168564843344
037_GHL_id_6_Sensor_tr_50000_1st_80001.csv,6,HT_level,10,0.9755268071751512
037_GHL_id_6_Sensor_tr_50000_1st_80001.csv,6,HT_level,100,0.4010852325775663
037_GHL_id_6_Sensor_tr_50000_1st_80001.csv,6,HT_level,1000,0.040637580371482546
037_GHL_id_6_Sensor_tr_50000_1st_80001.csv,6,limiter1.y,1,0.99847598719405
037_GHL_id_6_Sensor_tr_50000_1st_80001.csv,6,limiter1.y,10,0.9847598112225211
037_GHL_id_6_Sensor_tr_50000_1st_80001.csv,6,limiter1.y,100,0.8475920280342444
037_GHL_id_6_Sensor_tr_50000_1st_80001.csv,6,limiter1.y,1000,0.0938732894030297
037_GHL_id_6_Sensor_tr_50000_1st_80001.csv,6,dL_rand,1,0.9998318081301694
037_GHL_id_6_Sensor_tr_50000_1st_80001.csv,6,dL_rand,10,0.9983180449928735
037_GHL_id_6_Sensor_tr_50000_1st_80001.csv,6,dL_rand,100,0.9831768103519684
037_GHL_id_6_Sensor_tr_50000_1st_80001.csv,6,dL_rand,1000,0.8313952318979536
038_GHL_id_7_Sensor_tr_50000_1st_100001.csv,7,RT_level_ini,1,0.9995033695251462
038_GHL_id_7_Sensor_tr_50000_1st_100001.csv,7,RT_level_ini,10,0.9950219319647766
038_GHL_id_7_Sensor_tr_50000_1st_100001.csv,7,RT_level_ini,100,0.9489829698755153
038_GHL_id_7_Sensor_tr_50000_1st_100001.csv,7,RT_level_ini,1000,0.2726303916259334
038_GHL_id_7_Sensor_tr_50000_1st_100001.csv,7,RT_temperature.T,1,0.9999961113400353
038_GHL_id_7_Sensor_tr_50000_1st_100001.csv,7,RT_temperature.T,10,0.9996549523187356
038_GHL_id_7_Sensor_tr_50000_1st_100001.csv,7,RT_temperature.T,100,0.9860621971982054
038_GHL_id_7_Sensor_tr_50000_1st_100001.csv,7,RT_temperature.T,1000,0.5914624019676433
038_GHL_id_7_Sensor_tr_50000_1st_100001.csv,7,C_temperature.T,1,0.9999991793271882
038_GHL_id_7_Sensor_tr_50000_1st_100001.csv,7,C_temperature.T,10,0.9999279743389088
038_GHL_id_7_Sensor_tr_50000_1st_100001.csv,7,C_temperature.T,100,0.9965925379671793
038_GHL_id_7_Sensor_tr_50000_1st_100001.csv,7,C_temperature.T,1000,0.9447491614066447
038_GHL_id_7_Sensor_tr_50000_1st_100001.csv,7,RT_level,1,0.9998798924821786
038_GHL_id_7_Sensor_tr_50000_1st_100001.csv,7,RT_level,10,0.9895086396837475
038_GHL_id_7_Sensor_tr_50000_1st_100001.csv,7,RT_level,100,0.6925025315804888
038_GHL_id_7_Sensor_tr_50000_1st_100001.csv,7,RT_level,1000,0.021513632090452088
038_GHL_id_7_Sensor_tr_50000_1st_100001.csv,7,out_valve_act,1,0.9950421326342643
038_GHL_id_7_Sensor_tr_50000_1st_100001.csv,7,out_valve_act,10,0.9504210991563309
038_GHL_id_7_Sensor_tr_50000_1st_100001.csv,7,out_valve_act,100,0.5041882267093192
038_GHL_id_7_Sensor_tr_50000_1st_100001.csv,7,out_valve_act,1000,-0.025984631168994302
038_GHL_id_7_Sensor_tr_50000_1st_100001.csv,7,dT_rand,1,0.9997676630538787
038_GHL_id_7_Sensor_tr_50000_1st_100001.csv,7,dT_rand,10,0.9976748881217041
038_GHL_id_7_Sensor_tr_50000_1st_100001.csv,7,dT_rand,100,0.9765713677636714
038_GHL_id_7_Sensor_tr_50000_1st_100001.csv,7,dT_rand,1000,0.7437758070634901
038_GHL_id_7_Sensor_tr_50000_1st_100001.csv,7,inv_valve_act,1,0.9559194367513418
038_GHL_id_7_Sensor_tr_50000_1st_100001.csv,7,inv_valve_act,10,0.5591918370046298
038_GHL_id_7_Sensor_tr_50000_1st_100001.csv,7,inv_valve_act,100,-0.031951194292213624
038_GHL_id_7_Sensor_tr_50000_1st_100001.csv,7,inv_valve_act,1000,0.026255157756334503
038_GHL_id_7_Sensor_tr_50000_1st_100001.csv,7,limiter.y,1,0.9997676633125242
038_GHL_id_7_Sensor_tr_50000_1st_100001.csv,7,limiter.y,10,0.9976748907122776
038_GHL_id_7_Sensor_tr_50000_1st_100001.csv,7,limiter.y,100,0.9765713940891809
038_GHL_id_7_Sensor_tr_50000_1st_100001.csv,7,limiter.y,1000,0.7437761280816312
038_GHL_id_7_Sensor_tr_50000_1st_100001.csv,7,inj_valve_act,1,0.9987079250162438
038_GHL_id_7_Sensor_tr_50000_1st_100001.csv,7,inj_valve_act,10,0.9870789219579739
038_GHL_id_7_Sensor_tr_50000_1st_100001.csv,7,inj_valve_act,100,0.8707563248110152
038_GHL_id_7_Sensor_tr_50000_1st_100001.csv,7,inj_valve_act,1000,-0.10702139835850198
038_GHL_id_7_Sensor_tr_50000_1st_100001.csv,7,Relaxing.active,1,0.9883486911600577
038_GHL_id_7_Sensor_tr_50000_1st_100001.csv,7,Relaxing.active,10,0.8834837698086879
038_GHL_id_7_Sensor_tr_50000_1st_100001.csv,7,Relaxing.active,100,-0.10843945027285057
038_GHL_id_7_Sensor_tr_50000_1st_100001.csv,7,Relaxing.active,1000,0.09779937527769923
038_GHL_id_7_Sensor_tr_50000_1st_100001.csv,7,boundary.m_flow_in,1,0.9987079250162437
038_GHL_id_7_Sensor_tr_50000_1st_100001.csv,7,boundary.m_flow_in,10,0.9870789219579734
038_GHL_id_7_Sensor_tr_50000_1st_100001.csv,7,boundary.m_flow_in,100,0.870756324811016
038_GHL_id_7_Sensor_tr_50000_1st_100001.csv,7,boundary.m_flow_in,1000,-0.10702139835850115
038_GHL_id_7_Sensor_tr_50000_1st_100001.csv,7,dir_valve_act,1,0.9525400573469246
038_GHL_id_7_Sensor_tr_50000_1st_100001.csv,7,dir_valve_act,10,0.5253980142421516
038_GHL_id_7_Sensor_tr_50000_1st_100001.csv,7,dir_valve_act,100,-0.030012797754200796
038_GHL_id_7_Sensor_tr_50000_1st_100001.csv,7,dir_valve_act,1000,0.02885135481471123
038_GHL_id_7_Sensor_tr_50000_1st_100001.csv,7,dt_rand,1,0.9986720850345799
038_GHL_id_7_Sensor_tr_50000_1st_100001.csv,7,dt_rand,10,0.9867193011660497
038_GHL_id_7_Sensor_tr_50000_1st_100001.csv,7,dt_rand,100,0.8670374856395978
038_GHL_id_7_Sensor_tr_50000_1st_100001.csv,7,dt_rand,1000,0.257968241823025
038_GHL_id_7_Sensor_tr_50000_1st_100001.csv,7,C_level,1,0.9999999153418845
038_GHL_id_7_Sensor_tr_50000_1st_100001.csv,7,C_level,10,0.9999916583908715
038_GHL_id_7_Sensor_tr_50000_1st_100001.csv,7,C_level,100,0.999288834949079
038_GHL_id_7_Sensor_tr_50000_1st_100001.csv,7,C_level,1000,0.9846438833419907
038_GHL_id_7_Sensor_tr_50000_1st_100001.csv,7,HT_temperature.T,1,0.9999446669876596
038_GHL_id_7_Sensor_tr_50000_1st_100001.csv,7,HT_temperature.T,10,0.9966994458455578
038_GHL_id_7_Sensor_tr_50000_1st_100001.csv,7,HT_temperature.T,100,0.9102707739027013
038_GHL_id_7_Sensor_tr_50000_1st_100001.csv,7,HT_temperature.T,1000,0.28690598257420996
038_GHL_id_7_Sensor_tr_50000_1st_100001.csv,7,heater_act,1,0.9941744138081134
038_GHL_id_7_Sensor_tr_50000_1st_100001.csv,7,heater_act,10,0.9417317396604503
038_GHL_id_7_Sensor_tr_50000_1st_100001.csv,7,heater_act,100,0.41607172075031734
038_GHL_id_7_Sensor_tr_50000_1st_100001.csv,7,heater_act,1000,0.0908894511234888
038_GHL_id_7_Sensor_tr_50000_1st_100001.csv,7,HT_level,1,0.9997210757678029
038_GHL_id_7_Sensor_tr_50000_1st_100001.csv,7,HT_level,10,0.975881698344324
038_GHL_id_7_Sensor_tr_50000_1st_100001.csv,7,HT_level,100,0.4115678671710414
038_GHL_id_7_Sensor_tr_50000_1st_100001.csv,7,HT_level,1000,0.0891617806918051
038_GHL_id_7_Sensor_tr_50000_1st_100001.csv,7,limiter1.y,1,0.9986720849049882
038_GHL_id_7_Sensor_tr_50000_1st_100001.csv,7,limiter1.y,10,0.9867192998698193
038_GHL_id_7_Sensor_tr_50000_1st_100001.csv,7,limiter1.y,100,0.8670374726440058
038_GHL_id_7_Sensor_tr_50000_1st_100001.csv,7,limiter1.y,1000,0.2579682047201978
038_GHL_id_7_Sensor_tr_50000_1st_100001.csv,7,dL_rand,1,0.9997676630538787
038_GHL_id_7_Sensor_tr_50000_1st_100001.csv,7,dL_rand,10,0.9976748881217041
038_GHL_id_7_Sensor_tr_50000_1st_100001.csv,7,dL_rand,100,0.9765713677636714
038_GHL_id_7_Sensor_tr_50000_1st_100001.csv,7,dL_rand,1000,0.7437758070634901
039_GHL_id_8_Sensor_tr_50000_1st_63030.csv,8,RT_level_ini,1,0.9995834321886841
039_GHL_id_8_Sensor_tr_50000_1st_63030.csv,8,RT_level_ini,10,0.9958268684937611
039_GHL_id_8_Sensor_tr_50000_1st_63030.csv,8,RT_level_ini,100,0.9574909258433821
039_GHL_id_8_Sensor_tr_50000_1st_63030.csv,8,RT_level_ini,1000,0.4448029107619432
039_GHL_id_8_Sensor_tr_50000_1st_63030.csv,8,RT_temperature.T,1,0.9999961987851266
039_GHL_id_8_Sensor_tr_50000_1st_63030.csv,8,RT_temperature.T,10,0.999662692472844
039_GHL_id_8_Sensor_tr_50000_1st_63030.csv,8,RT_temperature.T,100,0.9864168504914106
039_GHL_id_8_Sensor_tr_50000_1st_63030.csv,8,RT_temperature.T,1000,0.6068855271768652
039_GHL_id_8_Sensor_tr_50000_1st_63030.csv,8,C_temperature.T,1,0.9999991716404314
039_GHL_id_8_Sensor_tr_50000_1st_63030.csv,8,C_temperature.T,10,0.9999273327623357
039_GHL_id_8_Sensor_tr_50000_1st_63030.csv,8,C_temperature.T,100,0.9965625402882912
039_GHL_id_8_Sensor_tr_50000_1st_63030.csv,8,C_temperature.T,1000,0.9442216861213171
039_GHL_id_8_Sensor_tr_50000_1st_63030.csv,8,RT_level,1,0.9998956726587461
039_GHL_id_8_Sensor_tr_50000_1st_63030.csv,8,RT_level,10,0.9908815758835336
039_GHL_id_8_Sensor_tr_50000_1st_63030.csv,8,RT_level,100,0.7296874243705945
039_GHL_id_8_Sensor_tr_50000_1st_63030.csv,8,RT_level,1000,0.10546293012099794
039_GHL_id_8_Sensor_tr_50000_1st_63030.csv,8,out_valve_act,1,0.9951893447628237
039_GHL_id_8_Sensor_tr_50000_1st_63030.csv,8,out_valve_act,10,0.9518932200780127
039_GHL_id_8_Sensor_tr_50000_1st_63030.csv,8,out_valve_act,100,0.5189093994241104
039_GHL_id_8_Sensor_tr_50000_1st_63030.csv,8,out_valve_act,1000,-0.026823134953897945
039_GHL_id_8_Sensor_tr_50000_1st_63030.csv,8,dT_rand,1,0.9999002880835185
039_GHL_id_8_Sensor_tr_50000_1st_63030.csv,8,dT_rand,10,0.9990026327193516
039_GHL_id_8_Sensor_tr_50000_1st_63030.csv,8,dT_rand,100,0.9900013233026921
039_GHL_id_8_Sensor_tr_50000_1st_63030.csv,8,dT_rand,1000,0.8973126342663654
039_GHL_id_8_Sensor_tr_50000_1st_63030.csv,8,inv_valve_act,1,0.955974607994072
039_GHL_id_8_Sensor_tr_50000_1st_63030.csv,8,inv_valve_act,10,0.5597435492229971
039_GHL_id_8_Sensor_tr_50000_1st_63030.csv,8,inv_valve_act,100,-0.0319938783529461
039_GHL_id_8_Sensor_tr_50000_1st_63030.csv,8,inv_valve_act,1000,0.06151483253780103
039_GHL_id_8_Sensor_tr_50000_1st_63030.csv,8,limiter.y,1,0.9999002883244225
039_GHL_id_8_Sensor_tr_50000_1st_63030.csv,8,limiter.y,10,0.9990026351305291
039_GHL_id_8_Sensor_tr_50000_1st_63030.csv,8,limiter.y,100,0.9900013476388226
039_GHL_id_8_Sensor_tr_50000_1st_63030.csv,8,limiter.y,1000,0.8973129047220385
039_GHL_id_8_Sensor_tr_50000_1st_63030.csv,8,inj_valve_act,1,0.9988142737453183
039_GHL_id_8_Sensor_tr_50000_1st_63030.csv,8,inj_valve_act,10,0.9881355039798578
039_GHL_id_8_Sensor_tr_50000_1st_63030.csv,8,inj_valve_act,100,0.8806227608940028
039_GHL_id_8_Sensor_tr_50000_1st_63030.csv,8,inj_valve_act,1000,-0.11453116088147378
039_GHL_id_8_Sensor_tr_50000_1st_63030.csv,8,Relaxing.active,1,0.9886763472245622
039_GHL_id_8_Sensor_tr_50000_1st_63030.csv,8,Relaxing.active,10,0.8867602979780165
039_GHL_id_8_Sensor_tr_50000_1st_63030.csv,8,Relaxing.active,100,-0.09324176740932383
039_GHL_id_8_Sensor_tr_50000_1st_63030.csv,8,Relaxing.active,1000,0.10413176558341736
039_GHL_id_8_Sensor_tr_50000_1st_63030.csv,8,boundary.m_flow_in,1,0.9988142737453083
039_GHL_id_8_Sensor_tr_50000_1st_63030.csv,8,boundary.m_flow_in,10,0.9881355039798677
039_GHL_id_8_Sensor_tr_50000_1st_63030.csv,8,boundary.m_flow_in,100,0.8806227608940009
039_GHL_id_8_Sensor_tr_50000_1st_63030.csv,8,boundary.m_flow_in,1000,-0.11453116088147357
039_GHL_id_8_Sensor_tr_50000_1st_63030.csv,8,dir_valve_act,1,0.9524872623721681
039_GHL_id_8_Sensor_tr_50000_1st_63030.csv,8,dir_valve_act,10,0.5248701051831202
039_GHL_id_8_Sensor_tr_50000_1st_63030.csv,8,dir_valve_act,100,-0.029502785227976117
039_GHL_id_8_Sensor_tr_50000_1st_63030.csv,8,dir_valve_act,1000,0.016599823396700145
039_GHL_id_8_Sensor_tr_50000_1st_63030.csv,8,dt_rand,1,0.99826860550828
039_GHL_id_8_Sensor_tr_50000_1st_63030.csv,8,dt_rand,10,0.9826846320912948
039_GHL_id_8_Sensor_tr_50000_1st_63030.csv,8,dt_rand,100,0.8267035447232903
039_GHL_id_8_Sensor_tr_50000_1st_63030.csv,8,dt_rand,1000,-0.15781998550734297
039_GHL_id_8_Sensor_tr_50000_1st_63030.csv,8,C_level,1,0.9999999111531522
039_GHL_id_8_Sensor_tr_50000_1st_63030.csv,8,C_level,10,0.9999912411229797
039_GHL_id_8_Sensor_tr_50000_1st_63030.csv,8,C_level,100,0.999249092025955
039_GHL_id_8_Sensor_tr_50000_1st_63030.csv,8,C_level,1000,0.9833194196363432
039_GHL_id_8_Sensor_tr_50000_1st_63030.csv,8,HT_temperature.T,1,0.9999456857349411
039_GHL_id_8_Sensor_tr_50000_1st_63030.csv,8,HT_temperature.T,10,0.9967414711194011
039_GHL_id_8_Sensor_tr_50000_1st_63030.csv,8,HT_temperature.T,100,0.9102220729440329
039_GHL_id_8_Sensor_tr_50000_1st_63030.csv,8,HT_temperature.T,1000,0.2805981597827225
039_GHL_id_8_Sensor_tr_50000_1st_63030.csv,8,heater_act,1,0.9942653179523026
039_GHL_id_8_Sensor_tr_50000_1st_63030.csv,8,heater_act,10,0.9426347572551714
039_GHL_id_8_Sensor_tr_50000_1st_63030.csv,8,heater_act,100,0.4244951352381904
039_GHL_id_8_Sensor_tr_50000_1st_63030.csv,8,heater_act,1000,0.08654910930304778
039_GHL_id_8_Sensor_tr_50000_1st_63030.csv,8,HT_level,1,0.9997264297209087
039_GHL_id_8_Sensor_tr_50000_1st_63030.csv,8,HT_level,10,0.9763405436914896
039_GHL_id_8_Sensor_tr_50000_1st_63030.csv,8,HT_level,100,0.4199204831810645
039_GHL_id_8_Sensor_tr_50000_1st_63030.csv,8,HT_level,1000,0.08572705333779897
039_GHL_id_8_Sensor_tr_50000_1st_63030.csv,8,limiter1.y,1,0.9982686056119761
039_GHL_id_8_Sensor_tr_50000_1st_63030.csv,8,limiter1.y,10,0.9826846331280031
039_GHL_id_8_Sensor_tr_50000_1st_63030.csv,8,limiter1.y,100,0.8267035550636499
039_GHL_id_8_Sensor_tr_50000_1st_63030.csv,8,limiter1.y,1000,-0.15781993392074392
039_GHL_id_8_Sensor_tr_50000_1st_63030.csv,8,dL_rand,1,0.9999002880835185
039_GHL_id_8_Sensor_tr_50000_1st_63030.csv,8,dL_rand,10,0.9990026327193516
039_GHL_id_8_Sensor_tr_50000_1st_63030.csv,8,dL_rand,100,0.9900013233026921
039_GHL_id_8_Sensor_tr_50000_1st_63030.csv,8,dL_rand,1000,0.8973126342663654
040_GHL_id_9_Sensor_tr_50000_1st_92001.csv,9,RT_level_ini,1,0.9996762319568134
040_GHL_id_9_Sensor_tr_50000_1st_92001.csv,9,RT_level_ini,10,0.996758160336648
040_GHL_id_9_Sensor_tr_50000_1st_92001.csv,9,RT_level_ini,100,0.9671517933239521
040_GHL_id_9_Sensor_tr_50000_1st_92001.csv,9,RT_level_ini,1000,0.6165317913683848
040_GHL_id_9_Sensor_tr_50000_1st_92001.csv,9,RT_temperature.T,1,0.9999965373249314
040_GHL_id_9_Sensor_tr_50000_1st_92001.csv,9,RT_temperature.T,10,0.9996917561478212
040_GHL_id_9_Sensor_tr_50000_1st_92001.csv,9,RT_temperature.T,100,0.9874586128905062
040_GHL_id_9_Sensor_tr_50000_1st_92001.csv,9,RT_temperature.T,1000,0.637831802513523
040_GHL_id_9_Sensor_tr_50000_1st_92001.csv,9,C_temperature.T,1,0.9999991776331915
040_GHL_id_9_Sensor_tr_50000_1st_92001.csv,9,C_temperature.T,10,0.999927763294123
040_GHL_id_9_Sensor_tr_50000_1st_92001.csv,9,C_temperature.T,100,0.9965827815259951
040_GHL_id_9_Sensor_tr_50000_1st_92001.csv,9,C_temperature.T,1000,0.9445831481326851
040_GHL_id_9_Sensor_tr_50000_1st_92001.csv,9,RT_level,1,0.9999260151482943
040_GHL_id_9_Sensor_tr_50000_1st_92001.csv,9,RT_level,10,0.993529687226486
040_GHL_id_9_Sensor_tr_50000_1st_92001.csv,9,RT_level,100,0.8065204240105586
040_GHL_id_9_Sensor_tr_50000_1st_92001.csv,9,RT_level,1000,0.20694191489574398
040_GHL_id_9_Sensor_tr_50000_1st_92001.csv,9,out_valve_act,1,0.9955662161615717
040_GHL_id_9_Sensor_tr_50000_1st_92001.csv,9,out_valve_act,10,0.9556619330155492
040_GHL_id_9_Sensor_tr_50000_1st_92001.csv,9,out_valve_act,100,0.5565964234836499
040_GHL_id_9_Sensor_tr_50000_1st_92001.csv,9,out_valve_act,1000,-0.0289892195447647
040_GHL_id_9_Sensor_tr_50000_1st_92001.csv,9,dT_rand,1,0.9998597067431089
040_GHL_id_9_Sensor_tr_50000_1st_92001.csv,9,dT_rand,10,0.9985970134670804
040_GHL_id_9_Sensor_tr_50000_1st_92001.csv,9,dT_rand,100,0.9859647233527824
040_GHL_id_9_Sensor_tr_50000_1st_92001.csv,9,dT_rand,1000,0.8591233112873641
040_GHL_id_9_Sensor_tr_50000_1st_92001.csv,9,inv_valve_act,1,0.9559619285848802
040_GHL_id_9_Sensor_tr_50000_1st_92001.csv,9,inv_valve_act,10,0.5596166732683406
040_GHL_id_9_Sensor_tr_50000_1st_92001.csv,9,inv_valve_act,100,-0.033019356174309095
040_GHL_id_9_Sensor_tr_50000_1st_92001.csv,9,inv_valve_act,1000,0.024030572281338983
040_GHL_id_9_Sensor_tr_50000_1st_92001.csv,9,limiter.y,1,0.9998597067101713
040_GHL_id_9_Sensor_tr_50000_1st_92001.csv,9,limiter.y,10,0.9985970131375974
040_GHL_id_9_Sensor_tr_50000_1st_92001.csv,9,limiter.y,100,0.9859647200602549
040_GHL_id_9_Sensor_tr_50000_1st_92001.csv,9,limiter.y,1000,0.8591232786646603
040_GHL_id_9_Sensor_tr_50000_1st_92001.csv,9,inj_valve_act,1,0.9988664742652159
040_GHL_id_9_Sensor_tr_50000_1st_92001.csv,9,inj_valve_act,10,0.9886582223741243
040_GHL_id_9_Sensor_tr_50000_1st_92001.csv,9,inj_valve_act,100,0.885922549878289
040_GHL_id_9_Sensor_tr_50000_1st_92001.csv,9,inj_valve_act,1000,-0.0898665717170014
040_GHL_id_9_Sensor_tr_50000_1st_92001.csv,9,Relaxing.active,1,0.988655387627465
040_GHL_id_9_Sensor_tr_50000_1st_92001.csv,9,Relaxing.active,10,0.8865505710678184
040_GHL_id_9_Sensor_tr_50000_1st_92001.csv,9,Relaxing.active,100,-0.10495295778111759
040_GHL_id_9_Sensor_tr_50000_1st_92001.csv,9,Relaxing.active,1000,0.07201884722424644
040_GHL_id_9_Sensor_tr_50000_1st_92001.csv,9,boundary.m_flow_in,1,0.9988664742652035
040_GHL_id_9_Sensor_tr_50000_1st_92001.csv,9,boundary.m_flow_in,10,0.9886582223741329
040_GHL_id_9_Sensor_tr_50000_1st_92001.csv,9,boundary.m_flow_in,100,0.8859225498782711
040_GHL_id_9_Sensor_tr_50000_1st_92001.csv,9,boundary.m_flow_in,1000,-0.08986657171700188
040_GHL_id_9_Sensor_tr_50000_1st_92001.csv,9,dir_valve_act,1,0.9524656889781796
040_GHL_id_9_Sensor_tr_50000_1st_92001.csv,9,dir_valve_act,10,0.5246542902155497
040_GHL_id_9_Sensor_tr_50000_1st_92001.csv,9,dir_valve_act,100,-0.03043819435840238
040_GHL_id_9_Sensor_tr_50000_1st_92001.csv,9,dir_valve_act,1000,0.01922263674875921
040_GHL_id_9_Sensor_tr_50000_1st_92001.csv,9,dt_rand,1,0.9981101789909492
040_GHL_id_9_Sensor_tr_50000_1st_92001.csv,9,dt_rand,10,0.9811007528329893
040_GHL_id_9_Sensor_tr_50000_1st_92001.csv,9,dt_rand,100,0.8109035357179942
040_GHL_id_9_Sensor_tr_50000_1st_92001.csv,9,dt_rand,1000,0.08281689214398961
040_GHL_id_9_Sensor_tr_50000_1st_92001.csv,9,C_level,1,0.9999999224616818
040_GHL_id_9_Sensor_tr_50000_1st_92001.csv,9,C_level,10,0.9999923455455152
040_GHL_id_9_Sensor_tr_50000_1st_92001.csv,9,C_level,100,0.9993346974423448
040_GHL_id_9_Sensor_tr_50000_1st_92001.csv,9,C_level,1000,0.9841209886439619
040_GHL_id_9_Sensor_tr_50000_1st_92001.csv,9,HT_temperature.T,1,0.9999517285746536
040_GHL_id_9_Sensor_tr_50000_1st_92001.csv,9,HT_temperature.T,10,0.9970913676275891
040_GHL_id_9_Sensor_tr_50000_1st_92001.csv,9,HT_temperature.T,100,0.9169574338362927
040_GHL_id_9_Sensor_tr_50000_1st_92001.csv,9,HT_temperature.T,1000,0.28323818505556525
040_GHL_id_9_Sensor_tr_50000_1st_92001.csv,9,heater_act,1,0.9941951557134355
040_GHL_id_9_Sensor_tr_50000_1st_92001.csv,9,heater_act,10,0.9419341091422281
040_GHL_id_9_Sensor_tr_50000_1st_92001.csv,9,heater_act,100,0.4175870223201787
040_GHL_id_9_Sensor_tr_50000_1st_92001.csv,9,heater_act,1000,0.08811806819145251
040_GHL_id_9_Sensor_tr_50000_1st_92001.csv,9,HT_level,1,0.9997241545063674
040_GHL_id_9_Sensor_tr_50000_1st_92001.csv,9,HT_level,10,0.9761327960034907
040_GHL_id_9_Sensor_tr_50000_1st_92001.csv,9,HT_level,100,0.41426234121000355
040_GHL_id_9_Sensor_tr_50000_1st_92001.csv,9,HT_level,1000,0.08842548378802582
040_GHL_id_9_Sensor_tr_50000_1st_92001.csv,9,limiter1.y,1,0.9981101790208607
040_GHL_id_9_Sensor_tr_50000_1st_92001.csv,9,limiter1.y,10,0.9811007531310203
040_GHL_id_9_Sensor_tr_50000_1st_92001.csv,9,limiter1.y,100,0.8109035385842253
040_GHL_id_9_Sensor_tr_50000_1st_92001.csv,9,limiter1.y,1000,0.0828169038869844
040_GHL_id_9_Sensor_tr_50000_1st_92001.csv,9,dL_rand,1,0.9998597067431089
040_GHL_id_9_Sensor_tr_50000_1st_92001.csv,9,dL_rand,10,0.9985970134670804
040_GHL_id_9_Sensor_tr_50000_1st_92001.csv,9,dL_rand,100,0.9859647233527824
040_GHL_id_9_Sensor_tr_50000_1st_92001.csv,9,dL_rand,1000,0.8591233112873641
041_GHL_id_10_Sensor_tr_50000_1st_57001.csv,10,RT_level_ini,1,0.9996833144295039
041_GHL_id_10_Sensor_tr_50000_1st_57001.csv,10,RT_level_ini,10,0.9968298556351587
041_GHL_id_10_Sensor_tr_50000_1st_57001.csv,10,RT_level_ini,100,0.967961638286416
041_GHL_id_10_Sensor_tr_50000_1st_57001.csv,10,RT_level_ini,1000,0.6438555679148518
041_GHL_id_10_Sensor_tr_50000_1st_57001.csv,10,RT_temperature.T,1,0.999995229849795
041_GHL_id_10_Sensor_tr_50000_1st_57001.csv,10,RT_temperature.T,10,0.9995777227428871
041_GHL_id_10_Sensor_tr_50000_1st_57001.csv,10,RT_temperature.T,100,0.9827840947238453
041_GHL_id_10_Sensor_tr_50000_1st_57001.csv,10,RT_temperature.T,1000,0.5146207395402951
041_GHL_id_10_Sensor_tr_50000_1st_57001.csv,10,C_temperature.T,1,0.9999991818605629
041_GHL_id_10_Sensor_tr_50000_1st_57001.csv,10,C_temperature.T,10,0.9999281538055617
041_GHL_id_10_Sensor_tr_50000_1st_57001.csv,10,C_temperature.T,100,0.9966009851119421
041_GHL_id_10_Sensor_tr_50000_1st_57001.csv,10,C_temperature.T,1000,0.9448448284129208
041_GHL_id_10_Sensor_tr_50000_1st_57001.csv,10,RT_level,1,0.9999348670477457
041_GHL_id_10_Sensor_tr_50000_1st_57001.csv,10,RT_level,10,0.994314763712442
041_GHL_id_10_Sensor_tr_50000_1st_57001.csv,10,RT_level,100,0.8347566174893559
041_GHL_id_10_Sensor_tr_50000_1st_57001.csv,10,RT_level,1000,0.5124929046265222
041_GHL_id_10_Sensor_tr_50000_1st_57001.csv,10,out_valve_act,1,0.9944716444975177
041_GHL_id_10_Sensor_tr_50000_1st_57001.csv,10,out_valve_act,10,0.9447161792817984
041_GHL_id_10_Sensor_tr_50000_1st_57001.csv,10,out_valve_act,100,0.447135169357396
041_GHL_id_10_Sensor_tr_50000_1st_57001.csv,10,out_valve_act,1000,-0.02725366876310278
041_GHL_id_10_Sensor_tr_50000_1st_57001.csv,10,dT_rand,1,0.9998312496703862
041_GHL_id_10_Sensor_tr_50000_1st_57001.csv,10,dT_rand,10,0.9983124748927277
041_GHL_id_10_Sensor_tr_50000_1st_57001.csv,10,dT_rand,100,0.9831225629579408
041_GHL_id_10_Sensor_tr_50000_1st_57001.csv,10,dT_rand,1000,0.8310020699856513
041_GHL_id_10_Sensor_tr_50000_1st_57001.csv,10,inv_valve_act,1,0.9558051726396626
041_GHL_id_10_Sensor_tr_50000_1st_57001.csv,10,inv_valve_act,10,0.5580491554246325
041_GHL_id_10_Sensor_tr_50000_1st_57001.csv,10,inv_valve_act,100,-0.032378193855384464
041_GHL_id_10_Sensor_tr_50000_1st_57001.csv,10,inv_valve_act,1000,0.028392981685716977
041_GHL_id_10_Sensor_tr_50000_1st_57001.csv,10,limiter.y,1,0.9998213845145106
041_GHL_id_10_Sensor_tr_50000_1st_57001.csv,10,limiter.y,10,0.99821380429898
041_GHL_id_10_Sensor_tr_50000_1st_57001.csv,10,limiter.y,100,0.9821339484839277
041_GHL_id_10_Sensor_tr_50000_1st_57001.csv,10,limiter.y,1000,0.8209199001516944
041_GHL_id_10_Sensor_tr_50000_1st_57001.csv,10,inj_valve_act,1,0.9984962997218497
041_GHL_id_10_Sensor_tr_50000_1st_57001.csv,10,inj_valve_act,10,0.9849626243267732
041_GHL_id_10_Sensor_tr_50000_1st_57001.csv,10,inj_valve_act,100,0.8495888699019132
041_GHL_id_10_Sensor_tr_50000_1st_57001.csv,10,inj_valve_act,1000,-0.10322375317345567
041_GHL_id_10_Sensor_tr_50000_1st_57001.csv,10,Relaxing.active,1,0.9884307177287672
041_GHL_id_10_Sensor_tr_50000_1st_57001.csv,10,Relaxing.active,10,0.884303962509749
041_GHL_id_10_Sensor_tr_50000_1st_57001.csv,10,Relaxing.active,100,-0.11530950420879142
041_GHL_id_10_Sensor_tr_50000_1st_57001.csv,10,Relaxing.active,1000,0.08487391682797876
041_GHL_id_10_Sensor_tr_50000_1st_57001.csv,10,boundary.m_flow_in,1,0.9984962997218497
041_GHL_id_10_Sensor_tr_50000_1st_57001.csv,10,boundary.m_flow_in,10,0.9849626243267727
041_GHL_id_10_Sensor_tr_50000_1st_57001.csv,10,boundary.m_flow_in,100,0.8495888699019127
041_GHL_id_10_Sensor_tr_50000_1st_57001.csv,10,boundary.m_flow_in,1000,-0.10322375317345624
041_GHL_id_10_Sensor_tr_50000_1st_57001.csv,10,dir_valve_act,1,0.9525904258800764
041_GHL_id_10_Sensor_tr_50000_1st_57001.csv,10,dir_valve_act,10,0.5259016588058507
041_GHL_id_10_Sensor_tr_50000_1st_57001.csv,10,dir_valve_act,100,-0.03052331584816831
041_GHL_id_10_Sensor_tr_50000_1st_57001.csv,10,dir_valve_act,1000,0.011089206374041417
041_GHL_id_10_Sensor_tr_50000_1st_57001.csv,10,dt_rand,1,0.998517428853995
041_GHL_id_10_Sensor_tr_50000_1st_57001.csv,10,dt_rand,10,0.9851742878515515
041_GHL_id_10_Sensor_tr_50000_1st_57001.csv,10,dt_rand,100,0.8517428095380258
041_GHL_id_10_Sensor_tr_50000_1st_57001.csv,10,dt_rand,1000,0.16778056258602536
041_GHL_id_10_Sensor_tr_50000_1st_57001.csv,10,C_level,1,0.9999999231578951
041_GHL_id_10_Sensor_tr_50000_1st_57001.csv,10,C_level,10,0.9999924399323787
041_GHL_id_10_Sensor_tr_50000_1st_57001.csv,10,C_level,100,0.9993681903922045
041_GHL_id_10_Sensor_tr_50000_1st_57001.csv,10,C_level,1000,0.9867261532134536
041_GHL_id_10_Sensor_tr_50000_1st_57001.csv,10,HT_temperature.T,1,0.9999454117136148
041_GHL_id_10_Sensor_tr_50000_1st_57001.csv,10,HT_temperature.T,10,0.9967836209445815
041_GHL_id_10_Sensor_tr_50000_1st_57001.csv,10,HT_temperature.T,100,0.911587390461047
041_GHL_id_10_Sensor_tr_50000_1st_57001.csv,10,HT_temperature.T,1000,0.20632373978324897
041_GHL_id_10_Sensor_tr_50000_1st_57001.csv,10,heater_act,1,0.9941234918666964
041_GHL_id_10_Sensor_tr_50000_1st_57001.csv,10,heater_act,10,0.9412225538779647
041_GHL_id_10_Sensor_tr_50000_1st_57001.csv,10,heater_act,100,0.41098330430870317
041_GHL_id_10_Sensor_tr_50000_1st_57001.csv,10,heater_act,1000,0.0491894187247616
041_GHL_id_10_Sensor_tr_50000_1st_57001.csv,10,HT_level,1,0.9997188219535812
041_GHL_id_10_Sensor_tr_50000_1st_57001.csv,10,HT_level,10,0.9756846500761222
041_GHL_id_10_Sensor_tr_50000_1st_57001.csv,10,HT_level,100,0.4048967884524755
041_GHL_id_10_Sensor_tr_50000_1st_57001.csv,10,HT_level,1000,0.03899946496269845
041_GHL_id_10_Sensor_tr_50000_1st_57001.csv,10,limiter1.y,1,0.9985174287542325
041_GHL_id_10_Sensor_tr_50000_1st_57001.csv,10,limiter1.y,10,0.9851742868538956
041_GHL_id_10_Sensor_tr_50000_1st_57001.csv,10,limiter1.y,100,0.8517427995620498
041_GHL_id_10_Sensor_tr_50000_1st_57001.csv,10,limiter1.y,1000,0.16778053703184534
041_GHL_id_10_Sensor_tr_50000_1st_57001.csv,10,dL_rand,1,0.9998312496703862
041_GHL_id_10_Sensor_tr_50000_1st_57001.csv,10,dL_rand,10,0.9983124748927277
041_GHL_id_10_Sensor_tr_50000_1st_57001.csv,10,dL_rand,100,0.9831225629579408
041_GHL_id_10_Sensor_tr_50000_1st_57001.csv,10,dL_rand,1000,0.8310020699856513
042_GHL_id_11_Sensor_tr_50000_1st_150001.csv,11,RT_level_ini,1,0.9996812485859994
042_GHL_id_11_Sensor_tr_50000_1st_150001.csv,11,RT_level_ini,10,0.9968080740218138
042_GHL_id_11_Sensor_tr_50000_1st_150001.csv,11,RT_level_ini,100,0.967626104095196
042_GHL_id_11_Sensor_tr_50000_1st_150001.csv,11,RT_level_ini,1000,0.6241709780574282
042_GHL_id_11_Sensor_tr_50000_1st_150001.csv,11,RT_temperature.T,1,0.9999964781962146
042_GHL_id_11_Sensor_tr_50000_1st_150001.csv,11,RT_temperature.T,10,0.9996861936267758
042_GHL_id_11_Sensor_tr_50000_1st_150001.csv,11,RT_temperature.T,100,0.9868770461226649
042_GHL_id_11_Sensor_tr_50000_1st_150001.csv,11,RT_temperature.T,1000,0.5971806606016846
042_GHL_id_11_Sensor_tr_50000_1st_150001.csv,11,C_temperature.T,1,0.9999991727644374
042_GHL_id_11_Sensor_tr_50000_1st_150001.csv,11,C_temperature.T,10,0.9999281957905332
042_GHL_id_11_Sensor_tr_50000_1st_150001.csv,11,C_temperature.T,100,0.9966061796313261
042_GHL_id_11_Sensor_tr_50000_1st_150001.csv,11,C_temperature.T,1000,0.9449168890027316
042_GHL_id_11_Sensor_tr_50000_1st_150001.csv,11,RT_level,1,0.9999354709708453
042_GHL_id_11_Sensor_tr_50000_1st_150001.csv,11,RT_level,10,0.994362763183357
042_GHL_id_11_Sensor_tr_50000_1st_150001.csv,11,RT_level,100,0.8334917260277416
042_GHL_id_11_Sensor_tr_50000_1st_150001.csv,11,RT_level,1000,0.356911142363602
042_GHL_id_11_Sensor_tr_50000_1st_150001.csv,11,out_valve_act,1,0.9954486105999124
042_GHL_id_11_Sensor_tr_50000_1st_150001.csv,11,out_valve_act,10,0.9544858777466155
042_GHL_id_11_Sensor_tr_50000_1st_150001.csv,11,out_valve_act,100,0.5448359056667104
042_GHL_id_11_Sensor_tr_50000_1st_150001.csv,11,out_valve_act,1000,-0.028439500472242665
042_GHL_id_11_Sensor_tr_50000_1st_150001.csv,11,dT_rand,1,0.9998408894921959
042_GHL_id_11_Sensor_tr_50000_1st_150001.csv,11,dT_rand,10,0.9984086540314653
042_GHL_id_11_Sensor_tr_50000_1st_150001.csv,11,dT_rand,100,0.984062349288861
042_GHL_id_11_Sensor_tr_50000_1st_150001.csv,11,dT_rand,1000,0.8380976809847719
042_GHL_id_11_Sensor_tr_50000_1st_150001.csv,11,inv_valve_act,1,0.9559352115417833
042_GHL_id_11_Sensor_tr_50000_1st_150001.csv,11,inv_valve_act,10,0.5593495029453279
042_GHL_id_11_Sensor_tr_50000_1st_150001.csv,11,inv_valve_act,100,-0.03299797126650939
042_GHL_id_11_Sensor_tr_50000_1st_150001.csv,11,inv_valve_act,1000,0.008524615919579186
042_GHL_id_11_Sensor_tr_50000_1st_150001.csv,11,limiter.y,1,0.9998408894924092
042_GHL_id_11_Sensor_tr_50000_1st_150001.csv,11,limiter.y,10,0.9984086540335069
042_GHL_id_11_Sensor_tr_50000_1st_150001.csv,11,limiter.y,100,0.9840623493044409
042_GHL_id_11_Sensor_tr_50000_1st_150001.csv,11,limiter.y,1000,0.8380976806031526
042_GHL_id_11_Sensor_tr_50000_1st_150001.csv,11,inj_valve_act,1,0.998724889093918
042_GHL_id_11_Sensor_tr_50000_1st_150001.csv,11,inj_valve_act,10,0.9872485612916796
042_GHL_id_11_Sensor_tr_50000_1st_150001.csv,11,inj_valve_act,100,0.8724525733535005
042_GHL_id_11_Sensor_tr_50000_1st_150001.csv,11,inj_valve_act,1000,-0.077455006093048
042_GHL_id_11_Sensor_tr_50000_1st_150001.csv,11,Relaxing.active,1,0.9884244551213953
042_GHL_id_11_Sensor_tr_50000_1st_150001.csv,11,Relaxing.active,10,0.8842412712096375
042_GHL_id_11_Sensor_tr_50000_1st_150001.csv,11,Relaxing.active,100,-0.10683151047721388
042_GHL_id_11_Sensor_tr_50000_1st_150001.csv,11,Relaxing.active,1000,0.06431515131262729
042_GHL_id_11_Sensor_tr_50000_1st_150001.csv,11,boundary.m_flow_in,1,0.9987248890939179
042_GHL_id_11_Sensor_tr_50000_1st_150001.csv,11,boundary.m_flow_in,10,0.9872485612916795
042_GHL_id_11_Sensor_tr_50000_1st_150001.csv,11,boundary.m_flow_in,100,0.8724525733534997
042_GHL_id_11_Sensor_tr_50000_1st_150001.csv,11,boundary.m_flow_in,1000,-0.07745500609304845
042_GHL_id_11_Sensor_tr_50000_1st_150001.csv,11,dir_valve_act,1,0.9524544129306302
042_GHL_id_11_Sensor_tr_50000_1st_150001.csv,11,dir_valve_act,10,0.524541489117457
042_GHL_id_11_Sensor_tr_50000_1st_150001.csv,11,dir_valve_act,100,-0.030906536649863772
042_GHL_id_11_Sensor_tr_50000_1st_150001.csv,11,dir_valve_act,1000,-0.012862097557931116
042_GHL_id_11_Sensor_tr_50000_1st_150001.csv,11,dt_rand,1,0.9985823631209617
042_GHL_id_11_Sensor_tr_50000_1st_150001.csv,11,dt_rand,10,0.9858235796201749
042_GHL_id_11_Sensor_tr_50000_1st_150001.csv,11,dt_rand,100,0.8582306267656071
042_GHL_id_11_Sensor_tr_50000_1st_150001.csv,11,dt_rand,1000,0.29480871937020264
042_GHL_id_11_Sensor_tr_50000_1st_150001.csv,11,C_level,1,0.9999999179047249
042_GHL_id_11_Sensor_tr_50000_1st_150001.csv,11,C_level,10,0.9999918986369648
042_GHL_id_11_Sensor_tr_50000_1st_150001.csv,11,C_level,100,0.9992985990728042
042_GHL_id_11_Sensor_tr_50000_1st_150001.csv,11,C_level,1000,0.9833369475717004
042_GHL_id_11_Sensor_tr_50000_1st_150001.csv,11,HT_temperature.T,1,0.9999505262991804
042_GHL_id_11_Sensor_tr_50000_1st_150001.csv,11,HT_temperature.T,10,0.9970678160813937
042_GHL_id_11_Sensor_tr_50000_1st_150001.csv,11,HT_temperature.T,100,0.9175193841255096
042_GHL_id_11_Sensor_tr_50000_1st_150001.csv,11,HT_temperature.T,1000,0.2766152390407615
042_GHL_id_11_Sensor_tr_50000_1st_150001.csv,11,heater_act,1,0.9940852308056598
042_GHL_id_11_Sensor_tr_50000_1st_150001.csv,11,heater_act,10,0.9408400505941064
042_GHL_id_11_Sensor_tr_50000_1st_150001.csv,11,heater_act,100,0.4071691355555964
042_GHL_id_11_Sensor_tr_50000_1st_150001.csv,11,heater_act,1000,0.05951451499644486
042_GHL_id_11_Sensor_tr_50000_1st_150001.csv,11,HT_level,1,0.9997174333879605
042_GHL_id_11_Sensor_tr_50000_1st_150001.csv,11,HT_level,10,0.9755665417150028
042_GHL_id_11_Sensor_tr_50000_1st_150001.csv,11,HT_level,100,0.40277303711270135
042_GHL_id_11_Sensor_tr_50000_1st_150001.csv,11,HT_level,1000,0.05541611576910474
042_GHL_id_11_Sensor_tr_50000_1st_150001.csv,11,limiter1.y,1,0.9985823631264173
042_GHL_id_11_Sensor_tr_50000_1st_150001.csv,11,limiter1.y,10,0.9858235796747863
042_GHL_id_11_Sensor_tr_50000_1st_150001.csv,11,limiter1.y,100,0.8582306273183206
042_GHL_id_11_Sensor_tr_50000_1st_150001.csv,11,limiter1.y,1000,0.29480869486845873
042_GHL_id_11_Sensor_tr_50000_1st_150001.csv,11,dL_rand,1,0.9998408894921959
042_GHL_id_11_Sensor_tr_50000_1st_150001.csv,11,dL_rand,10,0.9984086540314653
042_GHL_id_11_Sensor_tr_50000_1st_150001.csv,11,dL_rand,100,0.984062349288861
042_GHL_id_11_Sensor_tr_50000_1st_150001.csv,11,dL_rand,1000,0.8380976809847719
043_GHL_id_12_Sensor_tr_39938_1st_40038.csv,12,RT_level_ini,1,0.9996822641901558
043_GHL_id_12_Sensor_tr_39938_1st_40038.csv,12,RT_level_ini,10,0.9968185311428192
043_GHL_id_12_Sensor_tr_39938_1st_40038.csv,12,RT_level_ini,100,0.9677607351799974
043_GHL_id_12_Sensor_tr_39938_1st_40038.csv,12,RT_level_ini,1000,0.6246030537534257
043_GHL_id_12_Sensor_tr_39938_1st_40038.csv,12,RT_temperature.T,1,0.9999963932017883
043_GHL_id_12_Sensor_tr_39938_1st_40038.csv,12,RT_temperature.T,10,0.999680865064524
043_GHL_id_12_Sensor_tr_39938_1st_40038.csv,12,RT_temperature.T,100,0.9877949434616367
043_GHL_id_12_Sensor_tr_39938_1st_40038.csv,12,RT_temperature.T,1000,0.6541937906417156
043_GHL_id_12_Sensor_tr_39938_1st_40038.csv,12,C_temperature.T,1,0.9999990816210821
043_GHL_id_12_Sensor_tr_39938_1st_40038.csv,12,C_temperature.T,10,0.9999209199421625
043_GHL_id_12_Sensor_tr_39938_1st_40038.csv,12,C_temperature.T,100,0.9962666973706436
043_GHL_id_12_Sensor_tr_39938_1st_40038.csv,12,C_temperature.T,1000,0.93959658189319
043_GHL_id_12_Sensor_tr_39938_1st_40038.csv,12,RT_level,1,0.9999239852578529
043_GHL_id_12_Sensor_tr_39938_1st_40038.csv,12,RT_level,10,0.9933696096953084
043_GHL_id_12_Sensor_tr_39938_1st_40038.csv,12,RT_level,100,0.8097503414321634
043_GHL_id_12_Sensor_tr_39938_1st_40038.csv,12,RT_level,1000,0.3308899265698782
043_GHL_id_12_Sensor_tr_39938_1st_40038.csv,12,out_valve_act,1,0.9952626359314305
043_GHL_id_12_Sensor_tr_39938_1st_40038.csv,12,out_valve_act,10,0.9526261234692339
043_GHL_id_12_Sensor_tr_39938_1st_40038.csv,12,out_valve_act,100,0.526237590278707
043_GHL_id_12_Sensor_tr_39938_1st_40038.csv,12,out_valve_act,1000,-0.022665791201575844
043_GHL_id_12_Sensor_tr_39938_1st_40038.csv,12,dT_rand,1,0.9999441763960841
043_GHL_id_12_Sensor_tr_39938_1st_40038.csv,12,dT_rand,10,0.9994417467003858
043_GHL_id_12_Sensor_tr_39938_1st_40038.csv,12,dT_rand,100,0.9944157313164392
043_GHL_id_12_Sensor_tr_39938_1st_40038.csv,12,dT_rand,1000,0.9439735166355581
043_GHL_id_12_Sensor_tr_39938_1st_40038.csv,12,inv_valve_act,1,0.9559495763324124
043_GHL_id_12_Sensor_tr_39938_1st_40038.csv,12,inv_valve_act,10,0.5614181805483296
043_GHL_id_12_Sensor_tr_39938_1st_40038.csv,12,inv_valve_act,100,-0.032499031802370175
043_GHL_id_12_Sensor_tr_39938_1st_40038.csv,12,inv_valve_act,1000,0.033705058396010415
043_GHL_id_12_Sensor_tr_39938_1st_40038.csv,12,limiter.y,1,0.999944176414737
043_GHL_id_12_Sensor_tr_39938_1st_40038.csv,12,limiter.y,10,0.9994417468869378
043_GHL_id_12_Sensor_tr_39938_1st_40038.csv,12,limiter.y,100,0.9944157331864806
043_GHL_id_12_Sensor_tr_39938_1st_40038.csv,12,limiter.y,1000,0.943973535804422
043_GHL_id_12_Sensor_tr_39938_1st_40038.csv,12,inj_valve_act,1,0.998780986869956
043_GHL_id_12_Sensor_tr_39938_1st_40038.csv,12,inj_valve_act,10,0.987809507395957
043_GHL_id_12_Sensor_tr_39938_1st_40038.csv,12,inj_valve_act,100,0.878058841974548
043_GHL_id_12_Sensor_tr_39938_1st_40038.csv,12,inj_valve_act,1000,-0.06951396445391217
043_GHL_id_12_Sensor_tr_39938_1st_40038.csv,12,Relaxing.active,1,0.9884394788095087
043_GHL_id_12_Sensor_tr_39938_1st_40038.csv,12,Relaxing.active,10,0.8852460148556786
043_GHL_id_12_Sensor_tr_39938_1st_40038.csv,12,Relaxing.active,100,-0.10275802404350853
043_GHL_id_12_Sensor_tr_39938_1st_40038.csv,12,Relaxing.active,1000,0.07139544413590465
043_GHL_id_12_Sensor_tr_39938_1st_40038.csv,12,boundary.m_flow_in,1,0.9987809868699558
043_GHL_id_12_Sensor_tr_39938_1st_40038.csv,12,boundary.m_flow_in,10,0.9878095073959575
043_GHL_id_12_Sensor_tr_39938_1st_40038.csv,12,boundary.m_flow_in,100,0.8780588419745485
043_GHL_id_12_Sensor_tr_39938_1st_40038.csv,12,boundary.m_flow_in,1000,-0.06951396445391235
043_GHL_id_12_Sensor_tr_39938_1st_40038.csv,12,dir_valve_act,1,0.952571149280015
043_GHL_id_12_Sensor_tr_39938_1st_40038.csv,12,dir_valve_act,10,0.525708257758013
043_GHL_id_12_Sensor_tr_39938_1st_40038.csv,12,dir_valve_act,100,-0.030337514548040904
043_GHL_id_12_Sensor_tr_39938_1st_40038.csv,12,dir_valve_act,1000,0.004153403267494065
043_GHL_id_12_Sensor_tr_39938_1st_40038.csv,12,dt_rand,1,0.9983113368482297
043_GHL_id_12_Sensor_tr_39938_1st_40038.csv,12,dt_rand,10,0.9831046691444456
043_GHL_id_12_Sensor_tr_39938_1st_40038.csv,12,dt_rand,100,0.8328856424473873
043_GHL_id_12_Sensor_tr_39938_1st_40038.csv,12,dt_rand,1000,0.047389562900561136
043_GHL_id_12_Sensor_tr_39938_1st_40038.csv,12,C_level,1,0.9999998813396299
043_GHL_id_12_Sensor_tr_39938_1st_40038.csv,12,C_level,10,0.9999882967416366
043_GHL_id_12_Sensor_tr_39938_1st_40038.csv,12,C_level,100,0.9989941174971498
043_GHL_id_12_Sensor_tr_39938_1st_40038.csv,12,C_level,1000,0.976626817504449
043_GHL_id_12_Sensor_tr_39938_1st_40038.csv,12,HT_temperature.T,1,0.9999465327878303
043_GHL_id_12_Sensor_tr_39938_1st_40038.csv,12,HT_temperature.T,10,0.9968445447786084
043_GHL_id_12_Sensor_tr_39938_1st_40038.csv,12,HT_temperature.T,100,0.9130374461297265
043_GHL_id_12_Sensor_tr_39938_1st_40038.csv,12,HT_temperature.T,1000,0.3159442071906888
043_GHL_id_12_Sensor_tr_39938_1st_40038.csv,12,heater_act,1,0.9940180521407217
043_GHL_id_12_Sensor_tr_39938_1st_40038.csv,12,heater_act,10,0.9401549329950898
043_GHL_id_12_Sensor_tr_39938_1st_40038.csv,12,heater_act,100,0.40386164109549627
043_GHL_id_12_Sensor_tr_39938_1st_40038.csv,12,heater_act,1000,0.06141861989854733
043_GHL_id_12_Sensor_tr_39938_1st_40038.csv,12,HT_level,1,0.9997123419034728
043_GHL_id_12_Sensor_tr_39938_1st_40038.csv,12,HT_level,10,0.9751364897125739
043_GHL_id_12_Sensor_tr_39938_1st_40038.csv,12,HT_level,100,0.39550493042781054
043_GHL_id_12_Sensor_tr_39938_1st_40038.csv,12,HT_level,1000,0.06453039814831904
043_GHL_id_12_Sensor_tr_39938_1st_40038.csv,12,limiter1.y,1,0.9983113367856297
043_GHL_id_12_Sensor_tr_39938_1st_40038.csv,12,limiter1.y,10,0.9831046685156962
043_GHL_id_12_Sensor_tr_39938_1st_40038.csv,12,limiter1.y,100,0.8328856380403988
043_GHL_id_12_Sensor_tr_39938_1st_40038.csv,12,limiter1.y,1000,0.047389625318203635
043_GHL_id_12_Sensor_tr_39938_1st_40038.csv,12,dL_rand,1,0.9999441763960841
043_GHL_id_12_Sensor_tr_39938_1st_40038.csv,12,dL_rand,10,0.9994417467003858
043_GHL_id_12_Sensor_tr_39938_1st_40038.csv,12,dL_rand,100,0.9944157313164392
043_GHL_id_12_Sensor_tr_39938_1st_40038.csv,12,dL_rand,1000,0.9439735166355581
044_GHL_id_13_Sensor_tr_50000_1st_145001.csv,13,RT_level_ini,1,0.999676407412417
044_GHL_id_13_Sensor_tr_50000_1st_145001.csv,13,RT_level_ini,10,0.9967605084367863
044_GHL_id_13_Sensor_tr_50000_1st_145001.csv,13,RT_level_ini,100,0.9672392779431508
044_GHL_id_13_Sensor_tr_50000_1st_145001.csv,13,RT_level_ini,1000,0.6306706520481182
044_GHL_id_13_Sensor_tr_50000_1st_145001.csv,13,RT_temperature.T,1,0.9999952469532187
044_GHL_id_13_Sensor_tr_50000_1st_145001.csv,13,RT_temperature.T,10,0.9995803223252677
044_GHL_id_13_Sensor_tr_50000_1st_145001.csv,13,RT_temperature.T,100,0.9836594305752961
044_GHL_id_13_Sensor_tr_50000_1st_145001.csv,13,RT_temperature.T,1000,0.5546859521131955
044_GHL_id_13_Sensor_tr_50000_1st_145001.csv,13,C_temperature.T,1,0.9999991746653147
044_GHL_id_13_Sensor_tr_50000_1st_145001.csv,13,C_temperature.T,10,0.9999273983478265
044_GHL_id_13_Sensor_tr_50000_1st_145001.csv,13,C_temperature.T,100,0.9965659723166637
044_GHL_id_13_Sensor_tr_50000_1st_145001.csv,13,C_temperature.T,1000,0.9443471079039927
044_GHL_id_13_Sensor_tr_50000_1st_145001.csv,13,RT_level,1,0.9999390199726225
044_GHL_id_13_Sensor_tr_50000_1st_145001.csv,13,RT_level,10,0.9946786922723165
044_GHL_id_13_Sensor_tr_50000_1st_145001.csv,13,RT_level,100,0.8462227877126085
044_GHL_id_13_Sensor_tr_50000_1st_145001.csv,13,RT_level,1000,0.4724246837218136
044_GHL_id_13_Sensor_tr_50000_1st_145001.csv,13,out_valve_act,1,0.9947357415761758
044_GHL_id_13_Sensor_tr_50000_1st_145001.csv,13,out_valve_act,10,0.9473571892635413
044_GHL_id_13_Sensor_tr_50000_1st_145001.csv,13,out_valve_act,100,0.47354919680118324
044_GHL_id_13_Sensor_tr_50000_1st_145001.csv,13,out_valve_act,1000,-0.024397382560157322
044_GHL_id_13_Sensor_tr_50000_1st_145001.csv,13,dT_rand,1,0.999804534579218
044_GHL_id_13_Sensor_tr_50000_1st_145001.csv,13,dT_rand,10,0.9980453036452127
044_GHL_id_13_Sensor_tr_50000_1st_145001.csv,13,dT_rand,100,0.9804488117255882
044_GHL_id_13_Sensor_tr_50000_1st_145001.csv,13,dT_rand,1000,0.8040553629824321
044_GHL_id_13_Sensor_tr_50000_1st_145001.csv,13,inv_valve_act,1,0.955839769238205
044_GHL_id_13_Sensor_tr_50000_1st_145001.csv,13,inv_valve_act,10,0.5583952029896652
044_GHL_id_13_Sensor_tr_50000_1st_145001.csv,13,inv_valve_act,100,-0.031375304865446076
044_GHL_id_13_Sensor_tr_50000_1st_145001.csv,13,inv_valve_act,1000,0.023754917253948193
044_GHL_id_13_Sensor_tr_50000_1st_145001.csv,13,limiter.y,1,0.9998162825369057
044_GHL_id_13_Sensor_tr_50000_1st_145001.csv,13,limiter.y,10,0.9981627885248728
044_GHL_id_13_Sensor_tr_50000_1st_145001.csv,13,limiter.y,100,0.9816241921561505
044_GHL_id_13_Sensor_tr_50000_1st_145001.csv,13,limiter.y,1000,0.815863730990628
044_GHL_id_13_Sensor_tr_50000_1st_145001.csv,13,inj_valve_act,1,0.9986281477231296
044_GHL_id_13_Sensor_tr_50000_1st_145001.csv,13,inj_valve_act,10,0.9862811551426536
044_GHL_id_13_Sensor_tr_50000_1st_145001.csv,13,inj_valve_act,100,0.8627792703091081
044_GHL_id_13_Sensor_tr_50000_1st_145001.csv,13,inj_valve_act,1000,-0.10165530046261455
044_GHL_id_13_Sensor_tr_50000_1st_145001.csv,13,Relaxing.active,1,0.9884283806583463
044_GHL_id_13_Sensor_tr_50000_1st_145001.csv,13,Relaxing.active,10,0.8842807214830171
044_GHL_id_13_Sensor_tr_50000_1st_145001.csv,13,Relaxing.active,100,-0.1113799954370121
044_GHL_id_13_Sensor_tr_50000_1st_145001.csv,13,Relaxing.active,1000,0.04529574374584999
044_GHL_id_13_Sensor_tr_50000_1st_145001.csv,13,boundary.m_flow_in,1,0.9986281477231294
044_GHL_id_13_Sensor_tr_50000_1st_145001.csv,13,boundary.m_flow_in,10,0.986281155142654
044_GHL_id_13_Sensor_tr_50000_1st_145001.csv,13,boundary.m_flow_in,100,0.8627792703091106
044_GHL_id_13_Sensor_tr_50000_1st_145001.csv,13,boundary.m_flow_in,1000,-0.1016553004626149
044_GHL_id_13_Sensor_tr_50000_1st_145001.csv,13,dir_valve_act,1,0.9525194872554578
044_GHL_id_13_Sensor_tr_50000_1st_145001.csv,13,dir_valve_act,10,0.5251923539122901
044_GHL_id_13_Sensor_tr_50000_1st_145001.csv,13,dir_valve_act,100,-0.029524025665889367
044_GHL_id_13_Sensor_tr_50000_1st_145001.csv,13,dir_valve_act,1000,0.01599123468616038
044_GHL_id_13_Sensor_tr_50000_1st_145001.csv,13,dt_rand,1,0.9982462113017467
044_GHL_id_13_Sensor_tr_50000_1st_145001.csv,13,dt_rand,10,0.9824616719869997
044_GHL_id_13_Sensor_tr_50000_1st_145001.csv,13,dt_rand,100,0.8245725116837961
044_GHL_id_13_Sensor_tr_50000_1st_145001.csv,13,dt_rand,1000,0.11429117038879144
044_GHL_id_13_Sensor_tr_50000_1st_145001.csv,13,C_level,1,0.999999926031697
044_GHL_id_13_Sensor_tr_50000_1st_145001.csv,13,C_level,10,0.9999927167505382
044_GHL_id_13_Sensor_tr_50000_1st_145001.csv,13,C_level,100,0.9993860728746615
044_GHL_id_13_Sensor_tr_50000_1st_145001.csv,13,C_level,1000,0.9864427294355431
044_GHL_id_13_Sensor_tr_50000_1st_145001.csv,13,HT_temperature.T,1,0.999942273740107
044_GHL_id_13_Sensor_tr_50000_1st_145001.csv,13,HT_temperature.T,10,0.996586143739414
044_GHL_id_13_Sensor_tr_50000_1st_145001.csv,13,HT_temperature.T,100,0.9061995553776863
044_GHL_id_13_Sensor_tr_50000_1st_145001.csv,13,HT_temperature.T,1000,0.24652410444216688
044_GHL_id_13_Sensor_tr_50000_1st_145001.csv,13,heater_act,1,0.9941677117142047
044_GHL_id_13_Sensor_tr_50000_1st_145001.csv,13,heater_act,10,0.9416643290093486
044_GHL_id_13_Sensor_tr_50000_1st_145001.csv,13,heater_act,100,0.4153582900302189
044_GHL_id_13_Sensor_tr_50000_1st_145001.csv,13,heater_act,1000,0.03600145170201127
044_GHL_id_13_Sensor_tr_50000_1st_145001.csv,13,HT_level,1,0.9997198910323252
044_GHL_id_13_Sensor_tr_50000_1st_145001.csv,13,HT_level,10,0.9757752736187949
044_GHL_id_13_Sensor_tr_50000_1st_145001.csv,13,HT_level,100,0.40740449309989246
044_GHL_id_13_Sensor_tr_50000_1st_145001.csv,13,HT_level,1000,0.030218839668762744
044_GHL_id_13_Sensor_tr_50000_1st_145001.csv,13,limiter1.y,1,0.9982462113226832
044_GHL_id_13_Sensor_tr_50000_1st_145001.csv,13,limiter1.y,10,0.9824616721962266
044_GHL_id_13_Sensor_tr_50000_1st_145001.csv,13,limiter1.y,100,0.8245725137651148
044_GHL_id_13_Sensor_tr_50000_1st_145001.csv,13,limiter1.y,1000,0.11429113280754781
044_GHL_id_13_Sensor_tr_50000_1st_145001.csv,13,dL_rand,1,0.999804534579218
044_GHL_id_13_Sensor_tr_50000_1st_145001.csv,13,dL_rand,10,0.9980453036452127
044_GHL_id_13_Sensor_tr_50000_1st_145001.csv,13,dL_rand,100,0.9804488117255882
044_GHL_id_13_Sensor_tr_50000_1st_145001.csv,13,dL_rand,1000,0.8040553629824321
045_GHL_id_14_Sensor_tr_50000_1st_85076.csv,14,RT_level_ini,1,0.9996685342857181
045_GHL_id_14_Sensor_tr_50000_1st_85076.csv,14,RT_level_ini,10,0.9966805612313326
045_GHL_id_14_Sensor_tr_50000_1st_85076.csv,14,RT_level_ini,100,0.9663112871748981
045_GHL_id_14_Sensor_tr_50000_1st_85076.csv,14,RT_level_ini,1000,0.5994609041032904
045_GHL_id_14_Sensor_tr_50000_1st_85076.csv,14,RT_temperature.T,1,0.9999962865955728
045_GHL_id_14_Sensor_tr_50000_1st_85076.csv,14,RT_temperature.T,10,0.9996691831034957
045_GHL_id_14_Sensor_tr_50000_1st_85076.csv,14,RT_temperature.T,100,0.9862057603569176
045_GHL_id_14_Sensor_tr_50000_1st_85076.csv,14,RT_temperature.T,1000,0.5802606663553247
045_GHL_id_14_Sensor_tr_50000_1st_85076.csv,14,C_temperature.T,1,0.9999991654442029
045_GHL_id_14_Sensor_tr_50000_1st_85076.csv,14,C_temperature.T,10,0.999927437962154
045_GHL_id_14_Sensor_tr_50000_1st_85076.csv,14,C_temperature.T,100,0.9965702874923926
045_GHL_id_14_Sensor_tr_50000_1st_85076.csv,14,C_temperature.T,1000,0.944350296839901
045_GHL_id_14_Sensor_tr_50000_1st_85076.csv,14,RT_level,1,0.9999217999208202
045_GHL_id_14_Sensor_tr_50000_1st_85076.csv,14,RT_level,10,0.9931700707082912
045_GHL_id_14_Sensor_tr_50000_1st_85076.csv,14,RT_level,100,0.7984492129083491
045_GHL_id_14_Sensor_tr_50000_1st_85076.csv,14,RT_level,1000,0.2931634751402003
045_GHL_id_14_Sensor_tr_50000_1st_85076.csv,14,out_valve_act,1,0.9953174831755367
045_GHL_id_14_Sensor_tr_50000_1st_85076.csv,14,out_valve_act,10,0.9531746038684515
045_GHL_id_14_Sensor_tr_50000_1st_85076.csv,14,out_valve_act,100,0.5317232035563305
045_GHL_id_14_Sensor_tr_50000_1st_85076.csv,14,out_valve_act,1000,-0.027598355842630765
045_GHL_id_14_Sensor_tr_50000_1st_85076.csv,14,dT_rand,1,0.9998850489994177
045_GHL_id_14_Sensor_tr_50000_1st_85076.csv,14,dT_rand,10,0.9988503608203531
045_GHL_id_14_Sensor_tr_50000_1st_85076.csv,14,dT_rand,100,0.9884906401928099
045_GHL_id_14_Sensor_tr_50000_1st_85076.csv,14,dT_rand,1000,0.8835567963095496
045_GHL_id_14_Sensor_tr_50000_1st_85076.csv,14,inv_valve_act,1,0.9560296366176523
045_GHL_id_14_Sensor_tr_50000_1st_85076.csv,14,inv_valve_act,10,0.5602938352498384
045_GHL_id_14_Sensor_tr_50000_1st_85076.csv,14,inv_valve_act,100,-0.03203656594486169
045_GHL_id_14_Sensor_tr_50000_1st_85076.csv,14,inv_valve_act,1000,0.020687971699772063
045_GHL_id_14_Sensor_tr_50000_1st_85076.csv,14,limiter.y,1,0.9998850490931573
045_GHL_id_14_Sensor_tr_50000_1st_85076.csv,14,limiter.y,10,0.9988503617575796
045_GHL_id_14_Sensor_tr_50000_1st_85076.csv,14,limiter.y,100,0.9884906495352153
045_GHL_id_14_Sensor_tr_50000_1st_85076.csv,14,limiter.y,1000,0.8835568865362932
045_GHL_id_14_Sensor_tr_50000_1st_85076.csv,14,inj_valve_act,1,0.9986994215357212
045_GHL_id_14_Sensor_tr_50000_1st_85076.csv,14,inj_valve_act,10,0.9869938878557801
045_GHL_id_14_Sensor_tr_50000_1st_85076.csv,14,inj_valve_act,100,0.8699060543312614
045_GHL_id_14_Sensor_tr_50000_1st_85076.csv,14,inj_valve_act,1000,-0.09747909861929678
045_GHL_id_14_Sensor_tr_50000_1st_85076.csv,14,Relaxing.active,1,0.9883910920070161
045_GHL_id_14_Sensor_tr_50000_1st_85076.csv,14,Relaxing.active,10,0.8839077742280358
045_GHL_id_14_Sensor_tr_50000_1st_85076.csv,14,Relaxing.active,100,-0.10722241915260808
045_GHL_id_14_Sensor_tr_50000_1st_85076.csv,14,Relaxing.active,1000,0.07883832096101018
045_GHL_id_14_Sensor_tr_50000_1st_85076.csv,14,boundary.m_flow_in,1,0.9986994215357211
045_GHL_id_14_Sensor_tr_50000_1st_85076.csv,14,boundary.m_flow_in,10,0.9869938878557802
045_GHL_id_14_Sensor_tr_50000_1st_85076.csv,14,boundary.m_flow_in,100,0.869906054331262
045_GHL_id_14_Sensor_tr_50000_1st_85076.csv,14,boundary.m_flow_in,1000,-0.0974790986192964
045_GHL_id_14_Sensor_tr_50000_1st_85076.csv,14,dir_valve_act,1,0.9524130544256387
045_GHL_id_14_Sensor_tr_50000_1st_85076.csv,14,dir_valve_act,10,0.5241279854510298
045_GHL_id_14_Sensor_tr_50000_1st_85076.csv,14,dir_valve_act,100,-0.02992776057791539
045_GHL_id_14_Sensor_tr_50000_1st_85076.csv,14,dir_valve_act,1000,0.017534234379788113
045_GHL_id_14_Sensor_tr_50000_1st_85076.csv,14,dt_rand,1,0.9988802374597585
045_GHL_id_14_Sensor_tr_50000_1st_85076.csv,14,dt_rand,10,0.9887979820764262
045_GHL_id_14_Sensor_tr_50000_1st_85076.csv,14,dt_rand,100,0.8875367404198358
045_GHL_id_14_Sensor_tr_50000_1st_85076.csv,14,dt_rand,1000,0.2433029529515076
045_GHL_id_14_Sensor_tr_50000_1st_85076.csv,14,C_level,1,0.9999999250471069
045_GHL_id_14_Sensor_tr_50000_1st_85076.csv,14,C_level,10,0.9999926072631846
045_GHL_id_14_Sensor_tr_50000_1st_85076.csv,14,C_level,100,0.9993633650451127
045_GHL_id_14_Sensor_tr_50000_1st_85076.csv,14,C_level,1000,0.9853963450848148
045_GHL_id_14_Sensor_tr_50000_1st_85076.csv,14,HT_temperature.T,1,0.9999467384050715
045_GHL_id_14_Sensor_tr_50000_1st_85076.csv,14,HT_temperature.T,10,0.9968364818145145
045_GHL_id_14_Sensor_tr_50000_1st_85076.csv,14,HT_temperature.T,100,0.9128269052411951
045_GHL_id_14_Sensor_tr_50000_1st_85076.csv,14,HT_temperature.T,1000,0.2823195341468206
045_GHL_id_14_Sensor_tr_50000_1st_85076.csv,14,heater_act,1,0.9941827881154759
045_GHL_id_14_Sensor_tr_50000_1st_85076.csv,14,heater_act,10,0.9418155334272827
045_GHL_id_14_Sensor_tr_50000_1st_85076.csv,14,heater_act,100,0.4169147660007604
045_GHL_id_14_Sensor_tr_50000_1st_85076.csv,14,heater_act,1000,0.06264239607729631
045_GHL_id_14_Sensor_tr_50000_1st_85076.csv,14,HT_level,1,0.9997215716628824
045_GHL_id_14_Sensor_tr_50000_1st_85076.csv,14,HT_level,10,0.9759307628635898
045_GHL_id_14_Sensor_tr_50000_1st_85076.csv,14,HT_level,100,0.4116823363848264
045_GHL_id_14_Sensor_tr_50000_1st_85076.csv,14,HT_level,1000,0.059200460451452025
045_GHL_id_14_Sensor_tr_50000_1st_85076.csv,14,limiter1.y,1,0.9988802374278092
045_GHL_id_14_Sensor_tr_50000_1st_85076.csv,14,limiter1.y,10,0.9887979817554827
045_GHL_id_14_Sensor_tr_50000_1st_85076.csv,14,limiter1.y,100,0.8875367370642654
045_GHL_id_14_Sensor_tr_50000_1st_85076.csv,14,limiter1.y,1000,0.24330295421916479
045_GHL_id_14_Sensor_tr_50000_1st_85076.csv,14,dL_rand,1,0.9998850489994177
045_GHL_id_14_Sensor_tr_50000_1st_85076.csv,14,dL_rand,10,0.9988503608203531
045_GHL_id_14_Sensor_tr_50000_1st_85076.csv,14,dL_rand,100,0.9884906401928099
045_GHL_id_14_Sensor_tr_50000_1st_85076.csv,14,dL_rand,1000,0.8835567963095496
046_GHL_id_15_Sensor_tr_50000_1st_156462.csv,15,RT_level_ini,1,0.9996391435667935
046_GHL_id_15_Sensor_tr_50000_1st_156462.csv,15,RT_level_ini,10,0.99638611386402
046_GHL_id_15_Sensor_tr_50000_1st_156462.csv,15,RT_level_ini,100,0.9633101317105538
046_GHL_id_15_Sensor_tr_50000_1st_156462.csv,15,RT_level_ini,1000,0.5646134736022519
046_GHL_id_15_Sensor_tr_50000_1st_156462.csv,15,RT_temperature.T,1,0.9999966718639723
046_GHL_id_15_Sensor_tr_50000_1st_156462.csv,15,RT_temperature.T,10,0.9997045785582968
046_GHL_id_15_Sensor_tr_50000_1st_156462.csv,15,RT_temperature.T,100,0.9884624324897533
046_GHL_id_15_Sensor_tr_50000_1st_156462.csv,15,RT_temperature.T,1000,0.659501032116214
046_GHL_id_15_Sensor_tr_50000_1st_156462.csv,15,C_temperature.T,1,0.9999991629884512
046_GHL_id_15_Sensor_tr_50000_1st_156462.csv,15,C_temperature.T,10,0.9999271735787479
046_GHL_id_15_Sensor_tr_50000_1st_156462.csv,15,C_temperature.T,100,0.9965575592637138
046_GHL_id_15_Sensor_tr_50000_1st_156462.csv,15,C_temperature.T,1000,0.9441404761236388
046_GHL_id_15_Sensor_tr_50000_1st_156462.csv,15,RT_level,1,0.9999071458589517
046_GHL_id_15_Sensor_tr_50000_1st_156462.csv,15,RT_level,10,0.9918930142753041
046_GHL_id_15_Sensor_tr_50000_1st_156462.csv,15,RT_level,100,0.7638657906367567
046_GHL_id_15_Sensor_tr_50000_1st_156462.csv,15,RT_level,1000,0.09870155399683042
046_GHL_id_15_Sensor_tr_50000_1st_156462.csv,15,out_valve_act,1,0.9955872779738634
046_GHL_id_15_Sensor_tr_50000_1st_156462.csv,15,out_valve_act,10,0.9558725910442281
046_GHL_id_15_Sensor_tr_50000_1st_156462.csv,15,out_valve_act,100,0.5587070026742856
046_GHL_id_15_Sensor_tr_50000_1st_156462.csv,15,out_valve_act,1000,-0.024247491638795974
046_GHL_id_15_Sensor_tr_50000_1st_156462.csv,15,dT_rand,1,0.9999248144128876
046_GHL_id_15_Sensor_tr_50000_1st_156462.csv,15,dT_rand,10,0.9992480588177322
046_GHL_id_15_Sensor_tr_50000_1st_156462.csv,15,dT_rand,100,0.9924720172190719
046_GHL_id_15_Sensor_tr_50000_1st_156462.csv,15,dT_rand,1000,0.9238212657483678
046_GHL_id_15_Sensor_tr_50000_1st_156462.csv,15,inv_valve_act,1,0.9562799366262431
046_GHL_id_15_Sensor_tr_50000_1st_156462.csv,15,inv_valve_act,10,0.5627967523859784
046_GHL_id_15_Sensor_tr_50000_1st_156462.csv,15,inv_valve_act,100,-0.03327604414718497
046_GHL_id_15_Sensor_tr_50000_1st_156462.csv,15,inv_valve_act,1000,0.04384742726545953
046_GHL_id_15_Sensor_tr_50000_1st_156462.csv,15,limiter.y,1,0.9999248145221713
046_GHL_id_15_Sensor_tr_50000_1st_156462.csv,15,limiter.y,10,0.9992480599109346
046_GHL_id_15_Sensor_tr_50000_1st_156462.csv,15,limiter.y,100,0.9924720281768895
046_GHL_id_15_Sensor_tr_50000_1st_156462.csv,15,limiter.y,1000,0.9238213780312098
046_GHL_id_15_Sensor_tr_50000_1st_156462.csv,15,inj_valve_act,1,0.9988424013616906
046_GHL_id_15_Sensor_tr_50000_1st_156462.csv,15,inj_valve_act,10,0.9884237362253547
046_GHL_id_15_Sensor_tr_50000_1st_156462.csv,15,inj_valve_act,100,0.8842095607237521
046_GHL_id_15_Sensor_tr_50000_1st_156462.csv,15,inj_valve_act,1000,-0.08499316800920997
046_GHL_id_15_Sensor_tr_50000_1st_156462.csv,15,Relaxing.active,1,0.9884459251174263
046_GHL_id_15_Sensor_tr_50000_1st_156462.csv,15,Relaxing.active,10,0.8844559688907395
046_GHL_id_15_Sensor_tr_50000_1st_156462.csv,15,Relaxing.active,100,-0.10800882722715058
046_GHL_id_15_Sensor_tr_50000_1st_156462.csv,15,Relaxing.active,1000,0.08388514982646599
046_GHL_id_15_Sensor_tr_50000_1st_156462.csv,15,boundary.m_flow_in,1,0.9988424013616903
046_GHL_id_15_Sensor_tr_50000_1st_156462.csv,15,boundary.m_flow_in,10,0.9884237362253545
046_GHL_id_15_Sensor_tr_50000_1st_156462.csv,15,boundary.m_flow_in,100,0.8842095607237535
046_GHL_id_15_Sensor_tr_50000_1st_156462.csv,15,boundary.m_flow_in,1000,-0.084993168009209
046_GHL_id_15_Sensor_tr_50000_1st_156462.csv,15,dir_valve_act,1,0.9523618224262329
046_GHL_id_15_Sensor_tr_50000_1st_156462.csv,15,dir_valve_act,10,0.5236155844000899
046_GHL_id_15_Sensor_tr_50000_1st_156462.csv,15,dir_valve_act,100,-0.030821344926410418
046_GHL_id_15_Sensor_tr_50000_1st_156462.csv,15,dir_valve_act,1000,0.04556141889518349
046_GHL_id_15_Sensor_tr_50000_1st_156462.csv,15,dt_rand,1,0.9984728985015192
046_GHL_id_15_Sensor_tr_50000_1st_156462.csv,15,dt_rand,10,0.9847278733275031
046_GHL_id_15_Sensor_tr_50000_1st_156462.csv,15,dt_rand,100,0.8471672115604435
046_GHL_id_15_Sensor_tr_50000_1st_156462.csv,15,dt_rand,1000,0.1757039148948387
046_GHL_id_15_Sensor_tr_50000_1st_156462.csv,15,C_level,1,0.9999999292600662
046_GHL_id_15_Sensor_tr_50000_1st_156462.csv,15,C_level,10,0.999993017947617
046_GHL_id_15_Sensor_tr_50000_1st_156462.csv,15,C_level,100,0.9993932987873203
046_GHL_id_15_Sensor_tr_50000_1st_156462.csv,15,C_level,1000,0.9854742711161317
046_GHL_id_15_Sensor_tr_50000_1st_156462.csv,15,HT_temperature.T,1,0.9999468636632067
046_GHL_id_15_Sensor_tr_50000_1st_156462.csv,15,HT_temperature.T,10,0.996849131046987
046_GHL_id_15_Sensor_tr_50000_1st_156462.csv,15,HT_temperature.T,100,0.9120554993187276
046_GHL_id_15_Sensor_tr_50000_1st_156462.csv,15,HT_temperature.T,1000,0.32144158839010223
046_GHL_id_15_Sensor_tr_50000_1st_156462.csv,15,heater_act,1,0.9939854686422539
046_GHL_id_15_Sensor_tr_50000_1st_156462.csv,15,heater_act,10,0.939841829134738
046_GHL_id_15_Sensor_tr_50000_1st_156462.csv,15,heater_act,100,0.3971983966293385
046_GHL_id_15_Sensor_tr_50000_1st_156462.csv,15,heater_act,1000,0.08557172079183877
046_GHL_id_15_Sensor_tr_50000_1st_156462.csv,15,HT_level,1,0.9997110409573531
046_GHL_id_15_Sensor_tr_50000_1st_156462.csv,15,HT_level,10,0.9750102398824857
046_GHL_id_15_Sensor_tr_50000_1st_156462.csv,15,HT_level,100,0.3887248083329622
046_GHL_id_15_Sensor_tr_50000_1st_156462.csv,15,HT_level,1000,0.09202061788483983
046_GHL_id_15_Sensor_tr_50000_1st_156462.csv,15,limiter1.y,1,0.9984728984945963
046_GHL_id_15_Sensor_tr_50000_1st_156462.csv,15,limiter1.y,10,0.9847278732576947
046_GHL_id_15_Sensor_tr_50000_1st_156462.csv,15,limiter1.y,100,0.8471672108026872
046_GHL_id_15_Sensor_tr_50000_1st_156462.csv,15,limiter1.y,1000,0.17570394773185058
046_GHL_id_15_Sensor_tr_50000_1st_156462.csv,15,dL_rand,1,0.9999248144128876
046_GHL_id_15_Sensor_tr_50000_1st_156462.csv,15,dL_rand,10,0.9992480588177322
046_GHL_id_15_Sensor_tr_50000_1st_156462.csv,15,dL_rand,100,0.9924720172190719
046_GHL_id_15_Sensor_tr_50000_1st_156462.csv,15,dL_rand,1000,0.9238212657483678
047_GHL_id_16_Sensor_tr_50000_1st_77001.csv,16,RT_level_ini,1,0.9996516986220625
047_GHL_id_16_Sensor_tr_50000_1st_77001.csv,16,RT_level_ini,10,0.9965138816734067
047_GHL_id_16_Sensor_tr_50000_1st_77001.csv,16,RT_level_ini,100,0.9648225117073386
047_GHL_id_16_Sensor_tr_50000_1st_77001.csv,16,RT_level_ini,1000,0.6143872905400731
047_GHL_id_16_Sensor_tr_50000_1st_77001.csv,16,RT_temperature.T,1,0.9999949628500261
047_GHL_id_16_Sensor_tr_50000_1st_77001.csv,16,RT_temperature.T,10,0.9995606401886784
047_GHL_id_16_Sensor_tr_50000_1st_77001.csv,16,RT_temperature.T,100,0.9832507264952768
047_GHL_id_16_Sensor_tr_50000_1st_77001.csv,16,RT_temperature.T,1000,0.5735978121871294
047_GHL_id_16_Sensor_tr_50000_1st_77001.csv,16,C_temperature.T,1,0.999999176437625
047_GHL_id_16_Sensor_tr_50000_1st_77001.csv,16,C_temperature.T,10,0.999927553883183
047_GHL_id_16_Sensor_tr_50000_1st_77001.csv,16,C_temperature.T,100,0.9965719336937314
047_GHL_id_16_Sensor_tr_50000_1st_77001.csv,16,C_temperature.T,1000,0.9443457817331541
047_GHL_id_16_Sensor_tr_50000_1st_77001.csv,16,RT_level,1,0.9999570283817271
047_GHL_id_16_Sensor_tr_50000_1st_77001.csv,16,RT_level,10,0.9962492392410001
047_GHL_id_16_Sensor_tr_50000_1st_77001.csv,16,RT_level,100,0.8902246562270543
047_GHL_id_16_Sensor_tr_50000_1st_77001.csv,16,RT_level,1000,0.4918078679750539
047_GHL_id_16_Sensor_tr_50000_1st_77001.csv,16,out_valve_act,1,0.9946127108088425
047_GHL_id_16_Sensor_tr_50000_1st_77001.csv,16,out_valve_act,10,0.9461268420126884
047_GHL_id_16_Sensor_tr_50000_1st_77001.csv,16,out_valve_act,100,0.49048863429104106
047_GHL_id_16_Sensor_tr_50000_1st_77001.csv,16,out_valve_act,1000,-0.02800797230672394
047_GHL_id_16_Sensor_tr_50000_1st_77001.csv,16,dT_rand,1,0.9996680041407614
047_GHL_id_16_Sensor_tr_50000_1st_77001.csv,16,dT_rand,10,0.9966799327950892
047_GHL_id_16_Sensor_tr_50000_1st_77001.csv,16,dT_rand,100,0.9667884396772773
047_GHL_id_16_Sensor_tr_50000_1st_77001.csv,16,dT_rand,1000,0.6667678486194999
047_GHL_id_16_Sensor_tr_50000_1st_77001.csv,16,inv_valve_act,1,0.955777828117257
047_GHL_id_16_Sensor_tr_50000_1st_77001.csv,16,inv_valve_act,10,0.5577757103067488
047_GHL_id_16_Sensor_tr_50000_1st_77001.csv,16,inv_valve_act,100,-0.03235683548493883
047_GHL_id_16_Sensor_tr_50000_1st_77001.csv,16,inv_valve_act,1000,-0.007422346294048974
047_GHL_id_16_Sensor_tr_50000_1st_77001.csv,16,limiter.y,1,0.9997253097425145
047_GHL_id_16_Sensor_tr_50000_1st_77001.csv,16,limiter.y,10,0.9972529817654786
047_GHL_id_16_Sensor_tr_50000_1st_77001.csv,16,limiter.y,100,0.9725182223226156
047_GHL_id_16_Sensor_tr_50000_1st_77001.csv,16,limiter.y,1000,0.7239925544366507
047_GHL_id_16_Sensor_tr_50000_1st_77001.csv,16,inj_valve_act,1,0.9986008453371837
047_GHL_id_16_Sensor_tr_50000_1st_77001.csv,16,inj_valve_act,10,0.9860080712842443
047_GHL_id_16_Sensor_tr_50000_1st_77001.csv,16,inj_valve_act,100,0.8600424167540336
047_GHL_id_16_Sensor_tr_50000_1st_77001.csv,16,inj_valve_act,1000,-0.07902590045790724
047_GHL_id_16_Sensor_tr_50000_1st_77001.csv,16,Relaxing.active,1,0.9884072434790909
047_GHL_id_16_Sensor_tr_50000_1st_77001.csv,16,Relaxing.active,10,0.8840692223869697
047_GHL_id_16_Sensor_tr_50000_1st_77001.csv,16,Relaxing.active,100,-0.10355213430613676
047_GHL_id_16_Sensor_tr_50000_1st_77001.csv,16,Relaxing.active,1000,0.02244684302188851
047_GHL_id_16_Sensor_tr_50000_1st_77001.csv,16,boundary.m_flow_in,1,0.9986008453371833
047_GHL_id_16_Sensor_tr_50000_1st_77001.csv,16,boundary.m_flow_in,10,0.9860080712842446
047_GHL_id_16_Sensor_tr_50000_1st_77001.csv,16,boundary.m_flow_in,100,0.8600424167540317
047_GHL_id_16_Sensor_tr_50000_1st_77001.csv,16,boundary.m_flow_in,1000,-0.07902590045790758
047_GHL_id_16_Sensor_tr_50000_1st_77001.csv,16,dir_valve_act,1,0.9522773078495791
047_GHL_id_16_Sensor_tr_50000_1st_77001.csv,16,dir_valve_act,10,0.5227704795723418
047_GHL_id_16_Sensor_tr_50000_1st_77001.csv,16,dir_valve_act,100,-0.03031053848695105
047_GHL_id_16_Sensor_tr_50000_1st_77001.csv,16,dir_valve_act,1000,0.00232804655412959
047_GHL_id_16_Sensor_tr_50000_1st_77001.csv,16,dt_rand,1,0.9984343610388533
047_GHL_id_16_Sensor_tr_50000_1st_77001.csv,16,dt_rand,10,0.9843428373341945
047_GHL_id_16_Sensor_tr_50000_1st_77001.csv,16,dt_rand,100,0.8433508572153576
047_GHL_id_16_Sensor_tr_50000_1st_77001.csv,16,dt_rand,1000,-0.0018279700452425963
047_GHL_id_16_Sensor_tr_50000_1st_77001.csv,16,C_level,1,0.9999999334260785
047_GHL_id_16_Sensor_tr_50000_1st_77001.csv,16,C_level,10,0.9999934487230885
047_GHL_id_16_Sensor_tr_50000_1st_77001.csv,16,C_level,100,0.9994487304412999
047_GHL_id_16_Sensor_tr_50000_1st_77001.csv,16,C_level,1000,0.987310917850208
047_GHL_id_16_Sensor_tr_50000_1st_77001.csv,16,HT_temperature.T,1,0.9999479037446022
047_GHL_id_16_Sensor_tr_50000_1st_77001.csv,16,HT_temperature.T,10,0.9969592194971508
047_GHL_id_16_Sensor_tr_50000_1st_77001.csv,16,HT_temperature.T,100,0.9136044696133288
047_GHL_id_16_Sensor_tr_50000_1st_77001.csv,16,HT_temperature.T,1000,0.19746405841964884
047_GHL_id_16_Sensor_tr_50000_1st_77001.csv,16,heater_act,1,0.9941982062207184
047_GHL_id_16_Sensor_tr_50000_1st_77001.csv,16,heater_act,10,0.9419701427912729
047_GHL_id_16_Sensor_tr_50000_1st_77001.csv,16,heater_act,100,0.4185040613771249
047_GHL_id_16_Sensor_tr_50000_1st_77001.csv,16,heater_act,1000,0.01308258262861301
047_GHL_id_16_Sensor_tr_50000_1st_77001.csv,16,HT_level,1,0.9997235388482686
047_GHL_id_16_Sensor_tr_50000_1st_77001.csv,16,HT_level,10,0.9761037222571579
047_GHL_id_16_Sensor_tr_50000_1st_77001.csv,16,HT_level,100,0.41626251594147134
047_GHL_id_16_Sensor_tr_50000_1st_77001.csv,16,HT_level,1000,0.010897067705733957
047_GHL_id_16_Sensor_tr_50000_1st_77001.csv,16,limiter1.y,1,0.9984343611171097
047_GHL_id_16_Sensor_tr_50000_1st_77001.csv,16,limiter1.y,10,0.9843428381174947
047_GHL_id_16_Sensor_tr_50000_1st_77001.csv,16,limiter1.y,100,0.8433508651238945
047_GHL_id_16_Sensor_tr_50000_1st_77001.csv,16,limiter1.y,1000,-0.001827932429003087
047_GHL_id_16_Sensor_tr_50000_1st_77001.csv,16,dL_rand,1,0.9996680041407614
047_GHL_id_16_Sensor_tr_50000_1st_77001.csv,16,dL_rand,10,0.9966799327950892
047_GHL_id_16_Sensor_tr_50000_1st_77001.csv,16,dL_rand,100,0.9667884396772773
047_GHL_id_16_Sensor_tr_50000_1st_77001.csv,16,dL_rand,1000,0.6667678486194999
048_GHL_id_17_Sensor_tr_50000_1st_154001.csv,17,RT_level_ini,1,0.9995453767273216
048_GHL_id_17_Sensor_tr_50000_1st_154001.csv,17,RT_level_ini,10,0.995444120870222
048_GHL_id_17_Sensor_tr_50000_1st_154001.csv,17,RT_level_ini,100,0.9534338294870028
048_GHL_id_17_Sensor_tr_50000_1st_154001.csv,17,RT_level_ini,1000,0.36153658767517294
048_GHL_id_17_Sensor_tr_50000_1st_154001.csv,17,RT_temperature.T,1,0.9999958141619626
048_GHL_id_17_Sensor_tr_50000_1st_154001.csv,17,RT_temperature.T,10,0.9996284401064364
048_GHL_id_17_Sensor_tr_50000_1st_154001.csv,17,RT_temperature.T,100,0.9851404173840926
048_GHL_id_17_Sensor_tr_50000_1st_154001.csv,17,RT_temperature.T,1000,0.5753257280845182
048_GHL_id_17_Sensor_tr_50000_1st_154001.csv,17,C_temperature.T,1,0.9999991737352779
048_GHL_id_17_Sensor_tr_50000_1st_154001.csv,17,C_temperature.T,10,0.9999273821925866
048_GHL_id_17_Sensor_tr_50000_1st_154001.csv,17,C_temperature.T,100,0.9965638709821611
048_GHL_id_17_Sensor_tr_50000_1st_154001.csv,17,C_temperature.T,1000,0.9442314814018355
048_GHL_id_17_Sensor_tr_50000_1st_154001.csv,17,RT_level,1,0.999891898633107
048_GHL_id_17_Sensor_tr_50000_1st_154001.csv,17,RT_level,10,0.9905570059086249
048_GHL_id_17_Sensor_tr_50000_1st_154001.csv,17,RT_level,100,0.7247781960572681
048_GHL_id_17_Sensor_tr_50000_1st_154001.csv,17,RT_level,1000,0.1798023808744378
048_GHL_id_17_Sensor_tr_50000_1st_154001.csv,17,out_valve_act,1,0.9948435097672065
048_GHL_id_17_Sensor_tr_50000_1st_154001.csv,17,out_valve_act,10,0.948434870941734
048_GHL_id_17_Sensor_tr_50000_1st_154001.csv,17,out_valve_act,100,0.48432599030078116
048_GHL_id_17_Sensor_tr_50000_1st_154001.csv,17,out_valve_act,1000,-0.024933065595716116
048_GHL_id_17_Sensor_tr_50000_1st_154001.csv,17,dT_rand,1,0.9998080976850816
048_GHL_id_17_Sensor_tr_50000_1st_154001.csv,17,dT_rand,10,0.9980800211384214
048_GHL_id_17_Sensor_tr_50000_1st_154001.csv,17,dT_rand,100,0.9807034707296471
048_GHL_id_17_Sensor_tr_50000_1st_154001.csv,17,dT_rand,1000,0.7960039713819848
048_GHL_id_17_Sensor_tr_50000_1st_154001.csv,17,inv_valve_act,1,0.9556984022125187
048_GHL_id_17_Sensor_tr_50000_1st_154001.csv,17,inv_valve_act,10,0.5569815332462361
048_GHL_id_17_Sensor_tr_50000_1st_154001.csv,17,inv_valve_act,100,-0.03126872920412516
048_GHL_id_17_Sensor_tr_50000_1st_154001.csv,17,inv_valve_act,1000,0.0570219650837613
048_GHL_id_17_Sensor_tr_50000_1st_154001.csv,17,limiter.y,1,0.9998080977337646
048_GHL_id_17_Sensor_tr_50000_1st_154001.csv,17,limiter.y,10,0.9980800216249486
048_GHL_id_17_Sensor_tr_50000_1st_154001.csv,17,limiter.y,100,0.9807034755643159
048_GHL_id_17_Sensor_tr_50000_1st_154001.csv,17,limiter.y,1000,0.7960040152397765
048_GHL_id_17_Sensor_tr_50000_1st_154001.csv,17,inj_valve_act,1,0.9986707933358504
048_GHL_id_17_Sensor_tr_50000_1st_154001.csv,17,inj_valve_act,10,0.986707608130092
048_GHL_id_17_Sensor_tr_50000_1st_154001.csv,17,inj_valve_act,100,0.8670434851467591
048_GHL_id_17_Sensor_tr_50000_1st_154001.csv,17,inj_valve_act,1000,-0.10787956334464084
048_GHL_id_17_Sensor_tr_50000_1st_154001.csv,17,Relaxing.active,1,0.9883792146490447
048_GHL_id_17_Sensor_tr_50000_1st_154001.csv,17,Relaxing.active,10,0.8837890659192683
048_GHL_id_17_Sensor_tr_50000_1st_154001.csv,17,Relaxing.active,100,-0.10715853118963341
048_GHL_id_17_Sensor_tr_50000_1st_154001.csv,17,Relaxing.active,1000,0.10354015041572379
048_GHL_id_17_Sensor_tr_50000_1st_154001.csv,17,boundary.m_flow_in,1,0.9986707933358508
048_GHL_id_17_Sensor_tr_50000_1st_154001.csv,17,boundary.m_flow_in,10,0.9867076081300923
048_GHL_id_17_Sensor_tr_50000_1st_154001.csv,17,boundary.m_flow_in,100,0.8670434851467574
048_GHL_id_17_Sensor_tr_50000_1st_154001.csv,17,boundary.m_flow_in,1000,-0.1078795633446415
048_GHL_id_17_Sensor_tr_50000_1st_154001.csv,17,dir_valve_act,1,0.9524549923472613
048_GHL_id_17_Sensor_tr_50000_1st_154001.csv,17,dir_valve_act,10,0.5245474050377716
048_GHL_id_17_Sensor_tr_50000_1st_154001.csv,17,dir_valve_act,100,-0.029481545666481014
048_GHL_id_17_Sensor_tr_50000_1st_154001.csv,17,dir_valve_act,1000,0.05377646548694253
048_GHL_id_17_Sensor_tr_50000_1st_154001.csv,17,dt_rand,1,0.998685012593717
048_GHL_id_17_Sensor_tr_50000_1st_154001.csv,17,dt_rand,10,0.9868501165736292
048_GHL_id_17_Sensor_tr_50000_1st_154001.csv,17,dt_rand,100,0.8685002275192534
048_GHL_id_17_Sensor_tr_50000_1st_154001.csv,17,dt_rand,1000,0.20349199626122438
048_GHL_id_17_Sensor_tr_50000_1st_154001.csv,17,C_level,1,0.9999999195865309
048_GHL_id_17_Sensor_tr_50000_1st_154001.csv,17,C_level,10,0.9999920788761877
048_GHL_id_17_Sensor_tr_50000_1st_154001.csv,17,C_level,100,0.9993296060582438
048_GHL_id_17_Sensor_tr_50000_1st_154001.csv,17,C_level,1000,0.9858706865127327
048_GHL_id_17_Sensor_tr_50000_1st_154001.csv,17,HT_temperature.T,1,0.999941190860181
048_GHL_id_17_Sensor_tr_50000_1st_154001.csv,17,HT_temperature.T,10,0.9965588848579507
048_GHL_id_17_Sensor_tr_50000_1st_154001.csv,17,HT_temperature.T,100,0.9072839715522903
048_GHL_id_17_Sensor_tr_50000_1st_154001.csv,17,HT_temperature.T,1000,0.2589926985227607
048_GHL_id_17_Sensor_tr_50000_1st_154001.csv,17,heater_act,1,0.994200210157264
048_GHL_id_17_Sensor_tr_50000_1st_154001.csv,17,heater_act,10,0.9419895138131313
048_GHL_id_17_Sensor_tr_50000_1st_154001.csv,17,heater_act,100,0.418630329665365
048_GHL_id_17_Sensor_tr_50000_1st_154001.csv,17,heater_act,1000,0.07242845354098423
048_GHL_id_17_Sensor_tr_50000_1st_154001.csv,17,HT_level,1,0.9997220172093988
048_GHL_id_17_Sensor_tr_50000_1st_154001.csv,17,HT_level,10,0.9759515961028108
048_GHL_id_17_Sensor_tr_50000_1st_154001.csv,17,HT_level,100,0.41237182738579964
048_GHL_id_17_Sensor_tr_50000_1st_154001.csv,17,HT_level,1000,0.06684753520628987
048_GHL_id_17_Sensor_tr_50000_1st_154001.csv,17,limiter1.y,1,0.9986850125767753
048_GHL_id_17_Sensor_tr_50000_1st_154001.csv,17,limiter1.y,10,0.9868501164042562
048_GHL_id_17_Sensor_tr_50000_1st_154001.csv,17,limiter1.y,100,0.868500225827175
048_GHL_id_17_Sensor_tr_50000_1st_154001.csv,17,limiter1.y,1000,0.20349197189932777
048_GHL_id_17_Sensor_tr_50000_1st_154001.csv,17,dL_rand,1,0.9998080976850816
048_GHL_id_17_Sensor_tr_50000_1st_154001.csv,17,dL_rand,10,0.9980800211384214
048_GHL_id_17_Sensor_tr_50000_1st_154001.csv,17,dL_rand,100,0.9807034707296471
048_GHL_id_17_Sensor_tr_50000_1st_154001.csv,17,dL_rand,1000,0.7960039713819848
049_GHL_id_18_Sensor_tr_50000_1st_109001.csv,18,RT_level_ini,1,0.9996299378450101
049_GHL_id_18_Sensor_tr_50000_1st_109001.csv,18,RT_level_ini,10,0.9962905715736462
049_GHL_id_18_Sensor_tr_50000_1st_109001.csv,18,RT_level_ini,100,0.961988763576893
049_GHL_id_18_Sensor_tr_50000_1st_109001.csv,18,RT_level_ini,1000,0.5424854259209951
049_GHL_id_18_Sensor_tr_50000_1st_109001.csv,18,RT_temperature.T,1,0.9999970142835147
049_GHL_id_18_Sensor_tr_50000_1st_109001.csv,18,RT_temperature.T,10,0.9997326715547757
049_GHL_id_18_Sensor_tr_50000_1st_109001.csv,18,RT_temperature.T,100,0.9886246061573601
049_GHL_id_18_Sensor_tr_50000_1st_109001.csv,18,RT_temperature.T,1000,0.6421058746199847
049_GHL_id_18_Sensor_tr_50000_1st_109001.csv,18,C_temperature.T,1,0.9999991761628872
049_GHL_id_18_Sensor_tr_50000_1st_109001.csv,18,C_temperature.T,10,0.9999285205909861
049_GHL_id_18_Sensor_tr_50000_1st_109001.csv,18,C_temperature.T,100,0.9966221547157383
049_GHL_id_18_Sensor_tr_50000_1st_109001.csv,18,C_temperature.T,1000,0.9452149488928615
049_GHL_id_18_Sensor_tr_50000_1st_109001.csv,18,RT_level,1,0.9999269587718889
049_GHL_id_18_Sensor_tr_50000_1st_109001.csv,18,RT_level,10,0.9936111653734908
049_GHL_id_18_Sensor_tr_50000_1st_109001.csv,18,RT_level,100,0.8074922965223502
049_GHL_id_18_Sensor_tr_50000_1st_109001.csv,18,RT_level,1000,0.09060044890727664
049_GHL_id_18_Sensor_tr_50000_1st_109001.csv,18,out_valve_act,1,0.995857549776194
049_GHL_id_18_Sensor_tr_50000_1st_109001.csv,18,out_valve_act,10,0.9585752682087031
049_GHL_id_18_Sensor_tr_50000_1st_109001.csv,18,out_valve_act,100,0.5857296798159516
049_GHL_id_18_Sensor_tr_50000_1st_109001.csv,18,out_valve_act,1000,-0.031426947607720926
049_GHL_id_18_Sensor_tr_50000_1st_109001.csv,18,dT_rand,1,0.9998151612857407
049_GHL_id_18_Sensor_tr_50000_1st_109001.csv,18,dT_rand,10,0.9981504028897872
049_GHL_id_18_Sensor_tr_50000_1st_109001.csv,18,dT_rand,100,0.9813816176213311
049_GHL_id_18_Sensor_tr_50000_1st_109001.csv,18,dT_rand,1000,0.7999458950468151
049_GHL_id_18_Sensor_tr_50000_1st_109001.csv,18,inv_valve_act,1,0.9559991516466776
049_GHL_id_18_Sensor_tr_50000_1st_109001.csv,18,inv_valve_act,10,0.5599888214803593
049_GHL_id_18_Sensor_tr_50000_1st_109001.csv,18,inv_valve_act,100,-0.03408973163402746
049_GHL_id_18_Sensor_tr_50000_1st_109001.csv,18,inv_valve_act,1000,0.008035728326335485
049_GHL_id_18_Sensor_tr_50000_1st_109001.csv,18,limiter.y,1,0.9998368693541875
049_GHL_id_18_Sensor_tr_50000_1st_109001.csv,18,limiter.y,10,0.9983678206774285
049_GHL_id_18_Sensor_tr_50000_1st_109001.csv,18,limiter.y,100,0.9835901205620465
049_GHL_id_18_Sensor_tr_50000_1st_109001.csv,18,limiter.y,1000,0.8262042100943543
049_GHL_id_18_Sensor_tr_50000_1st_109001.csv,18,inj_valve_act,1,0.99879249076249
049_GHL_id_18_Sensor_tr_50000_1st_109001.csv,18,inj_valve_act,10,0.987924571628466
049_GHL_id_18_Sensor_tr_50000_1st_109001.csv,18,inj_valve_act,100,0.8792120396542307
049_GHL_id_18_Sensor_tr_50000_1st_109001.csv,18,inj_valve_act,1000,-0.06975018338394252
049_GHL_id_18_Sensor_tr_50000_1st_109001.csv,18,Relaxing.active,1,0.9884342247651124
049_GHL_id_18_Sensor_tr_50000_1st_109001.csv,18,Relaxing.active,10,0.8843388323867462
049_GHL_id_18_Sensor_tr_50000_1st_109001.csv,18,Relaxing.active,100,-0.11596476440808039
049_GHL_id_18_Sensor_tr_50000_1st_109001.csv,18,Relaxing.active,1000,0.04892184408943333
049_GHL_id_18_Sensor_tr_50000_1st_109001.csv,18,boundary.m_flow_in,1,0.9987924907624902
049_GHL_id_18_Sensor_tr_50000_1st_109001.csv,18,boundary.m_flow_in,10,0.9879245716284641
049_GHL_id_18_Sensor_tr_50000_1st_109001.csv,18,boundary.m_flow_in,100,0.879212039654239
049_GHL_id_18_Sensor_tr_50000_1st_109001.csv,18,boundary.m_flow_in,1000,-0.06975018338394268
049_GHL_id_18_Sensor_tr_50000_1st_109001.csv,18,dir_valve_act,1,0.9522809233866325
049_GHL_id_18_Sensor_tr_50000_1st_109001.csv,18,dir_valve_act,10,0.5228065127757144
049_GHL_id_18_Sensor_tr_50000_1st_109001.csv,18,dir_valve_act,100,-0.03173782694096944
049_GHL_id_18_Sensor_tr_50000_1st_109001.csv,18,dir_valve_act,1000,0.019915540983197942
049_GHL_id_18_Sensor_tr_50000_1st_109001.csv,18,dt_rand,1,0.9987895552889915
049_GHL_id_18_Sensor_tr_50000_1st_109001.csv,18,dt_rand,10,0.9878950643546246
049_GHL_id_18_Sensor_tr_50000_1st_109001.csv,18,dt_rand,100,0.8789016603357878
049_GHL_id_18_Sensor_tr_50000_1st_109001.csv,18,dt_rand,1000,0.2486669571725373
049_GHL_id_18_Sensor_tr_50000_1st_109001.csv,18,C_level,1,0.9999999291966887
049_GHL_id_18_Sensor_tr_50000_1st_109001.csv,18,C_level,10,0.9999930025634737
049_GHL_id_18_Sensor_tr_50000_1st_109001.csv,18,C_level,100,0.9993856101621885
049_GHL_id_18_Sensor_tr_50000_1st_109001.csv,18,C_level,1000,0.9847209299791265
049_GHL_id_18_Sensor_tr_50000_1st_109001.csv,18,HT_temperature.T,1,0.9999564310731732
049_GHL_id_18_Sensor_tr_50000_1st_109001.csv,18,HT_temperature.T,10,0.9973926157839723
049_GHL_id_18_Sensor_tr_50000_1st_109001.csv,18,HT_temperature.T,100,0.9235674629987309
049_GHL_id_18_Sensor_tr_50000_1st_109001.csv,18,HT_temperature.T,1000,0.2765678410659886
049_GHL_id_18_Sensor_tr_50000_1st_109001.csv,18,heater_act,1,0.9940286457398871
049_GHL_id_18_Sensor_tr_50000_1st_109001.csv,18,heater_act,10,0.9402745216283411
049_GHL_id_18_Sensor_tr_50000_1st_109001.csv,18,heater_act,100,0.40154634802335737
049_GHL_id_18_Sensor_tr_50000_1st_109001.csv,18,heater_act,1000,0.07608995085559826
049_GHL_id_18_Sensor_tr_50000_1st_109001.csv,18,HT_level,1,0.9997159533800419
049_GHL_id_18_Sensor_tr_50000_1st_109001.csv,18,HT_level,10,0.9754382002327526
049_GHL_id_18_Sensor_tr_50000_1st_109001.csv,18,HT_level,100,0.3988483345782456
049_GHL_id_18_Sensor_tr_50000_1st_109001.csv,18,HT_level,1000,0.07870859062082644
049_GHL_id_18_Sensor_tr_50000_1st_109001.csv,18,limiter1.y,1,0.9987895552923973
049_GHL_id_18_Sensor_tr_50000_1st_109001.csv,18,limiter1.y,10,0.9878950643889026
049_GHL_id_18_Sensor_tr_50000_1st_109001.csv,18,limiter1.y,100,0.8789016606987876
049_GHL_id_18_Sensor_tr_50000_1st_109001.csv,18,limiter1.y,1000,0.24866697508636626
049_GHL_id_18_Sensor_tr_50000_1st_109001.csv,18,dL_rand,1,0.9998151612857407
049_GHL_id_18_Sensor_tr_50000_1st_109001.csv,18,dL_rand,10,0.9981504028897872
049_GHL_id_18_Sensor_tr_50000_1st_109001.csv,18,dL_rand,100,0.9813816176213311
049_GHL_id_18_Sensor_tr_50000_1st_109001.csv,18,dL_rand,1000,0.7999458950468151
050_GHL_id_19_Sensor_tr_43750_1st_55001.csv,19,RT_level_ini,1,0.9998039069171425
050_GHL_id_19_Sensor_tr_43750_1st_55001.csv,19,RT_level_ini,10,0.9980385892049498
050_GHL_id_19_Sensor_tr_43750_1st_55001.csv,19,RT_level_ini,100,0.9803376268252512
050_GHL_id_19_Sensor_tr_43750_1st_55001.csv,19,RT_level_ini,1000,0.8096478101111633
050_GHL_id_19_Sensor_tr_43750_1st_55001.csv,19,RT_temperature.T,1,0.9999927905564063
050_GHL_id_19_Sensor_tr_43750_1st_55001.csv,19,RT_temperature.T,10,0.9993711810456578
050_GHL_id_19_Sensor_tr_43750_1st_55001.csv,19,RT_temperature.T,100,0.9752642257413421
050_GHL_id_19_Sensor_tr_43750_1st_55001.csv,19,RT_temperature.T,1000,0.3984005751285162
050_GHL_id_19_Sensor_tr_43750_1st_55001.csv,19,C_temperature.T,1,0.9999998543698494
050_GHL_id_19_Sensor_tr_43750_1st_55001.csv,19,C_temperature.T,10,0.9999857447330501
050_GHL_id_19_Sensor_tr_43750_1st_55001.csv,19,C_temperature.T,100,0.9988791285671565
050_GHL_id_19_Sensor_tr_43750_1st_55001.csv,19,C_temperature.T,1000,0.9802764234196286
050_GHL_id_19_Sensor_tr_43750_1st_55001.csv,19,RT_level,1,0.9999401788645648
050_GHL_id_19_Sensor_tr_43750_1st_55001.csv,19,RT_level,10,0.9947824312436813
050_GHL_id_19_Sensor_tr_43750_1st_55001.csv,19,RT_level,100,0.851378221596193
050_GHL_id_19_Sensor_tr_43750_1st_55001.csv,19,RT_level,1000,0.5909359318185684
050_GHL_id_19_Sensor_tr_43750_1st_55001.csv,19,out_valve_act,1,0.9935238421105165
050_GHL_id_19_Sensor_tr_43750_1st_55001.csv,19,out_valve_act,10,0.9352380745296858
050_GHL_id_19_Sensor_tr_43750_1st_55001.csv,19,out_valve_act,100,0.387504366709809
050_GHL_id_19_Sensor_tr_43750_1st_55001.csv,19,out_valve_act,1000,-0.023341291261361474
050_GHL_id_19_Sensor_tr_43750_1st_55001.csv,19,dT_rand,1,0.999818506662509
050_GHL_id_19_Sensor_tr_43750_1st_55001.csv,19,dT_rand,10,0.9981846792326999
050_GHL_id_19_Sensor_tr_43750_1st_55001.csv,19,dT_rand,100,0.9818078093960723
050_GHL_id_19_Sensor_tr_43750_1st_55001.csv,19,dT_rand,1000,0.8145165116004773
050_GHL_id_19_Sensor_tr_43750_1st_55001.csv,19,inv_valve_act,1,0.9558538492560714
050_GHL_id_19_Sensor_tr_43750_1st_55001.csv,19,inv_valve_act,10,0.55853553393275
050_GHL_id_19_Sensor_tr_43750_1st_55001.csv,19,inv_valve_act,100,-0.032647267565649556
050_GHL_id_19_Sensor_tr_43750_1st_55001.csv,19,inv_valve_act,1000,-0.021343160780472985
050_GHL_id_19_Sensor_tr_43750_1st_55001.csv,19,limiter.y,1,0.9998896101914614
050_GHL_id_19_Sensor_tr_43750_1st_55001.csv,19,limiter.y,10,0.9988958094290592
050_GHL_id_19_Sensor_tr_43750_1st_55001.csv,19,limiter.y,100,0.988928598294117
050_GHL_id_19_Sensor_tr_43750_1st_55001.csv,19,limiter.y,1000,0.8868817480651626
050_GHL_id_19_Sensor_tr_43750_1st_55001.csv,19,inj_valve_act,1,0.9983915306007884
050_GHL_id_19_Sensor_tr_43750_1st_55001.csv,19,inj_valve_act,10,0.9838890293940546
050_GHL_id_19_Sensor_tr_43750_1st_55001.csv,19,inj_valve_act,100,0.836208459613547
050_GHL_id_19_Sensor_tr_43750_1st_55001.csv,19,inj_valve_act,1000,-0.10742874442149476
050_GHL_id_19_Sensor_tr_43750_1st_55001.csv,19,Relaxing.active,1,0.9884790579725088
050_GHL_id_19_Sensor_tr_43750_1st_55001.csv,19,Relaxing.active,10,0.8847868676476408
050_GHL_id_19_Sensor_tr_43750_1st_55001.csv,19,Relaxing.active,100,-0.10718472345516428
050_GHL_id_19_Sensor_tr_43750_1st_55001.csv,19,Relaxing.active,1000,0.05316424125084233
050_GHL_id_19_Sensor_tr_43750_1st_55001.csv,19,boundary.m_flow_in,1,0.9983915306007888
050_GHL_id_19_Sensor_tr_43750_1st_55001.csv,19,boundary.m_flow_in,10,0.9838890293940552
050_GHL_id_19_Sensor_tr_43750_1st_55001.csv,19,boundary.m_flow_in,100,0.8362084596135452
050_GHL_id_19_Sensor_tr_43750_1st_55001.csv,19,boundary.m_flow_in,1000,-0.10742874442149426
050_GHL_id_19_Sensor_tr_43750_1st_55001.csv,19,dir_valve_act,1,0.9526604647477701
050_GHL_id_19_Sensor_tr_43750_1st_55001.csv,19,dir_valve_act,10,0.5266017022130852
050_GHL_id_19_Sensor_tr_43750_1st_55001.csv,19,dir_valve_act,100,-0.0303073219090781
050_GHL_id_19_Sensor_tr_43750_1st_55001.csv,19,dir_valve_act,1000,0.011413106004111849
050_GHL_id_19_Sensor_tr_43750_1st_55001.csv,19,dt_rand,1,0.9984722617849319
050_GHL_id_19_Sensor_tr_43750_1st_55001.csv,19,dt_rand,10,0.9847198814288798
050_GHL_id_19_Sensor_tr_43750_1st_55001.csv,19,dt_rand,100,0.8469237267859359
050_GHL_id_19_Sensor_tr_43750_1st_55001.csv,19,dt_rand,1000,0.06290060601083099
050_GHL_id_19_Sensor_tr_43750_1st_55001.csv,19,C_level,1,0.9999998721835922
050_GHL_id_19_Sensor_tr_43750_1st_55001.csv,19,C_level,10,0.9999874584102098
050_GHL_id_19_Sensor_tr_43750_1st_55001.csv,19,C_level,100,0.9989856748600322
050_GHL_id_19_Sensor_tr_43750_1st_55001.csv,19,C_level,1000,0.9809521162984776
050_GHL_id_19_Sensor_tr_43750_1st_55001.csv,19,HT_temperature.T,1,0.9999317577643265
050_GHL_id_19_Sensor_tr_43750_1st_55001.csv,19,HT_temperature.T,10,0.9959114134536775
050_GHL_id_19_Sensor_tr_43750_1st_55001.csv,19,HT_temperature.T,100,0.8845685993501377
050_GHL_id_19_Sensor_tr_43750_1st_55001.csv,19,HT_temperature.T,1000,0.07637236753828033
050_GHL_id_19_Sensor_tr_43750_1st_55001.csv,19,heater_act,1,0.9940693666499892
050_GHL_id_19_Sensor_tr_43750_1st_55001.csv,19,heater_act,10,0.9406709606595128
050_GHL_id_19_Sensor_tr_43750_1st_55001.csv,19,heater_act,100,0.4044242319393268
050_GHL_id_19_Sensor_tr_43750_1st_55001.csv,19,heater_act,1000,0.002148731537396709
050_GHL_id_19_Sensor_tr_43750_1st_55001.csv,19,HT_level,1,0.9997153433589947
050_GHL_id_19_Sensor_tr_43750_1st_55001.csv,19,HT_level,10,0.9753753029179235
050_GHL_id_19_Sensor_tr_43750_1st_55001.csv,19,HT_level,100,0.3972756634499177
050_GHL_id_19_Sensor_tr_43750_1st_55001.csv,19,HT_level,1000,-0.007668296807793293
050_GHL_id_19_Sensor_tr_43750_1st_55001.csv,19,limiter1.y,1,0.9984722618050925
050_GHL_id_19_Sensor_tr_43750_1st_55001.csv,19,limiter1.y,10,0.9847198816291696
050_GHL_id_19_Sensor_tr_43750_1st_55001.csv,19,limiter1.y,100,0.8469237286547909
050_GHL_id_19_Sensor_tr_43750_1st_55001.csv,19,limiter1.y,1000,0.06290059018377193
050_GHL_id_19_Sensor_tr_43750_1st_55001.csv,19,dL_rand,1,0.999818506662509
050_GHL_id_19_Sensor_tr_43750_1st_55001.csv,19,dL_rand,10,0.9981846792326999
050_GHL_id_19_Sensor_tr_43750_1st_55001.csv,19,dL_rand,100,0.9818078093960723
050_GHL_id_19_Sensor_tr_43750_1st_55001.csv,19,dL_rand,1000,0.8145165116004773
051_GHL_id_20_Sensor_tr_50000_1st_75110.csv,20,RT_level_ini,1,0.9996803612518557
051_GHL_id_20_Sensor_tr_50000_1st_75110.csv,20,RT_level_ini,10,0.9967995933087477
051_GHL_id_20_Sensor_tr_50000_1st_75110.csv,20,RT_level_ini,100,0.9675809368056425
051_GHL_id_20_Sensor_tr_50000_1st_75110.csv,20,RT_level_ini,1000,0.6234403576047046
051_GHL_id_20_Sensor_tr_50000_1st_75110.csv,20,RT_temperature.T,1,0.9999964582628484
051_GHL_id_20_Sensor_tr_50000_1st_75110.csv,20,RT_temperature.T,10,0.9996856496192521
051_GHL_id_20_Sensor_tr_50000_1st_75110.csv,20,RT_temperature.T,100,0.9873793294276839
051_GHL_id_20_Sensor_tr_50000_1st_75110.csv,20,RT_temperature.T,1000,0.6283308426661754
051_GHL_id_20_Sensor_tr_50000_1st_75110.csv,20,C_temperature.T,1,0.9999991880640189
051_GHL_id_20_Sensor_tr_50000_1st_75110.csv,20,C_temperature.T,10,0.9999288299457512
051_GHL_id_20_Sensor_tr_50000_1st_75110.csv,20,C_temperature.T,100,0.9966335575930171
051_GHL_id_20_Sensor_tr_50000_1st_75110.csv,20,C_temperature.T,1000,0.9453774755398883
051_GHL_id_20_Sensor_tr_50000_1st_75110.csv,20,RT_level,1,0.9999265825901645
051_GHL_id_20_Sensor_tr_50000_1st_75110.csv,20,RT_level,10,0.993584999679716
051_GHL_id_20_Sensor_tr_50000_1st_75110.csv,20,RT_level,100,0.8102800197415404
051_GHL_id_20_Sensor_tr_50000_1st_75110.csv,20,RT_level,1000,0.2595140334577831
051_GHL_id_20_Sensor_tr_50000_1st_75110.csv,20,out_valve_act,1,0.995455131754275
051_GHL_id_20_Sensor_tr_50000_1st_75110.csv,20,out_valve_act,10,0.9545510892714707
051_GHL_id_20_Sensor_tr_50000_1st_75110.csv,20,out_valve_act,100,0.5454880190323014
051_GHL_id_20_Sensor_tr_50000_1st_75110.csv,20,out_valve_act,1000,-0.028482673215372963
051_GHL_id_20_Sensor_tr_50000_1st_75110.csv,20,dT_rand,1,0.9998881953726622
051_GHL_id_20_Sensor_tr_50000_1st_75110.csv,20,dT_rand,10,0.9988819114169024
051_GHL_id_20_Sensor_tr_50000_1st_75110.csv,20,dT_rand,100,0.9888148729065922
051_GHL_id_20_Sensor_tr_50000_1st_75110.csv,20,dT_rand,1000,0.8877140511688196
051_GHL_id_20_Sensor_tr_50000_1st_75110.csv,20,inv_valve_act,1,0.955961928584879
051_GHL_id_20_Sensor_tr_50000_1st_75110.csv,20,inv_valve_act,10,0.5596166732683403
051_GHL_id_20_Sensor_tr_50000_1st_75110.csv,20,inv_valve_act,100,-0.03301935617430908
051_GHL_id_20_Sensor_tr_50000_1st_75110.csv,20,inv_valve_act,1000,0.024717304910225515
051_GHL_id_20_Sensor_tr_50000_1st_75110.csv,20,limiter.y,1,0.9998883870808075
051_GHL_id_20_Sensor_tr_50000_1st_75110.csv,20,limiter.y,10,0.9988838270266635
051_GHL_id_20_Sensor_tr_50000_1st_75110.csv,20,limiter.y,100,0.9888338814090637
051_GHL_id_20_Sensor_tr_50000_1st_75110.csv,20,limiter.y,1000,0.8878889370537898
051_GHL_id_20_Sensor_tr_50000_1st_75110.csv,20,inj_valve_act,1,0.9987592297163875
051_GHL_id_20_Sensor_tr_50000_1st_75110.csv,20,inj_valve_act,10,0.9875919644181519
051_GHL_id_20_Sensor_tr_50000_1st_75110.csv,20,inj_valve_act,100,0.8758862937378941
051_GHL_id_20_Sensor_tr_50000_1st_75110.csv,20,inj_valve_act,1000,-0.10352257109512528
051_GHL_id_20_Sensor_tr_50000_1st_75110.csv,20,Relaxing.active,1,0.9882624959415042
051_GHL_id_20_Sensor_tr_50000_1st_75110.csv,20,Relaxing.active,10,0.8826216962032977
051_GHL_id_20_Sensor_tr_50000_1st_75110.csv,20,Relaxing.active,100,-0.11609525441940341
051_GHL_id_20_Sensor_tr_50000_1st_75110.csv,20,Relaxing.active,1000,0.06188683995001713
051_GHL_id_20_Sensor_tr_50000_1st_75110.csv,20,boundary.m_flow_in,1,0.9987592297163875
051_GHL_id_20_Sensor_tr_50000_1st_75110.csv,20,boundary.m_flow_in,10,0.9875919644181527
051_GHL_id_20_Sensor_tr_50000_1st_75110.csv,20,boundary.m_flow_in,100,0.8758862937378926
051_GHL_id_20_Sensor_tr_50000_1st_75110.csv,20,boundary.m_flow_in,1000,-0.10352257109512528
051_GHL_id_20_Sensor_tr_50000_1st_75110.csv,20,dir_valve_act,1,0.9525159337003478
051_GHL_id_20_Sensor_tr_50000_1st_75110.csv,20,dir_valve_act,10,0.5251566965968635
051_GHL_id_20_Sensor_tr_50000_1st_75110.csv,20,dir_valve_act,100,-0.030949134333291977
051_GHL_id_20_Sensor_tr_50000_1st_75110.csv,20,dir_valve_act,1000,0.017088557668209846
051_GHL_id_20_Sensor_tr_50000_1st_75110.csv,20,dt_rand,1,0.998737204535339
051_GHL_id_20_Sensor_tr_50000_1st_75110.csv,20,dt_rand,10,0.9873666471212151
051_GHL_id_20_Sensor_tr_50000_1st_75110.csv,20,dt_rand,100,0.8731216181069181
051_GHL_id_20_Sensor_tr_50000_1st_75110.csv,20,dt_rand,1000,0.11755154074468913
051_GHL_id_20_Sensor_tr_50000_1st_75110.csv,20,C_level,1,0.9999999296440735
051_GHL_id_20_Sensor_tr_50000_1st_75110.csv,20,C_level,10,0.999993057372671
051_GHL_id_20_Sensor_tr_50000_1st_75110.csv,20,C_level,100,0.9993992741129971
051_GHL_id_20_Sensor_tr_50000_1st_75110.csv,20,C_level,1000,0.985820202021542
051_GHL_id_20_Sensor_tr_50000_1st_75110.csv,20,HT_temperature.T,1,0.9999499003391993
051_GHL_id_20_Sensor_tr_50000_1st_75110.csv,20,HT_temperature.T,10,0.9969937484177863
051_GHL_id_20_Sensor_tr_50000_1st_75110.csv,20,HT_temperature.T,100,0.9161339154566619
051_GHL_id_20_Sensor_tr_50000_1st_75110.csv,20,HT_temperature.T,1000,0.2615235199227904
051_GHL_id_20_Sensor_tr_50000_1st_75110.csv,20,heater_act,1,0.9940986701430659
051_GHL_id_20_Sensor_tr_50000_1st_75110.csv,20,heater_act,10,0.9409745237755921
051_GHL_id_20_Sensor_tr_50000_1st_75110.csv,20,heater_act,100,0.40852190711443964
051_GHL_id_20_Sensor_tr_50000_1st_75110.csv,20,heater_act,1000,0.07025476819011249
051_GHL_id_20_Sensor_tr_50000_1st_75110.csv,20,HT_level,1,0.9997182758273098
051_GHL_id_20_Sensor_tr_50000_1st_75110.csv,20,HT_level,10,0.9756360663691642
051_GHL_id_20_Sensor_tr_50000_1st_75110.csv,20,HT_level,100,0.40447936209122975
051_GHL_id_20_Sensor_tr_50000_1st_75110.csv,20,HT_level,1000,0.0723832270387498
051_GHL_id_20_Sensor_tr_50000_1st_75110.csv,20,limiter1.y,1,0.9987372045529178
051_GHL_id_20_Sensor_tr_50000_1st_75110.csv,20,limiter1.y,10,0.9873666472972676
051_GHL_id_20_Sensor_tr_50000_1st_75110.csv,20,limiter1.y,100,0.873121619892867
051_GHL_id_20_Sensor_tr_50000_1st_75110.csv,20,limiter1.y,1000,0.11755153763316137
051_GHL_id_20_Sensor_tr_50000_1st_75110.csv,20,dL_rand,1,0.9998881953726622
051_GHL_id_20_Sensor_tr_50000_1st_75110.csv,20,dL_rand,10,0.9988819114169024
051_GHL_id_20_Sensor_tr_50000_1st_75110.csv,20,dL_rand,100,0.9888148729065922
051_GHL_id_20_Sensor_tr_50000_1st_75110.csv,20,dL_rand,1000,0.8877140511688196
052_GHL_id_21_Sensor_tr_50000_1st_98001.csv,21,RT_level_ini,1,0.99965679374344
052_GHL_id_21_Sensor_tr_50000_1st_98001.csv,21,RT_level_ini,10,0.9965628157735151
052_GHL_id_21_Sensor_tr_50000_1st_98001.csv,21,RT_level_ini,100,0.9651005574221997
052_GHL_id_21_Sensor_tr_50000_1st_98001.csv,21,RT_level_ini,1000,0.585146739030878
052_GHL_id_21_Sensor_tr_50000_1st_98001.csv,21,RT_temperature.T,1,0.9999954544350957
052_GHL_id_21_Sensor_tr_50000_1st_98001.csv,21,RT_temperature.T,10,0.9995980141989129
052_GHL_id_21_Sensor_tr_50000_1st_98001.csv,21,RT_temperature.T,100,0.9840880431233552
052_GHL_id_21_Sensor_tr_50000_1st_98001.csv,21,RT_temperature.T,1000,0.5629302313390325
052_GHL_id_21_Sensor_tr_50000_1st_98001.csv,21,C_temperature.T,1,0.9999991663947768
052_GHL_id_21_Sensor_tr_50000_1st_98001.csv,21,C_temperature.T,10,0.9999273694057009
052_GHL_id_21_Sensor_tr_50000_1st_98001.csv,21,C_temperature.T,100,0.9965659564069357
052_GHL_id_21_Sensor_tr_50000_1st_98001.csv,21,C_temperature.T,1000,0.9442703185492722
052_GHL_id_21_Sensor_tr_50000_1st_98001.csv,21,RT_level,1,0.999926707697832
052_GHL_id_21_Sensor_tr_50000_1st_98001.csv,21,RT_level,10,0.9936026884945292
052_GHL_id_21_Sensor_tr_50000_1st_98001.csv,21,RT_level,100,0.813712651945177
052_GHL_id_21_Sensor_tr_50000_1st_98001.csv,21,RT_level,1000,0.41789542782119
052_GHL_id_21_Sensor_tr_50000_1st_98001.csv,21,out_valve_act,1,0.9950107834094852
052_GHL_id_21_Sensor_tr_50000_1st_98001.csv,21,out_valve_act,10,0.9501076069830787
052_GHL_id_21_Sensor_tr_50000_1st_98001.csv,21,out_valve_act,100,0.5010533124535683
052_GHL_id_21_Sensor_tr_50000_1st_98001.csv,21,out_valve_act,1000,-0.025812799631544803
052_GHL_id_21_Sensor_tr_50000_1st_98001.csv,21,dT_rand,1,0.9998340723621135
052_GHL_id_21_Sensor_tr_50000_1st_98001.csv,21,dT_rand,10,0.9983404553688339
052_GHL_id_21_Sensor_tr_50000_1st_98001.csv,21,dT_rand,100,0.9833775875919293
052_GHL_id_21_Sensor_tr_50000_1st_98001.csv,21,dT_rand,1000,0.8309301458474608
052_GHL_id_21_Sensor_tr_50000_1st_98001.csv,21,inv_valve_act,1,0.9558641223349023
052_GHL_id_21_Sensor_tr_50000_1st_98001.csv,21,inv_valve_act,10,0.5586386930491398
052_GHL_id_21_Sensor_tr_50000_1st_98001.csv,21,inv_valve_act,100,-0.03190851376222709
052_GHL_id_21_Sensor_tr_50000_1st_98001.csv,21,inv_valve_act,1000,0.05944703859377198
052_GHL_id_21_Sensor_tr_50000_1st_98001.csv,21,limiter.y,1,0.9998353826523769
052_GHL_id_21_Sensor_tr_50000_1st_98001.csv,21,limiter.y,10,0.9983536497430122
052_GHL_id_21_Sensor_tr_50000_1st_98001.csv,21,limiter.y,100,0.9835187468910798
052_GHL_id_21_Sensor_tr_50000_1st_98001.csv,21,limiter.y,1000,0.8333367276535103
052_GHL_id_21_Sensor_tr_50000_1st_98001.csv,21,inj_valve_act,1,0.9985993273499242
052_GHL_id_21_Sensor_tr_50000_1st_98001.csv,21,inj_valve_act,10,0.9859929533823968
052_GHL_id_21_Sensor_tr_50000_1st_98001.csv,21,inj_valve_act,100,0.8598974505491361
052_GHL_id_21_Sensor_tr_50000_1st_98001.csv,21,inj_valve_act,1000,-0.09748101400447097
052_GHL_id_21_Sensor_tr_50000_1st_98001.csv,21,Relaxing.active,1,0.9884211508709365
052_GHL_id_21_Sensor_tr_50000_1st_98001.csv,21,Relaxing.active,10,0.8842083599694208
052_GHL_id_21_Sensor_tr_50000_1st_98001.csv,21,Relaxing.active,100,-0.10979683747803291
052_GHL_id_21_Sensor_tr_50000_1st_98001.csv,21,Relaxing.active,1000,0.09040120307085775
052_GHL_id_21_Sensor_tr_50000_1st_98001.csv,21,boundary.m_flow_in,1,0.9985993273499242
052_GHL_id_21_Sensor_tr_50000_1st_98001.csv,21,boundary.m_flow_in,10,0.9859929533823969
052_GHL_id_21_Sensor_tr_50000_1st_98001.csv,21,boundary.m_flow_in,100,0.8598974505491321
052_GHL_id_21_Sensor_tr_50000_1st_98001.csv,21,boundary.m_flow_in,1000,-0.09748101400446975
052_GHL_id_21_Sensor_tr_50000_1st_98001.csv,21,dir_valve_act,1,0.952603296884398
052_GHL_id_21_Sensor_tr_50000_1st_98001.csv,21,dir_valve_act,10,0.5260304094059836
052_GHL_id_21_Sensor_tr_50000_1st_98001.csv,21,dir_valve_act,100,-0.030055321608455407
052_GHL_id_21_Sensor_tr_50000_1st_98001.csv,21,dir_valve_act,1000,0.026543907823184287
052_GHL_id_21_Sensor_tr_50000_1st_98001.csv,21,dt_rand,1,0.9985935088870288
052_GHL_id_21_Sensor_tr_50000_1st_98001.csv,21,dt_rand,10,0.9859321662287451
052_GHL_id_21_Sensor_tr_50000_1st_98001.csv,21,dt_rand,100,0.8590277923921775
052_GHL_id_21_Sensor_tr_50000_1st_98001.csv,21,dt_rand,1000,0.10808598827687994
052_GHL_id_21_Sensor_tr_50000_1st_98001.csv,21,C_level,1,0.9999999201475983
052_GHL_id_21_Sensor_tr_50000_1st_98001.csv,21,C_level,10,0.9999921291676517
052_GHL_id_21_Sensor_tr_50000_1st_98001.csv,21,C_level,100,0.9993295029563106
052_GHL_id_21_Sensor_tr_50000_1st_98001.csv,21,C_level,1000,0.9851349779111268
052_GHL_id_21_Sensor_tr_50000_1st_98001.csv,21,HT_temperature.T,1,0.9999412658690975
052_GHL_id_21_Sensor_tr_50000_1st_98001.csv,21,HT_temperature.T,10,0.9965315593838814
052_GHL_id_21_Sensor_tr_50000_1st_98001.csv,21,HT_temperature.T,100,0.906182179982373
052_GHL_id_21_Sensor_tr_50000_1st_98001.csv,21,HT_temperature.T,1000,0.24851563666141174
052_GHL_id_21_Sensor_tr_50000_1st_98001.csv,21,heater_act,1,0.9940939966909395
052_GHL_id_21_Sensor_tr_50000_1st_98001.csv,21,heater_act,10,0.9409270768694457
052_GHL_id_21_Sensor_tr_50000_1st_98001.csv,21,heater_act,100,0.4079755558479692
052_GHL_id_21_Sensor_tr_50000_1st_98001.csv,21,heater_act,1000,0.05019576044821819
052_GHL_id_21_Sensor_tr_50000_1st_98001.csv,21,HT_level,1,0.9997160558543884
052_GHL_id_21_Sensor_tr_50000_1st_98001.csv,21,HT_level,10,0.9754497252096624
052_GHL_id_21_Sensor_tr_50000_1st_98001.csv,21,HT_level,100,0.39913146619385337
052_GHL_id_21_Sensor_tr_50000_1st_98001.csv,21,HT_level,1000,0.0433150456458749
052_GHL_id_21_Sensor_tr_50000_1st_98001.csv,21,limiter1.y,1,0.99859350883329
052_GHL_id_21_Sensor_tr_50000_1st_98001.csv,21,limiter1.y,10,0.9859321656899039
052_GHL_id_21_Sensor_tr_50000_1st_98001.csv,21,limiter1.y,100,0.8590277868567108
052_GHL_id_21_Sensor_tr_50000_1st_98001.csv,21,limiter1.y,1000,0.10808599021986634
052_GHL_id_21_Sensor_tr_50000_1st_98001.csv,21,dL_rand,1,0.9998340723621135
052_GHL_id_21_Sensor_tr_50000_1st_98001.csv,21,dL_rand,10,0.9983404553688339
052_GHL_id_21_Sensor_tr_50000_1st_98001.csv,21,dL_rand,100,0.9833775875919293
052_GHL_id_21_Sensor_tr_50000_1st_98001.csv,21,dL_rand,1000,0.8309301458474608
053_GHL_id_22_Sensor_tr_50000_1st_126448.csv,22,RT_level_ini,1,0.9996414759528107
053_GHL_id_22_Sensor_tr_50000_1st_126448.csv,22,RT_level_ini,10,0.9964079544666561
053_GHL_id_22_Sensor_tr_50000_1st_126448.csv,22,RT_level_ini,100,0.9633741801693817
053_GHL_id_22_Sensor_tr_50000_1st_126448.csv,22,RT_level_ini,1000,0.5324976711524231
053_GHL_id_22_Sensor_tr_50000_1st_126448.csv,22,RT_temperature.T,1,0.9999959628108493
053_GHL_id_22_Sensor_tr_50000_1st_126448.csv,22,RT_temperature.T,10,0.999642631104592
053_GHL_id_22_Sensor_tr_50000_1st_126448.csv,22,RT_temperature.T,100,0.985920893173526
053_GHL_id_22_Sensor_tr_50000_1st_126448.csv,22,RT_temperature.T,1000,0.6060992427375167
053_GHL_id_22_Sensor_tr_50000_1st_126448.csv,22,C_temperature.T,1,0.9999991781942051
053_GHL_id_22_Sensor_tr_50000_1st_126448.csv,22,C_temperature.T,10,0.9999277289070652
053_GHL_id_22_Sensor_tr_50000_1st_126448.csv,22,C_temperature.T,100,0.9965805514857558
053_GHL_id_22_Sensor_tr_50000_1st_126448.csv,22,C_temperature.T,1000,0.944524046883466
053_GHL_id_22_Sensor_tr_50000_1st_126448.csv,22,RT_level,1,0.99991645605226
053_GHL_id_22_Sensor_tr_50000_1st_126448.csv,22,RT_level,10,0.9927044411756691
053_GHL_id_22_Sensor_tr_50000_1st_126448.csv,22,RT_level,100,0.7849825252264206
053_GHL_id_22_Sensor_tr_50000_1st_126448.csv,22,RT_level,1000,0.251057679833204
053_GHL_id_22_Sensor_tr_50000_1st_126448.csv,22,out_valve_act,1,0.9953450113816749
053_GHL_id_22_Sensor_tr_50000_1st_126448.csv,22,out_valve_act,10,0.9534498858549113
053_GHL_id_22_Sensor_tr_50000_1st_126448.csv,22,out_valve_act,100,0.5344760159058076
053_GHL_id_22_Sensor_tr_50000_1st_126448.csv,22,out_valve_act,1000,-0.027770786139777022
053_GHL_id_22_Sensor_tr_50000_1st_126448.csv,22,dT_rand,1,0.9998544137166853
053_GHL_id_22_Sensor_tr_50000_1st_126448.csv,22,dT_rand,10,0.9985438395262799
053_GHL_id_22_Sensor_tr_50000_1st_126448.csv,22,dT_rand,100,0.9854084590161867
053_GHL_id_22_Sensor_tr_50000_1st_126448.csv,22,dT_rand,1000,0.8509073838311638
053_GHL_id_22_Sensor_tr_50000_1st_126448.csv,22,inv_valve_act,1,0.9557504485673338
053_GHL_id_22_Sensor_tr_50000_1st_126448.csv,22,inv_valve_act,10,0.5575019149136908
053_GHL_id_22_Sensor_tr_50000_1st_126448.csv,22,inv_valve_act,100,-0.0320890497793486
053_GHL_id_22_Sensor_tr_50000_1st_126448.csv,22,inv_valve_act,1000,0.04118736495783969
053_GHL_id_22_Sensor_tr_50000_1st_126448.csv,22,limiter.y,1,0.9998503009817253
053_GHL_id_22_Sensor_tr_50000_1st_126448.csv,22,limiter.y,10,0.9985028021493315
053_GHL_id_22_Sensor_tr_50000_1st_126448.csv,22,limiter.y,100,0.9850071644308078
053_GHL_id_22_Sensor_tr_50000_1st_126448.csv,22,limiter.y,1000,0.8478913533564192
053_GHL_id_22_Sensor_tr_50000_1st_126448.csv,22,inj_valve_act,1,0.9986730926661994
053_GHL_id_22_Sensor_tr_50000_1st_126448.csv,22,inj_valve_act,10,0.9867306012561632
053_GHL_id_22_Sensor_tr_50000_1st_126448.csv,22,inj_valve_act,100,0.8672733986054855
053_GHL_id_22_Sensor_tr_50000_1st_126448.csv,22,inj_valve_act,1000,-0.10517516463368315
053_GHL_id_22_Sensor_tr_50000_1st_126448.csv,22,Relaxing.active,1,0.9884283513963212
053_GHL_id_22_Sensor_tr_50000_1st_126448.csv,22,Relaxing.active,10,0.8842139933319477
053_GHL_id_22_Sensor_tr_50000_1st_126448.csv,22,Relaxing.active,100,-0.11407395954408882
053_GHL_id_22_Sensor_tr_50000_1st_126448.csv,22,Relaxing.active,1000,0.09432633700732175
053_GHL_id_22_Sensor_tr_50000_1st_126448.csv,22,boundary.m_flow_in,1,0.9986730926661993
053_GHL_id_22_Sensor_tr_50000_1st_126448.csv,22,boundary.m_flow_in,10,0.9867306012561642
053_GHL_id_22_Sensor_tr_50000_1st_126448.csv,22,boundary.m_flow_in,100,0.8672733986054865
053_GHL_id_22_Sensor_tr_50000_1st_126448.csv,22,boundary.m_flow_in,1000,-0.10517516463368348
053_GHL_id_22_Sensor_tr_50000_1st_126448.csv,22,dir_valve_act,1,0.9523811940334582
053_GHL_id_22_Sensor_tr_50000_1st_126448.csv,22,dir_valve_act,10,0.5238093816346361
053_GHL_id_22_Sensor_tr_50000_1st_126448.csv,22,dir_valve_act,100,-0.029906503477740633
053_GHL_id_22_Sensor_tr_50000_1st_126448.csv,22,dir_valve_act,1000,0.015450567274753772
053_GHL_id_22_Sensor_tr_50000_1st_126448.csv,22,dt_rand,1,0.9987250154944359
053_GHL_id_22_Sensor_tr_50000_1st_126448.csv,22,dt_rand,10,0.9872492193590705
053_GHL_id_22_Sensor_tr_50000_1st_126448.csv,22,dt_rand,100,0.8725959991360049
053_GHL_id_22_Sensor_tr_50000_1st_126448.csv,22,dt_rand,1000,0.3578517985859292
053_GHL_id_22_Sensor_tr_50000_1st_126448.csv,22,C_level,1,0.9999999297048914
053_GHL_id_22_Sensor_tr_50000_1st_126448.csv,22,C_level,10,0.9999930655680751
053_GHL_id_22_Sensor_tr_50000_1st_126448.csv,22,C_level,100,0.9994023041921168
053_GHL_id_22_Sensor_tr_50000_1st_126448.csv,22,C_level,1000,0.9863490512118963
053_GHL_id_22_Sensor_tr_50000_1st_126448.csv,22,HT_temperature.T,1,0.999944426600792
053_GHL_id_22_Sensor_tr_50000_1st_126448.csv,22,HT_temperature.T,10,0.9967503458892658
053_GHL_id_22_Sensor_tr_50000_1st_126448.csv,22,HT_temperature.T,100,0.9106899639842267
053_GHL_id_22_Sensor_tr_50000_1st_126448.csv,22,HT_temperature.T,1000,0.26178700478266903
053_GHL_id_22_Sensor_tr_50000_1st_126448.csv,22,heater_act,1,0.994133559491765
053_GHL_id_22_Sensor_tr_50000_1st_126448.csv,22,heater_act,10,0.9413162394657526
053_GHL_id_22_Sensor_tr_50000_1st_126448.csv,22,heater_act,100,0.4116803660084688
053_GHL_id_22_Sensor_tr_50000_1st_126448.csv,22,heater_act,1000,0.07245550553657386
053_GHL_id_22_Sensor_tr_50000_1st_126448.csv,22,HT_level,1,0.9997190313706706
053_GHL_id_22_Sensor_tr_50000_1st_126448.csv,22,HT_level,10,0.9757088662551077
053_GHL_id_22_Sensor_tr_50000_1st_126448.csv,22,HT_level,100,0.405927349011709
053_GHL_id_22_Sensor_tr_50000_1st_126448.csv,22,HT_level,1000,0.06925417210039729
053_GHL_id_22_Sensor_tr_50000_1st_126448.csv,22,limiter1.y,1,0.9987250155769968
053_GHL_id_22_Sensor_tr_50000_1st_126448.csv,22,limiter1.y,10,0.9872492201840819
053_GHL_id_22_Sensor_tr_50000_1st_126448.csv,22,limiter1.y,100,0.8725960075041108
053_GHL_id_22_Sensor_tr_50000_1st_126448.csv,22,limiter1.y,1000,0.3578518325657046
053_GHL_id_22_Sensor_tr_50000_1st_126448.csv,22,dL_rand,1,0.9998544137166853
053_GHL_id_22_Sensor_tr_50000_1st_126448.csv,22,dL_rand,10,0.9985438395262799
053_GHL_id_22_Sensor_tr_50000_1st_126448.csv,22,dL_rand,100,0.9854084590161867
053_GHL_id_22_Sensor_tr_50000_1st_126448.csv,22,dL_rand,1000,0.8509073838311638
054_GHL_id_23_Sensor_tr_50000_1st_135001.csv,23,RT_level_ini,1,0.9997262564836376
054_GHL_id_23_Sensor_tr_50000_1st_135001.csv,23,RT_level_ini,10,0.9972591586588968
054_GHL_id_23_Sensor_tr_50000_1st_135001.csv,23,RT_level_ini,100,0.9722436376574749
054_GHL_id_23_Sensor_tr_50000_1st_135001.csv,23,RT_level_ini,1000,0.7188631953356346
054_GHL_id_23_Sensor_tr_50000_1st_135001.csv,23,RT_temperature.T,1,0.9999956537050563
054_GHL_id_23_Sensor_tr_50000_1st_135001.csv,23,RT_temperature.T,10,0.999618724609755
054_GHL_id_23_Sensor_tr_50000_1st_135001.csv,23,RT_temperature.T,100,0.9844945152622204
054_GHL_id_23_Sensor_tr_50000_1st_135001.csv,23,RT_temperature.T,1000,0.5887754946786878
054_GHL_id_23_Sensor_tr_50000_1st_135001.csv,23,C_temperature.T,1,0.9999991799437233
054_GHL_id_23_Sensor_tr_50000_1st_135001.csv,23,C_temperature.T,10,0.9999278775181899
054_GHL_id_23_Sensor_tr_50000_1st_135001.csv,23,C_temperature.T,100,0.9965896255151859
054_GHL_id_23_Sensor_tr_50000_1st_135001.csv,23,C_temperature.T,1000,0.9447491618551526
054_GHL_id_23_Sensor_tr_50000_1st_135001.csv,23,RT_level,1,0.9999533201461379
054_GHL_id_23_Sensor_tr_50000_1st_135001.csv,23,RT_level,10,0.9959203639113827
054_GHL_id_23_Sensor_tr_50000_1st_135001.csv,23,RT_level,100,0.8789370802391647
054_GHL_id_23_Sensor_tr_50000_1st_135001.csv,23,RT_level,1000,0.436716719045978
054_GHL_id_23_Sensor_tr_50000_1st_135001.csv,23,out_valve_act,1,0.9951671414055596
054_GHL_id_23_Sensor_tr_50000_1st_135001.csv,23,out_valve_act,10,0.9516711462434869
054_GHL_id_23_Sensor_tr_50000_1st_135001.csv,23,out_valve_act,100,0.5436121972639062
054_GHL_id_23_Sensor_tr_50000_1st_135001.csv,23,out_valve_act,1000,-0.03142694760772093
054_GHL_id_23_Sensor_tr_50000_1st_135001.csv,23,dT_rand,1,0.9998137725022429
054_GHL_id_23_Sensor_tr_50000_1st_135001.csv,23,dT_rand,10,0.9981372642233515
054_GHL_id_23_Sensor_tr_50000_1st_135001.csv,23,dT_rand,100,0.9813262905706649
054_GHL_id_23_Sensor_tr_50000_1st_135001.csv,23,dT_rand,1000,0.8083375899945272
054_GHL_id_23_Sensor_tr_50000_1st_135001.csv,23,inv_valve_act,1,0.9558371888860555
054_GHL_id_23_Sensor_tr_50000_1st_135001.csv,23,inv_valve_act,10,0.5583691533379148
054_GHL_id_23_Sensor_tr_50000_1st_135001.csv,23,inv_valve_act,100,-0.03447561000891473
054_GHL_id_23_Sensor_tr_50000_1st_135001.csv,23,inv_valve_act,1000,0.01155252119337099
054_GHL_id_23_Sensor_tr_50000_1st_135001.csv,23,limiter.y,1,0.9998396573629258
054_GHL_id_23_Sensor_tr_50000_1st_135001.csv,23,limiter.y,10,0.9983961980994497
054_GHL_id_23_Sensor_tr_50000_1st_135001.csv,23,limiter.y,100,0.9839242343461551
054_GHL_id_23_Sensor_tr_50000_1st_135001.csv,23,limiter.y,1000,0.8352628608935407
054_GHL_id_23_Sensor_tr_50000_1st_135001.csv,23,inj_valve_act,1,0.9986056916165151
054_GHL_id_23_Sensor_tr_50000_1st_135001.csv,23,inj_valve_act,10,0.9860565336018157
054_GHL_id_23_Sensor_tr_50000_1st_135001.csv,23,inj_valve_act,100,0.860526992191632
054_GHL_id_23_Sensor_tr_50000_1st_135001.csv,23,inj_valve_act,1000,-0.06501354204715319
054_GHL_id_23_Sensor_tr_50000_1st_135001.csv,23,Relaxing.active,1,0.9883188500959249
054_GHL_id_23_Sensor_tr_50000_1st_135001.csv,23,Relaxing.active,10,0.8831850310909616
054_GHL_id_23_Sensor_tr_50000_1st_135001.csv,23,Relaxing.active,100,-0.12471996701835072
054_GHL_id_23_Sensor_tr_50000_1st_135001.csv,23,Relaxing.active,1000,0.034125567732409906
054_GHL_id_23_Sensor_tr_50000_1st_135001.csv,23,boundary.m_flow_in,1,0.9986056916165154
054_GHL_id_23_Sensor_tr_50000_1st_135001.csv,23,boundary.m_flow_in,10,0.9860565336018158
054_GHL_id_23_Sensor_tr_50000_1st_135001.csv,23,boundary.m_flow_in,100,0.8605269921916343
054_GHL_id_23_Sensor_tr_50000_1st_135001.csv,23,boundary.m_flow_in,1000,-0.06501354204715336
054_GHL_id_23_Sensor_tr_50000_1st_135001.csv,23,dir_valve_act,1,0.9524776660364543
054_GHL_id_23_Sensor_tr_50000_1st_135001.csv,23,dir_valve_act,10,0.5247738976430715
054_GHL_id_23_Sensor_tr_50000_1st_135001.csv,23,dir_valve_act,100,-0.0323568354849389
054_GHL_id_23_Sensor_tr_50000_1st_135001.csv,23,dir_valve_act,1000,0.010981746125096762
054_GHL_id_23_Sensor_tr_50000_1st_135001.csv,23,dt_rand,1,0.998672949869661
054_GHL_id_23_Sensor_tr_50000_1st_135001.csv,23,dt_rand,10,0.9867293316365829
054_GHL_id_23_Sensor_tr_50000_1st_135001.csv,23,dt_rand,100,0.8672765736981317
054_GHL_id_23_Sensor_tr_50000_1st_135001.csv,23,dt_rand,1000,0.12683329344889135
054_GHL_id_23_Sensor_tr_50000_1st_135001.csv,23,C_level,1,0.9999999234221036
054_GHL_id_23_Sensor_tr_50000_1st_135001.csv,23,C_level,10,0.9999924488267254
054_GHL_id_23_Sensor_tr_50000_1st_135001.csv,23,C_level,100,0.9993517330745493
054_GHL_id_23_Sensor_tr_50000_1st_135001.csv,23,C_level,1000,0.9844278795902164
054_GHL_id_23_Sensor_tr_50000_1st_135001.csv,23,HT_temperature.T,1,0.9999560016065313
054_GHL_id_23_Sensor_tr_50000_1st_135001.csv,23,HT_temperature.T,10,0.9973439033476931
054_GHL_id_23_Sensor_tr_50000_1st_135001.csv,23,HT_temperature.T,100,0.9218303450892982
054_GHL_id_23_Sensor_tr_50000_1st_135001.csv,23,HT_temperature.T,1000,0.22466725337335408
054_GHL_id_23_Sensor_tr_50000_1st_135001.csv,23,heater_act,1,0.9939561371588949
054_GHL_id_23_Sensor_tr_50000_1st_135001.csv,23,heater_act,10,0.9395493359939215
054_GHL_id_23_Sensor_tr_50000_1st_135001.csv,23,heater_act,100,0.3942844844745899
054_GHL_id_23_Sensor_tr_50000_1st_135001.csv,23,heater_act,1000,0.05404767383195769
054_GHL_id_23_Sensor_tr_50000_1st_135001.csv,23,HT_level,1,0.9997123603093514
054_GHL_id_23_Sensor_tr_50000_1st_135001.csv,23,HT_level,10,0.9751226426869722
054_GHL_id_23_Sensor_tr_50000_1st_135001.csv,23,HT_level,100,0.3910274208819305
054_GHL_id_23_Sensor_tr_50000_1st_135001.csv,23,HT_level,1000,0.054918846170436776
054_GHL_id_23_Sensor_tr_50000_1st_135001.csv,23,limiter1.y,1,0.998672949845781
054_GHL_id_23_Sensor_tr_50000_1st_135001.csv,23,limiter1.y,10,0.9867293313976767
054_GHL_id_23_Sensor_tr_50000_1st_135001.csv,23,limiter1.y,100,0.867276571294711
054_GHL_id_23_Sensor_tr_50000_1st_135001.csv,23,limiter1.y,1000,0.126833282365903
054_GHL_id_23_Sensor_tr_50000_1st_135001.csv,23,dL_rand,1,0.9998137725022429
054_GHL_id_23_Sensor_tr_50000_1st_135001.csv,23,dL_rand,10,0.9981372642233515
054_GHL_id_23_Sensor_tr_50000_1st_135001.csv,23,dL_rand,100,0.9813262905706649
054_GHL_id_23_Sensor_tr_50000_1st_135001.csv,23,dL_rand,1000,0.8083375899945272
055_GHL_id_24_Sensor_tr_50000_1st_118124.csv,24,RT_level_ini,1,0.9996072099256604
055_GHL_id_24_Sensor_tr_50000_1st_118124.csv,24,RT_level_ini,10,0.9960639314122289
055_GHL_id_24_Sensor_tr_50000_1st_118124.csv,24,RT_level_ini,100,0.9597936961830185
055_GHL_id_24_Sensor_tr_50000_1st_118124.csv,24,RT_level_ini,1000,0.5423692908694241
055_GHL_id_24_Sensor_tr_50000_1st_118124.csv,24,RT_temperature.T,1,0.9999963107608048
055_GHL_id_24_Sensor_tr_50000_1st_118124.csv,24,RT_temperature.T,10,0.9996709123061497
055_GHL_id_24_Sensor_tr_50000_1st_118124.csv,24,RT_temperature.T,100,0.9861847812994388
055_GHL_id_24_Sensor_tr_50000_1st_118124.csv,24,RT_temperature.T,1000,0.5924901090370085
055_GHL_id_24_Sensor_tr_50000_1st_118124.csv,24,C_temperature.T,1,0.999999168839617
055_GHL_id_24_Sensor_tr_50000_1st_118124.csv,24,C_temperature.T,10,0.9999272395641462
055_GHL_id_24_Sensor_tr_50000_1st_118124.csv,24,C_temperature.T,100,0.9965591823160939
055_GHL_id_24_Sensor_tr_50000_1st_118124.csv,24,C_temperature.T,1000,0.944193340279136
055_GHL_id_24_Sensor_tr_50000_1st_118124.csv,24,RT_level,1,0.9999310356991067
055_GHL_id_24_Sensor_tr_50000_1st_118124.csv,24,RT_level,10,0.9939737360027692
055_GHL_id_24_Sensor_tr_50000_1st_118124.csv,24,RT_level,100,0.8214350625023497
055_GHL_id_24_Sensor_tr_50000_1st_118124.csv,24,RT_level,1000,0.28750004953424446
055_GHL_id_24_Sensor_tr_50000_1st_118124.csv,24,out_valve_act,1,0.9954551317542757
055_GHL_id_24_Sensor_tr_50000_1st_118124.csv,24,out_valve_act,10,0.9545510892714705
055_GHL_id_24_Sensor_tr_50000_1st_118124.csv,24,out_valve_act,100,0.5454880190323003
055_GHL_id_24_Sensor_tr_50000_1st_118124.csv,24,out_valve_act,1000,-0.02848267321537287
055_GHL_id_24_Sensor_tr_50000_1st_118124.csv,24,dT_rand,1,0.999730062724789
055_GHL_id_24_Sensor_tr_50000_1st_118124.csv,24,dT_rand,10,0.997299187592517
055_GHL_id_24_Sensor_tr_50000_1st_118124.csv,24,dT_rand,100,0.9728462115394211
055_GHL_id_24_Sensor_tr_50000_1st_118124.csv,24,dT_rand,1000,0.711940048535681
055_GHL_id_24_Sensor_tr_50000_1st_118124.csv,24,inv_valve_act,1,0.9558324822016504
055_GHL_id_24_Sensor_tr_50000_1st_118124.csv,24,inv_valve_act,10,0.5583222509383352
055_GHL_id_24_Sensor_tr_50000_1st_118124.csv,24,inv_valve_act,100,-0.03239955310961208
055_GHL_id_24_Sensor_tr_50000_1st_118124.csv,24,inv_valve_act,1000,0.029652601657550615
055_GHL_id_24_Sensor_tr_50000_1st_118124.csv,24,limiter.y,1,0.9997731116795933
055_GHL_id_24_Sensor_tr_50000_1st_118124.csv,24,limiter.y,10,0.9977305017783408
055_GHL_id_24_Sensor_tr_50000_1st_118124.csv,24,limiter.y,100,0.9772431192151823
055_GHL_id_24_Sensor_tr_50000_1st_118124.csv,24,limiter.y,1000,0.7658148717458805
055_GHL_id_24_Sensor_tr_50000_1st_118124.csv,24,inj_valve_act,1,0.998685385696395
055_GHL_id_24_Sensor_tr_50000_1st_118124.csv,24,inj_valve_act,10,0.9868535305945669
055_GHL_id_24_Sensor_tr_50000_1st_118124.csv,24,inj_valve_act,100,0.8685025953081458
055_GHL_id_24_Sensor_tr_50000_1st_118124.csv,24,inj_valve_act,1000,-0.07752043514049804
055_GHL_id_24_Sensor_tr_50000_1st_118124.csv,24,Relaxing.active,1,0.9883629157405448
055_GHL_id_24_Sensor_tr_50000_1st_118124.csv,24,Relaxing.active,10,0.8836259494456378
055_GHL_id_24_Sensor_tr_50000_1st_118124.csv,24,Relaxing.active,100,-0.11193985494484185
055_GHL_id_24_Sensor_tr_50000_1st_118124.csv,24,Relaxing.active,1000,0.06036836943569084
055_GHL_id_24_Sensor_tr_50000_1st_118124.csv,24,boundary.m_flow_in,1,0.9986853856963948
055_GHL_id_24_Sensor_tr_50000_1st_118124.csv,24,boundary.m_flow_in,10,0.9868535305945672
055_GHL_id_24_Sensor_tr_50000_1st_118124.csv,24,boundary.m_flow_in,100,0.8685025953081458
055_GHL_id_24_Sensor_tr_50000_1st_118124.csv,24,boundary.m_flow_in,1000,-0.07752043514049829
055_GHL_id_24_Sensor_tr_50000_1st_118124.csv,24,dir_valve_act,1,0.9524030660654178
055_GHL_id_24_Sensor_tr_50000_1st_118124.csv,24,dir_valve_act,10,0.5240280613022127
055_GHL_id_24_Sensor_tr_50000_1st_118124.csv,24,dir_valve_act,100,-0.03039563888659458
055_GHL_id_24_Sensor_tr_50000_1st_118124.csv,24,dir_valve_act,1000,0.02135766777179223
055_GHL_id_24_Sensor_tr_50000_1st_118124.csv,24,dt_rand,1,0.9988257326749502
055_GHL_id_24_Sensor_tr_50000_1st_118124.csv,24,dt_rand,10,0.9882572553216344
055_GHL_id_24_Sensor_tr_50000_1st_118124.csv,24,dt_rand,100,0.8825653957773755
055_GHL_id_24_Sensor_tr_50000_1st_118124.csv,24,dt_rand,1000,0.2742777323233513
055_GHL_id_24_Sensor_tr_50000_1st_118124.csv,24,C_level,1,0.9999999161860517
055_GHL_id_24_Sensor_tr_50000_1st_118124.csv,24,C_level,10,0.9999917304107191
055_GHL_id_24_Sensor_tr_50000_1st_118124.csv,24,C_level,100,0.9992838875394249
055_GHL_id_24_Sensor_tr_50000_1st_118124.csv,24,C_level,1000,0.9831069975870538
055_GHL_id_24_Sensor_tr_50000_1st_118124.csv,24,HT_temperature.T,1,0.999946512179337
055_GHL_id_24_Sensor_tr_50000_1st_118124.csv,24,HT_temperature.T,10,0.9968377107260467
055_GHL_id_24_Sensor_tr_50000_1st_118124.csv,24,HT_temperature.T,100,0.9123582131631863
055_GHL_id_24_Sensor_tr_50000_1st_118124.csv,24,HT_temperature.T,1000,0.2746943079834998
055_GHL_id_24_Sensor_tr_50000_1st_118124.csv,24,heater_act,1,0.9941105655489257
055_GHL_id_24_Sensor_tr_50000_1st_118124.csv,24,heater_act,10,0.9410932128928687
055_GHL_id_24_Sensor_tr_50000_1st_118124.csv,24,heater_act,100,0.40968205533728164
055_GHL_id_24_Sensor_tr_50000_1st_118124.csv,24,heater_act,1000,0.05037014986187295
055_GHL_id_24_Sensor_tr_50000_1st_118124.csv,24,HT_level,1,0.9997180697376591
055_GHL_id_24_Sensor_tr_50000_1st_118124.csv,24,HT_level,10,0.9756237571123737
055_GHL_id_24_Sensor_tr_50000_1st_118124.csv,24,HT_level,100,0.404654696135712
055_GHL_id_24_Sensor_tr_50000_1st_118124.csv,24,HT_level,1000,0.05020545870131111
055_GHL_id_24_Sensor_tr_50000_1st_118124.csv,24,limiter1.y,1,0.9988257327359729
055_GHL_id_24_Sensor_tr_50000_1st_118124.csv,24,limiter1.y,10,0.9882572559318009
055_GHL_id_24_Sensor_tr_50000_1st_118124.csv,24,limiter1.y,100,0.882565401871558
055_GHL_id_24_Sensor_tr_50000_1st_118124.csv,24,limiter1.y,1000,0.27427775124633685
055_GHL_id_24_Sensor_tr_50000_1st_118124.csv,24,dL_rand,1,0.999730062724789
055_GHL_id_24_Sensor_tr_50000_1st_118124.csv,24,dL_rand,10,0.997299187592517
055_GHL_id_24_Sensor_tr_50000_1st_118124.csv,24,dL_rand,100,0.9728462115394211
055_GHL_id_24_Sensor_tr_50000_1st_118124.csv,24,dL_rand,1000,0.711940048535681
056_GHL_id_25_Sensor_tr_50000_1st_105568.csv,25,RT_level_ini,1,0.9996452729565743
056_GHL_id_25_Sensor_tr_50000_1st_105568.csv,25,RT_level_ini,10,0.9964475922961377
056_GHL_id_25_Sensor_tr_50000_1st_105568.csv,25,RT_level_ini,100,0.9639433374887131
056_GHL_id_25_Sensor_tr_50000_1st_105568.csv,25,RT_level_ini,1000,0.5651349265905127
056_GHL_id_25_Sensor_tr_50000_1st_105568.csv,25,RT_temperature.T,1,0.9999965589410182
056_GHL_id_25_Sensor_tr_50000_1st_105568.csv,25,RT_temperature.T,10,0.9996931376751943
056_GHL_id_25_Sensor_tr_50000_1st_105568.csv,25,RT_temperature.T,100,0.9872911904162398
056_GHL_id_25_Sensor_tr_50000_1st_105568.csv,25,RT_temperature.T,1000,0.6114003867923381
056_GHL_id_25_Sensor_tr_50000_1st_105568.csv,25,C_temperature.T,1,0.999999168840229
056_GHL_id_25_Sensor_tr_50000_1st_105568.csv,25,C_temperature.T,10,0.999927782316466
056_GHL_id_25_Sensor_tr_50000_1st_105568.csv,25,C_temperature.T,100,0.9965865857651778
056_GHL_id_25_Sensor_tr_50000_1st_105568.csv,25,C_temperature.T,1000,0.9446309025983711
056_GHL_id_25_Sensor_tr_50000_1st_105568.csv,25,RT_level,1,0.9999130221447639
056_GHL_id_25_Sensor_tr_50000_1st_105568.csv,25,RT_level,10,0.9924003921178497
056_GHL_id_25_Sensor_tr_50000_1st_105568.csv,25,RT_level,100,0.7744803889381653
056_GHL_id_25_Sensor_tr_50000_1st_105568.csv,25,RT_level,1000,0.15487629956769966
056_GHL_id_25_Sensor_tr_50000_1st_105568.csv,25,out_valve_act,1,0.9954745802996576
056_GHL_id_25_Sensor_tr_50000_1st_105568.csv,25,out_valve_act,10,0.9547455746689644
056_GHL_id_25_Sensor_tr_50000_1st_105568.csv,25,out_valve_act,100,0.547432867356971
056_GHL_id_25_Sensor_tr_50000_1st_105568.csv,25,out_valve_act,1000,-0.028612213195625395
056_GHL_id_25_Sensor_tr_50000_1st_105568.csv,25,dT_rand,1,0.9998942438891241
056_GHL_id_25_Sensor_tr_50000_1st_105568.csv,25,dT_rand,10,0.9989423737982308
056_GHL_id_25_Sensor_tr_50000_1st_105568.csv,25,dT_rand,100,0.9894172113238008
056_GHL_id_25_Sensor_tr_50000_1st_105568.csv,25,dT_rand,1000,0.8935016085883879
056_GHL_id_25_Sensor_tr_50000_1st_105568.csv,25,inv_valve_act,1,0.955935211541784
056_GHL_id_25_Sensor_tr_50000_1st_105568.csv,25,inv_valve_act,10,0.5593495029453283
056_GHL_id_25_Sensor_tr_50000_1st_105568.csv,25,inv_valve_act,100,-0.03299797126650945
056_GHL_id_25_Sensor_tr_50000_1st_105568.csv,25,inv_valve_act,1000,0.0163059793001973
056_GHL_id_25_Sensor_tr_50000_1st_105568.csv,25,limiter.y,1,0.9998942439576849
056_GHL_id_25_Sensor_tr_50000_1st_105568.csv,25,limiter.y,10,0.9989423744839477
056_GHL_id_25_Sensor_tr_50000_1st_105568.csv,25,limiter.y,100,0.9894172181852325
056_GHL_id_25_Sensor_tr_50000_1st_105568.csv,25,limiter.y,1000,0.8935016776503262
056_GHL_id_25_Sensor_tr_50000_1st_105568.csv,25,inj_valve_act,1,0.998756780318305
056_GHL_id_25_Sensor_tr_50000_1st_105568.csv,25,inj_valve_act,10,0.9875674706666212
056_GHL_id_25_Sensor_tr_50000_1st_105568.csv,25,inj_valve_act,100,0.8756413792305989
056_GHL_id_25_Sensor_tr_50000_1st_105568.csv,25,inj_valve_act,1000,-0.09367621788389069
056_GHL_id_25_Sensor_tr_50000_1st_105568.csv,25,Relaxing.active,1,0.9884043282869885
056_GHL_id_25_Sensor_tr_50000_1st_105568.csv,25,Relaxing.active,10,0.8840400049906877
056_GHL_id_25_Sensor_tr_50000_1st_105568.csv,25,Relaxing.active,100,-0.11898983806311908
056_GHL_id_25_Sensor_tr_50000_1st_105568.csv,25,Relaxing.active,1000,0.0635507902444512
056_GHL_id_25_Sensor_tr_50000_1st_105568.csv,25,boundary.m_flow_in,1,0.9987567803183051
056_GHL_id_25_Sensor_tr_50000_1st_105568.csv,25,boundary.m_flow_in,10,0.9875674706666225
056_GHL_id_25_Sensor_tr_50000_1st_105568.csv,25,boundary.m_flow_in,100,0.8756413792305964
056_GHL_id_25_Sensor_tr_50000_1st_105568.csv,25,boundary.m_flow_in,1000,-0.09367621788388987
056_GHL_id_25_Sensor_tr_50000_1st_105568.csv,25,dir_valve_act,1,0.9524235907585736
056_GHL_id_25_Sensor_tr_50000_1st_105568.csv,25,dir_valve_act,10,0.5242332675057718
056_GHL_id_25_Sensor_tr_50000_1st_105568.csv,25,dir_valve_act,100,-0.030885239128189093
056_GHL_id_25_Sensor_tr_50000_1st_105568.csv,25,dir_valve_act,1000,0.00745609159102845
056_GHL_id_25_Sensor_tr_50000_1st_105568.csv,25,dt_rand,1,0.9989036057949847
056_GHL_id_25_Sensor_tr_50000_1st_105568.csv,25,dt_rand,10,0.9890324027567272
056_GHL_id_25_Sensor_tr_50000_1st_105568.csv,25,dt_rand,100,0.8899557047310502
056_GHL_id_25_Sensor_tr_50000_1st_105568.csv,25,dt_rand,1000,0.2090217370163861
056_GHL_id_25_Sensor_tr_50000_1st_105568.csv,25,C_level,1,0.9999999232991191
056_GHL_id_25_Sensor_tr_50000_1st_105568.csv,25,C_level,10,0.9999924302321317
056_GHL_id_25_Sensor_tr_50000_1st_105568.csv,25,C_level,100,0.9993443394389299
056_GHL_id_25_Sensor_tr_50000_1st_105568.csv,25,C_level,1000,0.9847106221985776
056_GHL_id_25_Sensor_tr_50000_1st_105568.csv,25,HT_temperature.T,1,0.9999499349930426
056_GHL_id_25_Sensor_tr_50000_1st_105568.csv,25,HT_temperature.T,10,0.9970208327252936
056_GHL_id_25_Sensor_tr_50000_1st_105568.csv,25,HT_temperature.T,100,0.9164268696625331
056_GHL_id_25_Sensor_tr_50000_1st_105568.csv,25,HT_temperature.T,1000,0.28350724566208146
056_GHL_id_25_Sensor_tr_50000_1st_105568.csv,25,heater_act,1,0.9941099862075088
056_GHL_id_25_Sensor_tr_50000_1st_105568.csv,25,heater_act,10,0.9410877514351045
056_GHL_id_25_Sensor_tr_50000_1st_105568.csv,25,heater_act,100,0.4096609346138439
056_GHL_id_25_Sensor_tr_50000_1st_105568.csv,25,heater_act,1000,0.08752527014924603
056_GHL_id_25_Sensor_tr_50000_1st_105568.csv,25,HT_level,1,0.9997189677423419
056_GHL_id_25_Sensor_tr_50000_1st_105568.csv,25,HT_level,10,0.975701534591333
056_GHL_id_25_Sensor_tr_50000_1st_105568.csv,25,HT_level,100,0.405192013726773
056_GHL_id_25_Sensor_tr_50000_1st_105568.csv,25,HT_level,1000,0.08549594882164147
056_GHL_id_25_Sensor_tr_50000_1st_105568.csv,25,limiter1.y,1,0.9989036058134674
056_GHL_id_25_Sensor_tr_50000_1st_105568.csv,25,limiter1.y,10,0.9890324029415308
056_GHL_id_25_Sensor_tr_50000_1st_105568.csv,25,limiter1.y,100,0.8899557065767396
056_GHL_id_25_Sensor_tr_50000_1st_105568.csv,25,limiter1.y,1000,0.20902176661978178
056_GHL_id_25_Sensor_tr_50000_1st_105568.csv,25,dL_rand,1,0.9998942438891241
056_GHL_id_25_Sensor_tr_50000_1st_105568.csv,25,dL_rand,10,0.9989423737982308
056_GHL_id_25_Sensor_tr_50000_1st_105568.csv,25,dL_rand,100,0.9894172113238008
056_GHL_id_25_Sensor_tr_50000_1st_105568.csv,25,dL_rand,1000,0.8935016085883879
