source_file,series_id,event_number,start_index_0based,end_index_0based,n_points,feature,pre_window_points,post_window_points,pre_mean,during_mean,post_mean,global_train_std,during_vs_pre_train_sd,post_vs_pre_train_sd
032_GHL_id_1_Sensor_tr_50000_1st_65001.csv,1,1,65001,66059,1059,RT_level_ini,1059,1059,2.3832132816299993,2.3832132816299993,2.3832132816299993,0.47634846683472576,0.0,0.0
032_GHL_id_1_Sensor_tr_50000_1st_65001.csv,1,1,65001,66059,1059,RT_temperature.T,1059,1059,300.7107203325854,302.9118347169999,313.83752435652127,13.63812326727883,0.16139422861028857,0.9625080934288252
032_GHL_id_1_Sensor_tr_50000_1st_65001.csv,1,1,65001,66059,1059,C_temperature.T,1059,1059,329.3695983890001,329.3695983890001,329.3695983890001,20.717635891627737,0.0,0.0
032_GHL_id_1_Sensor_tr_50000_1st_65001.csv,1,1,65001,66059,1059,RT_level,1059,1059,1.9345472770763175,1.8832132816299998,1.9937303974661849,0.4901865615842382,-0.10472338384881644,0.12073590960672802
032_GHL_id_1_Sensor_tr_50000_1st_65001.csv,1,1,65001,66059,1059,out_valve_act,1059,1059,0.0,0.0,0.0,0.15814944671648998,0.0,0.0
032_GHL_id_1_Sensor_tr_50000_1st_65001.csv,1,1,65001,66059,1059,dT_rand,1059,1059,0.266426593065,0.266426593065,0.266426593065,0.9328480964046898,0.0,0.0
032_GHL_id_1_Sensor_tr_50000_1st_65001.csv,1,1,65001,66059,1059,inv_valve_act,1059,1059,0.0226628895184136,0.0,0.04343720491029273,0.17444244614388257,-0.12991614150905068,0.11908979638329645
032_GHL_id_1_Sensor_tr_50000_1st_65001.csv,1,1,65001,66059,1059,limiter.y,1059,1059,285.66427612300004,285.66427612300004,285.66427612300004,8.303377625378504,0.0,0.0
032_GHL_id_1_Sensor_tr_50000_1st_65001.csv,1,1,65001,66059,1059,inj_valve_act,1059,1059,0.0,0.0,0.0,0.32651863396259256,0.0,0.0
032_GHL_id_1_Sensor_tr_50000_1st_65001.csv,1,1,65001,66059,1059,Relaxing.active,1059,1059,0.08120868744098206,0.0,0.18885741265344666,0.34087857818653733,-0.23823347267232095,0.31579785912377434
032_GHL_id_1_Sensor_tr_50000_1st_65001.csv,1,1,65001,66059,1059,boundary.m_flow_in,1059,1059,0.0,0.0,0.0,6.530372679251851,0.0,0.0
032_GHL_id_1_Sensor_tr_50000_1st_65001.csv,1,1,65001,66059,1059,dir_valve_act,1059,1059,0.02077431539187913,0.0,0.02077431539187913,0.1690504614004931,-0.1228882501696534,0.0
032_GHL_id_1_Sensor_tr_50000_1st_65001.csv,1,1,65001,66059,1059,dt_rand,1059,1059,-1.0223230734003848,-1.3850520849200003,0.3846344190512728,0.9750823424770573,-0.3719983387230194,1.4429114662024165
032_GHL_id_1_Sensor_tr_50000_1st_65001.csv,1,1,65001,66059,1059,C_level,1059,1059,0.5676766633990001,0.5676766633990001,0.5676766633990001,0.13583416287808137,0.0,0.0
032_GHL_id_1_Sensor_tr_50000_1st_65001.csv,1,1,65001,66059,1059,HT_temperature.T,1059,1059,321.9830034668395,341.04607926639653,332.9379306753493,10.974896846555696,1.7369708404630437,0.9981804259005751
032_GHL_id_1_Sensor_tr_50000_1st_65001.csv,1,1,65001,66059,1059,heater_act,1059,1059,0.8753541076487252,1.0,0.7469310670443815,0.47894950900500205,0.260248502206885,-0.26813482045557857
032_GHL_id_1_Sensor_tr_50000_1st_65001.csv,1,1,65001,66059,1059,HT_level,1059,1059,0.5486660266086941,0.600000023842,0.4894829038619396,0.22889864178067842,0.224265189316816,-0.25855602412644035
032_GHL_id_1_Sensor_tr_50000_1st_65001.csv,1,1,65001,66059,1059,limiter1.y,1059,1059,89.77677171835892,86.14948272709998,103.84634551397944,9.750823515041322,-0.3719982200132729,1.4429113370698623
032_GHL_id_1_Sensor_tr_50000_1st_65001.csv,1,1,65001,66059,1059,dL_rand,1059,1059,0.266426593065,0.266426593065,0.266426593065,0.9328480964046898,0.0,0.0
032_GHL_id_1_Sensor_tr_50000_1st_65001.csv,1,2,66210,67000,791,RT_level_ini,791,791,2.3832132816299993,2.3832132816299993,2.3832132816299993,0.47634846683472576,0.0,0.0
032_GHL_id_1_Sensor_tr_50000_1st_65001.csv,1,2,66210,67000,791,RT_temperature.T,791,791,304.75367908511885,313.37103271500007,319.7745913810758,13.63812326727883,0.6318577315220744,1.1013914452581457
032_GHL_id_1_Sensor_tr_50000_1st_65001.csv,1,2,66210,67000,791,C_temperature.T,791,791,329.36959838900003,329.36959838900003,329.36959838900003,20.717635891627737,0.0,0.0
032_GHL_id_1_Sensor_tr_50000_1st_65001.csv,1,2,66210,67000,791,RT_level,791,791,1.9636702041696583,1.8832132816299998,2.028068115375322,0.4901865615842382,-0.16413530856421094,0.13137428940837437
032_GHL_id_1_Sensor_tr_50000_1st_65001.csv,1,2,66210,67000,791,out_valve_act,791,791,0.0,0.0,0.0,0.15814944671648998,0.0,0.0
032_GHL_id_1_Sensor_tr_50000_1st_65001.csv,1,2,66210,67000,791,dT_rand,791,791,0.26642659306499994,0.26642659306499994,0.26642659306499994,0.9328480964046898,0.0,0.0
032_GHL_id_1_Sensor_tr_50000_1st_65001.csv,1,2,66210,67000,791,inv_valve_act,791,791,0.029077117572692796,0.0,0.05941845764854614,0.17444244614388257,-0.16668602290012363,0.1739332412870855
032_GHL_id_1_Sensor_tr_50000_1st_65001.csv,1,2,66210,67000,791,limiter.y,791,791,285.664276123,285.664276123,285.664276123,8.303377625378504,0.0,0.0
032_GHL_id_1_Sensor_tr_50000_1st_65001.csv,1,2,66210,67000,791,inj_valve_act,791,791,0.0,0.0,0.0,0.32651863396259256,0.0,0.0
032_GHL_id_1_Sensor_tr_50000_1st_65001.csv,1,2,66210,67000,791,Relaxing.active,791,791,0.13274336283185842,0.0,0.23261694058154236,0.34087857818653733,-0.3894153852026979,0.29298871839060125
032_GHL_id_1_Sensor_tr_50000_1st_65001.csv,1,2,66210,67000,791,boundary.m_flow_in,791,791,0.0,0.0,0.0,6.530372679251851,0.0,0.0
032_GHL_id_1_Sensor_tr_50000_1st_65001.csv,1,2,66210,67000,791,dir_valve_act,791,791,0.02781289506953224,0.0,0.05562579013906448,0.1690504614004931,-0.16452421862157138,0.16452421862157138
032_GHL_id_1_Sensor_tr_50000_1st_65001.csv,1,2,66210,67000,791,dt_rand,791,791,-1.0332635593603288,0.4700460731979999,-0.6053528440590519,0.9750823424770573,1.541725828753483,0.4388457227255607
032_GHL_id_1_Sensor_tr_50000_1st_65001.csv,1,2,66210,67000,791,C_level,791,791,0.5676766633990001,0.5676766633990001,0.5676766633990001,0.13583416287808137,0.0,0.0
032_GHL_id_1_Sensor_tr_50000_1st_65001.csv,1,2,66210,67000,791,HT_temperature.T,791,791,345.98699557645637,329.88062950933625,328.77137044527433,10.974896846555696,-1.467564232476122,-1.5686366233669793
032_GHL_id_1_Sensor_tr_50000_1st_65001.csv,1,2,66210,67000,791,heater_act,791,791,0.8103666245259166,1.0,0.6523388116308471,0.47894950900500205,0.39593604734670046,-0.32994670612225035
032_GHL_id_1_Sensor_tr_50000_1st_65001.csv,1,2,66210,67000,791,HT_level,791,791,0.5195430979585802,0.600000023842,0.45514518443581414,0.22889864178067842,0.35149586409739564,-0.2813381198848248
032_GHL_id_1_Sensor_tr_50000_1st_65001.csv,1,2,66210,67000,791,limiter1.y,791,791,89.66736760963475,104.70046234100002,93.94647097192987,9.750823515041322,1.5417256509848296,0.4388453299041157
032_GHL_id_1_Sensor_tr_50000_1st_65001.csv,1,2,66210,67000,791,dL_rand,791,791,0.26642659306499994,0.26642659306499994,0.26642659306499994,0.9328480964046898,0.0,0.0
033_GHL_id_2_Sensor_tr_50000_1st_51001.csv,2,1,51001,52519,1519,RT_level_ini,1519,1519,1.8176137208900003,1.8176137208900003,1.8176137208900003,0.47634846683472576,0.0,0.0
033_GHL_id_2_Sensor_tr_50000_1st_51001.csv,2,1,51001,52519,1519,RT_temperature.T,1519,1519,299.61846724916654,310.231170654,325.33296104177293,13.63812326727883,0.7781645023179906,1.8854862423997667
033_GHL_id_2_Sensor_tr_50000_1st_51001.csv,2,1,51001,52519,1519,C_temperature.T,1519,1519,329.120574951,329.120574951,329.120574951,20.717635891627737,0.0,0.0
033_GHL_id_2_Sensor_tr_50000_1st_51001.csv,2,1,51001,52519,1519,RT_level,1519,1519,1.396441371834345,1.31761372089,1.4736962963481894,0.4901865615842382,-0.16081152998070997,0.15760310577296055
033_GHL_id_2_Sensor_tr_50000_1st_51001.csv,2,1,51001,52519,1519,out_valve_act,1519,1519,0.0,0.0,0.0,0.15814944671648998,0.0,0.0
033_GHL_id_2_Sensor_tr_50000_1st_51001.csv,2,1,51001,52519,1519,dT_rand,1519,1519,-0.8647724986079999,-0.8647724986079999,-0.8647724986079999,0.9328480964046898,0.0,0.0
033_GHL_id_2_Sensor_tr_50000_1st_51001.csv,2,1,51001,52519,1519,inv_valve_act,1519,1519,0.031599736668861095,0.0,0.065174456879526,0.17444244614388257,-0.18114706235429184,0.19246875375143505
033_GHL_id_2_Sensor_tr_50000_1st_51001.csv,2,1,51001,52519,1519,limiter.y,1519,1519,274.352264404,274.352264404,274.352264404,8.303377625378504,0.0,0.0
033_GHL_id_2_Sensor_tr_50000_1st_51001.csv,2,1,51001,52519,1519,inj_valve_act,1519,1519,0.0,0.0,0.0,0.32651863396259256,0.0,0.0
033_GHL_id_2_Sensor_tr_50000_1st_51001.csv,2,1,51001,52519,1519,Relaxing.active,1519,1519,0.12771560236998025,0.0,0.25279789335088876,0.34087857818653733,-0.37466596771619676,0.3669408962168938
033_GHL_id_2_Sensor_tr_50000_1st_51001.csv,2,1,51001,52519,1519,boundary.m_flow_in,1519,1519,0.0,0.0,0.0,6.530372679251851,0.0,0.0
033_GHL_id_2_Sensor_tr_50000_1st_51001.csv,2,1,51001,52519,1519,dir_valve_act,1519,1519,0.028308097432521395,0.0,0.05595786701777485,0.1690504614004931,-0.16745353545919883,0.16355926719270586
033_GHL_id_2_Sensor_tr_50000_1st_51001.csv,2,1,51001,52519,1519,dt_rand,1519,1519,-0.20842132450033446,-0.4574114084240001,-0.3346721777554352,0.9750823424770573,-0.25535287952311997,-0.12947711978290827
033_GHL_id_2_Sensor_tr_50000_1st_51001.csv,2,1,51001,52519,1519,C_level,1519,1519,0.3915079236030001,0.3915079236030001,0.3915079236030001,0.13583416287808137,0.0,0.0
033_GHL_id_2_Sensor_tr_50000_1st_51001.csv,2,1,51001,52519,1519,HT_temperature.T,1519,1519,323.39375470922124,334.8714012964687,331.8405576684476,10.974896846555696,1.0458090629662329,0.7696475946265751
033_GHL_id_2_Sensor_tr_50000_1st_51001.csv,2,1,51001,52519,1519,heater_act,1519,1519,0.8123765635286373,1.0,0.6260697827518104,0.47894950900500205,0.3917394901628414,-0.3889904411090673
033_GHL_id_2_Sensor_tr_50000_1st_51001.csv,2,1,51001,52519,1519,HT_level,1519,1519,0.5211723707690888,0.600000023842,0.4439174443376037,0.22889864178067842,0.34437798520639845,-0.33750714215905103
033_GHL_id_2_Sensor_tr_50000_1st_51001.csv,2,1,51001,52519,1519,limiter1.y,1519,1519,97.91578808921982,95.42588806149999,96.6532774895398,9.750823515041322,-0.2553527939336594,-0.1294773305795662
033_GHL_id_2_Sensor_tr_50000_1st_51001.csv,2,1,51001,52519,1519,dL_rand,1519,1519,-0.8647724986079999,-0.8647724986079999,-0.8647724986079999,0.9328480964046898,0.0,0.0
033_GHL_id_2_Sensor_tr_50000_1st_51001.csv,2,2,52673,53000,328,RT_level_ini,328,328,1.81761372089,1.81761372089,1.81761372089,0.47634846683472576,0.0,0.0
033_GHL_id_2_Sensor_tr_50000_1st_51001.csv,2,2,52673,53000,328,RT_temperature.T,328,328,315.3079275735244,321.93499755899995,325.2446735662714,13.63812326727883,0.4859224290321157,0.7286006877931398
033_GHL_id_2_Sensor_tr_50000_1st_51001.csv,2,2,52673,53000,328,C_temperature.T,328,328,329.120574951,329.120574951,329.120574951,20.717635891627737,0.0,0.0
033_GHL_id_2_Sensor_tr_50000_1st_51001.csv,2,2,52673,53000,328,RT_level,328,328,1.5166889574435976,1.31761372089,1.4815971814970732,0.4901865615842382,-0.40612136715907615,-0.0715886127785938
033_GHL_id_2_Sensor_tr_50000_1st_51001.csv,2,2,52673,53000,328,out_valve_act,328,328,0.0,0.0,0.0,0.15814944671648998,0.0,0.0
033_GHL_id_2_Sensor_tr_50000_1st_51001.csv,2,2,52673,53000,328,dT_rand,328,328,-0.8647724986079998,-0.8647724986079998,-0.8647724986079998,0.9328480964046898,0.0,0.0
033_GHL_id_2_Sensor_tr_50000_1st_51001.csv,2,2,52673,53000,328,inv_valve_act,328,328,0.07317073170731707,0.0,0.0701219512195122,0.17444244614388257,-0.4194548593234288,-0.017477285805142802
033_GHL_id_2_Sensor_tr_50000_1st_51001.csv,2,2,52673,53000,328,limiter.y,328,328,274.352264404,274.352264404,274.352264404,8.303377625378504,0.0,0.0
033_GHL_id_2_Sensor_tr_50000_1st_51001.csv,2,2,52673,53000,328,inj_valve_act,328,328,0.0,0.0,0.0,0.32651863396259256,0.0,0.0
033_GHL_id_2_Sensor_tr_50000_1st_51001.csv,2,2,52673,53000,328,Relaxing.active,328,328,0.32926829268292684,0.0,0.25914634146341464,0.34087857818653733,-0.9659401140271799,-0.20570946872801055
033_GHL_id_2_Sensor_tr_50000_1st_51001.csv,2,2,52673,53000,328,boundary.m_flow_in,328,328,0.0,0.0,0.0,6.530372679251851,0.0,0.0
033_GHL_id_2_Sensor_tr_50000_1st_51001.csv,2,2,52673,53000,328,dir_valve_act,328,328,0.06402439024390244,0.0,0.06707317073170732,0.1690504614004931,-0.37872946168554905,0.018034736270740447
033_GHL_id_2_Sensor_tr_50000_1st_51001.csv,2,2,52673,53000,328,dt_rand,328,328,0.1309244236569451,0.803857564926,-1.4978483915300003,0.9750823424770573,0.6901295531201647,-1.6703951494488978
033_GHL_id_2_Sensor_tr_50000_1st_51001.csv,2,2,52673,53000,328,C_level,328,328,0.3915079236030001,0.3915079236030001,0.3915079236030001,0.13583416287808137,0.0,0.0
033_GHL_id_2_Sensor_tr_50000_1st_51001.csv,2,2,52673,53000,328,HT_temperature.T,328,328,348.9238612477439,330.0425476446128,329.7492189174573,10.974896846555696,-1.7204092090447956,-1.7471364513375136
033_GHL_id_2_Sensor_tr_50000_1st_51001.csv,2,2,52673,53000,328,heater_act,328,328,0.5335365853658537,1.0,0.6036585365853658,0.47894950900500205,0.973930249147149,0.14640781523127067
033_GHL_id_2_Sensor_tr_50000_1st_51001.csv,2,2,52673,53000,328,HT_level,328,328,0.40092478190529574,0.600000023842,0.4360165581471128,0.22889864178067842,0.8697091445717282,0.15330705315167675
033_GHL_id_2_Sensor_tr_50000_1st_51001.csv,2,2,52673,53000,328,limiter1.y,328,328,101.30924471423627,108.038574219,85.02151489259998,9.750823515041322,0.6901293510628377,-1.6703953052284595
033_GHL_id_2_Sensor_tr_50000_1st_51001.csv,2,2,52673,53000,328,dL_rand,328,328,-0.8647724986079998,-0.8647724986079998,-0.8647724986079998,0.9328480964046898,0.0,0.0
034_GHL_id_3_Sensor_tr_50000_1st_122001.csv,3,1,122001,122933,933,RT_level_ini,933,933,2.1083941459699997,2.1083941459699997,2.1083941459699997,0.47634846683472576,0.0,0.0
034_GHL_id_3_Sensor_tr_50000_1st_122001.csv,3,1,122001,122933,933,RT_temperature.T,933,933,317.0816086157835,319.0492553710001,326.9580170693976,13.63812326727883,0.14427547813249433,0.724176505818069
034_GHL_id_3_Sensor_tr_50000_1st_122001.csv,3,1,122001,122933,933,C_temperature.T,933,933,329.861236572,329.861236572,329.861236572,20.717635891627737,0.0,0.0
034_GHL_id_3_Sensor_tr_50000_1st_122001.csv,3,1,122001,122933,933,RT_level,933,933,1.6727671908199246,1.6083941459699997,1.6700858456570735,0.4901865615842382,-0.13132356105780849,-0.0054700503297872155
034_GHL_id_3_Sensor_tr_50000_1st_122001.csv,3,1,122001,122933,933,out_valve_act,933,933,0.0,0.0,0.0,0.15814944671648998,0.0,0.0
034_GHL_id_3_Sensor_tr_50000_1st_122001.csv,3,1,122001,122933,933,dT_rand,933,933,-0.283211767673,-0.283211767673,-0.283211767673,0.9328480964046898,0.0,0.0
034_GHL_id_3_Sensor_tr_50000_1st_122001.csv,3,1,122001,122933,933,inv_valve_act,933,933,0.02465166130760986,0.0,0.02465166130760986,0.17444244614388257,-0.14131687472025486,0.0
034_GHL_id_3_Sensor_tr_50000_1st_122001.csv,3,1,122001,122933,933,limiter.y,933,933,280.167877197,280.167877197,280.167877197,8.303377625378504,0.0,0.0
034_GHL_id_3_Sensor_tr_50000_1st_122001.csv,3,1,122001,122933,933,inj_valve_act,933,933,0.0,0.0,0.0,0.32651863396259256,0.0,0.0
034_GHL_id_3_Sensor_tr_50000_1st_122001.csv,3,1,122001,122933,933,Relaxing.active,933,933,0.10503751339764202,0.0,0.09967845659163987,0.34087857818653733,-0.3081376188449215,-0.01572130708392456
034_GHL_id_3_Sensor_tr_50000_1st_122001.csv,3,1,122001,122933,933,boundary.m_flow_in,933,933,0.0,0.0,0.0,6.530372679251851,0.0,0.0
034_GHL_id_3_Sensor_tr_50000_1st_122001.csv,3,1,122001,122933,933,dir_valve_act,933,933,0.023579849946409433,0.0,0.022508038585209004,0.1690504614004931,-0.13948409102857767,-0.0063401859558444434
034_GHL_id_3_Sensor_tr_50000_1st_122001.csv,3,1,122001,122933,933,dt_rand,933,933,0.6129593703525854,-0.24488052725800002,-0.7451093792919999,0.9750823424770573,-0.8797614932000162,-1.3927734002388001
034_GHL_id_3_Sensor_tr_50000_1st_122001.csv,3,1,122001,122933,933,C_level,933,933,1.0507633686099997,1.0507633686099997,1.0507633686099997,0.13583416287808137,0.0,0.0
034_GHL_id_3_Sensor_tr_50000_1st_122001.csv,3,1,122001,122933,933,HT_temperature.T,933,933,326.98246119131613,342.63137228618547,340.86081302230974,10.974896846555696,1.4258822942632492,1.2645541935411555
034_GHL_id_3_Sensor_tr_50000_1st_122001.csv,3,1,122001,122933,933,heater_act,933,933,0.8467309753483387,1.0,0.8531618435155413,0.47894950900500205,0.32001081903199224,0.013427027371971573
034_GHL_id_3_Sensor_tr_50000_1st_122001.csv,3,1,122001,122933,933,HT_level,933,933,0.5356269737692679,0.600000023842,0.5383083191157406,0.22889864178067842,0.28122949778973255,0.011714116456146752
034_GHL_id_3_Sensor_tr_50000_1st_122001.csv,3,1,122001,122933,933,limiter1.y,933,933,106.12959277272215,97.55119323729998,92.5489044189,9.750823515041322,-0.879761542416329,-1.3927734752734473
034_GHL_id_3_Sensor_tr_50000_1st_122001.csv,3,1,122001,122933,933,dL_rand,933,933,-0.283211767673,-0.283211767673,-0.283211767673,0.9328480964046898,0.0,0.0
034_GHL_id_3_Sensor_tr_50000_1st_122001.csv,3,2,123071,124056,986,RT_level_ini,986,986,2.10839414597,2.10839414597,2.10839414597,0.47634846683472576,0.0,0.0
034_GHL_id_3_Sensor_tr_50000_1st_122001.csv,3,2,123071,124056,986,RT_temperature.T,986,986,320.07697155305374,327.046173096,318.6922367862089,13.63812326727883,0.5110088394395941,-0.1015341143137436
034_GHL_id_3_Sensor_tr_50000_1st_122001.csv,3,2,123071,124056,986,C_temperature.T,986,986,329.861236572,329.861236572,330.0080350369584,20.717635891627737,0.0,0.007085676460687841
034_GHL_id_3_Sensor_tr_50000_1st_122001.csv,3,2,123071,124056,986,RT_level,986,986,1.6667697603797764,1.6083941459699995,1.183476508994157,0.4901865615842382,-0.11908856542519698,-0.9859373741778228
034_GHL_id_3_Sensor_tr_50000_1st_122001.csv,3,2,123071,124056,986,out_valve_act,986,986,0.0,0.0,0.2028397565922921,0.15814944671648998,0.0,1.2825827772633132
034_GHL_id_3_Sensor_tr_50000_1st_122001.csv,3,2,123071,124056,986,dT_rand,986,986,-0.283211767673,-0.283211767673,-0.3384803537178519,0.9328480964046898,0.0,-0.05924714458641634
034_GHL_id_3_Sensor_tr_50000_1st_122001.csv,3,2,123071,124056,986,inv_valve_act,986,986,0.02332657200811359,0.0,0.02332657200811359,0.17444244614388257,-0.13372073439553528,0.0
034_GHL_id_3_Sensor_tr_50000_1st_122001.csv,3,2,123071,124056,986,limiter.y,986,986,280.167877197,280.167877197,279.6151878865903,8.303377625378504,0.0,-0.06656198662101458
034_GHL_id_3_Sensor_tr_50000_1st_122001.csv,3,2,123071,124056,986,inj_valve_act,986,986,0.0,0.0,0.563894523326572,0.32651863396259256,0.0,1.7269903297193576
034_GHL_id_3_Sensor_tr_50000_1st_122001.csv,3,2,123071,124056,986,Relaxing.active,986,986,0.09432048681541583,0.0,0.10851926977687627,0.34087857818653733,-0.2766981935831746,0.04165349150714456
034_GHL_id_3_Sensor_tr_50000_1st_122001.csv,3,2,123071,124056,986,boundary.m_flow_in,986,986,0.0,0.0,11.27789046653144,6.530372679251851,0.0,1.7269903297193578
034_GHL_id_3_Sensor_tr_50000_1st_122001.csv,3,2,123071,124056,986,dir_valve_act,986,986,0.02129817444219067,0.0,0.0,0.1690504614004931,-0.1259870825891076,-0.1259870825891076
034_GHL_id_3_Sensor_tr_50000_1st_122001.csv,3,2,123071,124056,986,dt_rand,986,986,-0.31438494179010756,-0.7451093792919999,0.7287819981580003,0.9750823424770573,-0.44173134794718827,1.0698244594380526
034_GHL_id_3_Sensor_tr_50000_1st_122001.csv,3,2,123071,124056,986,C_level,986,986,1.0507633686099997,1.0507633686099997,1.100119516165649,0.13583416287808137,0.0,0.3633559224710581
034_GHL_id_3_Sensor_tr_50000_1st_122001.csv,3,2,123071,124056,986,HT_temperature.T,986,986,344.122261991358,341.97373566232454,327.0038254062769,10.974896846555696,-0.19576733695749998,-1.5597810917424213
034_GHL_id_3_Sensor_tr_50000_1st_122001.csv,3,2,123071,124056,986,heater_act,986,986,0.8610547667342799,1.0,0.0,0.47894950900500205,0.29010413551602354,-1.797798620825577
034_GHL_id_3_Sensor_tr_50000_1st_122001.csv,3,2,123071,124056,986,HT_level,986,986,0.5416244046639068,0.6000000238419999,0.10580050219859129,0.22889864178067842,0.2550282462314752,-1.9040038816958322
034_GHL_id_3_Sensor_tr_50000_1st_122001.csv,3,2,123071,124056,986,limiter1.y,986,986,96.85614905056491,92.5489044189,107.28781890899997,9.750823515041322,-0.4417313701781897,1.0698244966021058
034_GHL_id_3_Sensor_tr_50000_1st_122001.csv,3,2,123071,124056,986,dL_rand,986,986,-0.283211767673,-0.283211767673,-0.3384803537178519,0.9328480964046898,0.0,-0.05924714458641634
035_GHL_id_4_Sensor_tr_50000_1st_90001.csv,4,1,90001,91003,1003,RT_level_ini,1003,1003,2.4005630016300006,2.4005630016300006,2.4005630016300006,0.47634846683472576,0.0,0.0
035_GHL_id_4_Sensor_tr_50000_1st_90001.csv,4,1,90001,91003,1003,RT_temperature.T,1003,1003,307.2900337986112,309.29968261700003,318.2597113137188,13.63812326727883,0.14735523202158327,0.8043392261621894
035_GHL_id_4_Sensor_tr_50000_1st_90001.csv,4,1,90001,91003,1003,C_temperature.T,1003,1003,329.67181396500007,329.67181396500007,329.67181396500007,20.717635891627737,0.0,0.0
035_GHL_id_4_Sensor_tr_50000_1st_90001.csv,4,1,90001,91003,1003,RT_level,1003,1003,1.9584963526093124,1.9005631208400005,1.9595345691317152,0.4901865615842382,-0.11818608731760631,0.002118002825388251
035_GHL_id_4_Sensor_tr_50000_1st_90001.csv,4,1,90001,91003,1003,out_valve_act,1003,1003,0.0,0.0,0.0,0.15814944671648998,0.0,0.0
035_GHL_id_4_Sensor_tr_50000_1st_90001.csv,4,1,90001,91003,1003,dT_rand,1003,1003,0.30112612247500004,0.30112612247500004,0.30112612247500004,0.9328480964046898,0.0,0.0
035_GHL_id_4_Sensor_tr_50000_1st_90001.csv,4,1,90001,91003,1003,inv_valve_act,1003,1003,0.023928215353938187,0.0,0.022931206380857428,0.17444244614388257,-0.13716968480367364,-0.005715403533486409
035_GHL_id_4_Sensor_tr_50000_1st_90001.csv,4,1,90001,91003,1003,limiter.y,1003,1003,286.0112609859999,286.0112609859999,286.0112609859999,8.303377625378504,0.0,0.0
035_GHL_id_4_Sensor_tr_50000_1st_90001.csv,4,1,90001,91003,1003,inj_valve_act,1003,1003,0.0,0.0,0.0,0.32651863396259256,0.0,0.0
035_GHL_id_4_Sensor_tr_50000_1st_90001.csv,4,1,90001,91003,1003,Relaxing.active,1003,1003,0.09272183449651047,0.0,0.09571286141575275,0.34087857818653733,-0.27200839369193436,0.008774464312643044
035_GHL_id_4_Sensor_tr_50000_1st_90001.csv,4,1,90001,91003,1003,boundary.m_flow_in,1003,1003,0.0,0.0,0.0,6.530372679251851,0.0,0.0
035_GHL_id_4_Sensor_tr_50000_1st_90001.csv,4,1,90001,91003,1003,dir_valve_act,1003,1003,0.02193419740777667,0.0,0.020937188434695914,0.1690504614004931,-0.12974940870355228,-0.005897700395616
035_GHL_id_4_Sensor_tr_50000_1st_90001.csv,4,1,90001,91003,1003,dt_rand,1003,1003,-0.21870007484011955,-0.6367992162699998,-0.427716910839,0.9750823424770573,-0.4287834198368921,-0.21435813868591144
035_GHL_id_4_Sensor_tr_50000_1st_90001.csv,4,1,90001,91003,1003,C_level,1003,1003,0.7668504118919999,0.7668504118919999,0.7668504118919999,0.13583416287808137,0.0,0.0
035_GHL_id_4_Sensor_tr_50000_1st_90001.csv,4,1,90001,91003,1003,HT_temperature.T,1003,1003,324.4186333212353,341.7623387771246,336.10848077106584,10.974896846555696,1.580306922094889,1.0651441752274176
035_GHL_id_4_Sensor_tr_50000_1st_90001.csv,4,1,90001,91003,1003,heater_act,1003,1003,0.8614157527417746,1.0,0.8604187437686939,0.47894950900500205,0.28935043183597464,-0.0020816577829926033
035_GHL_id_4_Sensor_tr_50000_1st_90001.csv,4,1,90001,91003,1003,HT_level,1003,1003,0.5420667754704617,0.600000023842,0.5410285583389173,0.22889864178067842,0.25309564058946094,-0.004535706824067453
035_GHL_id_4_Sensor_tr_50000_1st_90001.csv,4,1,90001,91003,1003,limiter1.y,1003,1003,97.81300178301136,93.63201141359998,95.72283172609998,9.750823515041322,-0.4287833087084294,-0.21435831073007766
035_GHL_id_4_Sensor_tr_50000_1st_90001.csv,4,1,90001,91003,1003,dL_rand,1003,1003,0.30112612247500004,0.30112612247500004,0.30112612247500004,0.9328480964046898,0.0,0.0
035_GHL_id_4_Sensor_tr_50000_1st_90001.csv,4,2,91144,92371,1228,RT_level_ini,1228,1228,2.400563001630001,2.400563001630001,2.400563001630001,0.47634846683472576,0.0,0.0
035_GHL_id_4_Sensor_tr_50000_1st_90001.csv,4,2,91144,92371,1228,RT_temperature.T,1228,1228,310.2556904595741,318.352905273,327.2033967007924,13.63812326727883,0.5937191397039979,1.2426714371969296
035_GHL_id_4_Sensor_tr_50000_1st_90001.csv,4,2,91144,92371,1228,C_temperature.T,1228,1228,329.67181396500007,329.67181396500007,329.67181396500007,20.717635891627737,0.0,0.0
035_GHL_id_4_Sensor_tr_50000_1st_90001.csv,4,2,91144,92371,1228,RT_level,1228,1228,1.9487295399251712,1.9005631208400002,2.06066898287895,0.4901865615842382,-0.09826140261679446,0.22836089710823718
035_GHL_id_4_Sensor_tr_50000_1st_90001.csv,4,2,91144,92371,1228,out_valve_act,1228,1228,0.0,0.0,0.0,0.15814944671648998,0.0,0.0
035_GHL_id_4_Sensor_tr_50000_1st_90001.csv,4,2,91144,92371,1228,dT_rand,1228,1228,0.301126122475,0.301126122475,0.301126122475,0.9328480964046898,0.0,0.0
035_GHL_id_4_Sensor_tr_50000_1st_90001.csv,4,2,91144,92371,1228,inv_valve_act,1228,1228,0.018729641693811076,0.0,0.07573289902280131,0.17444244614388257,-0.10736860269869528,0.3267740082134204
035_GHL_id_4_Sensor_tr_50000_1st_90001.csv,4,2,91144,92371,1228,limiter.y,1228,1228,286.011260986,286.011260986,286.011260986,8.303377625378504,0.0,0.0
035_GHL_id_4_Sensor_tr_50000_1st_90001.csv,4,2,91144,92371,1228,inj_valve_act,1228,1228,0.0,0.0,0.0,0.32651863396259256,0.0,0.0
035_GHL_id_4_Sensor_tr_50000_1st_90001.csv,4,2,91144,92371,1228,Relaxing.active,1228,1228,0.0781758957654723,0.0,0.255700325732899,0.34087857818653733,-0.22933648744184942,0.5207849402325332
035_GHL_id_4_Sensor_tr_50000_1st_90001.csv,4,2,91144,92371,1228,boundary.m_flow_in,1228,1228,0.0,0.0,0.0,6.530372679251851,0.0,0.0
035_GHL_id_4_Sensor_tr_50000_1st_90001.csv,4,2,91144,92371,1228,dir_valve_act,1228,1228,0.01710097719869707,0.0,0.052931596091205214,0.1690504614004931,-0.10115900931014665,0.2119522099831644
035_GHL_id_4_Sensor_tr_50000_1st_90001.csv,4,2,91144,92371,1228,dt_rand,1228,1228,-0.6129624713511564,-0.4277169108390001,0.07147511149411082,0.9750823424770573,0.18997940219239998,0.7019279839552334
035_GHL_id_4_Sensor_tr_50000_1st_90001.csv,4,2,91144,92371,1228,C_level,1228,1228,0.7668504118920001,0.7668504118920001,0.7668504118920001,0.13583416287808137,0.0,0.0
035_GHL_id_4_Sensor_tr_50000_1st_90001.csv,4,2,91144,92371,1228,HT_temperature.T,1228,1228,341.3052147731735,338.85947219401874,335.11505574278175,10.974896846555696,-0.22284879879507008,-0.5640289031358334
035_GHL_id_4_Sensor_tr_50000_1st_90001.csv,4,2,91144,92371,1228,heater_act,1228,1228,0.8859934853420195,1.0,0.6156351791530945,0.47894950900500205,0.23803451619529659,-0.5644818526917028
035_GHL_id_4_Sensor_tr_50000_1st_90001.csv,4,2,91144,92371,1228,HT_level,1228,1228,0.5518335906990098,0.600000023842,0.43989411458160593,0.22889864178067842,0.21042690672293873,-0.48903512596924825
035_GHL_id_4_Sensor_tr_50000_1st_90001.csv,4,2,91144,92371,1228,limiter1.y,1228,1228,93.87037855020425,95.72283172610001,100.7147498488285,9.750823515041322,0.18997915130329487,0.7019275128984065
035_GHL_id_4_Sensor_tr_50000_1st_90001.csv,4,2,91144,92371,1228,dL_rand,1228,1228,0.301126122475,0.301126122475,0.301126122475,0.9328480964046898,0.0,0.0
035_GHL_id_4_Sensor_tr_50000_1st_90001.csv,4,3,92519,93000,482,RT_level_ini,482,482,2.4005630016300006,2.4005630016300006,2.4005630016300006,0.47634846683472576,0.0,0.0
035_GHL_id_4_Sensor_tr_50000_1st_90001.csv,4,3,92519,93000,482,RT_temperature.T,482,482,320.3816096513299,325.519958496,328.94573601039843,13.63812326727883,0.3767636311807124,0.627954901948714
035_GHL_id_4_Sensor_tr_50000_1st_90001.csv,4,3,92519,93000,482,C_temperature.T,482,482,329.671813965,329.671813965,329.671813965,20.717635891627737,0.0,0.0
035_GHL_id_4_Sensor_tr_50000_1st_90001.csv,4,3,92519,93000,482,RT_level,482,482,2.0293141140958304,1.9005631208400005,2.1520939894711626,0.4901865615842382,-0.2626571255640271,0.25047580859523944
035_GHL_id_4_Sensor_tr_50000_1st_90001.csv,4,3,92519,93000,482,out_valve_act,482,482,0.0,0.0,0.0,0.15814944671648998,0.0,0.0
035_GHL_id_4_Sensor_tr_50000_1st_90001.csv,4,3,92519,93000,482,dT_rand,482,482,0.301126122475,0.301126122475,0.301126122475,0.9328480964046898,0.0,0.0
035_GHL_id_4_Sensor_tr_50000_1st_90001.csv,4,3,92519,93000,482,inv_valve_act,482,482,0.04771784232365145,0.0,0.0975103734439834,0.17444244614388257,-0.2735449048008253,0.285438161531296
035_GHL_id_4_Sensor_tr_50000_1st_90001.csv,4,3,92519,93000,482,limiter.y,482,482,286.0112609859999,286.0112609859999,286.0112609859999,8.303377625378504,0.0,0.0
035_GHL_id_4_Sensor_tr_50000_1st_90001.csv,4,3,92519,93000,482,inj_valve_act,482,482,0.0,0.0,0.0,0.32651863396259256,0.0,0.0
035_GHL_id_4_Sensor_tr_50000_1st_90001.csv,4,3,92519,93000,482,Relaxing.active,482,482,0.21161825726141079,0.0,0.4087136929460581,0.34087857818653733,-0.6208024522608985,0.5781983623998564
035_GHL_id_4_Sensor_tr_50000_1st_90001.csv,4,3,92519,93000,482,boundary.m_flow_in,482,482,0.0,0.0,0.0,6.530372679251851,0.0,0.0
035_GHL_id_4_Sensor_tr_50000_1st_90001.csv,4,3,92519,93000,482,dir_valve_act,482,482,0.04564315352697095,0.0,0.08921161825726141,0.1690504614004931,-0.26999721354701856,0.25772461293124505
035_GHL_id_4_Sensor_tr_50000_1st_90001.csv,4,3,92519,93000,482,dt_rand,482,482,-0.25032503633952075,0.153935357928,0.18414138115323672,0.9750823424770573,0.41459103160514116,0.44556895204261177
035_GHL_id_4_Sensor_tr_50000_1st_90001.csv,4,3,92519,93000,482,C_level,482,482,0.7668504118919999,0.7668504118919999,0.7668504118919999,0.13583416287808137,0.0,0.0
035_GHL_id_4_Sensor_tr_50000_1st_90001.csv,4,3,92519,93000,482,HT_temperature.T,482,482,348.63811496085896,334.8149300729606,332.63304214159336,10.974896846555696,-1.2595275455583506,-1.458334692620691
035_GHL_id_4_Sensor_tr_50000_1st_90001.csv,4,3,92519,93000,482,heater_act,482,482,0.6950207468879668,1.0,0.4045643153526971,0.47894950900500205,0.6367670231996169,-0.606444783999635
035_GHL_id_4_Sensor_tr_50000_1st_90001.csv,4,3,92519,93000,482,HT_level,482,482,0.47124899212757476,0.600000023842,0.3484690812149855,0.22889864178067842,0.5624805403510842,-0.5363942309025673
035_GHL_id_4_Sensor_tr_50000_1st_90001.csv,4,3,92519,93000,482,limiter1.y,482,482,97.49674986212136,101.53935241699999,101.84141293608297,9.750823515041322,0.41459088544086886,0.4455688350075938
035_GHL_id_4_Sensor_tr_50000_1st_90001.csv,4,3,92519,93000,482,dL_rand,482,482,0.301126122475,0.301126122475,0.301126122475,0.9328480964046898,0.0,0.0
036_GHL_id_5_Sensor_tr_50000_1st_67147.csv,5,1,67147,68208,1062,RT_level_ini,1062,1062,2.70000004768,2.70000004768,2.70000004768,0.47634846683472576,0.0,0.0
036_GHL_id_5_Sensor_tr_50000_1st_67147.csv,5,1,67147,68208,1062,RT_temperature.T,1062,1062,325.8654515899934,327.7894287110001,321.40448564141616,13.63812326727883,0.14107345147867567,-0.32709529464953646
036_GHL_id_5_Sensor_tr_50000_1st_67147.csv,5,1,67147,68208,1062,C_temperature.T,1062,1062,329.422424316,329.422424316,329.7410078319558,20.717635891627737,0.0,0.015377406844212667
036_GHL_id_5_Sensor_tr_50000_1st_67147.csv,5,1,67147,68208,1062,RT_level,1062,1062,2.3789695162301037,2.20000004768,1.3259186095322166,0.4901865615842382,-0.36510480412129326,-2.148265556882104
036_GHL_id_5_Sensor_tr_50000_1st_67147.csv,5,1,67147,68208,1062,out_valve_act,1062,1062,0.0,0.0,0.2523540489642185,0.15814944671648998,0.0,1.5956682378826554
036_GHL_id_5_Sensor_tr_50000_1st_67147.csv,5,1,67147,68208,1062,dT_rand,1062,1062,1.8352916240699995,1.8352916240699995,1.1600301003051692,0.9328480964046898,0.0,-0.7238708278093405
036_GHL_id_5_Sensor_tr_50000_1st_67147.csv,5,1,67147,68208,1062,inv_valve_act,1062,1062,0.06685499058380415,0.0,0.022598870056497175,0.17444244614388257,-0.38324955916211595,-0.2537004124030908
036_GHL_id_5_Sensor_tr_50000_1st_67147.csv,5,1,67147,68208,1062,limiter.y,1062,1062,301.352905273,301.352905273,294.6003014513842,8.303377625378504,0.0,-0.8132357850348823
036_GHL_id_5_Sensor_tr_50000_1st_67147.csv,5,1,67147,68208,1062,inj_valve_act,1062,1062,0.0,0.0,0.544256120527307,0.32651863396259256,0.0,1.6668455148249193
036_GHL_id_5_Sensor_tr_50000_1st_67147.csv,5,1,67147,68208,1062,Relaxing.active,1062,1062,0.2937853107344633,0.0,0.08662900188323917,0.34087857818653733,-0.8618473835973834,-0.6077128986904626
036_GHL_id_5_Sensor_tr_50000_1st_67147.csv,5,1,67147,68208,1062,boundary.m_flow_in,1062,1062,0.0,0.0,10.88512241054614,6.530372679251851,0.0,1.6668455148249195
036_GHL_id_5_Sensor_tr_50000_1st_67147.csv,5,1,67147,68208,1062,dir_valve_act,1062,1062,0.06120527306967985,0.0,0.0,0.1690504614004931,-0.3620532742864275,-0.3620532742864275
036_GHL_id_5_Sensor_tr_50000_1st_67147.csv,5,1,67147,68208,1062,dt_rand,1062,1062,0.2794079716102613,1.07623529434,-0.736930429935,0.9750823424770573,0.817189777742783,-1.0423103334672217
036_GHL_id_5_Sensor_tr_50000_1st_67147.csv,5,1,67147,68208,1062,C_level,1062,1062,0.554330348969,0.554330348969,0.6217029310779595,0.13583416287808137,0.0,0.49599144045544763
036_GHL_id_5_Sensor_tr_50000_1st_67147.csv,5,1,67147,68208,1062,HT_temperature.T,1062,1062,329.88938285985876,341.0031135401035,325.71107092102164,10.974896846555696,1.012650126523298,-0.3807153722951311
036_GHL_id_5_Sensor_tr_50000_1st_67147.csv,5,1,67147,68208,1062,heater_act,1062,1062,0.5781544256120528,1.0,0.0,0.47894950900500205,0.8807725375151007,-1.2071302188264998
036_GHL_id_5_Sensor_tr_50000_1st_67147.csv,5,1,67147,68208,1062,HT_level,1062,1062,0.4210305383566187,0.600000023842,0.10557828883571,0.22889864178067842,0.7818722037541087,-1.3781307178884987
036_GHL_id_5_Sensor_tr_50000_1st_67147.csv,5,1,67147,68208,1062,limiter1.y,1062,1062,102.79408156405742,110.76235199,92.6306991577,9.750823515041322,0.8171894828832629,-1.0423101587963013
036_GHL_id_5_Sensor_tr_50000_1st_67147.csv,5,1,67147,68208,1062,dL_rand,1062,1062,1.8352916240699995,1.8352916240699995,1.1600301003051692,0.9328480964046898,0.0,-0.7238708278093405
036_GHL_id_5_Sensor_tr_50000_1st_67147.csv,5,2,69780,71000,1221,RT_level_ini,1221,1221,2.6988971748830632,2.6387906074499994,2.6387906074499994,0.47634846683472576,-0.12618192692518623,-0.12618192692518623
036_GHL_id_5_Sensor_tr_50000_1st_67147.csv,5,2,69780,71000,1221,RT_temperature.T,1221,1221,309.58119492840046,298.627716064,307.0206932171032,13.63812326727883,-0.8031514783768302,-0.18774589883936074
036_GHL_id_5_Sensor_tr_50000_1st_67147.csv,5,2,69780,71000,1221,C_temperature.T,1221,1221,329.8346091233489,329.835235596,329.835235596,20.717635891627737,3.023861672168081e-05,3.023861672168081e-05
036_GHL_id_5_Sensor_tr_50000_1st_67147.csv,5,2,69780,71000,1221,RT_level,1221,1221,1.4705019591286286,2.1387906074499994,2.250037525441941,0.4901865615842382,1.3633353108692392,1.5902834296271293
036_GHL_id_5_Sensor_tr_50000_1st_67147.csv,5,2,69780,71000,1221,out_valve_act,1221,1221,0.027846027846027847,0.0,0.0,0.15814944671648998,-0.17607414015141407,-0.17607414015141407
036_GHL_id_5_Sensor_tr_50000_1st_67147.csv,5,2,69780,71000,1221,dT_rand,1221,1221,0.8070341325211671,0.7775810956950001,0.7775810956950001,0.9328480964046898,-0.031573239994467,-0.031573239994467
036_GHL_id_5_Sensor_tr_50000_1st_67147.csv,5,2,69780,71000,1221,inv_valve_act,1221,1221,0.0,0.0,0.03849303849303849,0.17444244614388257,0.0,0.22066325796239347
036_GHL_id_5_Sensor_tr_50000_1st_67147.csv,5,2,69780,71000,1221,limiter.y,1221,1221,291.070347741326,290.775817871,290.775817871,8.303377625378504,-0.03547109183927229,-0.03547109183927229
036_GHL_id_5_Sensor_tr_50000_1st_67147.csv,5,2,69780,71000,1221,inj_valve_act,1221,1221,0.8722358722358723,0.0,0.0,0.32651863396259256,-2.6713203520746065,-2.6713203520746065
036_GHL_id_5_Sensor_tr_50000_1st_67147.csv,5,2,69780,71000,1221,Relaxing.active,1221,1221,0.0,0.0,0.1850941850941851,0.34087857818653733,0.0,0.5429915428504777
036_GHL_id_5_Sensor_tr_50000_1st_67147.csv,5,2,69780,71000,1221,boundary.m_flow_in,1221,1221,17.444717444717444,0.0,0.0,6.530372679251851,-2.671320352074606,-2.671320352074606
036_GHL_id_5_Sensor_tr_50000_1st_67147.csv,5,2,69780,71000,1221,dir_valve_act,1221,1221,0.018018018018018018,0.0,0.036036036036036036,0.1690504614004931,-0.10658366660906056,0.10658366660906056
036_GHL_id_5_Sensor_tr_50000_1st_67147.csv,5,2,69780,71000,1221,dt_rand,1221,1221,-0.7369304299349998,-0.7369304299349998,1.730928974304226,0.9750823424770573,0.0,2.530924104286395
036_GHL_id_5_Sensor_tr_50000_1st_67147.csv,5,2,69780,71000,1221,C_level,1221,1221,0.6421775046089361,0.642330348492,0.642330348492,0.13583416287808137,0.00112522416912967,0.00112522416912967
036_GHL_id_5_Sensor_tr_50000_1st_67147.csv,5,2,69780,71000,1221,HT_temperature.T,1221,1221,311.9660487319509,319.3938949547494,323.2963679732948,10.974896846555696,0.6768032835889135,1.0323850328397202
036_GHL_id_5_Sensor_tr_50000_1st_67147.csv,5,2,69780,71000,1221,heater_act,1221,1221,0.0,1.0,0.7403767403767404,0.47894950900500205,2.0879027563416006,1.5458346369638059
036_GHL_id_5_Sensor_tr_50000_1st_67147.csv,5,2,69780,71000,1221,HT_level,1221,1221,0.10464403703858477,0.600000023842,0.48875309494587876,0.22889864178067842,2.1640844303394586,1.678074867195289
036_GHL_id_5_Sensor_tr_50000_1st_67147.csv,5,2,69780,71000,1221,limiter1.y,1221,1221,92.63069915769998,92.63069915769998,117.3092882312629,9.750823515041322,0.0,2.5309235712752347
036_GHL_id_5_Sensor_tr_50000_1st_67147.csv,5,2,69780,71000,1221,dL_rand,1221,1221,0.8070341325211671,0.7775810956950001,0.7775810956950001,0.9328480964046898,-0.031573239994467,-0.031573239994467
037_GHL_id_6_Sensor_tr_50000_1st_80001.csv,6,1,80001,81284,1284,RT_level_ini,1284,1284,1.4503234624900003,1.4503234624900003,1.4503234624900003,0.47634846683472576,0.0,0.0
037_GHL_id_6_Sensor_tr_50000_1st_80001.csv,6,1,80001,81284,1284,RT_temperature.T,1284,1284,298.30311584468853,306.9322814940001,325.7199357883325,13.63812326727883,0.6327238345187155,2.010307386605281
037_GHL_id_6_Sensor_tr_50000_1st_80001.csv,6,1,80001,81284,1284,C_temperature.T,1284,1284,329.608337402,329.608337402,329.6132151995841,20.717635891627737,0.0,0.00023544180473039985
037_GHL_id_6_Sensor_tr_50000_1st_80001.csv,6,1,80001,81284,1284,RT_level,1284,1284,1.0009630122849844,0.950323522091,1.0550631462051068,0.4901865615842382,-0.10330656562742599,0.11036641589127959
037_GHL_id_6_Sensor_tr_50000_1st_80001.csv,6,1,80001,81284,1284,out_valve_act,1284,1284,0.0,0.0,0.09190031152647975,0.15814944671648998,0.0,0.5810979009697507
037_GHL_id_6_Sensor_tr_50000_1st_80001.csv,6,1,80001,81284,1284,dT_rand,1284,1284,-1.5993529558200001,-1.5993529558200001,-1.5177307779978646,0.9328480964046898,0.0,0.08749782321121452
037_GHL_id_6_Sensor_tr_50000_1st_80001.csv,6,1,80001,81284,1284,inv_valve_act,1284,1284,0.018691588785046728,0.0,0.05529595015576324,0.17444244614388257,-0.10715046250629645,0.2098363224081639
037_GHL_id_6_Sensor_tr_50000_1st_80001.csv,6,1,80001,81284,1284,limiter.y,1284,1284,274.0,274.0,274.37504128429674,8.303377625378504,0.0,0.045167316388268694
037_GHL_id_6_Sensor_tr_50000_1st_80001.csv,6,1,80001,81284,1284,inj_valve_act,1284,1284,0.0,0.0,0.0,0.32651863396259256,0.0,0.0
037_GHL_id_6_Sensor_tr_50000_1st_80001.csv,6,1,80001,81284,1284,Relaxing.active,1284,1284,0.08333333333333333,0.0,0.21728971962616822,0.34087857818653733,-0.244466325155027,0.39297390585667896
037_GHL_id_6_Sensor_tr_50000_1st_80001.csv,6,1,80001,81284,1284,boundary.m_flow_in,1284,1284,0.0,0.0,0.0,6.530372679251851,0.0,0.0
037_GHL_id_6_Sensor_tr_50000_1st_80001.csv,6,1,80001,81284,1284,dir_valve_act,1284,1284,0.017133956386292833,0.0,0.03426791277258567,0.1690504614004931,-0.10135409418198048,0.10135409418198048
037_GHL_id_6_Sensor_tr_50000_1st_80001.csv,6,1,80001,81284,1284,dt_rand,1284,1284,-0.8477774882582105,0.7492904663089998,-0.812487349340879,0.9750823424770573,1.637880089706155,0.03619195772500815
037_GHL_id_6_Sensor_tr_50000_1st_80001.csv,6,1,80001,81284,1284,C_level,1284,1284,0.6967920660970001,0.6967920660970001,0.7009489926219908,0.13583416287808137,0.0,0.030602953166662856
037_GHL_id_6_Sensor_tr_50000_1st_80001.csv,6,1,80001,81284,1284,HT_temperature.T,1284,1284,320.6398420244743,338.107569638067,333.5789109227002,10.974896846555696,1.5916074527000819,1.1789695228239512
037_GHL_id_6_Sensor_tr_50000_1st_80001.csv,6,1,80001,81284,1284,heater_act,1284,1284,0.8808411214953271,1.0,0.5381619937694704,0.47894950900500205,0.2487921508724804,-0.7154806953195516
037_GHL_id_6_Sensor_tr_50000_1st_80001.csv,6,1,80001,81284,1284,HT_level,1284,1284,0.5493605246136075,0.600000023842,0.39133720075558415,0.22889864178067842,0.22123110401377244,-0.690363746279609
037_GHL_id_6_Sensor_tr_50000_1st_80001.csv,6,1,80001,81284,1284,limiter1.y,1284,1284,91.52222675548786,107.49290466300003,91.87512928377195,9.750823515041322,1.6378799065408465,0.03619207421195901
037_GHL_id_6_Sensor_tr_50000_1st_80001.csv,6,1,80001,81284,1284,dL_rand,1284,1284,-1.5993529558200001,-1.5993529558200001,-1.5177307779978646,0.9328480964046898,0.0,0.08749782321121452
037_GHL_id_6_Sensor_tr_50000_1st_80001.csv,6,2,81419,82000,582,RT_level_ini,582,582,1.45032346249,1.45032346249,1.45032346249,0.47634846683472576,0.0,0.0
037_GHL_id_6_Sensor_tr_50000_1st_80001.csv,6,2,81419,82000,582,RT_temperature.T,582,582,310.29321991696395,322.7421569819999,329.7760228421512,13.63812326727883,0.9128042635385178,1.4285545410731992
037_GHL_id_6_Sensor_tr_50000_1st_80001.csv,6,2,81419,82000,582,C_temperature.T,582,582,329.608337402,329.608337402,329.6201639074674,20.717635891627737,0.0,0.0005708424228139636
037_GHL_id_6_Sensor_tr_50000_1st_80001.csv,6,2,81419,82000,582,RT_level,582,582,1.0456417206028814,0.9503235220909998,1.0752478460073644,0.4901865615842382,-0.19445290014443053,0.06039766840771552
037_GHL_id_6_Sensor_tr_50000_1st_80001.csv,6,2,81419,82000,582,out_valve_act,582,582,0.0,0.0,0.2027491408934708,0.15814944671648998,0.0,1.28200980213945
037_GHL_id_6_Sensor_tr_50000_1st_80001.csv,6,2,81419,82000,582,dT_rand,582,582,-1.5993529558200001,-1.5993529558200001,-1.3881554408493988,0.9328480964046898,0.0,0.2264007567626308
037_GHL_id_6_Sensor_tr_50000_1st_80001.csv,6,2,81419,82000,582,inv_valve_act,582,582,0.041237113402061855,0.0,0.08075601374570447,0.17444244614388257,-0.23639380387987052,0.22654406205154262
037_GHL_id_6_Sensor_tr_50000_1st_80001.csv,6,2,81419,82000,582,limiter.y,582,582,274.0,274.0,274.97041991978523,8.303377625378504,0.0,0.11687050301304261
037_GHL_id_6_Sensor_tr_50000_1st_80001.csv,6,2,81419,82000,582,inj_valve_act,582,582,0.0,0.0,0.0,0.32651863396259256,0.0,0.0
037_GHL_id_6_Sensor_tr_50000_1st_80001.csv,6,2,81419,82000,582,Relaxing.active,582,582,0.15120274914089346,0.0,0.3281786941580756,0.34087857818653733,-0.44356776522973973,0.5191759070302636
037_GHL_id_6_Sensor_tr_50000_1st_80001.csv,6,2,81419,82000,582,boundary.m_flow_in,582,582,0.0,0.0,0.0,6.530372679251851,0.0,0.0
037_GHL_id_6_Sensor_tr_50000_1st_80001.csv,6,2,81419,82000,582,dir_valve_act,582,582,0.037800687285223365,0.0,0.037800687285223365,0.1690504614004931,-0.2236059397416889,0.0
037_GHL_id_6_Sensor_tr_50000_1st_80001.csv,6,2,81419,82000,582,dt_rand,582,582,0.3097837540715669,-1.15961182117,-0.3679232904589628,0.9750823424770573,-1.5069451175874824,-0.6950254506803106
037_GHL_id_6_Sensor_tr_50000_1st_80001.csv,6,2,81419,82000,582,C_level,582,582,0.6967920660970001,0.6967920660970001,0.7068774175805532,0.13583416287808137,0.0,0.07424753294651891
037_GHL_id_6_Sensor_tr_50000_1st_80001.csv,6,2,81419,82000,582,HT_temperature.T,582,582,347.8865326556941,334.1699565349948,329.6568924946357,10.974896846555696,-1.2498136713698624,-1.661030660782884
037_GHL_id_6_Sensor_tr_50000_1st_80001.csv,6,2,81419,82000,582,heater_act,582,582,0.7697594501718213,1.0,0.1872852233676976,0.47894950900500205,0.4807198786078598,-1.2161495436422725
037_GHL_id_6_Sensor_tr_50000_1st_80001.csv,6,2,81419,82000,582,HT_level,582,582,0.5046818087908918,0.600000023842,0.2229418382816203,0.22889864178067842,0.41642106003598917,-1.2308503375883877
037_GHL_id_6_Sensor_tr_50000_1st_80001.csv,6,2,81419,82000,582,limiter1.y,582,582,103.09783825425394,88.40388488769999,96.32076947712578,9.750823515041322,-1.5069448589534529,-0.6950252731652937
037_GHL_id_6_Sensor_tr_50000_1st_80001.csv,6,2,81419,82000,582,dL_rand,582,582,-1.5993529558200001,-1.5993529558200001,-1.3881554408493988,0.9328480964046898,0.0,0.2264007567626308
038_GHL_id_7_Sensor_tr_50000_1st_100001.csv,7,1,100001,100969,969,RT_level_ini,969,969,2.3152942657499995,2.3152942657499995,2.3152942657499995,0.47634846683472576,0.0,0.0
038_GHL_id_7_Sensor_tr_50000_1st_100001.csv,7,1,100001,100969,969,RT_temperature.T,969,969,328.00970685750667,329.47485351599994,320.86633199988745,13.63812326727883,0.10743022553612713,-0.5237799012095684
038_GHL_id_7_Sensor_tr_50000_1st_100001.csv,7,1,100001,100969,969,C_temperature.T,969,969,329.652770996,329.652770996,329.9577657818276,20.717635891627737,0.0,0.014721505263583432
038_GHL_id_7_Sensor_tr_50000_1st_100001.csv,7,1,100001,100969,969,RT_level,969,969,2.0175157300734474,1.8152943849600003,1.203753831770642,0.4901865615842382,-0.4125395532261966,-1.660106502456537
038_GHL_id_7_Sensor_tr_50000_1st_100001.csv,7,1,100001,100969,969,out_valve_act,969,969,0.0,0.0,0.23116615067079463,0.15814944671648998,0.0,1.4616943370355233
038_GHL_id_7_Sensor_tr_50000_1st_100001.csv,7,1,100001,100969,969,dT_rand,969,969,0.13058869540699997,0.13058869540699997,-0.006817439184610133,0.9328480964046898,0.0,-0.14729743794428063
038_GHL_id_7_Sensor_tr_50000_1st_100001.csv,7,1,100001,100969,969,inv_valve_act,969,969,0.07223942208462332,0.0,0.023735810113519093,0.17444244614388257,-0.41411608058419014,-0.2780493683922419
038_GHL_id_7_Sensor_tr_50000_1st_100001.csv,7,1,100001,100969,969,limiter.y,969,969,284.3058776859999,284.3058776859999,282.93181809347465,8.303377625378504,0.0,-0.16548200678306918
038_GHL_id_7_Sensor_tr_50000_1st_100001.csv,7,1,100001,100969,969,inj_valve_act,969,969,0.0,0.0,0.5541795665634675,0.32651863396259256,0.0,1.6972371831831097
038_GHL_id_7_Sensor_tr_50000_1st_100001.csv,7,1,100001,100969,969,Relaxing.active,969,969,0.33539731682146545,0.0,0.08771929824561403,0.34087857818653733,-0.9839201941223998,-0.726587220275003
038_GHL_id_7_Sensor_tr_50000_1st_100001.csv,7,1,100001,100969,969,boundary.m_flow_in,969,969,0.0,0.0,11.08359133126935,6.530372679251851,0.0,1.69723718318311
038_GHL_id_7_Sensor_tr_50000_1st_100001.csv,7,1,100001,100969,969,dir_valve_act,969,969,0.06707946336429309,0.0,0.0,0.1690504614004931,-0.39680142135416513,-0.39680142135416513
038_GHL_id_7_Sensor_tr_50000_1st_100001.csv,7,1,100001,100969,969,dt_rand,969,969,0.8971377188579072,0.5314188003540001,-1.4875332117100004,0.9750823424770573,-0.3750646510271639,-2.445609797947927
038_GHL_id_7_Sensor_tr_50000_1st_100001.csv,7,1,100001,100969,969,C_level,969,969,0.829301476479,0.829301476479,0.885502697267282,0.13583416287808137,0.0,0.41374879189063607
038_GHL_id_7_Sensor_tr_50000_1st_100001.csv,7,1,100001,100969,969,HT_temperature.T,969,969,330.2536434020186,342.18725960715585,327.30052923592774,10.974896846555696,1.0873556601019374,-0.2690789906620088
038_GHL_id_7_Sensor_tr_50000_1st_100001.csv,7,1,100001,100969,969,heater_act,969,969,0.5252837977296182,1.0,0.0,0.47894950900500205,0.9911612672003469,-1.0967414891412537
038_GHL_id_7_Sensor_tr_50000_1st_100001.csv,7,1,100001,100969,969,HT_level,969,969,0.3977786224677967,0.600000023842,0.10580128897258617,0.22889864178067842,0.883453915676633,-1.2755747750350201
038_GHL_id_7_Sensor_tr_50000_1st_100001.csv,7,1,100001,100969,969,limiter1.y,969,969,108.97137844056759,105.31418609599996,85.1246643066,9.750823515041322,-0.37506497158175,-2.445610270474323
038_GHL_id_7_Sensor_tr_50000_1st_100001.csv,7,1,100001,100969,969,dL_rand,969,969,0.13058869540699997,0.13058869540699997,-0.006817439184610133,0.9328480964046898,0.0,-0.14729743794428063
038_GHL_id_7_Sensor_tr_50000_1st_100001.csv,7,2,102275,103000,726,RT_level_ini,726,726,2.312127279515758,2.2107837200200002,2.2107837200200002,0.47634846683472576,-0.21275088837626074,-0.21275088837626074
038_GHL_id_7_Sensor_tr_50000_1st_100001.csv,7,2,102275,103000,726,RT_temperature.T,726,726,300.82644291818457,294.00888061500007,297.5441203049739,13.63812326727883,-0.49989006328616264,-0.2406726020057151
038_GHL_id_7_Sensor_tr_50000_1st_100001.csv,7,2,102275,103000,726,C_temperature.T,726,726,330.04519653299997,330.04519653299997,330.04519653299997,20.717635891627737,0.0,0.0
038_GHL_id_7_Sensor_tr_50000_1st_100001.csv,7,2,102275,103000,726,RT_level,726,726,1.5170685445310097,1.71078372002,1.802326060526956,0.4901865615842382,0.3951866302962704,0.5819366305637186
038_GHL_id_7_Sensor_tr_50000_1st_100001.csv,7,2,102275,103000,726,out_valve_act,726,726,0.0,0.0,0.0,0.15814944671648998,0.0,0.0
038_GHL_id_7_Sensor_tr_50000_1st_100001.csv,7,2,102275,103000,726,dT_rand,726,726,-0.07843256741759999,-0.07843256741759999,-0.07843256741759999,0.9328480964046898,0.0,0.0
038_GHL_id_7_Sensor_tr_50000_1st_100001.csv,7,2,102275,103000,726,inv_valve_act,726,726,0.0,0.0,0.03305785123966942,0.17444244614388257,0.0,0.18950577666402846
038_GHL_id_7_Sensor_tr_50000_1st_100001.csv,7,2,102275,103000,726,limiter.y,726,726,282.215667725,282.215667725,282.215667725,8.303377625378504,0.0,0.0
038_GHL_id_7_Sensor_tr_50000_1st_100001.csv,7,2,102275,103000,726,inj_valve_act,726,726,0.9696969696969697,0.0,0.0,0.32651863396259256,-2.9698059125411587,-2.9698059125411587
038_GHL_id_7_Sensor_tr_50000_1st_100001.csv,7,2,102275,103000,726,Relaxing.active,726,726,0.0,0.0,0.15151515151515152,0.34087857818653733,0.0,0.4444842275545946
038_GHL_id_7_Sensor_tr_50000_1st_100001.csv,7,2,102275,103000,726,boundary.m_flow_in,726,726,19.393939393939394,0.0,0.0,6.530372679251851,-2.9698059125411587,-2.9698059125411587
038_GHL_id_7_Sensor_tr_50000_1st_100001.csv,7,2,102275,103000,726,dir_valve_act,726,726,0.030303030303030304,0.0,0.030303030303030304,0.1690504614004931,-0.1792543483879655,0.0
038_GHL_id_7_Sensor_tr_50000_1st_100001.csv,7,2,102275,103000,726,dt_rand,726,726,-1.48753321171,-1.48753321171,-0.434853078906281,0.9750823424770573,0.0,1.0795807563590327
038_GHL_id_7_Sensor_tr_50000_1st_100001.csv,7,2,102275,103000,726,C_level,726,726,0.9019132852550003,0.9019132852550003,0.9019132852550003,0.13583416287808137,0.0,0.0
038_GHL_id_7_Sensor_tr_50000_1st_100001.csv,7,2,102275,103000,726,HT_temperature.T,726,726,310.96058991070106,308.8542015138774,323.60047513262947,10.974896846555696,-0.19192785374422164,1.151708794957398
038_GHL_id_7_Sensor_tr_50000_1st_100001.csv,7,2,102275,103000,726,heater_act,726,726,0.0,1.0,0.7851239669421488,0.47894950900500205,2.0879027563416006,1.639262494648364
038_GHL_id_7_Sensor_tr_50000_1st_100001.csv,7,2,102275,103000,726,HT_level,726,726,0.10748089820176035,0.600000023842,0.5084576783677066,0.22889864178067842,2.151690904798605,1.751765659449156
038_GHL_id_7_Sensor_tr_50000_1st_100001.csv,7,2,102275,103000,726,limiter1.y,726,726,85.12466430660001,85.12466430660001,95.6514658334653,9.750823515041322,0.0,1.07958076675544
038_GHL_id_7_Sensor_tr_50000_1st_100001.csv,7,2,102275,103000,726,dL_rand,726,726,-0.07843256741759999,-0.07843256741759999,-0.07843256741759999,0.9328480964046898,0.0,0.0
039_GHL_id_8_Sensor_tr_50000_1st_63030.csv,8,1,63030,64197,1168,RT_level_ini,1168,1168,2.2733924388899998,2.2733924388899998,2.2733924388899998,0.47634846683472576,0.0,0.0
039_GHL_id_8_Sensor_tr_50000_1st_63030.csv,8,1,63030,64197,1168,RT_temperature.T,1168,1168,320.5060409389264,324.051239014,317.43454980200767,13.63812326727883,0.2599476486313463,-0.2252136218982546
039_GHL_id_8_Sensor_tr_50000_1st_63030.csv,8,1,63030,64197,1168,C_temperature.T,1168,1168,329.203186035,329.203186035,329.32015189100173,20.717635891627737,0.0,0.005645714434483736
039_GHL_id_8_Sensor_tr_50000_1st_63030.csv,8,1,63030,64197,1168,RT_level,1168,1168,1.8942594497592806,1.7733924388899998,1.2967343060428553,0.4901865615842382,-0.24657348924183015,-1.2189749588101286
039_GHL_id_8_Sensor_tr_50000_1st_63030.csv,8,1,63030,64197,1168,out_valve_act,1168,1168,0.0,0.0,0.18493150684931506,0.15814944671648998,0.0,1.16934653069534
039_GHL_id_8_Sensor_tr_50000_1st_63030.csv,8,1,63030,64197,1168,dT_rand,1168,1168,0.04678487405179999,0.04678487405179999,0.7295646352046197,0.9328480964046898,0.0,0.7319302722322488
039_GHL_id_8_Sensor_tr_50000_1st_63030.csv,8,1,63030,64197,1168,inv_valve_act,1168,1168,0.0410958904109589,0.0,0.019691780821917807,0.17444244614388257,-0.23558423605836412,-0.12270012294706464
039_GHL_id_8_Sensor_tr_50000_1st_63030.csv,8,1,63030,64197,1168,limiter.y,1168,1168,283.46783447300004,283.46783447300004,290.29564457755646,8.303377625378504,0.0,0.8222930971714272
039_GHL_id_8_Sensor_tr_50000_1st_63030.csv,8,1,63030,64197,1168,inj_valve_act,1168,1168,0.0,0.0,0.6386986301369864,0.32651863396259256,0.0,1.9560863108662845
039_GHL_id_8_Sensor_tr_50000_1st_63030.csv,8,1,63030,64197,1168,Relaxing.active,1168,1168,0.19434931506849315,0.0,0.07106164383561644,0.34087857818653733,-0.5701423542142925,-0.3616762070786701
039_GHL_id_8_Sensor_tr_50000_1st_63030.csv,8,1,63030,64197,1168,boundary.m_flow_in,1168,1168,0.0,0.0,12.773972602739725,6.530372679251851,0.0,1.9560863108662843
039_GHL_id_8_Sensor_tr_50000_1st_63030.csv,8,1,63030,64197,1168,dir_valve_act,1168,1168,0.05393835616438356,0.0,0.0,0.1690504614004931,-0.31906660128303105,-0.31906660128303105
039_GHL_id_8_Sensor_tr_50000_1st_63030.csv,8,1,63030,64197,1168,dt_rand,1168,1168,0.1586318681499863,0.6736350655559998,-1.7774285078,0.9750823424770573,0.5281638021438493,-1.985535263649326
039_GHL_id_8_Sensor_tr_50000_1st_63030.csv,8,1,63030,64197,1168,C_level,1168,1168,0.519533276558,0.519533276558,0.5775239058859231,0.13583416287808137,0.0,0.4269222712402098
039_GHL_id_8_Sensor_tr_50000_1st_63030.csv,8,1,63030,64197,1168,HT_temperature.T,1168,1168,327.6542836280693,339.64827796204366,323.99551514404186,10.974896846555696,1.092857135849844,-0.3333761159837881
039_GHL_id_8_Sensor_tr_50000_1st_63030.csv,8,1,63030,64197,1168,heater_act,1168,1168,0.7106164383561644,1.0,0.0,0.47894950900500205,0.6042047359961138,-1.4836980203454866
039_GHL_id_8_Sensor_tr_50000_1st_63030.csv,8,1,63030,64197,1168,HT_level,1168,1168,0.47913300597487074,0.600000023842,0.10496562478210361,0.22889864178067842,0.5280372872764324,-1.6346422079309648
039_GHL_id_8_Sensor_tr_50000_1st_63030.csv,8,1,63030,64197,1168,limiter1.y,1168,1168,101.58631923080411,106.736351013,82.22571563720001,9.750823515041322,0.5281637775775159,-1.9855352282542107
039_GHL_id_8_Sensor_tr_50000_1st_63030.csv,8,1,63030,64197,1168,dL_rand,1168,1168,0.04678487405179999,0.04678487405179999,0.7295646352046197,0.9328480964046898,0.0,0.7319302722322488
040_GHL_id_9_Sensor_tr_50000_1st_92001.csv,9,1,92001,93129,1129,RT_level_ini,1129,1129,2.7000000476799997,2.7000000476799997,2.7000000476799997,0.47634846683472576,0.0,0.0
040_GHL_id_9_Sensor_tr_50000_1st_92001.csv,9,1,92001,93129,1129,RT_temperature.T,1129,1129,322.55155143376794,325.054229736,319.3973261628255,13.63812326727883,0.18350606261468666,-0.23128000892250328
040_GHL_id_9_Sensor_tr_50000_1st_92001.csv,9,1,92001,93129,1129,C_temperature.T,1129,1129,329.6074523930001,329.6074523930001,329.6533300707511,20.717635891627737,0.0,0.0022144262980109777
040_GHL_id_9_Sensor_tr_50000_1st_92001.csv,9,1,92001,93129,1129,RT_level,1129,1129,2.3567731454340923,2.2000000476799997,1.359877928523534,0.4901865615842382,-0.31982332858619444,-2.033705725609213
040_GHL_id_9_Sensor_tr_50000_1st_92001.csv,9,1,92001,93129,1129,out_valve_act,1129,1129,0.0,0.0,0.2382639503985828,0.15814944671648998,0.0,1.5065746693740372
040_GHL_id_9_Sensor_tr_50000_1st_92001.csv,9,1,92001,93129,1129,dT_rand,1129,1129,2.3780021667500004,2.3780021667500004,1.4158684898525937,0.9328480964046898,0.0,-1.0313937291672537
040_GHL_id_9_Sensor_tr_50000_1st_92001.csv,9,1,92001,93129,1129,inv_valve_act,1129,1129,0.04162976085031001,0.0,0.02037201062887511,0.17444244614388257,-0.23864467490884186,-0.12186111059174905
040_GHL_id_9_Sensor_tr_50000_1st_92001.csv,9,1,92001,93129,1129,limiter.y,1129,1129,306.780029297,306.780029297,297.15868905439686,8.303377625378504,0.0,-1.1587260843342118
040_GHL_id_9_Sensor_tr_50000_1st_92001.csv,9,1,92001,93129,1129,inj_valve_act,1129,1129,0.0,0.0,0.5589016829052259,0.32651863396259256,0.0,1.7116991949968043
040_GHL_id_9_Sensor_tr_50000_1st_92001.csv,9,1,92001,93129,1129,Relaxing.active,1129,1129,0.26395039858281666,0.0,0.09388839681133747,0.34087857818653733,-0.7743238075769501,-0.4988931914589745
040_GHL_id_9_Sensor_tr_50000_1st_92001.csv,9,1,92001,93129,1129,boundary.m_flow_in,1129,1129,0.0,0.0,11.178033658104518,6.530372679251851,0.0,1.7116991949968043
040_GHL_id_9_Sensor_tr_50000_1st_92001.csv,9,1,92001,93129,1129,dir_valve_act,1129,1129,0.05757307351638618,0.0,0.0,0.1690504614004931,-0.34056738466978387,-0.34056738466978387
040_GHL_id_9_Sensor_tr_50000_1st_92001.csv,9,1,92001,93129,1129,dt_rand,1129,1129,-0.04030583071534197,0.48210090398800004,0.563921034336,0.9750823424770573,0.5357565324957504,0.6196675282995999
040_GHL_id_9_Sensor_tr_50000_1st_92001.csv,9,1,92001,93129,1129,C_level,1129,1129,0.8005076050759998,0.8005076050759998,0.8680699164620496,0.13583416287808137,0.0,0.4973882118792945
040_GHL_id_9_Sensor_tr_50000_1st_92001.csv,9,1,92001,93129,1129,HT_temperature.T,1129,1129,328.5100919117086,340.16183609536495,324.59527893335166,10.974896846555696,1.061672318798426,-0.35670612973328925
040_GHL_id_9_Sensor_tr_50000_1st_92001.csv,9,1,92001,93129,1129,heater_act,1129,1129,0.6368467670504872,1.0,0.0,0.47894950900500205,0.7582286360496512,-1.3296741202919493
040_GHL_id_9_Sensor_tr_50000_1st_92001.csv,9,1,92001,93129,1129,HT_level,1129,1129,0.44322691310741186,0.600000023842,0.10501138178951905,0.22889864178067842,0.6849018828377406,-1.4775777116316728
040_GHL_id_9_Sensor_tr_50000_1st_92001.csv,9,1,92001,93129,1129,limiter1.y,1129,1129,99.59693984370612,104.82100677499999,105.63921356200001,9.750823515041322,0.5357564848994935,0.6196680422913262
040_GHL_id_9_Sensor_tr_50000_1st_92001.csv,9,1,92001,93129,1129,dL_rand,1129,1129,2.3780021667500004,2.3780021667500004,1.4158684898525937,0.9328480964046898,0.0,-1.0313937291672537
040_GHL_id_9_Sensor_tr_50000_1st_92001.csv,9,2,94743,96000,1258,RT_level_ini,1258,1258,2.6999303172580444,2.696012735370001,2.696012735370001,0.47634846683472576,-0.008224193339122728,-0.008224193339122728
040_GHL_id_9_Sensor_tr_50000_1st_92001.csv,9,2,94743,96000,1258,RT_temperature.T,1258,1258,309.12816213536803,298.9773559569999,307.5910775526891,13.63812326727883,-0.744296409369052,-0.11270499265589967
040_GHL_id_9_Sensor_tr_50000_1st_92001.csv,9,2,94743,96000,1258,C_temperature.T,1258,1258,329.66675452420026,329.66690063499993,329.66690063499993,20.717635891627737,7.052484194643341e-06,7.052484194643341e-06
040_GHL_id_9_Sensor_tr_50000_1st_92001.csv,9,2,94743,96000,1258,RT_level,1258,1258,1.4934600150073514,2.196012735370001,2.2912301590817177,0.4901865615842382,1.433235374899025,1.6274826904598243
040_GHL_id_9_Sensor_tr_50000_1st_92001.csv,9,2,94743,96000,1258,out_valve_act,1258,1258,0.03418124006359301,0.0,0.0,0.15814944671648998,-0.21613253016856104,-0.21613253016856104
040_GHL_id_9_Sensor_tr_50000_1st_92001.csv,9,2,94743,96000,1258,dT_rand,1258,1258,0.9428180544760887,0.8920255303379998,0.8920255303379998,0.9328480964046898,-0.0544488693645294,-0.0544488693645294
040_GHL_id_9_Sensor_tr_50000_1st_92001.csv,9,2,94743,96000,1258,inv_valve_act,1258,1258,0.0,0.0,0.037360890302066775,0.17444244614388257,0.0,0.21417316213997017
040_GHL_id_9_Sensor_tr_50000_1st_92001.csv,9,2,94743,96000,1258,limiter.y,1258,1258,292.4281829927592,291.92025756800007,291.92025756800007,8.303377625378504,-0.06117094123320656,-0.06117094123320656
040_GHL_id_9_Sensor_tr_50000_1st_92001.csv,9,2,94743,96000,1258,inj_valve_act,1258,1258,0.8688394276629571,0.0,0.0,0.32651863396259256,-2.6609183589886487,-2.6609183589886487
040_GHL_id_9_Sensor_tr_50000_1st_92001.csv,9,2,94743,96000,1258,Relaxing.active,1258,1258,0.0,0.0,0.15421303656597773,0.34087857818653733,0.0,0.4523987320833886
040_GHL_id_9_Sensor_tr_50000_1st_92001.csv,9,2,94743,96000,1258,boundary.m_flow_in,1258,1258,17.376788553259143,0.0,0.0,6.530372679251851,-2.660918358988649,-2.660918358988649
040_GHL_id_9_Sensor_tr_50000_1st_92001.csv,9,2,94743,96000,1258,dir_valve_act,1258,1258,0.017488076311605722,0.0,0.034976152623211444,0.1690504614004931,-0.10344885288526466,0.10344885288526466
040_GHL_id_9_Sensor_tr_50000_1st_92001.csv,9,2,94743,96000,1258,dt_rand,1258,1258,0.563921034336,0.563921034336,-0.32263343841659464,0.9750823424770573,0.0,-0.9092098524730022
040_GHL_id_9_Sensor_tr_50000_1st_92001.csv,9,2,94743,96000,1258,C_level,1258,1258,0.8882709608453268,0.8885076045990001,0.8885076045990001,0.13583416287808137,0.0017421519642726632,0.0017421519642726632
040_GHL_id_9_Sensor_tr_50000_1st_92001.csv,9,2,94743,96000,1258,HT_temperature.T,1258,1258,311.500600284147,320.09383592469715,323.2100626304261,10.974896846555696,0.7829901055741563,1.0669314263262428
040_GHL_id_9_Sensor_tr_50000_1st_92001.csv,9,2,94743,96000,1258,heater_act,1258,1258,0.0,1.0,0.7734499205087441,0.47894950900500205,2.0879027563416006,1.6148882209223985
040_GHL_id_9_Sensor_tr_50000_1st_92001.csv,9,2,94743,96000,1258,HT_level,1258,1258,0.10427146884105326,0.600000023842,0.5047825964106424,0.22889864178067842,2.1657120861203456,1.7497313415836822
040_GHL_id_9_Sensor_tr_50000_1st_92001.csv,9,2,94743,96000,1258,limiter1.y,1258,1258,105.639213562,105.639213562,96.77366782522161,9.750823515041322,0.0,-0.9092099475600873
040_GHL_id_9_Sensor_tr_50000_1st_92001.csv,9,2,94743,96000,1258,dL_rand,1258,1258,0.9428180544760887,0.8920255303379998,0.8920255303379998,0.9328480964046898,-0.0544488693645294,-0.0544488693645294
041_GHL_id_10_Sensor_tr_50000_1st_57001.csv,10,1,57001,58596,1596,RT_level_ini,1596,1596,2.0549955922994108,2.3812601566299993,2.3812601566299993,0.47634846683472576,0.684928339328086,0.684928339328086
041_GHL_id_10_Sensor_tr_50000_1st_57001.csv,10,1,57001,58596,1596,RT_temperature.T,1596,1596,305.2189836048289,294.906555176,309.71937427199373,13.63812326727883,-0.7561471785176589,0.32998606765509686
041_GHL_id_10_Sensor_tr_50000_1st_57001.csv,10,1,57001,58596,1596,C_temperature.T,1596,1596,329.227395538436,329.2301330569999,329.2301330569999,20.717635891627737,0.00013213469810020788,0.00013213469810020788
041_GHL_id_10_Sensor_tr_50000_1st_57001.csv,10,1,57001,58596,1596,RT_level,1596,1596,1.4706485201612751,1.8812601566299998,1.9650435032388718,0.4901865615842382,0.8376640011135054,1.0085853465255294
041_GHL_id_10_Sensor_tr_50000_1st_57001.csv,10,1,57001,58596,1596,out_valve_act,1596,1596,0.07894736842105263,0.0,0.0,0.15814944671648998,-0.4991947177822211,-0.4991947177822211
041_GHL_id_10_Sensor_tr_50000_1st_57001.csv,10,1,57001,58596,1596,dT_rand,1596,1596,0.19182489969234207,0.26252022385599993,0.26252022385599993,0.9328480964046898,0.07578439023044187,0.07578439023044187
041_GHL_id_10_Sensor_tr_50000_1st_57001.csv,10,1,57001,58596,1596,inv_valve_act,1596,1596,0.0,0.0,0.044486215538847115,0.17444244614388257,0.0,0.25501944350261097
041_GHL_id_10_Sensor_tr_50000_1st_57001.csv,10,1,57001,58596,1596,limiter.y,1596,1596,284.9182602731053,285.62521362300004,285.62521362300004,8.303377625378504,0.08514045510034142,0.08514045510034142
041_GHL_id_10_Sensor_tr_50000_1st_57001.csv,10,1,57001,58596,1596,inj_valve_act,1596,1596,0.5870927318295739,0.0,0.0,0.32651863396259256,-1.7980374495160782,-1.7980374495160782
041_GHL_id_10_Sensor_tr_50000_1st_57001.csv,10,1,57001,58596,1596,Relaxing.active,1596,1596,0.0,0.0,0.13157894736842105,0.34087857818653733,0.0,0.38599946077109526
041_GHL_id_10_Sensor_tr_50000_1st_57001.csv,10,1,57001,58596,1596,boundary.m_flow_in,1596,1596,11.741854636591478,0.0,0.0,6.530372679251851,-1.7980374495160785,-1.7980374495160785
041_GHL_id_10_Sensor_tr_50000_1st_57001.csv,10,1,57001,58596,1596,dir_valve_act,1596,1596,0.013784461152882205,0.0,0.02756892230576441,0.1690504614004931,-0.08154051186069107,0.08154051186069107
041_GHL_id_10_Sensor_tr_50000_1st_57001.csv,10,1,57001,58596,1596,dt_rand,1596,1596,-0.205481126904,-0.205481126904,-0.8243303166770104,0.9750823424770573,0.0,-0.6346635179557375
041_GHL_id_10_Sensor_tr_50000_1st_57001.csv,10,1,57001,58596,1596,C_level,1596,1596,0.4946745395064805,0.4962912797929999,0.4962912797929999,0.13583416287808137,0.01190230978911055,0.01190230978911055
041_GHL_id_10_Sensor_tr_50000_1st_57001.csv,10,1,57001,58596,1596,HT_temperature.T,1596,1596,307.81341315631204,333.78387795356576,326.4502416433747,10.974896846555696,2.366351607705922,1.6981324515055947
041_GHL_id_10_Sensor_tr_50000_1st_57001.csv,10,1,57001,58596,1596,heater_act,1596,1596,0.2575187969924812,1.0,0.7963659147869674,0.47894950900500205,1.5502285502912259,1.1250603824898349
041_GHL_id_10_Sensor_tr_50000_1st_57001.csv,10,1,57001,58596,1596,HT_level,1596,1596,0.2323122776876247,0.600000023842,0.5162166689236498,0.22889864178067842,1.606334329002612,1.2403061417378396
041_GHL_id_10_Sensor_tr_50000_1st_57001.csv,10,1,57001,58596,1596,limiter1.y,1596,1596,97.9451904297,97.9451904297,91.75669610828895,9.750823515041322,0.0,-0.6346637606418447
041_GHL_id_10_Sensor_tr_50000_1st_57001.csv,10,1,57001,58596,1596,dL_rand,1596,1596,0.19182489969234207,0.26252022385599993,0.26252022385599993,0.9328480964046898,0.07578439023044187,0.07578439023044187
041_GHL_id_10_Sensor_tr_50000_1st_57001.csv,10,2,58742,59000,259,RT_level_ini,259,259,2.3812601566299993,2.3812601566299993,2.3812601566299993,0.47634846683472576,0.0,0.0
041_GHL_id_10_Sensor_tr_50000_1st_57001.csv,10,2,58742,59000,259,RT_temperature.T,259,259,301.2049579401506,307.055877686,307.055877686,13.63812326727883,0.42901208848046785,0.42901208848046785
041_GHL_id_10_Sensor_tr_50000_1st_57001.csv,10,2,58742,59000,259,C_temperature.T,259,259,329.230133057,329.230133057,329.230133057,20.717635891627737,0.0,0.0
041_GHL_id_10_Sensor_tr_50000_1st_57001.csv,10,2,58742,59000,259,RT_level,259,259,2.117319858671351,1.8812601566300002,1.8812601566300002,0.4901865615842382,-0.48157114156379044,-0.48157114156379044
041_GHL_id_10_Sensor_tr_50000_1st_57001.csv,10,2,58742,59000,259,out_valve_act,259,259,0.0,0.0,0.0,0.15814944671648998,0.0,0.0
041_GHL_id_10_Sensor_tr_50000_1st_57001.csv,10,2,58742,59000,259,dT_rand,259,259,0.26252022385599993,0.26252022385599993,0.26252022385599993,0.9328480964046898,0.0,0.0
041_GHL_id_10_Sensor_tr_50000_1st_57001.csv,10,2,58742,59000,259,inv_valve_act,259,259,0.0888030888030888,0.0,0.0,0.17444244614388257,-0.5090681239922695,-0.5090681239922695
041_GHL_id_10_Sensor_tr_50000_1st_57001.csv,10,2,58742,59000,259,limiter.y,259,259,285.62521362300004,285.62521362300004,285.62521362300004,8.303377625378504,0.0,0.0
041_GHL_id_10_Sensor_tr_50000_1st_57001.csv,10,2,58742,59000,259,inj_valve_act,259,259,0.0,0.0,0.0,0.32651863396259256,0.0,0.0
041_GHL_id_10_Sensor_tr_50000_1st_57001.csv,10,2,58742,59000,259,Relaxing.active,259,259,0.3861003861003861,0.0,0.0,0.34087857818653733,-1.1326625103707815,-1.1326625103707815
041_GHL_id_10_Sensor_tr_50000_1st_57001.csv,10,2,58742,59000,259,boundary.m_flow_in,259,259,0.0,0.0,0.0,6.530372679251851,0.0,0.0
041_GHL_id_10_Sensor_tr_50000_1st_57001.csv,10,2,58742,59000,259,dir_valve_act,259,259,0.08494208494208494,0.0,0.0,0.1690504614004931,-0.5024658568712855,-0.5024658568712855
041_GHL_id_10_Sensor_tr_50000_1st_57001.csv,10,2,58742,59000,259,dt_rand,259,259,-0.10746073977404247,-0.030396435409799992,-0.030396435409799992,0.9750823424770573,0.0790336374756532,0.0790336374756532
041_GHL_id_10_Sensor_tr_50000_1st_57001.csv,10,2,58742,59000,259,C_level,259,259,0.496291279793,0.496291279793,0.496291279793,0.13583416287808137,0.0,0.0
041_GHL_id_10_Sensor_tr_50000_1st_57001.csv,10,2,58742,59000,259,HT_temperature.T,259,259,347.95686864667954,317.4506247973359,325.27034261693825,10.974896846555696,-2.77963832151348,-2.0671288620686314
041_GHL_id_10_Sensor_tr_50000_1st_57001.csv,10,2,58742,59000,259,heater_act,259,259,0.44015444015444016,1.0,1.0,0.47894950900500205,1.1689030875271509,1.1689030875271509
041_GHL_id_10_Sensor_tr_50000_1st_57001.csv,10,2,58742,59000,259,HT_level,259,259,0.3639402987874595,0.600000023842,0.600000023842,0.22889864178067842,1.0312849531048052,1.0312849531048052
041_GHL_id_10_Sensor_tr_50000_1st_57001.csv,10,2,58742,59000,259,limiter1.y,259,259,98.9253942718081,99.6960372925,99.6960372925,9.750823515041322,0.0790336343902771,0.0790336343902771
041_GHL_id_10_Sensor_tr_50000_1st_57001.csv,10,2,58742,59000,259,dL_rand,259,259,0.26252022385599993,0.26252022385599993,0.26252022385599993,0.9328480964046898,0.0,0.0
042_GHL_id_11_Sensor_tr_50000_1st_150001.csv,11,1,150001,150921,921,RT_level_ini,921,921,2.568186044690001,2.568186044690001,2.568186044690001,0.47634846683472576,0.0,0.0
042_GHL_id_11_Sensor_tr_50000_1st_150001.csv,11,1,150001,150921,921,RT_temperature.T,921,921,323.6507340057318,325.05328369100005,321.4775039393051,13.63812326727883,0.10284037310568223,-0.159349642457097
042_GHL_id_11_Sensor_tr_50000_1st_150001.csv,11,1,150001,150921,921,C_temperature.T,921,921,329.93051147500006,329.93051147500006,329.9546002481661,20.717635891627737,0.0,0.0011627182412154943
042_GHL_id_11_Sensor_tr_50000_1st_150001.csv,11,1,150001,150921,921,RT_level,921,921,2.2029944328193927,2.068186044690001,1.275046159273302,0.4901865615842382,-0.27501445101575894,-1.893051230427547
042_GHL_id_11_Sensor_tr_50000_1st_150001.csv,11,1,150001,150921,921,out_valve_act,921,921,0.0,0.0,0.27904451682953313,0.15814944671648998,0.0,1.7644356184803371
042_GHL_id_11_Sensor_tr_50000_1st_150001.csv,11,1,150001,150921,921,dT_rand,921,921,0.636371970177,0.636371970177,0.44207409833210853,0.9328480964046898,0.0,-0.20828457772893477
042_GHL_id_11_Sensor_tr_50000_1st_150001.csv,11,1,150001,150921,921,inv_valve_act,921,921,0.051031487513572206,0.0,0.026058631921824105,0.17444244614388257,-0.29254054068630014,-0.1431581369315937
042_GHL_id_11_Sensor_tr_50000_1st_150001.csv,11,1,150001,150921,921,limiter.y,921,921,289.363708496,289.363708496,287.42073597534306,8.303377625378504,0.0,-0.2339978510333477
042_GHL_id_11_Sensor_tr_50000_1st_150001.csv,11,1,150001,150921,921,inj_valve_act,921,921,0.0,0.0,0.4723127035830619,0.32651863396259256,0.0,1.4465107177839416
042_GHL_id_11_Sensor_tr_50000_1st_150001.csv,11,1,150001,150921,921,Relaxing.active,921,921,0.22041259500542887,0.0,0.11400651465798045,0.34087857818653733,-0.6466014854263255,-0.31215244124029506
042_GHL_id_11_Sensor_tr_50000_1st_150001.csv,11,1,150001,150921,921,boundary.m_flow_in,921,921,0.0,0.0,9.446254071661238,6.530372679251851,0.0,1.4465107177839418
042_GHL_id_11_Sensor_tr_50000_1st_150001.csv,11,1,150001,150921,921,dir_valve_act,921,921,0.04668838219326819,0.0,0.0,0.1690504614004931,-0.27618015240230515,-0.27618015240230515
042_GHL_id_11_Sensor_tr_50000_1st_150001.csv,11,1,150001,150921,921,dt_rand,921,921,0.39108397097329634,-0.536484897137,0.48457288742099985,0.9750823424770573,-0.951272346655299,0.09587797089034378
042_GHL_id_11_Sensor_tr_50000_1st_150001.csv,11,1,150001,150921,921,C_level,921,921,1.2648293972,1.2648293972,1.3245640885670789,0.13583416287808137,0.0,0.43976191336117737
042_GHL_id_11_Sensor_tr_50000_1st_150001.csv,11,1,150001,150921,921,HT_temperature.T,921,921,329.14440046509236,342.7604361170521,328.2228418737481,10.974896846555696,1.2406527225112767,-0.08396968137641021
042_GHL_id_11_Sensor_tr_50000_1st_150001.csv,11,1,150001,150921,921,heater_act,921,921,0.6818675352877307,1.0,0.0,0.47894950900500205,0.6642296499544941,-1.4236731063871064
042_GHL_id_11_Sensor_tr_50000_1st_150001.csv,11,1,150001,150921,921,HT_level,921,921,0.46519162189566454,0.600000023842,0.10660925876422694,0.22889864178067842,0.588943651642562,-1.566555224364402
042_GHL_id_11_Sensor_tr_50000_1st_150001.csv,11,1,150001,150921,921,limiter1.y,921,921,103.91084098181422,94.63515472409999,104.84572601300003,9.750823515041322,-0.9512720893169523,0.09587754611122735
042_GHL_id_11_Sensor_tr_50000_1st_150001.csv,11,1,150001,150921,921,dL_rand,921,921,0.636371970177,0.636371970177,0.44207409833210853,0.9328480964046898,0.0,-0.20828457772893477
042_GHL_id_11_Sensor_tr_50000_1st_150001.csv,11,2,152376,153000,625,RT_level_ini,625,625,2.562299141308784,2.4009444713599994,2.4009444713599994,0.47634846683472576,-0.3387324221298867,-0.3387324221298867
042_GHL_id_11_Sensor_tr_50000_1st_150001.csv,11,2,152376,153000,625,RT_temperature.T,625,625,298.7195652831952,295.22695922899993,296.58494311559673,13.63812326727883,-0.2560913980426389,-0.1565187618387316
042_GHL_id_11_Sensor_tr_50000_1st_150001.csv,11,2,152376,153000,625,C_temperature.T,625,625,329.96374511700003,329.96374511700003,329.96374511700003,20.717635891627737,0.0,0.0
042_GHL_id_11_Sensor_tr_50000_1st_150001.csv,11,2,152376,153000,625,RT_level,625,625,1.807915862846368,1.900944590569999,1.9784674261105757,0.4901865615842382,0.18978228905943623,0.3479319439378357
042_GHL_id_11_Sensor_tr_50000_1st_150001.csv,11,2,152376,153000,625,out_valve_act,625,625,0.0,0.0,0.0,0.15814944671648998,0.0,0.0
042_GHL_id_11_Sensor_tr_50000_1st_150001.csv,11,2,152376,153000,625,dT_rand,625,625,0.3018890917300001,0.3018890917300001,0.3018890917300001,0.9328480964046898,0.0,0.0
042_GHL_id_11_Sensor_tr_50000_1st_150001.csv,11,2,152376,153000,625,inv_valve_act,625,625,0.0,0.0,0.0368,0.17444244614388257,0.0,0.21095783058239648
042_GHL_id_11_Sensor_tr_50000_1st_150001.csv,11,2,152376,153000,625,limiter.y,625,625,286.0188903809999,286.0188903809999,286.0188903809999,8.303377625378504,0.0,0.0
042_GHL_id_11_Sensor_tr_50000_1st_150001.csv,11,2,152376,153000,625,inj_valve_act,625,625,0.9648,0.0,0.0,0.32651863396259256,-2.9548083926828257,-2.9548083926828257
042_GHL_id_11_Sensor_tr_50000_1st_150001.csv,11,2,152376,153000,625,Relaxing.active,625,625,0.0,0.0,0.12,0.34087857818653733,0.0,0.35203150822323886
042_GHL_id_11_Sensor_tr_50000_1st_150001.csv,11,2,152376,153000,625,boundary.m_flow_in,625,625,19.296,0.0,0.0,6.530372679251851,-2.9548083926828257,-2.9548083926828257
042_GHL_id_11_Sensor_tr_50000_1st_150001.csv,11,2,152376,153000,625,dir_valve_act,625,625,0.0352,0.0,0.0336,0.1690504614004931,-0.20822185108746075,-0.009464629594884604
042_GHL_id_11_Sensor_tr_50000_1st_150001.csv,11,2,152376,153000,625,dt_rand,625,625,0.4845728874209999,0.4845728874209999,-0.09659832878048646,0.9750823424770573,0.0,-0.5960227058620546
042_GHL_id_11_Sensor_tr_50000_1st_150001.csv,11,2,152376,153000,625,C_level,625,625,1.3475568294499998,1.3475568294499998,1.3475568294499998,0.13583416287808137,0.0,0.0
042_GHL_id_11_Sensor_tr_50000_1st_150001.csv,11,2,152376,153000,625,HT_temperature.T,625,625,306.66618037106235,307.7880546875184,326.21500712890884,10.974896846555696,0.10222185521571812,1.7812310248712346
042_GHL_id_11_Sensor_tr_50000_1st_150001.csv,11,2,152376,153000,625,heater_act,625,625,0.0,1.0,0.8096,0.47894950900500205,2.0879027563416006,1.6903660715341597
042_GHL_id_11_Sensor_tr_50000_1st_150001.csv,11,2,152376,153000,625,HT_level,625,625,0.1090984593151872,0.600000023842,0.522477166199784,0.22889864178067842,2.1446241913360726,1.8059465258019305
042_GHL_id_11_Sensor_tr_50000_1st_150001.csv,11,2,152376,153000,625,limiter1.y,625,625,104.84572601300002,104.84572601300002,99.03401412339232,9.750823515041322,0.0,-0.5960226724073843
042_GHL_id_11_Sensor_tr_50000_1st_150001.csv,11,2,152376,153000,625,dL_rand,625,625,0.3018890917300001,0.3018890917300001,0.3018890917300001,0.9328480964046898,0.0,0.0
043_GHL_id_12_Sensor_tr_39938_1st_40038.csv,12,1,40038,41088,1051,RT_level_ini,1051,1051,2.70000004768,2.70000004768,2.70000004768,0.47634846683472576,0.0,0.0
043_GHL_id_12_Sensor_tr_39938_1st_40038.csv,12,1,40038,41088,1051,RT_temperature.T,1051,1051,325.84126529998383,327.90902710000006,324.95909677609995,13.63812326727883,0.15161630082764327,-0.06468401161913628
043_GHL_id_12_Sensor_tr_39938_1st_40038.csv,12,1,40038,41088,1051,C_temperature.T,1051,1051,328.4535827640001,328.4535827640001,329.17891582060605,20.717635891627737,0.0,0.035010416265645355
043_GHL_id_12_Sensor_tr_39938_1st_40038.csv,12,1,40038,41088,1051,RT_level,1051,1051,2.3519564296460893,2.20000004768,1.3238314816088639,0.4901865615842382,-0.30999703760743674,-2.0974156139948423
043_GHL_id_12_Sensor_tr_39938_1st_40038.csv,12,1,40038,41088,1051,out_valve_act,1051,1051,0.0,0.0,0.2530922930542341,0.15814944671648998,0.0,1.6003362535181387
043_GHL_id_12_Sensor_tr_39938_1st_40038.csv,12,1,40038,41088,1051,dT_rand,1051,1051,1.2014527320900001,1.2014527320900001,1.7356103054134253,0.9328480964046898,0.0,0.5726093834378111
043_GHL_id_12_Sensor_tr_39938_1st_40038.csv,12,1,40038,41088,1051,inv_valve_act,1051,1051,0.0675547098001903,0.0,0.021883920076117985,0.17444244614388257,-0.38726073437694297,-0.2618100739449755
043_GHL_id_12_Sensor_tr_39938_1st_40038.csv,12,1,40038,41088,1051,limiter.y,1051,1051,295.014526367,295.014526367,300.35609512983535,8.303377625378504,0.0,0.6433007149415161
043_GHL_id_12_Sensor_tr_39938_1st_40038.csv,12,1,40038,41088,1051,inj_valve_act,1051,1051,0.0,0.0,0.5404376784015223,0.32651863396259256,0.0,1.65515110682301
043_GHL_id_12_Sensor_tr_39938_1st_40038.csv,12,1,40038,41088,1051,Relaxing.active,1051,1051,0.23977164605137963,0.0,0.08943862987630828,0.34087857818653733,-0.7033931182386315,-0.4410163201654911
043_GHL_id_12_Sensor_tr_39938_1st_40038.csv,12,1,40038,41088,1051,boundary.m_flow_in,1051,1051,0.0,0.0,10.808753568030447,6.530372679251851,0.0,1.65515110682301
043_GHL_id_12_Sensor_tr_39938_1st_40038.csv,12,1,40038,41088,1051,dir_valve_act,1051,1051,0.06184586108468126,0.0,0.0,0.1690504614004931,-0.3658426044644967,-0.3658426044644967
043_GHL_id_12_Sensor_tr_39938_1st_40038.csv,12,1,40038,41088,1051,dt_rand,1051,1051,-1.2115588251113474,-1.9152500629399998,-0.59517198801,0.9750823424770573,-0.7216736548023477,0.6321382413053493
043_GHL_id_12_Sensor_tr_39938_1st_40038.csv,12,1,40038,41088,1051,C_level,1051,1051,0.29502049088499993,0.29502049088499993,0.3621632912179981,0.13583416287808137,0.0,0.4942998058099901
043_GHL_id_12_Sensor_tr_39938_1st_40038.csv,12,1,40038,41088,1051,HT_temperature.T,1051,1051,330.0353677533739,341.15519103133204,325.8732211823377,10.974896846555696,1.0132052659290285,-0.37924243199993535
043_GHL_id_12_Sensor_tr_39938_1st_40038.csv,12,1,40038,41088,1051,heater_act,1051,1051,0.6308277830637488,1.0,0.0,0.47894950900500205,0.7707956893059382,-1.3171070670356622
043_GHL_id_12_Sensor_tr_39938_1st_40038.csv,12,1,40038,41088,1051,HT_level,1051,1051,0.448043627237393,0.600000023842,0.10544019178976691,0.22889864178067842,0.6638588827897266,-1.4967473497544606
043_GHL_id_12_Sensor_tr_39938_1st_40038.csv,12,1,40038,41088,1051,limiter1.y,1051,1051,87.88441360578601,80.8474960327,94.04827880860002,9.750823515041322,-0.7216741808762184,0.632137910537076
043_GHL_id_12_Sensor_tr_39938_1st_40038.csv,12,1,40038,41088,1051,dL_rand,1051,1051,1.2014527320900001,1.2014527320900001,1.7356103054134253,0.9328480964046898,0.0,0.5726093834378111
044_GHL_id_13_Sensor_tr_50000_1st_145001.csv,13,1,145001,146207,1207,RT_level_ini,1207,1207,2.70000004768,2.70000004768,2.70000004768,0.47634846683472576,0.0,0.0
044_GHL_id_13_Sensor_tr_50000_1st_145001.csv,13,1,145001,146207,1207,RT_temperature.T,1207,1207,302.9189934782527,306.278320312,316.2064927802154,13.63812326727883,0.24631884958887068,0.9742908933696665
044_GHL_id_13_Sensor_tr_50000_1st_145001.csv,13,1,145001,146207,1207,C_temperature.T,1207,1207,329.913330078,329.913330078,329.913330078,20.717635891627737,0.0,0.0
044_GHL_id_13_Sensor_tr_50000_1st_145001.csv,13,1,145001,146207,1207,RT_level,1207,1207,2.244348242937084,2.20000004768,2.3014283168350707,0.4901865615842382,-0.09047207478261818,0.11644561146986421
044_GHL_id_13_Sensor_tr_50000_1st_145001.csv,13,1,145001,146207,1207,out_valve_act,1207,1207,0.0,0.0,0.0,0.15814944671648998,0.0,0.0
044_GHL_id_13_Sensor_tr_50000_1st_145001.csv,13,1,145001,146207,1207,dT_rand,1207,1207,1.0437940359100002,1.0437940359100002,1.0437940359100002,0.9328480964046898,0.0,0.0
044_GHL_id_13_Sensor_tr_50000_1st_145001.csv,13,1,145001,146207,1207,inv_valve_act,1207,1207,0.01988400994200497,0.0,0.03893951946975974,0.17444244614388257,-0.1139860761044612,0.10923665626677531
044_GHL_id_13_Sensor_tr_50000_1st_145001.csv,13,1,145001,146207,1207,limiter.y,1207,1207,293.437927246,293.437927246,293.437927246,8.303377625378504,0.0,0.0
044_GHL_id_13_Sensor_tr_50000_1st_145001.csv,13,1,145001,146207,1207,inj_valve_act,1207,1207,0.0,0.0,0.0,0.32651863396259256,0.0,0.0
044_GHL_id_13_Sensor_tr_50000_1st_145001.csv,13,1,145001,146207,1207,Relaxing.active,1207,1207,0.0695940347970174,0.0,0.16570008285004142,0.34087857818653733,-0.20416077527445503,0.28193630871234265
044_GHL_id_13_Sensor_tr_50000_1st_145001.csv,13,1,145001,146207,1207,boundary.m_flow_in,1207,1207,0.0,0.0,0.0,6.530372679251851,0.0,0.0
044_GHL_id_13_Sensor_tr_50000_1st_145001.csv,13,1,145001,146207,1207,dir_valve_act,1207,1207,0.018227009113504555,0.0,0.0347970173985087,0.1690504614004931,-0.10781993117619133,0.09801811925108304
044_GHL_id_13_Sensor_tr_50000_1st_145001.csv,13,1,145001,146207,1207,dt_rand,1207,1207,-1.9922369956562387,-1.55369734764,0.1758548061317845,0.9750823424770573,0.4497462715837838,2.22349611652314
044_GHL_id_13_Sensor_tr_50000_1st_145001.csv,13,1,145001,146207,1207,C_level,1207,1207,1.3044904470399998,1.3044904470399998,1.3044904470399998,0.13583416287808137,0.0,0.0
044_GHL_id_13_Sensor_tr_50000_1st_145001.csv,13,1,145001,146207,1207,HT_temperature.T,1207,1207,321.6515550463132,339.1316988233157,330.67708554145156,10.974896846555696,1.5927387766280778,0.8223795286031212
044_GHL_id_13_Sensor_tr_50000_1st_145001.csv,13,1,145001,146207,1207,heater_act,1207,1207,0.8922949461474731,1.0,0.7605633802816901,0.47894950900500205,0.2248776788106115,-0.2750426994683633
044_GHL_id_13_Sensor_tr_50000_1st_145001.csv,13,1,145001,146207,1207,HT_level,1207,1207,0.5556518243505054,0.600000023842,0.49857174611929905,0.22889864178067842,0.19374601415934692,-0.24936835704730057
044_GHL_id_13_Sensor_tr_50000_1st_145001.csv,13,1,145001,146207,1207,limiter1.y,1207,1207,80.07763225614968,84.46302795409999,101.75854953630439,9.750823515041322,0.4497461872000374,2.2234960202807876
044_GHL_id_13_Sensor_tr_50000_1st_145001.csv,13,1,145001,146207,1207,dL_rand,1207,1207,1.0437940359100002,1.0437940359100002,1.0437940359100002,0.9328480964046898,0.0,0.0
044_GHL_id_13_Sensor_tr_50000_1st_145001.csv,13,2,146359,147000,642,RT_level_ini,642,642,2.70000004768,2.70000004768,2.70000004768,0.47634846683472576,0.0,0.0
044_GHL_id_13_Sensor_tr_50000_1st_145001.csv,13,2,146359,147000,642,RT_temperature.T,642,642,308.1551143844766,314.88699340799997,319.30353077905613,13.63812326727883,0.49360743348572034,0.8174450528194971
044_GHL_id_13_Sensor_tr_50000_1st_145001.csv,13,2,146359,147000,642,C_temperature.T,642,642,329.91333007799994,329.91333007799994,329.91333007799994,20.717635891627737,0.0,0.0
044_GHL_id_13_Sensor_tr_50000_1st_145001.csv,13,2,146359,147000,642,RT_level,642,642,2.300125712914159,2.20000004768,2.349153805741262,0.4901865615842382,-0.20426032266278712,0.10001925117785537
044_GHL_id_13_Sensor_tr_50000_1st_145001.csv,13,2,146359,147000,642,out_valve_act,642,642,0.0,0.0,0.0,0.15814944671648998,0.0,0.0
044_GHL_id_13_Sensor_tr_50000_1st_145001.csv,13,2,146359,147000,642,dT_rand,642,642,1.0437940359100004,1.0437940359100004,1.0437940359100004,0.9328480964046898,0.0,0.0
044_GHL_id_13_Sensor_tr_50000_1st_145001.csv,13,2,146359,147000,642,inv_valve_act,642,642,0.037383177570093455,0.0,0.07320872274143302,0.17444244614388257,-0.2143009250125929,0.20537171980373486
044_GHL_id_13_Sensor_tr_50000_1st_145001.csv,13,2,146359,147000,642,limiter.y,642,642,293.437927246,293.437927246,293.437927246,8.303377625378504,0.0,0.0
044_GHL_id_13_Sensor_tr_50000_1st_145001.csv,13,2,146359,147000,642,inj_valve_act,642,642,0.0,0.0,0.0,0.32651863396259256,0.0,0.0
044_GHL_id_13_Sensor_tr_50000_1st_145001.csv,13,2,146359,147000,642,Relaxing.active,642,642,0.16510903426791276,0.0,0.24454828660436137,0.34087857818653733,-0.4843631862884647,0.23304266510105381
044_GHL_id_13_Sensor_tr_50000_1st_145001.csv,13,2,146359,147000,642,boundary.m_flow_in,642,642,0.0,0.0,0.0,6.530372679251851,0.0,0.0
044_GHL_id_13_Sensor_tr_50000_1st_145001.csv,13,2,146359,147000,642,dir_valve_act,642,642,0.03271028037383177,0.0,0.03271028037383177,0.1690504614004931,-0.19349417980196273,0.0
044_GHL_id_13_Sensor_tr_50000_1st_145001.csv,13,2,146359,147000,642,dt_rand,642,642,-1.0479621007984299,0.5965147614479999,-0.5055792097731682,0.9750823424770573,1.686500504222927,0.5562431677794673
044_GHL_id_13_Sensor_tr_50000_1st_145001.csv,13,2,146359,147000,642,C_level,642,642,1.3044904470399998,1.3044904470399998,1.3044904470399998,0.13583416287808137,0.0,0.0
044_GHL_id_13_Sensor_tr_50000_1st_145001.csv,13,2,146359,147000,642,HT_temperature.T,642,642,347.31080570400627,328.96652045800306,329.04247690360273,10.974896846555696,-1.6714767803726815,-1.6645558546763721
044_GHL_id_13_Sensor_tr_50000_1st_145001.csv,13,2,146359,147000,642,heater_act,642,642,0.764797507788162,1.0,0.6495327102803738,0.47894950900500205,0.49107993178751036,-0.24066168842566737
044_GHL_id_13_Sensor_tr_50000_1st_145001.csv,13,2,146359,147000,642,HT_level,642,642,0.4998743508325297,0.600000023842,0.45084625256262933,0.22889864178067842,0.43742362222230563,-0.21419130270277933
044_GHL_id_13_Sensor_tr_50000_1st_145001.csv,13,2,146359,147000,642,limiter1.y,642,642,89.52038039453129,105.965148926,94.94420998117056,9.750823515041322,1.6865004792776235,0.5562432319970347
044_GHL_id_13_Sensor_tr_50000_1st_145001.csv,13,2,146359,147000,642,dL_rand,642,642,1.0437940359100004,1.0437940359100004,1.0437940359100004,0.9328480964046898,0.0,0.0
045_GHL_id_14_Sensor_tr_50000_1st_85076.csv,14,1,85076,86538,1463,RT_level_ini,1463,1463,1.3018571481459806,1.1742836236999998,1.1742836236999998,0.47634846683472576,-0.2678155454003882,-0.2678155454003882
045_GHL_id_14_Sensor_tr_50000_1st_85076.csv,14,1,85076,86538,1463,RT_temperature.T,1463,1463,300.6672198491504,312.820526123,323.00257780711763,13.63812326727883,0.8911274693497098,1.6377149201719845
045_GHL_id_14_Sensor_tr_50000_1st_85076.csv,14,1,85076,86538,1463,C_temperature.T,1463,1463,329.54486084000007,329.54486084000007,329.63439943511344,20.717635891627737,0.0,0.004321853882447625
045_GHL_id_14_Sensor_tr_50000_1st_85076.csv,14,1,85076,86538,1463,RT_level,1463,1463,0.7579615027307771,0.6742835640909998,1.0063312862403964,0.4901865615842382,-0.17070630898027456,0.5066841953131289
045_GHL_id_14_Sensor_tr_50000_1st_85076.csv,14,1,85076,86538,1463,out_valve_act,1463,1463,0.0,0.0,0.05741626794258373,0.15814944671648998,0.0,0.36305070384161536
045_GHL_id_14_Sensor_tr_50000_1st_85076.csv,14,1,85076,86538,1463,dT_rand,1463,1463,-2.1514327526099994,-2.1514327526099994,-0.25275112575549546,0.9328480964046898,0.0,2.035359919982958
045_GHL_id_14_Sensor_tr_50000_1st_85076.csv,14,1,85076,86538,1463,inv_valve_act,1463,1463,0.01572112098427888,0.0,0.03144224196855776,0.17444244614388257,-0.09012210807518646,0.09012210807518646
045_GHL_id_14_Sensor_tr_50000_1st_85076.csv,14,1,85076,86538,1463,limiter.y,1463,1463,274.0,274.0,286.1351550529248,8.303377625378504,0.0,1.461472138257909
045_GHL_id_14_Sensor_tr_50000_1st_85076.csv,14,1,85076,86538,1463,inj_valve_act,1463,1463,0.1825017088174983,0.0,0.47915242652084755,0.32651863396259256,-0.5589319868292923,0.908526150876078
045_GHL_id_14_Sensor_tr_50000_1st_85076.csv,14,1,85076,86538,1463,Relaxing.active,1463,1463,0.059466848940533154,0.0,0.13807245386192754,0.34087857818653733,-0.17445170434849502,0.2305970804606543
045_GHL_id_14_Sensor_tr_50000_1st_85076.csv,14,1,85076,86538,1463,boundary.m_flow_in,1463,1463,3.650034176349966,0.0,9.583048530416951,6.530372679251851,-0.5589319868292923,0.9085261508760781
045_GHL_id_14_Sensor_tr_50000_1st_85076.csv,14,1,85076,86538,1463,dir_valve_act,1463,1463,0.03007518796992481,0.0,0.015037593984962405,0.1690504614004931,-0.17790657133241689,-0.08895328566620844
045_GHL_id_14_Sensor_tr_50000_1st_85076.csv,14,1,85076,86538,1463,dt_rand,1463,1463,-0.3758521871006165,-1.2398144006699998,-0.19827555668994742,0.9750823424770573,-0.8860402613533241,0.18211449707884264
045_GHL_id_14_Sensor_tr_50000_1st_85076.csv,14,1,85076,86538,1463,C_level,1463,1463,0.7436330914500002,0.7436330914500002,0.7591800384951771,0.13583416287808137,0.0,0.11445535287857692
045_GHL_id_14_Sensor_tr_50000_1st_85076.csv,14,1,85076,86538,1463,HT_temperature.T,1463,1463,317.0951717269802,335.66896646412715,325.64566845219684,10.974896846555696,1.6923890034534637,0.7790958625638554
045_GHL_id_14_Sensor_tr_50000_1st_85076.csv,14,1,85076,86538,1463,heater_act,1463,1463,0.7122351332877649,1.0,0.21052631578947367,0.47894950900500205,0.6008250583867489,-1.0475192229355672
045_GHL_id_14_Sensor_tr_50000_1st_85076.csv,14,1,85076,86538,1463,HT_level,1463,1463,0.4674398974858066,0.600000023842,0.2168326109076808,0.22889864178067842,0.5791215069035108,-1.0948395526883368
045_GHL_id_14_Sensor_tr_50000_1st_85076.csv,14,1,85076,86538,1463,limiter1.y,1463,1463,96.24147504071504,87.60185241700002,98.01724323487365,9.750823515041322,-0.8860403031998076,0.18211468922797708
045_GHL_id_14_Sensor_tr_50000_1st_85076.csv,14,1,85076,86538,1463,dL_rand,1463,1463,-2.1514327526099994,-2.1514327526099994,-0.25275112575549546,0.9328480964046898,0.0,2.035359919982958
045_GHL_id_14_Sensor_tr_50000_1st_85076.csv,14,2,86693,87000,308,RT_level_ini,308,308,1.1742836237,1.1742836237,1.1742836237,0.47634846683472576,0.0,0.0
045_GHL_id_14_Sensor_tr_50000_1st_85076.csv,14,2,86693,87000,308,RT_temperature.T,308,308,320.8171675048701,329.842834473,333.8226180632923,13.63812326727883,0.661796846328897,0.9536099874991903
045_GHL_id_14_Sensor_tr_50000_1st_85076.csv,14,2,86693,87000,308,C_temperature.T,308,308,329.54486084000007,329.54486084000007,329.6208725967889,20.717635891627737,0.0,0.0036689396988363633
045_GHL_id_14_Sensor_tr_50000_1st_85076.csv,14,2,86693,87000,308,RT_level,308,308,0.8873647882972012,0.6742835640909999,0.827403931069526,0.4901865615842382,-0.43469413669265494,-0.12232252355896331
045_GHL_id_14_Sensor_tr_50000_1st_85076.csv,14,2,86693,87000,308,out_valve_act,308,308,0.0,0.0,0.2727272727272727,0.15814944671648998,0.0,1.7244908432476729
045_GHL_id_14_Sensor_tr_50000_1st_85076.csv,14,2,86693,87000,308,dT_rand,308,308,-2.1514327526099994,-2.1514327526099994,-0.9354231713661038,0.9328480964046898,0.0,1.3035451172924561
045_GHL_id_14_Sensor_tr_50000_1st_85076.csv,14,2,86693,87000,308,inv_valve_act,308,308,0.07467532467532467,0.0,0.07467532467532467,0.17444244614388257,-0.4280800133571357,0.0
045_GHL_id_14_Sensor_tr_50000_1st_85076.csv,14,2,86693,87000,308,limiter.y,308,308,274.0,274.0,281.7719532361428,8.303377625378504,0.0,0.9359990098955078
045_GHL_id_14_Sensor_tr_50000_1st_85076.csv,14,2,86693,87000,308,inj_valve_act,308,308,0.0,0.0,0.025974025974025976,0.32651863396259256,0.0,0.07954837265735247
045_GHL_id_14_Sensor_tr_50000_1st_85076.csv,14,2,86693,87000,308,Relaxing.active,308,308,0.3538961038961039,0.0,0.30194805194805197,0.34087857818653733,-1.0381881600739458,-0.1523945923044323
045_GHL_id_14_Sensor_tr_50000_1st_85076.csv,14,2,86693,87000,308,boundary.m_flow_in,308,308,0.0,0.0,0.5194805194805194,6.530372679251851,0.0,0.07954837265735246
045_GHL_id_14_Sensor_tr_50000_1st_85076.csv,14,2,86693,87000,308,dir_valve_act,308,308,0.07142857142857142,0.0,0.0,0.1690504614004931,-0.42252810691449005,-0.42252810691449005
045_GHL_id_14_Sensor_tr_50000_1st_85076.csv,14,2,86693,87000,308,dt_rand,308,308,-0.18370613455650003,0.8724021315569999,-0.6924344897269998,0.9750823424770573,1.083096493605461,-0.5217286099942576
045_GHL_id_14_Sensor_tr_50000_1st_85076.csv,14,2,86693,87000,308,C_level,308,308,0.7436330914500001,0.7436330914500001,0.7567955745118409,0.13583416287808137,0.0,0.0969011240099798
045_GHL_id_14_Sensor_tr_50000_1st_85076.csv,14,2,86693,87000,308,HT_temperature.T,308,308,349.16197591014287,335.8007017853993,331.93413731958447,10.974896846555696,-1.2174396089141173,-1.5697494775055767
045_GHL_id_14_Sensor_tr_50000_1st_85076.csv,14,2,86693,87000,308,heater_act,308,308,0.5,1.0,0.0,0.47894950900500205,1.0439513781708003,-1.0439513781708003
045_GHL_id_14_Sensor_tr_50000_1st_85076.csv,14,2,86693,87000,308,HT_level,308,308,0.3869188114420422,0.600000023842,0.11803607509594156,0.22889864178067842,0.9308976704375719,-1.1746803487096853
045_GHL_id_14_Sensor_tr_50000_1st_85076.csv,14,2,86693,87000,308,limiter1.y,308,308,98.1629371645,108.72402191199998,93.07565307619997,9.750823515041322,1.083096697546498,-0.5217286601949604
045_GHL_id_14_Sensor_tr_50000_1st_85076.csv,14,2,86693,87000,308,dL_rand,308,308,-2.1514327526099994,-2.1514327526099994,-0.9354231713661038,0.9328480964046898,0.0,1.3035451172924561
046_GHL_id_15_Sensor_tr_50000_1st_156462.csv,15,1,156462,157700,1239,RT_level_ini,1239,1239,2.20178079605,2.20178079605,2.9900000095400006,0.47634846683472576,0.0,1.6547113476141022
046_GHL_id_15_Sensor_tr_50000_1st_156462.csv,15,1,156462,157700,1239,RT_temperature.T,1239,1239,329.5228271237708,294.294421573908,283.4204411419766,13.63812326727883,-2.5830830869804737,-3.3804054324985486
046_GHL_id_15_Sensor_tr_50000_1st_156462.csv,15,1,156462,157700,1239,C_temperature.T,1239,1239,329.89109579357466,329.916137695,329.916137695,20.717635891627737,0.001208723888975716,0.001208723888975716
046_GHL_id_15_Sensor_tr_50000_1st_156462.csv,15,1,156462,157700,1239,RT_level,1239,1239,1.6946514952647211,1.7445246273707442,2.4945675672527687,0.4901865615842382,0.10174316477554517,1.6318604683955267
046_GHL_id_15_Sensor_tr_50000_1st_156462.csv,15,1,156462,157700,1239,out_valve_act,1239,1239,0.17191283292978207,0.0,0.0,0.15814944671648998,-1.0870277228219793,-1.0870277228219793
046_GHL_id_15_Sensor_tr_50000_1st_156462.csv,15,1,156462,157700,1239,dT_rand,1239,1239,-0.2169558133172298,-1.58964812756,-1.58964812756,0.9328480964046898,-1.4715067968014233,-1.4715067968014233
046_GHL_id_15_Sensor_tr_50000_1st_156462.csv,15,1,156462,157700,1239,inv_valve_act,1239,1239,0.05649717514124294,0.0,0.0,0.17444244614388257,-0.32387286689756273,-0.32387286689756273
046_GHL_id_15_Sensor_tr_50000_1st_156462.csv,15,1,156462,157700,1239,limiter.y,1239,1239,281.38705759640516,274.0,274.0,8.303377625378504,-0.8896449047225433,-0.8896449047225433
046_GHL_id_15_Sensor_tr_50000_1st_156462.csv,15,1,156462,157700,1239,inj_valve_act,1239,1239,0.0,1.0,0.0,0.32651863396259256,3.0626123473080695,0.0
046_GHL_id_15_Sensor_tr_50000_1st_156462.csv,15,1,156462,157700,1239,Relaxing.active,1239,1239,0.2566585956416465,0.0,0.0,0.34087857818653733,-0.7529326043515603,-0.7529326043515603
046_GHL_id_15_Sensor_tr_50000_1st_156462.csv,15,1,156462,157700,1239,boundary.m_flow_in,1239,1239,0.0,20.0,0.0,6.530372679251851,3.0626123473080695,0.0
046_GHL_id_15_Sensor_tr_50000_1st_156462.csv,15,1,156462,157700,1239,dir_valve_act,1239,1239,0.03551251008878128,0.0,0.01775625504439064,0.1690504614004931,-0.21007047123432276,-0.10503523561716138
046_GHL_id_15_Sensor_tr_50000_1st_156462.csv,15,1,156462,157700,1239,dt_rand,1239,1239,0.8099954675750441,1.7056185007099995,1.7056185007099995,0.9750823424770573,0.9185101545985882,0.9185101545985882
046_GHL_id_15_Sensor_tr_50000_1st_156462.csv,15,1,156462,157700,1239,C_level,1239,1239,1.4221077001920743,1.4787902832000002,1.4787902832000002,0.13583416287808137,0.41729254119084586,0.41729254119084586
046_GHL_id_15_Sensor_tr_50000_1st_156462.csv,15,1,156462,157700,1239,HT_temperature.T,1239,1239,327.976317103201,303.97636363081523,308.1435624954625,10.974896846555696,-2.1868044691388397,-1.807101687152776
046_GHL_id_15_Sensor_tr_50000_1st_156462.csv,15,1,156462,157700,1239,heater_act,1239,1239,0.3987086359967716,0.0,0.9822437449556094,0.47894950900500205,-0.8324648600748593,1.2183645624172537
046_GHL_id_15_Sensor_tr_50000_1st_156462.csv,15,1,156462,157700,1239,HT_level,1239,1239,0.32241264144387005,0.10000000149000002,0.5954324654917507,0.22889864178067842,-0.971664306190934,1.192754233594262
046_GHL_id_15_Sensor_tr_50000_1st_156462.csv,15,1,156462,157700,1239,limiter1.y,1239,1239,108.0999538859771,117.056182861,117.056182861,9.750823515041322,0.918510006996567,0.918510006996567
046_GHL_id_15_Sensor_tr_50000_1st_156462.csv,15,1,156462,157700,1239,dL_rand,1239,1239,-0.2169558133172298,-1.58964812756,-1.58964812756,0.9328480964046898,-1.4715067968014233,-1.4715067968014233
047_GHL_id_16_Sensor_tr_50000_1st_77001.csv,16,1,77001,78036,1036,RT_level_ini,1036,1036,2.2177527133819686,2.2305598259,2.2305598259,0.47634846683472576,0.026886016035976696,0.026886016035976696
047_GHL_id_16_Sensor_tr_50000_1st_77001.csv,16,1,77001,78036,1036,RT_temperature.T,1036,1036,293.4074832814653,293.40618896500007,306.57257984421045,13.63812326727883,-9.490429437265293e-05,0.9653158506296389
047_GHL_id_16_Sensor_tr_50000_1st_77001.csv,16,1,77001,78036,1036,C_temperature.T,1036,1036,329.565979004,329.565979004,329.565979004,20.717635891627737,0.0,0.0
047_GHL_id_16_Sensor_tr_50000_1st_77001.csv,16,1,77001,78036,1036,RT_level,1036,1036,1.7435234841482525,1.7305597066899996,1.786372310753706,0.4901865615842382,-0.02644661945924262,0.08741330334917775
047_GHL_id_16_Sensor_tr_50000_1st_77001.csv,16,1,77001,78036,1036,out_valve_act,1036,1036,0.0,0.0,0.0,0.15814944671648998,0.0,0.0
047_GHL_id_16_Sensor_tr_50000_1st_77001.csv,16,1,77001,78036,1036,dT_rand,1036,1036,-0.03888058289889999,-0.03888058289889999,-0.03888058289889999,0.9328480964046898,0.0,0.0
047_GHL_id_16_Sensor_tr_50000_1st_77001.csv,16,1,77001,78036,1036,inv_valve_act,1036,1036,0.0,0.0,0.023166023166023165,0.17444244614388257,0.0,0.13280038017189638
047_GHL_id_16_Sensor_tr_50000_1st_77001.csv,16,1,77001,78036,1036,limiter.y,1036,1036,282.611206055,282.611206055,282.611206055,8.303377625378504,0.0,0.0
047_GHL_id_16_Sensor_tr_50000_1st_77001.csv,16,1,77001,78036,1036,inj_valve_act,1036,1036,0.016409266409266408,0.0,0.0,0.32651863396259256,-0.05025522191528685,-0.05025522191528685
047_GHL_id_16_Sensor_tr_50000_1st_77001.csv,16,1,77001,78036,1036,Relaxing.active,1036,1036,0.0,0.0,0.08976833976833977,0.34087857818653733,0.0,0.26334403366120673
047_GHL_id_16_Sensor_tr_50000_1st_77001.csv,16,1,77001,78036,1036,boundary.m_flow_in,1036,1036,0.3281853281853282,0.0,0.0,6.530372679251851,-0.05025522191528686,-0.05025522191528686
047_GHL_id_16_Sensor_tr_50000_1st_77001.csv,16,1,77001,78036,1036,dir_valve_act,1036,1036,0.02027027027027027,0.0,0.021235521235521235,0.1690504614004931,-0.11990662493519315,0.005709839282628233
047_GHL_id_16_Sensor_tr_50000_1st_77001.csv,16,1,77001,78036,1036,dt_rand,1036,1036,-0.6506240963940002,-0.6506240963940002,-0.6924955248830001,0.9750823424770573,0.0,-0.042941428292744555
047_GHL_id_16_Sensor_tr_50000_1st_77001.csv,16,1,77001,78036,1036,C_level,1036,1036,0.752963662148,0.752963662148,0.752963662148,0.13583416287808137,0.0,0.0
047_GHL_id_16_Sensor_tr_50000_1st_77001.csv,16,1,77001,78036,1036,HT_temperature.T,1036,1036,311.9077081569807,341.32624952397106,329.0666807314652,10.974896846555696,2.680530102314624,1.5634746106857154
047_GHL_id_16_Sensor_tr_50000_1st_77001.csv,16,1,77001,78036,1036,heater_act,1036,1036,0.9633204633204633,1.0,0.8658301158301158,0.47894950900500205,0.07658330573453755,-0.2035503652417969
047_GHL_id_16_Sensor_tr_50000_1st_77001.csv,16,1,77001,78036,1036,HT_level,1036,1036,0.5867708676772886,0.600000023842,0.5441874278113513,0.22889864178067842,0.057794821593511604,-0.18603622780225593
047_GHL_id_16_Sensor_tr_50000_1st_77001.csv,16,1,77001,78036,1036,limiter1.y,1036,1036,93.49375915530001,93.49375915530001,93.07504272460002,9.750823515041322,0.0,-0.04294164795969165
047_GHL_id_16_Sensor_tr_50000_1st_77001.csv,16,1,77001,78036,1036,dL_rand,1036,1036,-0.03888058289889999,-0.03888058289889999,-0.03888058289889999,0.9328480964046898,0.0,0.0
047_GHL_id_16_Sensor_tr_50000_1st_77001.csv,16,2,78176,79705,1530,RT_level_ini,1530,1530,2.2305598258999995,2.2305598258999995,2.2305598258999995,0.47634846683472576,0.0,0.0
047_GHL_id_16_Sensor_tr_50000_1st_77001.csv,16,2,78176,79705,1530,RT_temperature.T,1530,1530,294.5189813552693,306.71478271500007,320.03344802342286,13.63812326727883,0.8942433735726264,1.8708194791998212
047_GHL_id_16_Sensor_tr_50000_1st_77001.csv,16,2,78176,79705,1530,C_temperature.T,1530,1530,329.565979004,329.565979004,329.565979004,20.717635891627737,0.0,0.0
047_GHL_id_16_Sensor_tr_50000_1st_77001.csv,16,2,78176,79705,1530,RT_level,1530,1530,1.7683517706181042,1.7305597066899994,1.8467538992584374,0.4901865615842382,-0.07709730720883975,0.15994344762725568
047_GHL_id_16_Sensor_tr_50000_1st_77001.csv,16,2,78176,79705,1530,out_valve_act,1530,1530,0.0,0.0,0.0,0.15814944671648998,0.0,0.0
047_GHL_id_16_Sensor_tr_50000_1st_77001.csv,16,2,78176,79705,1530,dT_rand,1530,1530,-0.0388805828989,-0.0388805828989,-0.0388805828989,0.9328480964046898,0.0,0.0
047_GHL_id_16_Sensor_tr_50000_1st_77001.csv,16,2,78176,79705,1530,inv_valve_act,1530,1530,0.01568627450980392,0.0,0.046405228758169936,0.17444244614388257,-0.08992234892685272,0.17609793331508658
047_GHL_id_16_Sensor_tr_50000_1st_77001.csv,16,2,78176,79705,1530,limiter.y,1530,1530,282.61120605499997,282.61120605499997,282.61120605499997,8.303377625378504,0.0,0.0
047_GHL_id_16_Sensor_tr_50000_1st_77001.csv,16,2,78176,79705,1530,inj_valve_act,1530,1530,0.0,0.0,0.0,0.32651863396259256,0.0,0.0
047_GHL_id_16_Sensor_tr_50000_1st_77001.csv,16,2,78176,79705,1530,Relaxing.active,1530,1530,0.060784313725490195,0.0,0.1869281045751634,0.34087857818653733,-0.1783166136424903,0.3700549078817272
047_GHL_id_16_Sensor_tr_50000_1st_77001.csv,16,2,78176,79705,1530,boundary.m_flow_in,1530,1530,0.0,0.0,0.0,6.530372679251851,0.0,0.0
047_GHL_id_16_Sensor_tr_50000_1st_77001.csv,16,2,78176,79705,1530,dir_valve_act,1530,1530,0.01437908496732026,0.0,0.043137254901960784,0.1690504614004931,-0.08505794570566205,0.17011589141132413
047_GHL_id_16_Sensor_tr_50000_1st_77001.csv,16,2,78176,79705,1530,dt_rand,1530,1530,-0.6544281019887523,-0.692495524883,-0.39276110218055177,0.9750823424770573,-0.039040213565495245,0.26835374655998073
047_GHL_id_16_Sensor_tr_50000_1st_77001.csv,16,2,78176,79705,1530,C_level,1530,1530,0.752963662148,0.752963662148,0.752963662148,0.13583416287808137,0.0,0.0
047_GHL_id_16_Sensor_tr_50000_1st_77001.csv,16,2,78176,79705,1530,HT_temperature.T,1530,1530,337.3964319166784,334.7210493698595,329.62276984321375,10.974896846555696,-0.24377291050881736,-0.7083129966642291
047_GHL_id_16_Sensor_tr_50000_1st_77001.csv,16,2,78176,79705,1530,heater_act,1530,1530,0.9091503267973856,1.0,0.7235294117647059,0.47894950900500205,0.18968528309247223,-0.3875584201313821
047_GHL_id_16_Sensor_tr_50000_1st_77001.csv,16,2,78176,79705,1530,HT_level,1530,1530,0.5622079653532732,0.600000023842,0.4838058472751804,0.22889864178067842,0.16510390011373527,-0.34251893094767516
047_GHL_id_16_Sensor_tr_50000_1st_77001.csv,16,2,78176,79705,1530,limiter1.y,1530,1530,93.45571890440637,93.07504272460001,96.07239100648941,9.750823515041322,-0.03904041327577493,0.2683539598523802
047_GHL_id_16_Sensor_tr_50000_1st_77001.csv,16,2,78176,79705,1530,dL_rand,1530,1530,-0.0388805828989,-0.0388805828989,-0.0388805828989,0.9328480964046898,0.0,0.0
047_GHL_id_16_Sensor_tr_50000_1st_77001.csv,16,3,79839,80000,162,RT_level_ini,162,162,2.2305598258999995,2.2305598258999995,2.2305598258999995,0.47634846683472576,0.0,0.0
047_GHL_id_16_Sensor_tr_50000_1st_77001.csv,16,3,79839,80000,162,RT_temperature.T,162,162,314.504922749105,317.038238525,317.038238525,13.63812326727883,0.18575252080123406,0.18575252080123406
047_GHL_id_16_Sensor_tr_50000_1st_77001.csv,16,3,79839,80000,162,C_temperature.T,162,162,329.565979004,329.565979004,329.565979004,20.717635891627737,0.0,0.0
047_GHL_id_16_Sensor_tr_50000_1st_77001.csv,16,3,79839,80000,162,RT_level,162,162,2.0716748745372837,1.73055970669,1.73055970669,0.4901865615842382,-0.6958884526430725,-0.6958884526430725
047_GHL_id_16_Sensor_tr_50000_1st_77001.csv,16,3,79839,80000,162,out_valve_act,162,162,0.0,0.0,0.0,0.15814944671648998,0.0,0.0
047_GHL_id_16_Sensor_tr_50000_1st_77001.csv,16,3,79839,80000,162,dT_rand,162,162,-0.0388805828989,-0.0388805828989,-0.0388805828989,0.9328480964046898,0.0,0.0
047_GHL_id_16_Sensor_tr_50000_1st_77001.csv,16,3,79839,80000,162,inv_valve_act,162,162,0.14814814814814814,0.0,0.0,0.17444244614388257,-0.8492666287536089,-0.8492666287536089
047_GHL_id_16_Sensor_tr_50000_1st_77001.csv,16,3,79839,80000,162,limiter.y,162,162,282.61120605499997,282.61120605499997,282.61120605499997,8.303377625378504,0.0,0.0
047_GHL_id_16_Sensor_tr_50000_1st_77001.csv,16,3,79839,80000,162,inj_valve_act,162,162,0.0,0.0,0.0,0.32651863396259256,0.0,0.0
047_GHL_id_16_Sensor_tr_50000_1st_77001.csv,16,3,79839,80000,162,Relaxing.active,162,162,0.5370370370370371,0.0,0.0,0.34087857818653733,-1.5754496509990632,-1.5754496509990632
047_GHL_id_16_Sensor_tr_50000_1st_77001.csv,16,3,79839,80000,162,boundary.m_flow_in,162,162,0.0,0.0,0.0,6.530372679251851,0.0,0.0
047_GHL_id_16_Sensor_tr_50000_1st_77001.csv,16,3,79839,80000,162,dir_valve_act,162,162,0.13580246913580246,0.0,0.0,0.1690504614004931,-0.8033250427756972,-0.8033250427756972
047_GHL_id_16_Sensor_tr_50000_1st_77001.csv,16,3,79839,80000,162,dt_rand,162,162,-1.1142266624463397,-1.2061830759,-1.2061830759,0.9750823424770573,-0.09430630568087021,-0.09430630568087021
047_GHL_id_16_Sensor_tr_50000_1st_77001.csv,16,3,79839,80000,162,C_level,162,162,0.7529636621479999,0.7529636621479999,0.7529636621479999,0.13583416287808137,0.0,0.0
047_GHL_id_16_Sensor_tr_50000_1st_77001.csv,16,3,79839,80000,162,HT_temperature.T,162,162,347.228945320037,324.07724074378393,328.65666952254935,10.974896846555696,-2.1095145494254792,-1.6922506021836787
047_GHL_id_16_Sensor_tr_50000_1st_77001.csv,16,3,79839,80000,162,heater_act,162,162,0.17901234567901234,1.0,1.0,0.47894950900500205,1.7141423863792151,1.7141423863792151
047_GHL_id_16_Sensor_tr_50000_1st_77001.csv,16,3,79839,80000,162,HT_level,162,162,0.2588849015257531,0.600000023842,0.600000023842,0.22889864178067842,1.4902452878820043,1.4902452878820043
047_GHL_id_16_Sensor_tr_50000_1st_77001.csv,16,3,79839,80000,162,limiter1.y,162,162,88.85773477434876,87.93817138669999,87.93817138669999,9.750823515041322,-0.09430622821039417,-0.09430622821039417
047_GHL_id_16_Sensor_tr_50000_1st_77001.csv,16,3,79839,80000,162,dL_rand,162,162,-0.0388805828989,-0.0388805828989,-0.0388805828989,0.9328480964046898,0.0,0.0
048_GHL_id_17_Sensor_tr_50000_1st_154001.csv,17,1,154001,155035,1035,RT_level_ini,1035,1035,2.1505858898199994,2.1505858898199994,2.1505858898199994,0.47634846683472576,0.0,0.0
048_GHL_id_17_Sensor_tr_50000_1st_154001.csv,17,1,154001,155035,1035,RT_temperature.T,1035,1035,300.1380144646464,301.834228516,313.5514156912734,13.63812326727883,0.1243729813927714,0.983522509934267
048_GHL_id_17_Sensor_tr_50000_1st_154001.csv,17,1,154001,155035,1035,C_temperature.T,1035,1035,329.950134277,329.950134277,329.950134277,20.717635891627737,0.0,0.0
048_GHL_id_17_Sensor_tr_50000_1st_154001.csv,17,1,154001,155035,1035,RT_level,1035,1035,1.7163191016786958,1.6505860090300004,1.7179236823275366,0.4901865615842382,-0.13409811243346223,0.0032734080747845624
048_GHL_id_17_Sensor_tr_50000_1st_154001.csv,17,1,154001,155035,1035,out_valve_act,1035,1035,0.0,0.0,0.0,0.15814944671648998,0.0,0.0
048_GHL_id_17_Sensor_tr_50000_1st_154001.csv,17,1,154001,155035,1035,dT_rand,1035,1035,-0.19882808625700002,-0.19882808625700002,-0.19882808625700002,0.9328480964046898,0.0,0.0
048_GHL_id_17_Sensor_tr_50000_1st_154001.csv,17,1,154001,155035,1035,inv_valve_act,1035,1035,0.02318840579710145,0.0,0.02318840579710145,0.17444244614388257,-0.13292868971795618,0.0
048_GHL_id_17_Sensor_tr_50000_1st_154001.csv,17,1,154001,155035,1035,limiter.y,1035,1035,281.01171875,281.01171875,281.01171875,8.303377625378504,0.0,0.0
048_GHL_id_17_Sensor_tr_50000_1st_154001.csv,17,1,154001,155035,1035,inj_valve_act,1035,1035,0.0,0.0,0.0,0.32651863396259256,0.0,0.0
048_GHL_id_17_Sensor_tr_50000_1st_154001.csv,17,1,154001,155035,1035,Relaxing.active,1035,1035,0.10917874396135266,0.0,0.11207729468599034,0.34087857818653733,-0.3202863158552818,0.00850317652713138
048_GHL_id_17_Sensor_tr_50000_1st_154001.csv,17,1,154001,155035,1035,boundary.m_flow_in,1035,1035,0.0,0.0,0.0,6.530372679251851,0.0,0.0
048_GHL_id_17_Sensor_tr_50000_1st_154001.csv,17,1,154001,155035,1035,dir_valve_act,1035,1035,0.021256038647342997,0.0,0.021256038647342997,0.1690504614004931,-0.12573783278228307,0.0
048_GHL_id_17_Sensor_tr_50000_1st_154001.csv,17,1,154001,155035,1035,dt_rand,1035,1035,1.2935166238039515,1.3492842912699996,1.6812341213199995,0.9750823424770573,0.057192777508798205,0.397625390827104
048_GHL_id_17_Sensor_tr_50000_1st_154001.csv,17,1,154001,155035,1035,C_level,1035,1035,1.3862254619599998,1.3862254619599998,1.3862254619599998,0.13583416287808137,0.0,0.0
048_GHL_id_17_Sensor_tr_50000_1st_154001.csv,17,1,154001,155035,1035,HT_temperature.T,1035,1035,321.3019436011517,341.34595670101737,333.29789210518743,10.974896846555696,1.8263509334173067,1.0930351940210221
048_GHL_id_17_Sensor_tr_50000_1st_154001.csv,17,1,154001,155035,1035,heater_act,1035,1035,0.8463768115942029,1.0,0.8434782608695652,0.47894950900500205,0.32075027851044885,-0.006051892047366846
048_GHL_id_17_Sensor_tr_50000_1st_154001.csv,17,1,154001,155035,1035,HT_level,1035,1035,0.5342669110944349,0.600000023842,0.5326623314245836,0.22889864178067842,0.2871712660075456,-0.007010000834293831
048_GHL_id_17_Sensor_tr_50000_1st_154001.csv,17,1,154001,155035,1035,limiter1.y,1035,1035,112.93516711541253,113.49284362799996,116.81233978299997,9.750823515041322,0.05719276035784873,0.39762515049181607
048_GHL_id_17_Sensor_tr_50000_1st_154001.csv,17,1,154001,155035,1035,dL_rand,1035,1035,-0.19882808625700002,-0.19882808625700002,-0.19882808625700002,0.9328480964046898,0.0,0.0
048_GHL_id_17_Sensor_tr_50000_1st_154001.csv,17,2,155198,156558,1361,RT_level_ini,1361,1361,2.15058588982,2.15058588982,2.15058588982,0.47634846683472576,0.0,0.0
048_GHL_id_17_Sensor_tr_50000_1st_154001.csv,17,2,155198,156558,1361,RT_temperature.T,1361,1361,303.14915371043503,313.67578125,323.29229521069504,13.63812326727883,0.7718530866208627,1.4769731219975335
048_GHL_id_17_Sensor_tr_50000_1st_154001.csv,17,2,155198,156558,1361,C_temperature.T,1361,1361,329.95013427699996,329.95013427699996,329.95013427699996,20.717635891627737,0.0,0.0
048_GHL_id_17_Sensor_tr_50000_1st_154001.csv,17,2,155198,156558,1361,RT_level,1361,1361,1.7017943057698603,1.6505860090300002,1.727550079246745,0.4901865615842382,-0.10446695350921009,0.052542797978068656
048_GHL_id_17_Sensor_tr_50000_1st_154001.csv,17,2,155198,156558,1361,out_valve_act,1361,1361,0.0,0.0,0.0,0.15814944671648998,0.0,0.0
048_GHL_id_17_Sensor_tr_50000_1st_154001.csv,17,2,155198,156558,1361,dT_rand,1361,1361,-0.19882808625700002,-0.19882808625700002,-0.19882808625700002,0.9328480964046898,0.0,0.0
048_GHL_id_17_Sensor_tr_50000_1st_154001.csv,17,2,155198,156558,1361,inv_valve_act,1361,1361,0.01763409257898604,0.0,0.03526818515797208,0.17444244614388257,-0.10108831290087043,0.10108831290087043
048_GHL_id_17_Sensor_tr_50000_1st_154001.csv,17,2,155198,156558,1361,limiter.y,1361,1361,281.01171875,281.01171875,281.01171875,8.303377625378504,0.0,0.0
048_GHL_id_17_Sensor_tr_50000_1st_154001.csv,17,2,155198,156558,1361,inj_valve_act,1361,1361,0.0,0.0,0.0,0.32651863396259256,0.0,0.0
048_GHL_id_17_Sensor_tr_50000_1st_154001.csv,17,2,155198,156558,1361,Relaxing.active,1361,1361,0.0852314474650992,0.0,0.12049963262307127,0.34087857818653733,-0.25003462499323853,0.10346260344547799
048_GHL_id_17_Sensor_tr_50000_1st_154001.csv,17,2,155198,156558,1361,boundary.m_flow_in,1361,1361,0.0,0.0,0.0,6.530372679251851,0.0,0.0
048_GHL_id_17_Sensor_tr_50000_1st_154001.csv,17,2,155198,156558,1361,dir_valve_act,1361,1361,0.016164584864070537,0.0,0.03159441587068332,0.1690504614004931,-0.09561988018344082,0.0912735219932844
048_GHL_id_17_Sensor_tr_50000_1st_154001.csv,17,2,155198,156558,1361,dt_rand,1361,1361,1.3887963210040923,1.6812341213199995,-1.5926783486029756,0.9750823424770573,0.29991087683221784,-3.0576645066026504
048_GHL_id_17_Sensor_tr_50000_1st_154001.csv,17,2,155198,156558,1361,C_level,1361,1361,1.3862254619600003,1.3862254619600003,1.3862254619600003,0.13583416287808137,0.0,0.0
048_GHL_id_17_Sensor_tr_50000_1st_154001.csv,17,2,155198,156558,1361,HT_temperature.T,1361,1361,339.97159898745997,337.0687699832939,341.6907301768839,10.974896846555696,-0.2644971560782423,0.1566421273438626
048_GHL_id_17_Sensor_tr_50000_1st_154001.csv,17,2,155198,156558,1361,heater_act,1361,1361,0.8809698750918442,1.0,0.8126377663482733,0.47894950900500205,0.24852332588342346,-0.1426707981923356
048_GHL_id_17_Sensor_tr_50000_1st_154001.csv,17,2,155198,156558,1361,HT_level,1361,1361,0.5487917125620396,0.600000023842,0.5230359313661587,0.22889864178067842,0.2237160993249849,-0.11252046318631773
048_GHL_id_17_Sensor_tr_50000_1st_154001.csv,17,2,155198,156558,1361,limiter1.y,1361,1361,113.88796366996178,116.81233978299998,84.07321538089155,9.750823515041322,0.2999106802135382,-3.057664641666307
048_GHL_id_17_Sensor_tr_50000_1st_154001.csv,17,2,155198,156558,1361,dL_rand,1361,1361,-0.19882808625700002,-0.19882808625700002,-0.19882808625700002,0.9328480964046898,0.0,0.0
048_GHL_id_17_Sensor_tr_50000_1st_154001.csv,17,3,156689,157791,1103,RT_level_ini,1103,1103,2.15058588982,2.15058588982,2.15058588982,0.47634846683472576,0.0,0.0
048_GHL_id_17_Sensor_tr_50000_1st_154001.csv,17,3,156689,157791,1103,RT_temperature.T,1103,1103,314.6569542836845,322.765197754,323.4986632303835,13.63812326727883,0.5945278035262459,0.6483083319764673
048_GHL_id_17_Sensor_tr_50000_1st_154001.csv,17,3,156689,157791,1103,C_temperature.T,1103,1103,329.950134277,329.950134277,329.97268546720306,20.717635891627737,0.0,0.0010885021013502518
048_GHL_id_17_Sensor_tr_50000_1st_154001.csv,17,3,156689,157791,1103,RT_level,1103,1103,1.6991286733899096,1.65058600903,1.2927553288425524,0.4901865615842382,-0.09902895787886179,-0.829017717731787
048_GHL_id_17_Sensor_tr_50000_1st_154001.csv,17,3,156689,157791,1103,out_valve_act,1103,1103,0.0,0.0,0.18766999093381687,0.15814944671648998,0.0,1.186662330031717
048_GHL_id_17_Sensor_tr_50000_1st_154001.csv,17,3,156689,157791,1103,dT_rand,1103,1103,-0.19882808625700002,-0.19882808625700002,0.41208538072619133,0.9328480964046898,0.0,0.6548906186738509
048_GHL_id_17_Sensor_tr_50000_1st_154001.csv,17,3,156689,157791,1103,inv_valve_act,1103,1103,0.021758839528558477,0.0,0.04261106074342702,0.17444244614388257,-0.12473362997106496,0.11953639538893727
048_GHL_id_17_Sensor_tr_50000_1st_154001.csv,17,3,156689,157791,1103,limiter.y,1103,1103,281.01171875,281.01171875,287.12085453403444,8.303377625378504,0.0,0.7357410513719657
048_GHL_id_17_Sensor_tr_50000_1st_154001.csv,17,3,156689,157791,1103,inj_valve_act,1103,1103,0.0,0.0,0.4215775158658205,0.32651863396259256,0.0,1.2911285054381254
048_GHL_id_17_Sensor_tr_50000_1st_154001.csv,17,3,156689,157791,1103,Relaxing.active,1103,1103,0.07615593834995467,0.0,0.16228467815049863,0.34087857818653733,-0.22341074864575453,0.25266691811126996
048_GHL_id_17_Sensor_tr_50000_1st_154001.csv,17,3,156689,157791,1103,boundary.m_flow_in,1103,1103,0.0,0.0,8.43155031731641,6.530372679251851,0.0,1.2911285054381254
048_GHL_id_17_Sensor_tr_50000_1st_154001.csv,17,3,156689,157791,1103,dir_valve_act,1103,1103,0.019945602901178604,0.0,0.019038984587488667,0.1690504614004931,-0.1179860896914442,-0.005363004076883827
048_GHL_id_17_Sensor_tr_50000_1st_154001.csv,17,3,156689,157791,1103,dt_rand,1103,1103,1.3005537720861828,-1.5486922264099998,-0.44094290594451213,0.9750823424770573,-2.9220568093337436,-1.785999604512037
048_GHL_id_17_Sensor_tr_50000_1st_154001.csv,17,3,156689,157791,1103,C_level,1103,1103,1.38622546196,1.38622546196,1.426288562369157,0.13583416287808137,0.0,0.29494126926755376
048_GHL_id_17_Sensor_tr_50000_1st_154001.csv,17,3,156689,157791,1103,HT_temperature.T,1103,1103,342.6543071674225,340.47591526725745,322.1069177401033,10.974896846555696,-0.19848859908407065,-1.8722170891080079
048_GHL_id_17_Sensor_tr_50000_1st_154001.csv,17,3,156689,157791,1103,heater_act,1103,1103,0.8821396192203083,1.0,0.07615593834995467,0.47894950900500205,0.246081013893389,-1.68281554885556
048_GHL_id_17_Sensor_tr_50000_1st_154001.csv,17,3,156689,157791,1103,HT_level,1103,1103,0.5514573457897725,0.600000023842,0.15338973882020854,0.22889864178067842,0.21207062512297134,-1.7390562210105922
048_GHL_id_17_Sensor_tr_50000_1st_154001.csv,17,3,156689,157791,1103,limiter1.y,1103,1103,113.0055363468223,84.5130767822,95.59056984283819,9.750823515041322,-2.9220567391739474,-1.7859995596392766
048_GHL_id_17_Sensor_tr_50000_1st_154001.csv,17,3,156689,157791,1103,dL_rand,1103,1103,-0.19882808625700002,-0.19882808625700002,0.41208538072619133,0.9328480964046898,0.0,0.6548906186738509
048_GHL_id_17_Sensor_tr_50000_1st_154001.csv,17,4,157917,158000,84,RT_level_ini,84,84,2.1505858898200003,2.1505858898200003,2.1505858898200003,0.47634846683472576,0.0,0.0
048_GHL_id_17_Sensor_tr_50000_1st_154001.csv,17,4,157917,158000,84,RT_temperature.T,84,84,329.7402016772142,329.74017334000007,330.62370191298805,13.63812326727883,-2.077794251979104e-06,0.0647816578908319
048_GHL_id_17_Sensor_tr_50000_1st_154001.csv,17,4,157917,158000,84,C_temperature.T,84,84,329.9501342770001,329.9501342770001,329.9501342770001,20.717635891627737,0.0,0.0
048_GHL_id_17_Sensor_tr_50000_1st_154001.csv,17,4,157917,158000,84,RT_level,84,84,2.0874480690302377,1.6505860090300004,2.083985527359167,0.4901865615842382,-0.8912159047941646,-0.007063722146686151
048_GHL_id_17_Sensor_tr_50000_1st_154001.csv,17,4,157917,158000,84,out_valve_act,84,84,0.0,0.0,0.0,0.15814944671648998,0.0,0.0
048_GHL_id_17_Sensor_tr_50000_1st_154001.csv,17,4,157917,158000,84,dT_rand,84,84,-0.19882808625699994,-0.19882808625699994,-0.19882808625699994,0.9328480964046898,0.0,0.0
048_GHL_id_17_Sensor_tr_50000_1st_154001.csv,17,4,157917,158000,84,inv_valve_act,84,84,0.0,0.0,0.27380952380952384,0.17444244614388257,0.0,1.569626715642831
048_GHL_id_17_Sensor_tr_50000_1st_154001.csv,17,4,157917,158000,84,limiter.y,84,84,281.01171875,281.01171875,281.01171875,8.303377625378504,0.0,0.0
048_GHL_id_17_Sensor_tr_50000_1st_154001.csv,17,4,157917,158000,84,inj_valve_act,84,84,0.0,0.0,0.0,0.32651863396259256,0.0,0.0
048_GHL_id_17_Sensor_tr_50000_1st_154001.csv,17,4,157917,158000,84,Relaxing.active,84,84,0.75,0.0,0.7261904761904762,0.34087857818653733,-2.2001969263952432,-0.06984752147286494
048_GHL_id_17_Sensor_tr_50000_1st_154001.csv,17,4,157917,158000,84,boundary.m_flow_in,84,84,0.0,0.0,0.0,6.530372679251851,0.0,0.0
048_GHL_id_17_Sensor_tr_50000_1st_154001.csv,17,4,157917,158000,84,dir_valve_act,84,84,0.25,0.0,0.0,0.1690504614004931,-1.4788483742007152,-1.4788483742007152
048_GHL_id_17_Sensor_tr_50000_1st_154001.csv,17,4,157917,158000,84,dt_rand,84,84,-2.0163884162899994,-2.0163884162899994,-0.07263405621050001,0.9750823424770573,0.0,1.9934258630319048
048_GHL_id_17_Sensor_tr_50000_1st_154001.csv,17,4,157917,158000,84,C_level,84,84,1.38622546196,1.38622546196,1.38622546196,0.13583416287808137,0.0,0.0
048_GHL_id_17_Sensor_tr_50000_1st_154001.csv,17,4,157917,158000,84,HT_temperature.T,84,84,345.19543202716665,333.12135496594044,332.5697036016309,10.974896846555696,-1.100154036073284,-1.1504188697225084
048_GHL_id_17_Sensor_tr_50000_1st_154001.csv,17,4,157917,158000,84,heater_act,84,84,0.0,1.0,0.0,0.47894950900500205,2.0879027563416006,0.0
048_GHL_id_17_Sensor_tr_50000_1st_154001.csv,17,4,157917,158000,84,HT_level,84,84,0.16313783540604762,0.600000023842,0.16660037734315478,0.22889864178067842,1.9085398892604017,0.01512696584903647
048_GHL_id_17_Sensor_tr_50000_1st_154001.csv,17,4,157917,158000,84,limiter1.y,84,84,79.8361129761,79.8361129761,99.2736587524,9.750823515041322,0.0,1.9934260676871276
048_GHL_id_17_Sensor_tr_50000_1st_154001.csv,17,4,157917,158000,84,dL_rand,84,84,-0.19882808625699994,-0.19882808625699994,-0.19882808625699994,0.9328480964046898,0.0,0.0
049_GHL_id_18_Sensor_tr_50000_1st_109001.csv,18,1,109001,110680,1680,RT_level_ini,1680,1680,2.135294728048286,2.4041643142699995,2.4041643142699995,0.47634846683472576,0.5644388613409784,0.5644388613409784
049_GHL_id_18_Sensor_tr_50000_1st_109001.csv,18,1,109001,110680,1680,RT_temperature.T,1680,1680,308.44288226539885,295.23272705100004,307.1181943802154,13.63812326727883,-0.9686197254202256,-0.097131244469808
049_GHL_id_18_Sensor_tr_50000_1st_109001.csv,18,1,109001,110680,1680,C_temperature.T,1680,1680,329.7814719789964,329.78536987300004,329.78536987300004,20.717635891627737,0.00018814376427909419,0.00018814376427909419
049_GHL_id_18_Sensor_tr_50000_1st_109001.csv,18,1,109001,110680,1680,RT_level,1680,1680,1.505505874646104,1.9041641950599992,1.944553251280035,0.4901865615842382,0.8132787629376617,0.8956740372787249
049_GHL_id_18_Sensor_tr_50000_1st_109001.csv,18,1,109001,110680,1680,out_valve_act,1680,1680,0.11547619047619048,0.0,0.0,0.15814944671648998,-0.730171321327487,-0.730171321327487
049_GHL_id_18_Sensor_tr_50000_1st_109001.csv,18,1,109001,110680,1680,dT_rand,1680,1680,0.19200624474128272,0.308328509331,0.308328509331,0.9328480964046898,0.12469582672466979,0.12469582672466979
049_GHL_id_18_Sensor_tr_50000_1st_109001.csv,18,1,109001,110680,1680,inv_valve_act,1680,1680,0.0,0.0,0.014285714285714285,0.17444244614388257,0.0,0.08189356777266943
049_GHL_id_18_Sensor_tr_50000_1st_109001.csv,18,1,109001,110680,1680,limiter.y,1680,1680,284.92005860480896,286.0832824710001,286.0832824710001,8.303377625378504,0.1400904449577039,0.1400904449577039
049_GHL_id_18_Sensor_tr_50000_1st_109001.csv,18,1,109001,110680,1680,inj_valve_act,1680,1680,0.5636904761904762,0.0,0.0,0.32651863396259256,-1.7263654124409178,-1.7263654124409178
049_GHL_id_18_Sensor_tr_50000_1st_109001.csv,18,1,109001,110680,1680,Relaxing.active,1680,1680,0.05654761904761905,0.0,0.06726190476190476,0.34087857818653733,-0.16588786349805404,0.03143138466278918
049_GHL_id_18_Sensor_tr_50000_1st_109001.csv,18,1,109001,110680,1680,boundary.m_flow_in,1680,1680,11.273809523809524,0.0,0.0,6.530372679251851,-1.7263654124409178,-1.7263654124409178
049_GHL_id_18_Sensor_tr_50000_1st_109001.csv,18,1,109001,110680,1680,dir_valve_act,1680,1680,0.013095238095238096,0.0,0.013095238095238096,0.1690504614004931,-0.07746348626765652,0.0
049_GHL_id_18_Sensor_tr_50000_1st_109001.csv,18,1,109001,110680,1680,dt_rand,1680,1680,0.5465559959410001,0.5465559959410001,1.3132419586200004,0.9750823424770573,0.0,0.7862781729093198
049_GHL_id_18_Sensor_tr_50000_1st_109001.csv,18,1,109001,110680,1680,C_level,1680,1680,1.0027114725173014,1.00982916355,1.00982916355,0.13583416287808137,0.0523998593718075,0.0523998593718075
049_GHL_id_18_Sensor_tr_50000_1st_109001.csv,18,1,109001,110680,1680,HT_temperature.T,1680,1680,309.28107594081007,332.5530856178,335.70297074091076,10.974896846555696,2.120476392841312,2.4074845686037403
049_GHL_id_18_Sensor_tr_50000_1st_109001.csv,18,1,109001,110680,1680,heater_act,1680,1680,0.19166666666666668,1.0,0.9053571428571429,0.47894950900500205,1.6877213947094605,1.4901163124128447
049_GHL_id_18_Sensor_tr_50000_1st_109001.csv,18,1,109001,110680,1680,HT_level,1680,1680,0.19902092453440776,0.600000023842,0.5596109750282678,0.22889864178067842,1.751775791189685,1.5753263002729527
049_GHL_id_18_Sensor_tr_50000_1st_109001.csv,18,1,109001,110680,1680,limiter1.y,1680,1680,105.46556091300002,105.46556091300002,113.13242340100004,9.750823515041322,0.0,0.7862784590628016
049_GHL_id_18_Sensor_tr_50000_1st_109001.csv,18,1,109001,110680,1680,dL_rand,1680,1680,0.19200624474128272,0.308328509331,0.308328509331,0.9328480964046898,0.12469582672466979,0.12469582672466979
049_GHL_id_18_Sensor_tr_50000_1st_109001.csv,18,2,110840,112364,1525,RT_level_ini,1525,1525,2.404164314269999,2.404164314269999,2.404164314269999,0.47634846683472576,0.0,0.0
049_GHL_id_18_Sensor_tr_50000_1st_109001.csv,18,2,110840,112364,1525,RT_temperature.T,1525,1525,296.39206486958886,307.19827270499997,317.0749143710827,13.63812326727883,0.7923529963494184,1.5165466022086043
049_GHL_id_18_Sensor_tr_50000_1st_109001.csv,18,2,110840,112364,1525,C_temperature.T,1525,1525,329.785369873,329.785369873,329.785369873,20.717635891627737,0.0,0.0
049_GHL_id_18_Sensor_tr_50000_1st_109001.csv,18,2,110840,112364,1525,RT_level,1525,1525,1.9486583684696126,1.9041641950599995,1.9749108504461044,0.4901865615842382,-0.09076987599540069,0.05355610298994356
049_GHL_id_18_Sensor_tr_50000_1st_109001.csv,18,2,110840,112364,1525,out_valve_act,1525,1525,0.0,0.0,0.0,0.15814944671648998,0.0,0.0
049_GHL_id_18_Sensor_tr_50000_1st_109001.csv,18,2,110840,112364,1525,dT_rand,1525,1525,0.308328509331,0.308328509331,0.308328509331,0.9328480964046898,0.0,0.0
049_GHL_id_18_Sensor_tr_50000_1st_109001.csv,18,2,110840,112364,1525,inv_valve_act,1525,1525,0.015737704918032787,0.0,0.03081967213114754,0.17444244614388257,-0.09021717630038338,0.0864581272878674
049_GHL_id_18_Sensor_tr_50000_1st_109001.csv,18,2,110840,112364,1525,limiter.y,1525,1525,286.0832824710001,286.0832824710001,286.0832824710001,8.303377625378504,0.0,0.0
049_GHL_id_18_Sensor_tr_50000_1st_109001.csv,18,2,110840,112364,1525,inj_valve_act,1525,1525,0.0,0.0,0.0,0.32651863396259256,0.0,0.0
049_GHL_id_18_Sensor_tr_50000_1st_109001.csv,18,2,110840,112364,1525,Relaxing.active,1525,1525,0.0740983606557377,0.0,0.11934426229508197,0.34087857818653733,-0.2173746471542404,0.13273319162515565
049_GHL_id_18_Sensor_tr_50000_1st_109001.csv,18,2,110840,112364,1525,boundary.m_flow_in,1525,1525,0.0,0.0,0.0,6.530372679251851,0.0,0.0
049_GHL_id_18_Sensor_tr_50000_1st_109001.csv,18,2,110840,112364,1525,dir_valve_act,1525,1525,0.014426229508196721,0.0,0.01377049180327869,0.1690504614004931,-0.08533682421617243,-0.0038789465552805597
049_GHL_id_18_Sensor_tr_50000_1st_109001.csv,18,2,110840,112364,1525,dt_rand,1525,1525,0.6264924340170401,1.3132419586200004,-0.08322205349074657,0.9750823424770573,0.7042990060289382,-0.7278508250953029
049_GHL_id_18_Sensor_tr_50000_1st_109001.csv,18,2,110840,112364,1525,C_level,1525,1525,1.00982916355,1.00982916355,1.00982916355,0.13583416287808137,0.0,0.0
049_GHL_id_18_Sensor_tr_50000_1st_109001.csv,18,2,110840,112364,1525,HT_temperature.T,1525,1525,337.8121758332872,334.796315477718,339.7629080150269,10.974896846555696,-0.27479623706127904,0.17774492179868542
049_GHL_id_18_Sensor_tr_50000_1st_109001.csv,18,2,110840,112364,1525,heater_act,1525,1525,0.8957377049180328,1.0,0.8360655737704918,0.47894950900500205,0.21768953328414054,-0.12458960709972831
049_GHL_id_18_Sensor_tr_50000_1st_109001.csv,18,2,110840,112364,1525,HT_level,1525,1525,0.5555058585914623,0.600000023842,0.5292533807091134,0.22889864178067842,0.1943837014689247,-0.11469040479280317
049_GHL_id_18_Sensor_tr_50000_1st_109001.csv,18,2,110840,112364,1525,limiter1.y,1525,1525,106.26492559207672,113.13242340100004,99.16777931585541,9.750823515041322,0.7042992623474034,-0.7278509620519199
049_GHL_id_18_Sensor_tr_50000_1st_109001.csv,18,2,110840,112364,1525,dL_rand,1525,1525,0.308328509331,0.308328509331,0.308328509331,0.9328480964046898,0.0,0.0
049_GHL_id_18_Sensor_tr_50000_1st_109001.csv,18,3,112509,113783,1275,RT_level_ini,1275,1275,2.4041643142699995,2.4041643142699995,2.4041643142699995,0.47634846683472576,0.0,0.0
049_GHL_id_18_Sensor_tr_50000_1st_109001.csv,18,3,112509,113783,1275,RT_temperature.T,1275,1275,308.18857216023525,316.67480468800005,324.3571755566165,13.63812326727883,0.6222434246598526,1.1855446001997676
049_GHL_id_18_Sensor_tr_50000_1st_109001.csv,18,3,112509,113783,1275,C_temperature.T,1275,1275,329.785369873,329.785369873,329.785369873,20.717635891627737,0.0,0.0
049_GHL_id_18_Sensor_tr_50000_1st_109001.csv,18,3,112509,113783,1275,RT_level,1275,1275,1.9519466436603996,1.9041641950599995,1.9714143041529406,0.4901865615842382,-0.09747808762029633,0.03971479844250178
049_GHL_id_18_Sensor_tr_50000_1st_109001.csv,18,3,112509,113783,1275,out_valve_act,1275,1275,0.0,0.0,0.0,0.15814944671648998,0.0,0.0
049_GHL_id_18_Sensor_tr_50000_1st_109001.csv,18,3,112509,113783,1275,dT_rand,1275,1275,0.308328509331,0.308328509331,0.308328509331,0.9328480964046898,0.0,0.0
049_GHL_id_18_Sensor_tr_50000_1st_109001.csv,18,3,112509,113783,1275,inv_valve_act,1275,1275,0.01803921568627451,0.0,0.03764705882352941,0.17444244614388257,-0.10341070126588063,0.11240293615856588
049_GHL_id_18_Sensor_tr_50000_1st_109001.csv,18,3,112509,113783,1275,limiter.y,1275,1275,286.0832824710001,286.0832824710001,286.0832824710001,8.303377625378504,0.0,0.0
049_GHL_id_18_Sensor_tr_50000_1st_109001.csv,18,3,112509,113783,1275,inj_valve_act,1275,1275,0.0,0.0,0.0,0.32651863396259256,0.0,0.0
049_GHL_id_18_Sensor_tr_50000_1st_109001.csv,18,3,112509,113783,1275,Relaxing.active,1275,1275,0.0784313725490196,0.0,0.10745098039215686,0.34087857818653733,-0.23008595308708424,0.08513180264222119
049_GHL_id_18_Sensor_tr_50000_1st_109001.csv,18,3,112509,113783,1275,boundary.m_flow_in,1275,1275,0.0,0.0,0.0,6.530372679251851,0.0,0.0
049_GHL_id_18_Sensor_tr_50000_1st_109001.csv,18,3,112509,113783,1275,dir_valve_act,1275,1275,0.01647058823529412,0.0,0.01647058823529412,0.1690504614004931,-0.09743001053557655,0.0
049_GHL_id_18_Sensor_tr_50000_1st_109001.csv,18,3,112509,113783,1275,dt_rand,1275,1275,1.1565919601232284,-0.07376323640350001,-0.19691138662853888,0.9750823424770573,-1.2617962021557962,-1.3880913311519778
049_GHL_id_18_Sensor_tr_50000_1st_109001.csv,18,3,112509,113783,1275,C_level,1275,1275,1.0098291635500003,1.0098291635500003,1.0098291635500003,0.13583416287808137,0.0,0.0
049_GHL_id_18_Sensor_tr_50000_1st_109001.csv,18,3,112509,113783,1275,HT_temperature.T,1275,1275,340.77998135436,338.22354130764546,342.0788578766486,10.974896846555696,-0.23293522321504606,0.1183497704305282
049_GHL_id_18_Sensor_tr_50000_1st_109001.csv,18,3,112509,113783,1275,heater_act,1275,1275,0.8870588235294118,1.0,0.8384313725490196,0.47894950900500205,0.23581019365740424,-0.101529388935827
049_GHL_id_18_Sensor_tr_50000_1st_109001.csv,18,3,112509,113783,1275,HT_level,1275,1275,0.5522175834051521,0.600000023842,0.5327499270381828,0.22889864178067842,0.20874934016703825,-0.08504924369810143
049_GHL_id_18_Sensor_tr_50000_1st_109001.csv,18,3,112509,113783,1275,limiter1.y,1275,1275,111.56592294142354,99.26236724850001,98.03088899504706,9.750823515041322,-1.2617965727658218,-1.3880913674109416
049_GHL_id_18_Sensor_tr_50000_1st_109001.csv,18,3,112509,113783,1275,dL_rand,1275,1275,0.308328509331,0.308328509331,0.308328509331,0.9328480964046898,0.0,0.0
049_GHL_id_18_Sensor_tr_50000_1st_109001.csv,18,4,113927,114995,1069,RT_level_ini,1069,1069,2.40416431427,2.40416431427,2.40416431427,0.47634846683472576,0.0,0.0
049_GHL_id_18_Sensor_tr_50000_1st_109001.csv,18,4,113927,114995,1069,RT_temperature.T,1069,1069,317.60077312572037,324.1802978520001,320.103560445014,13.63812326727883,0.4824362265492637,0.18351405616771627
049_GHL_id_18_Sensor_tr_50000_1st_109001.csv,18,4,113927,114995,1069,C_temperature.T,1069,1069,329.7853698729999,329.7853698729999,329.8051222544022,20.717635891627737,0.0,0.000953409042691613
049_GHL_id_18_Sensor_tr_50000_1st_109001.csv,18,4,113927,114995,1069,RT_level,1069,1069,1.9605152369430958,1.9041641950599997,1.2725295561624304,0.4901865615842382,-0.11495835728538686,-1.4035180372084428
049_GHL_id_18_Sensor_tr_50000_1st_109001.csv,18,4,113927,114995,1069,out_valve_act,1069,1069,0.0,0.0,0.2207670720299345,0.15814944671648998,0.0,1.3959395787561455
049_GHL_id_18_Sensor_tr_50000_1st_109001.csv,18,4,113927,114995,1069,dT_rand,1069,1069,0.308328509331,0.308328509331,0.8896498438117865,0.9328480964046898,0.0,0.6231682700766284
049_GHL_id_18_Sensor_tr_50000_1st_109001.csv,18,4,113927,114995,1069,inv_valve_act,1069,1069,0.02245088868101029,0.0,0.02245088868101029,0.17444244614388257,-0.12870083616284814,0.0
049_GHL_id_18_Sensor_tr_50000_1st_109001.csv,18,4,113927,114995,1069,limiter.y,1069,1069,286.08328247099996,286.08328247099996,291.8965008754481,8.303377625378504,0.0,0.7001028577431656
049_GHL_id_18_Sensor_tr_50000_1st_109001.csv,18,4,113927,114995,1069,inj_valve_act,1069,1069,0.0,0.0,0.5696913002806361,0.32651863396259256,0.0,1.7447436103934653
049_GHL_id_18_Sensor_tr_50000_1st_109001.csv,18,4,113927,114995,1069,Relaxing.active,1069,1069,0.09167446211412535,0.0,0.09354536950420954,0.34087857818653733,-0.26893582636324764,0.005488486252311181
049_GHL_id_18_Sensor_tr_50000_1st_109001.csv,18,4,113927,114995,1069,boundary.m_flow_in,1069,1069,0.0,0.0,11.393826005612722,6.530372679251851,0.0,1.7447436103934653
049_GHL_id_18_Sensor_tr_50000_1st_109001.csv,18,4,113927,114995,1069,dir_valve_act,1069,1069,0.019644527595884004,0.0,0.0,0.1690504614004931,-0.11620511078845658,-0.11620511078845658
049_GHL_id_18_Sensor_tr_50000_1st_109001.csv,18,4,113927,114995,1069,dt_rand,1069,1069,-0.09196691411588588,-0.20984527468699998,0.051911983639,0.9750823424770573,-0.12089067295758939,0.1475556386236901
049_GHL_id_18_Sensor_tr_50000_1st_109001.csv,18,4,113927,114995,1069,C_level,1069,1069,1.0098291635499999,1.0098291635499999,1.0688289748477269,0.13583416287808137,0.0,0.43435178638147603
049_GHL_id_18_Sensor_tr_50000_1st_109001.csv,18,4,113927,114995,1069,HT_temperature.T,1069,1069,343.23157731744243,340.91166922531056,325.6024549036417,10.974896846555696,-0.21138313412576046,-1.606313267475797
049_GHL_id_18_Sensor_tr_50000_1st_109001.csv,18,4,113927,114995,1069,heater_act,1069,1069,0.8662301216089804,1.0,0.0,0.47894950900500205,0.2792984978080906,-1.80860425853351
049_GHL_id_18_Sensor_tr_50000_1st_109001.csv,18,4,113927,114995,1069,HT_level,1069,1069,0.5436489921486015,0.600000023842,0.10560840267199438,0.22889864178067842,0.2461833379832451,-1.9136880239609293
049_GHL_id_18_Sensor_tr_50000_1st_109001.csv,18,4,113927,114995,1069,limiter1.y,1069,1069,99.08033092985033,97.90155029299997,100.519119263,9.750823515041322,-0.1208903673655883,0.14755557117101226
049_GHL_id_18_Sensor_tr_50000_1st_109001.csv,18,4,113927,114995,1069,dL_rand,1069,1069,0.308328509331,0.308328509331,0.8896498438117865,0.9328480964046898,0.0,0.6231682700766284
050_GHL_id_19_Sensor_tr_43750_1st_55001.csv,19,1,55001,56129,1129,RT_level_ini,1129,1129,1.0,1.0,2.990000009540001,0.47634846683472576,0.0,4.177613969796722
050_GHL_id_19_Sensor_tr_43750_1st_55001.csv,19,1,55001,56129,1129,RT_temperature.T,1129,1129,327.1137486364765,298.7323444863082,291.92034941834106,13.63812326727883,-2.0810344351603107,-2.5805162872059486
050_GHL_id_19_Sensor_tr_43750_1st_55001.csv,19,1,55001,56129,1129,C_temperature.T,1129,1129,329.5627791724721,329.59548950199996,329.59548950199996,20.717635891627737,0.0015788640025797282,0.0015788640025797282
050_GHL_id_19_Sensor_tr_43750_1st_55001.csv,19,1,55001,56129,1129,RT_level,1129,1129,0.6766702320535598,1.856866970275542,2.494602885050957,0.4901865615842382,2.407648088939228,3.7086546133007094
050_GHL_id_19_Sensor_tr_43750_1st_55001.csv,19,1,55001,56129,1129,out_valve_act,1129,1129,0.05491585473870682,0.0,0.0,0.15814944671648998,-0.34724025836873723,-0.34724025836873723
050_GHL_id_19_Sensor_tr_43750_1st_55001.csv,19,1,55001,56129,1129,dT_rand,1129,1129,-2.250764690592852,0.11243019252999999,0.11243019252999999,0.9328480964046898,2.5333115779845543,2.5333115779845543
050_GHL_id_19_Sensor_tr_43750_1st_55001.csv,19,1,55001,56129,1129,inv_valve_act,1129,1129,0.06111603188662533,0.0,0.0,0.17444244614388257,-0.35035069295127846,-0.35035069295127846
050_GHL_id_19_Sensor_tr_43750_1st_55001.csv,19,1,55001,56129,1129,limiter.y,1129,1129,275.8921407424765,284.12429809599996,284.12429809599996,8.303377625378504,0.9914227348112696,0.9914227348112696
050_GHL_id_19_Sensor_tr_43750_1st_55001.csv,19,1,55001,56129,1129,inj_valve_act,1129,1129,0.0983170947741364,1.0,0.0,0.32651863396259256,2.7615051989013417,-0.3011071484067278
050_GHL_id_19_Sensor_tr_43750_1st_55001.csv,19,1,55001,56129,1129,Relaxing.active,1129,1129,0.254207263064659,0.0,0.0,0.34087857818653733,-0.7457413851496131,-0.7457413851496131
050_GHL_id_19_Sensor_tr_43750_1st_55001.csv,19,1,55001,56129,1129,boundary.m_flow_in,1129,1129,1.966341895482728,20.0,0.0,6.530372679251851,2.7615051989013417,-0.30110714840672786
050_GHL_id_19_Sensor_tr_43750_1st_55001.csv,19,1,55001,56129,1129,dir_valve_act,1129,1129,0.03897254207263064,0.0,0.018600531443755536,0.1690504614004931,-0.23053792193031522,-0.12050845919084659
050_GHL_id_19_Sensor_tr_43750_1st_55001.csv,19,1,55001,56129,1129,dt_rand,1129,1129,-0.42650568786270904,-1.94714188576,-1.94714188576,0.9750823424770573,-1.5594951643102595,-1.5594951643102595
050_GHL_id_19_Sensor_tr_43750_1st_55001.csv,19,1,55001,56129,1129,C_level,1129,1129,0.6666362188476537,0.6823465824130001,0.6823465824130001,0.13583416287808137,0.11565841193755728,0.11565841193755728
050_GHL_id_19_Sensor_tr_43750_1st_55001.csv,19,1,55001,56129,1129,HT_temperature.T,1129,1129,328.3206184326413,305.8145822232675,312.399167164736,10.974896846555696,-2.050683165777269,-1.4507153452564798
050_GHL_id_19_Sensor_tr_43750_1st_55001.csv,19,1,55001,56129,1129,heater_act,1129,1129,0.4038972542072631,0.0,0.9813994685562445,0.47894950900500205,-0.8432981903381487,1.2057684651326162
050_GHL_id_19_Sensor_tr_43750_1st_55001.csv,19,1,55001,56129,1129,HT_level,1129,1129,0.32703758889695306,0.10000000148999999,0.595397147961411,0.22889864178067842,-0.9918695263578342,1.1723947201119234
050_GHL_id_19_Sensor_tr_43750_1st_55001.csv,19,1,55001,56129,1129,limiter1.y,1129,1129,95.73494365682065,80.5285797119,80.5285797119,9.750823515041322,-1.5594953514914696,-1.5594953514914696
050_GHL_id_19_Sensor_tr_43750_1st_55001.csv,19,1,55001,56129,1129,dL_rand,1129,1129,-2.250764690592852,0.11243019252999999,0.11243019252999999,0.9328480964046898,2.5333115779845543,2.5333115779845543
051_GHL_id_20_Sensor_tr_50000_1st_75110.csv,20,1,75110,76300,1191,RT_level_ini,1191,1191,1.9691991806,1.9691991806,1.9691991806,0.47634846683472576,0.0,0.0
051_GHL_id_20_Sensor_tr_50000_1st_75110.csv,20,1,75110,76300,1191,RT_temperature.T,1191,1191,318.3258470461738,323.14959716800007,317.0054386116372,13.63812326727883,0.3536960348055816,-0.09681745857984604
051_GHL_id_20_Sensor_tr_50000_1st_75110.csv,20,1,75110,76300,1191,C_temperature.T,1191,1191,329.54086303700007,329.54086303700007,329.61872039948196,20.717635891627737,0.0,0.003758023496945247
051_GHL_id_20_Sensor_tr_50000_1st_75110.csv,20,1,75110,76300,1191,RT_level,1191,1191,1.566357673262687,1.4691991806000002,1.2793068955864333,0.4901865615842382,-0.19820717309891026,-0.585594955415611
051_GHL_id_20_Sensor_tr_50000_1st_75110.csv,20,1,75110,76300,1191,out_valve_act,1191,1191,0.0,0.0,0.15197313182199831,0.15814944671648998,0.0,0.9609463389045947
051_GHL_id_20_Sensor_tr_50000_1st_75110.csv,20,1,75110,76300,1191,dT_rand,1191,1191,-0.5616016387940002,-0.5616016387940002,0.5729556492055197,0.9328480964046898,0.0,1.2162294079521005
051_GHL_id_20_Sensor_tr_50000_1st_75110.csv,20,1,75110,76300,1191,inv_valve_act,1191,1191,0.038623005877413935,0.0,0.020151133501259445,0.17444244614388257,-0.22140830245843457,-0.10589092726272957
051_GHL_id_20_Sensor_tr_50000_1st_75110.csv,20,1,75110,76300,1191,limiter.y,1191,1191,277.38397216800007,277.38397216800007,288.72955875743077,8.303377625378504,0.0,1.3663821039228616
051_GHL_id_20_Sensor_tr_50000_1st_75110.csv,20,1,75110,76300,1191,inj_valve_act,1191,1191,0.0,0.0,0.653232577665827,0.32651863396259256,0.0,2.0005981580232395
051_GHL_id_20_Sensor_tr_50000_1st_75110.csv,20,1,75110,76300,1191,Relaxing.active,1191,1191,0.1561712846347607,0.0,0.0906801007556675,0.34087857818653733,-0.4581434405927962,-0.19212466863568878
051_GHL_id_20_Sensor_tr_50000_1st_75110.csv,20,1,75110,76300,1191,boundary.m_flow_in,1191,1191,0.0,0.0,13.06465155331654,6.530372679251851,0.0,2.0005981580232395
051_GHL_id_20_Sensor_tr_50000_1st_75110.csv,20,1,75110,76300,1191,dir_valve_act,1191,1191,0.036943744752308987,0.0,0.0,0.1690504614004931,-0.2185367874553534,-0.2185367874553534
051_GHL_id_20_Sensor_tr_50000_1st_75110.csv,20,1,75110,76300,1191,dt_rand,1191,1191,-0.8626221680511158,0.19296853244299994,0.7983031868929998,0.9750823424770573,1.0825657019001476,1.7033693285069365
051_GHL_id_20_Sensor_tr_50000_1st_75110.csv,20,1,75110,76300,1191,C_level,1191,1191,0.650573790073,0.650573790073,0.6984102865609673,0.13583416287808137,0.0,0.3521683755720803
051_GHL_id_20_Sensor_tr_50000_1st_75110.csv,20,1,75110,76300,1191,HT_temperature.T,1191,1191,327.2212353249135,339.3335272775298,323.65694695897145,10.974896846555696,1.1036360634603664,-0.32476736827468633
051_GHL_id_20_Sensor_tr_50000_1st_75110.csv,20,1,75110,76300,1191,heater_act,1191,1191,0.7682619647355163,1.0,0.0,0.47894950900500205,0.48384648257790247,-1.604056273763698
051_GHL_id_20_Sensor_tr_50000_1st_75110.csv,20,1,75110,76300,1191,HT_level,1191,1191,0.5028415272321385,0.600000023842,0.1050348796768749,0.22889864178067842,0.4244607825281678,-1.7379161556424878
051_GHL_id_20_Sensor_tr_50000_1st_75110.csv,20,1,75110,76300,1191,limiter1.y,1191,1191,91.37377827193383,101.9296875,107.98303222699998,9.750823515041322,1.082565919871583,1.703369354336608
051_GHL_id_20_Sensor_tr_50000_1st_75110.csv,20,1,75110,76300,1191,dL_rand,1191,1191,-0.5616016387940002,-0.5616016387940002,0.5729556492055197,0.9328480964046898,0.0,1.2162294079521005
052_GHL_id_21_Sensor_tr_50000_1st_98001.csv,21,1,98001,98971,971,RT_level_ini,971,971,1.9070329666099999,1.9070329666099999,1.9070329666099999,0.47634846683472576,0.0,0.0
052_GHL_id_21_Sensor_tr_50000_1st_98001.csv,21,1,98001,98971,971,RT_temperature.T,971,971,300.75280771150057,301.4880676270001,316.4980252516447,13.63812326727883,0.05391210367364687,1.1545003100185165
052_GHL_id_21_Sensor_tr_50000_1st_98001.csv,21,1,98001,98971,971,C_temperature.T,971,971,329.6970520020001,329.6970520020001,329.6970520020001,20.717635891627737,0.0,0.0
052_GHL_id_21_Sensor_tr_50000_1st_98001.csv,21,1,98001,98971,971,RT_level,971,971,1.4713654908498661,1.4070329666099999,1.5417743009067353,0.4901865615842382,-0.1312408974084263,0.1436367611329742
052_GHL_id_21_Sensor_tr_50000_1st_98001.csv,21,1,98001,98971,971,out_valve_act,971,971,0.0,0.0,0.0,0.15814944671648998,0.0,0.0
052_GHL_id_21_Sensor_tr_50000_1st_98001.csv,21,1,98001,98971,971,dT_rand,971,971,-0.6859340071680002,-0.6859340071680002,-0.6859340071680002,0.9328480964046898,0.0,0.0
052_GHL_id_21_Sensor_tr_50000_1st_98001.csv,21,1,98001,98971,971,inv_valve_act,971,971,0.02368692070030896,0.0,0.04840370751802266,0.17444244614388257,-0.1357864511987619,0.14169020994653414
052_GHL_id_21_Sensor_tr_50000_1st_98001.csv,21,1,98001,98971,971,limiter.y,971,971,276.140655518,276.140655518,276.140655518,8.303377625378504,0.0,0.0
052_GHL_id_21_Sensor_tr_50000_1st_98001.csv,21,1,98001,98971,971,inj_valve_act,971,971,0.0,0.0,0.0,0.32651863396259256,0.0,0.0
052_GHL_id_21_Sensor_tr_50000_1st_98001.csv,21,1,98001,98971,971,Relaxing.active,971,971,0.10504634397528322,0.0,0.223480947476828,0.34087857818653733,-0.3081635241913008,0.3474392674705842
052_GHL_id_21_Sensor_tr_50000_1st_98001.csv,21,1,98001,98971,971,boundary.m_flow_in,971,971,0.0,0.0,0.0,6.530372679251851,0.0,0.0
052_GHL_id_21_Sensor_tr_50000_1st_98001.csv,21,1,98001,98971,971,dir_valve_act,971,971,0.02265705458290422,0.0,0.04531410916580844,0.1690504614004931,-0.1340253933364191,0.1340253933364191
052_GHL_id_21_Sensor_tr_50000_1st_98001.csv,21,1,98001,98971,971,dt_rand,971,971,0.20802302411449433,0.23731192946400004,0.677478951034027,0.9750823424770573,0.03003736615217688,0.4814525978667063
052_GHL_id_21_Sensor_tr_50000_1st_98001.csv,21,1,98001,98971,971,C_level,971,971,0.8115874528880002,0.8115874528880002,0.8115874528880002,0.13583416287808137,0.0,0.0
052_GHL_id_21_Sensor_tr_50000_1st_98001.csv,21,1,98001,98971,971,HT_temperature.T,971,971,320.5802198384346,342.1431568589588,329.29223214805666,10.974896846555696,1.9647507691419808,0.7938126828368518
052_GHL_id_21_Sensor_tr_50000_1st_98001.csv,21,1,98001,98971,971,heater_act,971,971,0.8486096807415036,1.0,0.6828012358393409,0.47894950900500205,0.3160882648632496,-0.3461919091359397
052_GHL_id_21_Sensor_tr_50000_1st_98001.csv,21,1,98001,98971,971,HT_level,971,971,0.5356674972466149,0.600000023842,0.46525868463474257,0.22889864178067842,0.2810524610147141,-0.30759821056227693
052_GHL_id_21_Sensor_tr_50000_1st_98001.csv,21,1,98001,98971,971,limiter1.y,971,971,102.08022650968158,102.37311554000001,106.77478865735118,9.750823515041322,0.03003736349720954,0.4814528886127323
052_GHL_id_21_Sensor_tr_50000_1st_98001.csv,21,1,98001,98971,971,dL_rand,971,971,-0.6859340071680002,-0.6859340071680002,-0.6859340071680002,0.9328480964046898,0.0,0.0
053_GHL_id_22_Sensor_tr_50000_1st_126448.csv,22,1,126448,128310,1863,RT_level_ini,1863,1863,2.087860980725288,2.7000000476800006,2.7000000476800006,0.47634846683472576,1.2850656810597034,1.2850656810597034
053_GHL_id_22_Sensor_tr_50000_1st_126448.csv,22,1,126448,128310,1863,RT_temperature.T,1863,1863,317.08901800626086,301.85461425799997,312.35628250318416,13.63812326727883,-1.1170454651052995,-0.3470224905820934
053_GHL_id_22_Sensor_tr_50000_1st_126448.csv,22,1,126448,128310,1863,C_temperature.T,1863,1863,329.84021308972405,329.847229004,329.847229004,20.717635891627737,0.0003386445399773927,0.0003386445399773927
053_GHL_id_22_Sensor_tr_50000_1st_126448.csv,22,1,126448,128310,1863,RT_level,1863,1863,1.5722401858780435,2.2000000476799997,2.2716218542134134,0.4901865615842382,1.2806549811832737,1.4267663031704343
053_GHL_id_22_Sensor_tr_50000_1st_126448.csv,22,1,126448,128310,1863,out_valve_act,1863,1863,0.10520665593129361,0.0,0.0,0.15814944671648998,-0.6652356876081558,-0.6652356876081558
053_GHL_id_22_Sensor_tr_50000_1st_126448.csv,22,1,126448,128310,1863,dT_rand,1863,1863,0.6928668975272444,1.2405469417600001,1.2405469417600001,0.9328480964046898,0.5871052814960778,0.5871052814960778
053_GHL_id_22_Sensor_tr_50000_1st_126448.csv,22,1,126448,128310,1863,inv_valve_act,1863,1863,0.02522812667740204,0.0,0.024691358024691357,0.17444244614388257,-0.14462149112833197,-0.003077053002730481
053_GHL_id_22_Sensor_tr_50000_1st_126448.csv,22,1,126448,128310,1863,limiter.y,1863,1863,289.92866467774934,295.405456543,295.405456543,8.303377625378504,0.6595860278004663,0.6595860278004663
053_GHL_id_22_Sensor_tr_50000_1st_126448.csv,22,1,126448,128310,1863,inj_valve_act,1863,1863,0.5877616747181964,0.0,0.0,0.32651863396259256,-1.8000861622664175,-1.8000861622664175
053_GHL_id_22_Sensor_tr_50000_1st_126448.csv,22,1,126448,128310,1863,Relaxing.active,1863,1863,0.10037573805689748,0.0,0.11916264090177134,0.34087857818653733,-0.29446185380991985,0.05511318119437002
053_GHL_id_22_Sensor_tr_50000_1st_126448.csv,22,1,126448,128310,1863,boundary.m_flow_in,1863,1863,11.75523349436393,0.0,0.0,6.530372679251851,-1.800086162266418,-1.800086162266418
053_GHL_id_22_Sensor_tr_50000_1st_126448.csv,22,1,126448,128310,1863,dir_valve_act,1863,1863,0.023617820719269995,0.0,0.023617820719269995,0.1690504614004931,-0.1397087030914256,0.0
053_GHL_id_22_Sensor_tr_50000_1st_126448.csv,22,1,126448,128310,1863,dt_rand,1863,1863,-0.7090162090630993,-0.7698599100110001,1.154824242180555,0.9750823424770573,-0.06239852604994989,1.9114698011132414
053_GHL_id_22_Sensor_tr_50000_1st_126448.csv,22,1,126448,128310,1863,C_level,1863,1863,1.1143711990890768,1.1329464912400002,1.1329464912400002,0.13583416287808137,0.13674978192044226,0.13674978192044226
053_GHL_id_22_Sensor_tr_50000_1st_126448.csv,22,1,126448,128310,1863,HT_temperature.T,1863,1863,314.13870263829097,329.82631512578905,337.020698518693,10.974896846555696,1.4294086501980567,2.084939494222508
053_GHL_id_22_Sensor_tr_50000_1st_126448.csv,22,1,126448,128310,1863,heater_act,1863,1863,0.10413311862587225,1.0,0.8325281803542673,0.47894950900500205,1.870482930936195,1.5208180570883263
053_GHL_id_22_Sensor_tr_50000_1st_126448.csv,22,1,126448,128310,1863,HT_level,1863,1863,0.16429466359465003,0.600000023842,0.5283782104380226,0.22889864178067842,1.9034860008685657,1.5905884980838938
053_GHL_id_22_Sensor_tr_50000_1st_126448.csv,22,1,126448,128310,1863,limiter1.y,1863,1863,92.90983654031481,92.30139923099999,111.54823884346004,9.750823515041322,-0.06239855622207357,1.9114695568424758
053_GHL_id_22_Sensor_tr_50000_1st_126448.csv,22,1,126448,128310,1863,dL_rand,1863,1863,0.6928668975272444,1.2405469417600001,1.2405469417600001,0.9328480964046898,0.5871052814960778,0.5871052814960778
053_GHL_id_22_Sensor_tr_50000_1st_126448.csv,22,2,128468,129889,1422,RT_level_ini,1422,1422,2.7000000476799997,2.7000000476799997,2.7000000476799997,0.47634846683472576,0.0,0.0
053_GHL_id_22_Sensor_tr_50000_1st_126448.csv,22,2,128468,129889,1422,RT_temperature.T,1422,1422,302.82396583196135,311.28308105499997,319.0877152673074,13.63812326727883,0.6202550788886103,1.1925210761488505
053_GHL_id_22_Sensor_tr_50000_1st_126448.csv,22,2,128468,129889,1422,C_temperature.T,1422,1422,329.847229004,329.847229004,329.847229004,20.717635891627737,0.0,0.0
053_GHL_id_22_Sensor_tr_50000_1st_126448.csv,22,2,128468,129889,1422,RT_level,1422,1422,2.247276558651111,2.2000000476799997,2.2605892154870326,0.4901865615842382,-0.09644595481834087,0.027158347207431294
053_GHL_id_22_Sensor_tr_50000_1st_126448.csv,22,2,128468,129889,1422,out_valve_act,1422,1422,0.0,0.0,0.0,0.15814944671648998,0.0,0.0
053_GHL_id_22_Sensor_tr_50000_1st_126448.csv,22,2,128468,129889,1422,dT_rand,1422,1422,1.2405469417600001,1.2405469417600001,1.2405469417600001,0.9328480964046898,0.0,0.0
053_GHL_id_22_Sensor_tr_50000_1st_126448.csv,22,2,128468,129889,1422,inv_valve_act,1422,1422,0.01617440225035162,0.0,0.03305203938115331,0.17444244614388257,-0.09272056548101111,0.09675189441496812
053_GHL_id_22_Sensor_tr_50000_1st_126448.csv,22,2,128468,129889,1422,limiter.y,1422,1422,295.4054565430001,295.4054565430001,295.4054565430001,8.303377625378504,0.0,0.0
053_GHL_id_22_Sensor_tr_50000_1st_126448.csv,22,2,128468,129889,1422,inj_valve_act,1422,1422,0.0,0.0,0.0,0.32651863396259256,0.0,0.0
053_GHL_id_22_Sensor_tr_50000_1st_126448.csv,22,2,128468,129889,1422,Relaxing.active,1422,1422,0.07876230661040788,0.0,0.0970464135021097,0.34087857818653733,-0.23105677989335888,0.05363818104667256
053_GHL_id_22_Sensor_tr_50000_1st_126448.csv,22,2,128468,129889,1422,boundary.m_flow_in,1422,1422,0.0,0.0,0.0,6.530372679251851,0.0,0.0
053_GHL_id_22_Sensor_tr_50000_1st_126448.csv,22,2,128468,129889,1422,dir_valve_act,1422,1422,0.015471167369901548,0.0,0.015471167369901548,0.1690504614004931,-0.09151804284786424,0.0
053_GHL_id_22_Sensor_tr_50000_1st_126448.csv,22,2,128468,129889,1422,dt_rand,1422,1422,-0.5539366435229712,1.1858272552500004,0.9325696741307651,0.9750823424770573,1.7842225450963969,1.5244931149891194
053_GHL_id_22_Sensor_tr_50000_1st_126448.csv,22,2,128468,129889,1422,C_level,1422,1422,1.13294649124,1.13294649124,1.13294649124,0.13583416287808137,0.0,0.0
053_GHL_id_22_Sensor_tr_50000_1st_126448.csv,22,2,128468,129889,1422,HT_temperature.T,1422,1422,339.1260216306512,336.2494174404613,340.2316397064648,10.974896846555696,-0.26210762892889655,0.1007406348571355
053_GHL_id_22_Sensor_tr_50000_1st_126448.csv,22,2,128468,129889,1422,heater_act,1422,1422,0.8895921237693389,1.0,0.8544303797468354,0.47894950900500205,0.2305209091038195,-0.07341430226236284
053_GHL_id_22_Sensor_tr_50000_1st_126448.csv,22,2,128468,129889,1422,HT_level,1422,1422,0.552723508265443,0.600000023842,0.5394108504707722,0.22889864178067842,0.20653908301411184,-0.05815961899602049
053_GHL_id_22_Sensor_tr_50000_1st_126448.csv,22,2,128468,129889,1422,limiter1.y,1422,1422,94.46063165898804,111.858268738,109.32569463507677,9.750823515041322,1.7842223328291102,1.5244930803186363
053_GHL_id_22_Sensor_tr_50000_1st_126448.csv,22,2,128468,129889,1422,dL_rand,1422,1422,1.2405469417600001,1.2405469417600001,1.2405469417600001,0.9328480964046898,0.0,0.0
053_GHL_id_22_Sensor_tr_50000_1st_126448.csv,22,3,130045,131259,1215,RT_level_ini,1215,1215,2.70000004768,2.70000004768,2.70000004768,0.47634846683472576,0.0,0.0
053_GHL_id_22_Sensor_tr_50000_1st_126448.csv,22,3,130045,131259,1215,RT_temperature.T,1215,1215,312.1968870817045,318.9648742680001,325.26377224426,13.63812326727883,0.49625502377835234,0.958114610527543
053_GHL_id_22_Sensor_tr_50000_1st_126448.csv,22,3,130045,131259,1215,C_temperature.T,1215,1215,329.847229004,329.847229004,329.847229004,20.717635891627737,0.0,0.0
053_GHL_id_22_Sensor_tr_50000_1st_126448.csv,22,3,130045,131259,1215,RT_level,1215,1215,2.2544891233761564,2.20000004768,2.2580979998675224,0.4901865615842382,-0.11115987251884778,0.0073622509758375
053_GHL_id_22_Sensor_tr_50000_1st_126448.csv,22,3,130045,131259,1215,out_valve_act,1215,1215,0.0,0.0,0.0,0.15814944671648998,0.0,0.0
053_GHL_id_22_Sensor_tr_50000_1st_126448.csv,22,3,130045,131259,1215,dT_rand,1215,1215,1.24054694176,1.24054694176,1.24054694176,0.9328480964046898,0.0,0.0
053_GHL_id_22_Sensor_tr_50000_1st_126448.csv,22,3,130045,131259,1215,inv_valve_act,1215,1215,0.018930041152263374,0.0,0.03868312757201646,0.17444244614388257,-0.10851740256296113,0.11323555050048119
053_GHL_id_22_Sensor_tr_50000_1st_126448.csv,22,3,130045,131259,1215,limiter.y,1215,1215,295.40545654300007,295.40545654300007,295.40545654300007,8.303377625378504,0.0,0.0
053_GHL_id_22_Sensor_tr_50000_1st_126448.csv,22,3,130045,131259,1215,inj_valve_act,1215,1215,0.0,0.0,0.0,0.32651863396259256,0.0,0.0
053_GHL_id_22_Sensor_tr_50000_1st_126448.csv,22,3,130045,131259,1215,Relaxing.active,1215,1215,0.09053497942386832,0.0,0.08806584362139917,0.34087857818653733,-0.26559304461286887,-0.007243446671260084
053_GHL_id_22_Sensor_tr_50000_1st_126448.csv,22,3,130045,131259,1215,boundary.m_flow_in,1215,1215,0.0,0.0,0.0,6.530372679251851,0.0,0.0
053_GHL_id_22_Sensor_tr_50000_1st_126448.csv,22,3,130045,131259,1215,dir_valve_act,1215,1215,0.01810699588477366,0.0,0.01810699588477366,0.1690504614004931,-0.10711000570342628,0.0
053_GHL_id_22_Sensor_tr_50000_1st_126448.csv,22,3,130045,131259,1215,dt_rand,1215,1215,1.1598822454864857,0.982451856136,-0.3849577965312848,0.9750823424770573,-0.18196451891411466,-1.5843175234753253
053_GHL_id_22_Sensor_tr_50000_1st_126448.csv,22,3,130045,131259,1215,C_level,1215,1215,1.1329464912399998,1.1329464912399998,1.1329464912399998,0.13583416287808137,0.0,0.0
053_GHL_id_22_Sensor_tr_50000_1st_126448.csv,22,3,130045,131259,1215,HT_temperature.T,1215,1215,341.6595687552132,339.01699874312754,342.2483051566914,10.974896846555696,-0.24078312981273786,0.053643912075856566
053_GHL_id_22_Sensor_tr_50000_1st_126448.csv,22,3,130045,131259,1215,heater_act,1215,1215,0.8724279835390947,1.0,0.8551440329218107,0.47894950900500205,0.2663579648007803,-0.03608720813429924
053_GHL_id_22_Sensor_tr_50000_1st_126448.csv,22,3,130045,131259,1215,HT_level,1215,1215,0.5455109430010568,0.600000023842,0.5419020664177909,0.22889864178067842,0.23804894785331424,-0.01576626473268374
053_GHL_id_22_Sensor_tr_50000_1st_126448.csv,22,3,130045,131259,1215,limiter1.y,1215,1215,111.59881883799176,109.82451629599998,96.15042406251901,9.750823515041322,-0.18196437862451187,-1.584316929912897
053_GHL_id_22_Sensor_tr_50000_1st_126448.csv,22,3,130045,131259,1215,dL_rand,1215,1215,1.24054694176,1.24054694176,1.24054694176,0.9328480964046898,0.0,0.0
053_GHL_id_22_Sensor_tr_50000_1st_126448.csv,22,4,131402,132440,1039,RT_level_ini,1039,1039,2.70000004768,2.70000004768,2.70000004768,0.47634846683472576,0.0,0.0
053_GHL_id_22_Sensor_tr_50000_1st_126448.csv,22,4,131402,132440,1039,RT_temperature.T,1039,1039,319.7525670896738,325.224060059,321.0518329757305,13.63812326727883,0.4011910482180243,0.09526720506874907
053_GHL_id_22_Sensor_tr_50000_1st_126448.csv,22,4,131402,132440,1039,C_temperature.T,1039,1039,329.84722900400004,329.84722900400004,329.87458323968906,20.717635891627737,0.0,0.0013203357676573374
053_GHL_id_22_Sensor_tr_50000_1st_126448.csv,22,4,131402,132440,1039,RT_level,1039,1039,2.2571565673451492,2.20000004768,1.3212453417182273,0.4901865615842382,-0.11660156386259238,-1.9092959680537598
053_GHL_id_22_Sensor_tr_50000_1st_126448.csv,22,4,131402,132440,1039,out_valve_act,1039,1039,0.0,0.0,0.26179018286814243,0.15814944671648998,0.0,1.6553341684302334
053_GHL_id_22_Sensor_tr_50000_1st_126448.csv,22,4,131402,132440,1039,dT_rand,1039,1039,1.2405469417600001,1.2405469417600001,1.1148070056812707,0.9328480964046898,0.0,-0.13479143770925459
053_GHL_id_22_Sensor_tr_50000_1st_126448.csv,22,4,131402,132440,1039,inv_valve_act,1039,1039,0.023099133782483156,0.0,0.02213666987487969,0.17444244614388257,-0.13241693345340197,-0.005517372227225082
053_GHL_id_22_Sensor_tr_50000_1st_126448.csv,22,4,131402,132440,1039,limiter.y,1039,1039,295.405456543,295.405456543,294.1480577781184,8.303377625378504,0.0,-0.15143220284700498
053_GHL_id_22_Sensor_tr_50000_1st_126448.csv,22,4,131402,132440,1039,inj_valve_act,1039,1039,0.0,0.0,0.5283926852743022,0.32651863396259256,0.0,1.6182619621483447
053_GHL_id_22_Sensor_tr_50000_1st_126448.csv,22,4,131402,132440,1039,Relaxing.active,1039,1039,0.09239653512993262,0.0,0.09143407122232916,0.34087857818653733,-0.2710540968032638,-0.002823480175033988
053_GHL_id_22_Sensor_tr_50000_1st_126448.csv,22,4,131402,132440,1039,boundary.m_flow_in,1039,1039,0.0,0.0,10.567853705486044,6.530372679251851,0.0,1.6182619621483447
053_GHL_id_22_Sensor_tr_50000_1st_126448.csv,22,4,131402,132440,1039,dir_valve_act,1039,1039,0.021174205967276226,0.0,0.0,0.1690504614004931,-0.12525376027879012,-0.12525376027879012
053_GHL_id_22_Sensor_tr_50000_1st_126448.csv,22,4,131402,132440,1039,dt_rand,1039,1039,0.7960224173408376,-0.381633967161,-0.500411987305,0.9750823424770573,-1.2077507028895322,-1.3295640256928778
053_GHL_id_22_Sensor_tr_50000_1st_126448.csv,22,4,131402,132440,1039,C_level,1039,1039,1.1329464912400002,1.1329464912400002,1.1995229251807893,0.13583416287808137,0.0,0.4901302627421134
053_GHL_id_22_Sensor_tr_50000_1st_126448.csv,22,4,131402,132440,1039,HT_temperature.T,1039,1039,343.5555706005803,341.30549808094804,326.08757276046776,10.974896846555696,-0.2050199242044297,-1.5916320749378727
053_GHL_id_22_Sensor_tr_50000_1st_126448.csv,22,4,131402,132440,1039,heater_act,1039,1039,0.8633301251203079,1.0,0.0,0.47894950900500205,0.2853534084701707,-1.8025493478714298
053_GHL_id_22_Sensor_tr_50000_1st_126448.csv,22,4,131402,132440,1039,HT_level,1039,1039,0.5428434997597334,0.600000023842,0.10557903037453226,0.22889864178067842,0.2497023295447584,-1.9102973525031688
053_GHL_id_22_Sensor_tr_50000_1st_126448.csv,22,4,131402,132440,1039,limiter1.y,1039,1039,107.96022250277687,96.18366241459997,94.99588012699999,9.750823515041322,-1.207750306423939,-1.3295638420466211
053_GHL_id_22_Sensor_tr_50000_1st_126448.csv,22,4,131402,132440,1039,dL_rand,1039,1039,1.2405469417600001,1.2405469417600001,1.1148070056812707,0.9328480964046898,0.0,-0.13479143770925459
053_GHL_id_22_Sensor_tr_50000_1st_126448.csv,22,5,134048,135000,953,RT_level_ini,953,953,2.7000000476800006,2.7000000476800006,2.7000000476800006,0.47634846683472576,0.0,0.0
053_GHL_id_22_Sensor_tr_50000_1st_126448.csv,22,5,134048,135000,953,RT_temperature.T,953,953,304.90491049286885,300.1907348630001,305.67103869626544,13.63812326727883,-0.3456616088211492,0.05617548605347467
053_GHL_id_22_Sensor_tr_50000_1st_126448.csv,22,5,134048,135000,953,C_temperature.T,953,953,329.8832397460001,329.8832397460001,329.8832397460001,20.717635891627737,0.0,0.0
053_GHL_id_22_Sensor_tr_50000_1st_126448.csv,22,5,134048,135000,953,RT_level,953,953,1.78020745659674,2.20000004768,2.2618400627733055,0.4901865615842382,0.8563935121487801,0.9825495921797057
053_GHL_id_22_Sensor_tr_50000_1st_126448.csv,22,5,134048,135000,953,out_valve_act,953,953,0.0,0.0,0.0,0.15814944671648998,0.0,0.0
053_GHL_id_22_Sensor_tr_50000_1st_126448.csv,22,5,134048,135000,953,dT_rand,953,953,1.0392467975600002,1.0392467975600002,1.0392467975600002,0.9328480964046898,0.0,0.0
053_GHL_id_22_Sensor_tr_50000_1st_126448.csv,22,5,134048,135000,953,inv_valve_act,953,953,0.0,0.0,0.024134312696747113,0.17444244614388257,0.0,0.13835114807344992
053_GHL_id_22_Sensor_tr_50000_1st_126448.csv,22,5,134048,135000,953,limiter.y,953,953,293.39245605499997,293.39245605499997,293.39245605499997,8.303377625378504,0.0,0.0
053_GHL_id_22_Sensor_tr_50000_1st_126448.csv,22,5,134048,135000,953,inj_valve_act,953,953,0.9769150052465897,0.0,0.0,0.32651863396259256,-2.991911957338733,-2.991911957338733
053_GHL_id_22_Sensor_tr_50000_1st_126448.csv,22,5,134048,135000,953,Relaxing.active,953,953,0.0,0.0,0.10073452256033578,0.34087857818653733,0.0,0.2955143825588574
053_GHL_id_22_Sensor_tr_50000_1st_126448.csv,22,5,134048,135000,953,boundary.m_flow_in,953,953,19.538300104931793,0.0,0.0,6.530372679251851,-2.991911957338733,-2.991911957338733
053_GHL_id_22_Sensor_tr_50000_1st_126448.csv,22,5,134048,135000,953,dir_valve_act,953,953,0.023084994753410283,0.0,0.022035676810073453,0.1690504614004931,-0.13655682783805137,-0.006207128538093237
053_GHL_id_22_Sensor_tr_50000_1st_126448.csv,22,5,134048,135000,953,dt_rand,953,953,-0.500411987305,-0.500411987305,-0.47494233367586475,0.9750823424770573,0.0,0.026120515693508782
053_GHL_id_22_Sensor_tr_50000_1st_126448.csv,22,5,134048,135000,953,C_level,953,953,1.22094655037,1.22094655037,1.22094655037,0.13583416287808137,0.0,0.0
053_GHL_id_22_Sensor_tr_50000_1st_126448.csv,22,5,134048,135000,953,HT_temperature.T,953,953,307.54285561399996,316.42607537797164,323.27620713830953,10.974896846555696,0.8094125975097018,1.4335762553656477
053_GHL_id_22_Sensor_tr_50000_1st_126448.csv,22,5,134048,135000,953,heater_act,953,953,0.0,1.0,0.8530954879328436,0.47894950900500205,2.0879027563416006,1.7811804206775668
053_GHL_id_22_Sensor_tr_50000_1st_126448.csv,22,5,134048,135000,953,HT_level,953,953,0.10571067297090767,0.600000023842,0.5381600031354691,0.22889864178067842,2.159424568996354,1.8892612328338636
053_GHL_id_22_Sensor_tr_50000_1st_126448.csv,22,5,134048,135000,953,limiter1.y,953,953,94.99588012699999,94.99588012699999,95.25057600729612,9.750823515041322,0.0,0.02612044817581198
053_GHL_id_22_Sensor_tr_50000_1st_126448.csv,22,5,134048,135000,953,dL_rand,953,953,1.0392467975600002,1.0392467975600002,1.0392467975600002,0.9328480964046898,0.0,0.0
054_GHL_id_23_Sensor_tr_50000_1st_135001.csv,23,1,135001,135878,878,RT_level_ini,878,878,1.4602420329999999,1.4602420329999999,1.4602420329999999,0.47634846683472576,0.0,0.0
054_GHL_id_23_Sensor_tr_50000_1st_135001.csv,23,1,135001,135878,878,RT_temperature.T,878,878,306.4404990645707,306.8236389160001,322.3758569251787,13.63812326727883,0.028093297290298778,1.1684421344717422
054_GHL_id_23_Sensor_tr_50000_1st_135001.csv,23,1,135001,135878,878,C_temperature.T,878,878,329.9246521000001,329.9246521000001,329.9246521000001,20.717635891627737,0.0,0.0
054_GHL_id_23_Sensor_tr_50000_1st_135001.csv,23,1,135001,135878,878,RT_level,878,878,1.018538996882532,0.9602420330050003,1.0305681433653122,0.4901865615842382,-0.11892811522437749,0.02453993525220906
054_GHL_id_23_Sensor_tr_50000_1st_135001.csv,23,1,135001,135878,878,out_valve_act,878,878,0.0,0.0,0.0,0.15814944671648998,0.0,0.0
054_GHL_id_23_Sensor_tr_50000_1st_135001.csv,23,1,135001,135878,878,dT_rand,878,878,-1.57951593399,-1.57951593399,-1.57951593399,0.9328480964046898,0.0,0.0
054_GHL_id_23_Sensor_tr_50000_1st_135001.csv,23,1,135001,135878,878,inv_valve_act,878,878,0.02619589977220957,0.0,0.02619589977220957,0.17444244614388257,-0.150169298535305,0.0
054_GHL_id_23_Sensor_tr_50000_1st_135001.csv,23,1,135001,135878,878,limiter.y,878,878,274.0,274.0,274.0,8.303377625378504,0.0,0.0
054_GHL_id_23_Sensor_tr_50000_1st_135001.csv,23,1,135001,135878,878,inj_valve_act,878,878,0.0,0.0,0.0,0.32651863396259256,0.0,0.0
054_GHL_id_23_Sensor_tr_50000_1st_135001.csv,23,1,135001,135878,878,Relaxing.active,878,878,0.09111617312072894,0.0,0.11503416856492027,0.34087857818653733,-0.2672980320601662,0.0701657334157936
054_GHL_id_23_Sensor_tr_50000_1st_135001.csv,23,1,135001,135878,878,boundary.m_flow_in,878,878,0.0,0.0,0.0,6.530372679251851,0.0,0.0
054_GHL_id_23_Sensor_tr_50000_1st_135001.csv,23,1,135001,135878,878,dir_valve_act,878,878,0.025056947608200455,0.0,0.025056947608200455,0.1690504614004931,-0.14822170493127898,0.0
054_GHL_id_23_Sensor_tr_50000_1st_135001.csv,23,1,135001,135878,878,dt_rand,878,878,-1.9951416970882805,-2.01745653152,0.0939054563642,0.9750823424770573,-0.022885076941329918,2.1424315285471733
054_GHL_id_23_Sensor_tr_50000_1st_135001.csv,23,1,135001,135878,878,C_level,878,878,1.25322079659,1.25322079659,1.25322079659,0.13583416287808137,0.0,0.0
054_GHL_id_23_Sensor_tr_50000_1st_135001.csv,23,1,135001,135878,878,HT_temperature.T,878,878,323.0805524682791,343.296202605279,337.56196684610705,10.974896846555696,1.8419899903974288,1.319503461426402
054_GHL_id_23_Sensor_tr_50000_1st_135001.csv,23,1,135001,135878,878,heater_act,878,878,0.857630979498861,1.0,0.8337129840546698,0.47894950900500205,0.2972526703219819,-0.04993844861409279
054_GHL_id_23_Sensor_tr_50000_1st_135001.csv,23,1,135001,135878,878,HT_level,878,878,0.5417030561453429,0.6000000238420001,0.5296739091109146,0.22889864178067842,0.25468463789538387,-0.05255228664027682
054_GHL_id_23_Sensor_tr_50000_1st_135001.csv,23,1,135001,135878,878,limiter1.y,878,878,80.04858027392267,79.8254318237,100.93905639600001,9.750823515041322,-0.02288508759064754,2.1424319791915356
054_GHL_id_23_Sensor_tr_50000_1st_135001.csv,23,1,135001,135878,878,dL_rand,878,878,-1.57951593399,-1.57951593399,-1.57951593399,0.9328480964046898,0.0,0.0
054_GHL_id_23_Sensor_tr_50000_1st_135001.csv,23,2,136025,137139,1115,RT_level_ini,1115,1115,1.4602420329999999,1.4602420329999999,1.4684103741192824,0.47634846683472576,0.0,0.01714782703838668
054_GHL_id_23_Sensor_tr_50000_1st_135001.csv,23,2,136025,137139,1115,RT_temperature.T,1115,1115,308.740346126783,322.558227539,312.0735110433013,13.63812326727883,1.0131805631475295,0.24440055652784823
054_GHL_id_23_Sensor_tr_50000_1st_135001.csv,23,2,136025,137139,1115,C_temperature.T,1115,1115,329.92465209999995,329.92465209999995,329.99985367972465,20.717635891627737,0.0,0.003629834027303055
054_GHL_id_23_Sensor_tr_50000_1st_135001.csv,23,2,136025,137139,1115,RT_level,1115,1115,1.0156199028672006,0.9602420330049998,1.1887240746092054,0.4901865615842382,-0.11297304781923156,0.3531393663313574
054_GHL_id_23_Sensor_tr_50000_1st_135001.csv,23,2,136025,137139,1115,out_valve_act,1115,1115,0.0,0.0,0.10852017937219731,0.15814944671648998,0.0,0.6861875373281473
054_GHL_id_23_Sensor_tr_50000_1st_135001.csv,23,2,136025,137139,1115,dT_rand,1115,1115,-1.5795159339900002,-1.5795159339900002,-0.6830405900293867,0.9328480964046898,0.0,0.9610089224770236
054_GHL_id_23_Sensor_tr_50000_1st_135001.csv,23,2,136025,137139,1115,inv_valve_act,1115,1115,0.02062780269058296,0.0,0.02062780269058296,0.17444244614388257,-0.1182499050349756,0.0
054_GHL_id_23_Sensor_tr_50000_1st_135001.csv,23,2,136025,137139,1115,limiter.y,1115,1115,274.0,274.0,277.61395630425284,8.303377625378504,0.0,0.43523930469055333
054_GHL_id_23_Sensor_tr_50000_1st_135001.csv,23,2,136025,137139,1115,inj_valve_act,1115,1115,0.0,0.0,0.683408071748879,0.32651863396259256,0.0,2.093013998788116
054_GHL_id_23_Sensor_tr_50000_1st_135001.csv,23,2,136025,137139,1115,Relaxing.active,1115,1115,0.09058295964125561,0.0,0.08340807174887892,0.34087857818653733,-0.2657337991819666,-0.02104822171738352
054_GHL_id_23_Sensor_tr_50000_1st_135001.csv,23,2,136025,137139,1115,boundary.m_flow_in,1115,1115,0.0,0.0,13.668161434977579,6.530372679251851,0.0,2.093013998788116
054_GHL_id_23_Sensor_tr_50000_1st_135001.csv,23,2,136025,137139,1115,dir_valve_act,1115,1115,0.019730941704035873,0.0,0.014349775784753363,0.1690504614004931,-0.11671628424185017,-0.03183171388414095
054_GHL_id_23_Sensor_tr_50000_1st_135001.csv,23,2,136025,137139,1115,dt_rand,1115,1115,-1.7409911949898718,0.09390545636420002,-0.698416113853,0.9750823424770573,1.881786359388664,1.0692174760219315
054_GHL_id_23_Sensor_tr_50000_1st_135001.csv,23,2,136025,137139,1115,C_level,1115,1115,1.25322079659,1.25322079659,1.285547561713722,0.13583416287808137,0.0,0.23798700149340973
054_GHL_id_23_Sensor_tr_50000_1st_135001.csv,23,2,136025,137139,1115,HT_temperature.T,1115,1115,342.74919450015517,340.328573813678,324.7074360800439,10.974896846555696,-0.2205597665582456,-1.6439114346458192
054_GHL_id_23_Sensor_tr_50000_1st_135001.csv,23,2,136025,137139,1115,heater_act,1115,1115,0.8690582959641255,1.0,0.0,0.47894950900500205,0.27339354477656835,-1.814509211565032
054_GHL_id_23_Sensor_tr_50000_1st_135001.csv,23,2,136025,137139,1115,HT_level,1115,1115,0.5446221505380601,0.600000023842,0.10806554925403768,0.22889864178067842,0.24193185627112992,-1.9072048566470463
054_GHL_id_23_Sensor_tr_50000_1st_135001.csv,23,2,136025,137139,1115,limiter1.y,1115,1115,82.59008580357067,100.93905639599997,93.01583862300001,9.750823515041322,1.8817867602797584,1.0692176720609174
054_GHL_id_23_Sensor_tr_50000_1st_135001.csv,23,2,136025,137139,1115,dL_rand,1115,1115,-1.5795159339900002,-1.5795159339900002,-0.6830405900293867,0.9328480964046898,0.0,0.9610089224770236
054_GHL_id_23_Sensor_tr_50000_1st_135001.csv,23,3,138260,140000,1741,RT_level_ini,1741,1741,1.467108119563326,2.0294733047499998,2.0294733047499998,0.47634846683472576,1.1805751972364225,1.1805751972364225
054_GHL_id_23_Sensor_tr_50000_1st_135001.csv,23,3,138260,140000,1741,RT_temperature.T,1741,1741,315.7554768623176,291.93218994100005,308.7897447194567,13.63812326727883,-1.746815632505347,-0.5107544495930325
054_GHL_id_23_Sensor_tr_50000_1st_135001.csv,23,3,138260,140000,1741,C_temperature.T,1741,1741,329.97307038463987,330.01394653299997,330.01394653299997,20.717635891627737,0.001973012199553952,0.001973012199553952
054_GHL_id_23_Sensor_tr_50000_1st_135001.csv,23,3,138260,140000,1741,RT_level,1741,1741,1.1083912473172424,1.52947330475,1.6245546831898852,0.4901865615842382,0.8590240745724625,1.0529938523905056
054_GHL_id_23_Sensor_tr_50000_1st_135001.csv,23,3,138260,140000,1741,out_valve_act,1741,1741,0.06950028719126938,0.0,0.0,0.15814944671648998,-0.43945956583623447,-0.43945956583623447
054_GHL_id_23_Sensor_tr_50000_1st_135001.csv,23,3,138260,140000,1741,dT_rand,1741,1741,-1.0021108101316,-0.4410535097119999,-0.4410535097119999,0.9328480964046898,0.6014455114203303,0.6014455114203303
054_GHL_id_23_Sensor_tr_50000_1st_135001.csv,23,3,138260,140000,1741,inv_valve_act,1741,1741,0.013210798391728892,0.0,0.03963239517518667,0.17444244614388257,-0.07573155893968857,0.1514631178793771
054_GHL_id_23_Sensor_tr_50000_1st_135001.csv,23,3,138260,140000,1741,limiter.y,1741,1741,276.32769021650597,278.5894775389999,278.5894775389999,8.303377625378504,0.2723936480476332,0.2723936480476332
054_GHL_id_23_Sensor_tr_50000_1st_135001.csv,23,3,138260,140000,1741,inj_valve_act,1741,1741,0.43767949454336585,0.0,0.0,0.32651863396259256,-1.340442624152067,-1.340442624152067
054_GHL_id_23_Sensor_tr_50000_1st_135001.csv,23,3,138260,140000,1741,Relaxing.active,1741,1741,0.053417576105686385,0.0,0.15795519816197587,0.34087857818653733,-0.15670558235095355,0.3066711396545543
054_GHL_id_23_Sensor_tr_50000_1st_135001.csv,23,3,138260,140000,1741,boundary.m_flow_in,1741,1741,8.753589890867318,0.0,0.0,6.530372679251851,-1.3404426241520673,-1.3404426241520673
054_GHL_id_23_Sensor_tr_50000_1st_135001.csv,23,3,138260,140000,1741,dir_valve_act,1741,1741,0.012062033314187249,0.0,0.02469844916714532,0.1690504614004931,-0.07135167342496272,0.07474937215948475
054_GHL_id_23_Sensor_tr_50000_1st_135001.csv,23,3,138260,140000,1741,dt_rand,1741,1741,-0.41580169966294755,-0.698416113853,0.7489861187274134,0.9750823424770573,-0.28983645983385453,1.1945532881165544
054_GHL_id_23_Sensor_tr_50000_1st_135001.csv,23,3,138260,140000,1741,C_level,1741,1741,1.274034347229058,1.2916305065200002,1.2916305065200002,0.13583416287808137,0.1295414858685858,0.1295414858685858
054_GHL_id_23_Sensor_tr_50000_1st_135001.csv,23,3,138260,140000,1741,HT_temperature.T,1741,1741,332.3368801092872,323.11668028768867,325.45910793525155,10.974896846555696,-0.8401172193697816,-0.6266821702469262
054_GHL_id_23_Sensor_tr_50000_1st_135001.csv,23,3,138260,140000,1741,heater_act,1741,1741,0.35669155657668006,1.0,0.7777139574956922,0.47894950900500205,1.3431654722013744,0.8790538313603637
054_GHL_id_23_Sensor_tr_50000_1st_135001.csv,23,3,138260,140000,1741,HT_level,1741,1741,0.2847610296641723,0.600000023842,0.5049186365392022,0.22889864178067842,1.3771990594853645,0.9618126397009212
054_GHL_id_23_Sensor_tr_50000_1st_135001.csv,23,3,138260,140000,1741,limiter1.y,1741,1741,95.84198350354741,93.01583862300002,107.48985901380918,9.750823515041322,-0.2898365329028737,1.1945530028611546
054_GHL_id_23_Sensor_tr_50000_1st_135001.csv,23,3,138260,140000,1741,dL_rand,1741,1741,-1.0021108101316,-0.4410535097119999,-0.4410535097119999,0.9328480964046898,0.6014455114203303,0.6014455114203303
055_GHL_id_24_Sensor_tr_50000_1st_118124.csv,24,1,118124,119132,1009,RT_level_ini,1009,1009,2.0858714580500006,2.0858714580500006,2.0858714580500006,0.47634846683472576,0.0,0.0
055_GHL_id_24_Sensor_tr_50000_1st_118124.csv,24,1,118124,119132,1009,RT_temperature.T,1009,1009,327.2478343106254,329.381378174,317.059639846661,13.63812326727883,0.15643969639821984,-0.7470378632233337
055_GHL_id_24_Sensor_tr_50000_1st_118124.csv,24,1,118124,119132,1009,C_temperature.T,1009,1009,329.79586792000003,329.79586792000003,330.0493432946789,20.717635891627737,0.0,0.012234763464557161
055_GHL_id_24_Sensor_tr_50000_1st_118124.csv,24,1,118124,119132,1009,RT_level,1009,1009,1.7580386319852432,1.5858714580500004,1.1802222894130396,0.4901865615842382,-0.351227853694753,-1.1787682238875623
055_GHL_id_24_Sensor_tr_50000_1st_118124.csv,24,1,118124,119132,1009,out_valve_act,1009,1009,0.0,0.0,0.1952428146679881,0.15814944671648998,0.0,1.2345463023844423
055_GHL_id_24_Sensor_tr_50000_1st_118124.csv,24,1,118124,119132,1009,dT_rand,1009,1009,-0.32825708389299996,-0.32825708389299996,-0.6727592706445025,0.9328480964046898,0.0,-0.36930148443166244
055_GHL_id_24_Sensor_tr_50000_1st_118124.csv,24,1,118124,119132,1009,inv_valve_act,1009,1009,0.06937561942517344,0.0,0.023785926660059464,0.17444244614388257,-0.39769918938164545,-0.2613451815936527
055_GHL_id_24_Sensor_tr_50000_1st_118124.csv,24,1,118124,119132,1009,limiter.y,1009,1009,279.7174377440001,279.7174377440001,276.27241420812095,8.303377625378504,0.0,-0.4148942383819524
055_GHL_id_24_Sensor_tr_50000_1st_118124.csv,24,1,118124,119132,1009,inj_valve_act,1009,1009,0.0,0.0,0.6005946481665014,0.32651863396259256,0.0,1.8393885852018732
055_GHL_id_24_Sensor_tr_50000_1st_118124.csv,24,1,118124,119132,1009,Relaxing.active,1009,1009,0.27750247770069375,0.0,0.08126858275520317,0.34087857818653733,-0.8140801313388412,-0.5756709500181806
055_GHL_id_24_Sensor_tr_50000_1st_118124.csv,24,1,118124,119132,1009,boundary.m_flow_in,1009,1009,0.0,0.0,12.01189296333003,6.530372679251851,0.0,1.8393885852018734
055_GHL_id_24_Sensor_tr_50000_1st_118124.csv,24,1,118124,119132,1009,dir_valve_act,1009,1009,0.06442021803766106,0.0,0.0,0.1690504614004931,-0.3810709388426026,-0.3810709388426026
055_GHL_id_24_Sensor_tr_50000_1st_118124.csv,24,1,118124,119132,1009,dt_rand,1009,1009,-0.32737656819338357,-0.9163487553599997,-1.7493515014600005,0.9750823424770573,-0.6040230260661028,-1.458312668911933
055_GHL_id_24_Sensor_tr_50000_1st_118124.csv,24,1,118124,119132,1009,C_level,1009,1009,0.9804152846340002,0.9804152846340002,1.0310314240987855,0.13583416287808137,0.0,0.37263187987705304
055_GHL_id_24_Sensor_tr_50000_1st_118124.csv,24,1,118124,119132,1009,HT_temperature.T,1009,1009,330.2604074015015,341.66663033191077,326.6232028806204,10.974896846555696,1.0393011515173334,-0.33141127171710644
055_GHL_id_24_Sensor_tr_50000_1st_118124.csv,24,1,118124,119132,1009,heater_act,1009,1009,0.5887016848364718,1.0,0.0,0.47894950900500205,0.8587508859085868,-1.2291518704330135
055_GHL_id_24_Sensor_tr_50000_1st_118124.csv,24,1,118124,119132,1009,HT_level,1009,1009,0.4278328405662289,0.600000023842,0.10598058742344203,0.22889864178067842,0.7521546739483709,-1.4060907073934188
055_GHL_id_24_Sensor_tr_50000_1st_118124.csv,24,1,118124,119132,1009,limiter1.y,1009,1009,96.7262318955226,90.83650970459999,82.5064849854,9.750823515041322,-0.6040230532156906,-1.4583124069662077
055_GHL_id_24_Sensor_tr_50000_1st_118124.csv,24,1,118124,119132,1009,dL_rand,1009,1009,-0.32825708389299996,-0.32825708389299996,-0.6727592706445025,0.9328480964046898,0.0,-0.36930148443166244
056_GHL_id_25_Sensor_tr_50000_1st_105568.csv,25,1,105568,107305,1738,RT_level_ini,1738,1738,2.6151089262266507,2.7000000476799997,2.7000000476799997,0.47634846683472576,0.17821222773621914,0.17821222773621914
056_GHL_id_25_Sensor_tr_50000_1st_105568.csv,25,1,105568,107305,1738,RT_temperature.T,1738,1738,318.9759439483723,307.46667480499997,316.89137968650516,13.63812326727883,-0.8439041734566104,-0.1528483223838056
056_GHL_id_25_Sensor_tr_50000_1st_105568.csv,25,1,105568,107305,1738,C_temperature.T,1738,1738,329.768067757988,329.7761535640001,329.7761535640001,20.717635891627737,0.00039028613372687424,0.00039028613372687424
056_GHL_id_25_Sensor_tr_50000_1st_105568.csv,25,1,105568,107305,1738,RT_level,1738,1738,1.6450334259918573,2.2000000476799997,2.2700799779011507,0.4901865615842382,1.132153888296205,1.275119721538673
056_GHL_id_25_Sensor_tr_50000_1st_105568.csv,25,1,105568,107305,1738,out_valve_act,1738,1738,0.14902186421173763,0.0,0.0,0.15814944671648998,-0.9422850810150787,-0.9422850810150787
056_GHL_id_25_Sensor_tr_50000_1st_105568.csv,25,1,105568,107305,1738,dT_rand,1738,1738,1.5726186269938482,1.934141039850001,1.934141039850001,0.9328480964046898,0.38754692671776264,0.38754692671776264
056_GHL_id_25_Sensor_tr_50000_1st_105568.csv,25,1,105568,107305,1738,inv_valve_act,1738,1738,0.013233601841196778,0.0,0.026467203682393557,0.17444244614388257,-0.0758622808481,0.0758622808481
056_GHL_id_25_Sensor_tr_50000_1st_105568.csv,25,1,105568,107305,1738,limiter.y,1738,1738,298.7261764821806,302.341400146,302.341400146,8.303377625378504,0.43539193650181546,0.43539193650181546
056_GHL_id_25_Sensor_tr_50000_1st_105568.csv,25,1,105568,107305,1738,inj_valve_act,1738,1738,0.6306098964326813,0.0,0.0,0.32651863396259256,-1.9313136551493928,-1.9313136551493928
056_GHL_id_25_Sensor_tr_50000_1st_105568.csv,25,1,105568,107305,1738,Relaxing.active,1738,1738,0.05005753739930955,0.0,0.1144994246260069,0.34087857818653733,-0.14684858657183442,0.18904645627638456
056_GHL_id_25_Sensor_tr_50000_1st_105568.csv,25,1,105568,107305,1738,boundary.m_flow_in,1738,1738,12.612197928653625,0.0,0.0,6.530372679251851,-1.9313136551493928,-1.9313136551493928
056_GHL_id_25_Sensor_tr_50000_1st_105568.csv,25,1,105568,107305,1738,dir_valve_act,1738,1738,0.01380897583429229,0.0,0.02531645569620253,0.1690504614004931,-0.08168552584768048,0.06807127153973373
056_GHL_id_25_Sensor_tr_50000_1st_105568.csv,25,1,105568,107305,1738,dt_rand,1738,1738,-1.1741236744640684,-1.3650623559999995,0.4280197174896365,0.9750823424770573,-0.1958180075857785,1.6430852269190812
056_GHL_id_25_Sensor_tr_50000_1st_105568.csv,25,1,105568,107305,1738,C_level,1738,1738,0.9509163058530917,0.9699091315270001,0.9699091315270001,0.13583416287808137,0.13982362957509792,0.13982362957509792
056_GHL_id_25_Sensor_tr_50000_1st_105568.csv,25,1,105568,107305,1738,HT_temperature.T,1738,1738,311.9024765488643,331.7198031022716,338.43301834089704,10.974896846555696,1.805695928670773,2.417384159775402
056_GHL_id_25_Sensor_tr_50000_1st_105568.csv,25,1,105568,107305,1738,heater_act,1738,1738,0.0857307249712313,1.0,0.833716915995397,0.47894950900500205,1.908905339371003,1.5617224299448105
056_GHL_id_25_Sensor_tr_50000_1st_105568.csv,25,1,105568,107305,1738,HT_level,1738,1738,0.15001146151097525,0.600000023842,0.5299200867234062,0.22889864178067842,1.9658856812360903,1.6597242441326685
056_GHL_id_25_Sensor_tr_50000_1st_105568.csv,25,1,105568,107305,1738,limiter1.y,1738,1738,88.25876016919838,86.34937286380001,104.28019702913745,9.750823515041322,-0.19581805602911448,1.6430855132620228
056_GHL_id_25_Sensor_tr_50000_1st_105568.csv,25,1,105568,107305,1738,dL_rand,1738,1738,1.5726186269938482,1.934141039850001,1.934141039850001,0.9328480964046898,0.38754692671776264,0.38754692671776264
056_GHL_id_25_Sensor_tr_50000_1st_105568.csv,25,2,107458,108756,1299,RT_level_ini,1299,1299,2.70000004768,2.70000004768,2.70000004768,0.47634846683472576,0.0,0.0
056_GHL_id_25_Sensor_tr_50000_1st_105568.csv,25,2,107458,108756,1299,RT_temperature.T,1299,1299,308.3807413457975,315.855377197,324.5850643307267,13.63812326727883,0.5480692397857966,1.1881636987258586
056_GHL_id_25_Sensor_tr_50000_1st_105568.csv,25,2,107458,108756,1299,C_temperature.T,1299,1299,329.7761535640001,329.7761535640001,329.7761535640001,20.717635891627737,0.0,0.0
056_GHL_id_25_Sensor_tr_50000_1st_105568.csv,25,2,107458,108756,1299,RT_level,1299,1299,2.2497930304614013,2.20000004768,2.368556770750162,0.4901865615842382,-0.10157965697891602,0.24228273395526576
056_GHL_id_25_Sensor_tr_50000_1st_105568.csv,25,2,107458,108756,1299,out_valve_act,1299,1299,0.0,0.0,0.0,0.15814944671648998,0.0,0.0
056_GHL_id_25_Sensor_tr_50000_1st_105568.csv,25,2,107458,108756,1299,dT_rand,1299,1299,1.9341410398500007,1.9341410398500007,1.9341410398500007,0.9328480964046898,0.0,0.0
056_GHL_id_25_Sensor_tr_50000_1st_105568.csv,25,2,107458,108756,1299,inv_valve_act,1299,1299,0.01770592763664357,0.0,0.07159353348729793,0.17444244614388257,-0.10150011094226158,0.30891338112862227
056_GHL_id_25_Sensor_tr_50000_1st_105568.csv,25,2,107458,108756,1299,limiter.y,1299,1299,302.341400146,302.341400146,302.341400146,8.303377625378504,0.0,0.0
056_GHL_id_25_Sensor_tr_50000_1st_105568.csv,25,2,107458,108756,1299,inj_valve_act,1299,1299,0.0,0.0,0.0,0.32651863396259256,0.0,0.0
056_GHL_id_25_Sensor_tr_50000_1st_105568.csv,25,2,107458,108756,1299,Relaxing.active,1299,1299,0.08237105465742879,0.0,0.2763664357197845,0.34087857818653733,-0.24164338837494587,0.5691040548643587
056_GHL_id_25_Sensor_tr_50000_1st_105568.csv,25,2,107458,108756,1299,boundary.m_flow_in,1299,1299,0.0,0.0,0.0,6.530372679251851,0.0,0.0
056_GHL_id_25_Sensor_tr_50000_1st_105568.csv,25,2,107458,108756,1299,dir_valve_act,1299,1299,0.016936104695919937,0.0,0.050808314087759814,0.1690504614004931,-0.1001837235794172,0.20036744715883442
056_GHL_id_25_Sensor_tr_50000_1st_105568.csv,25,2,107458,108756,1299,dt_rand,1299,1299,-1.1260045585168896,0.6779381632800002,-0.2106157577525273,0.9750823424770573,1.8500414203114697,0.9387810248301164
056_GHL_id_25_Sensor_tr_50000_1st_105568.csv,25,2,107458,108756,1299,C_level,1299,1299,0.9699091315270001,0.9699091315270001,0.9699091315270001,0.13583416287808137,0.0,0.0
056_GHL_id_25_Sensor_tr_50000_1st_105568.csv,25,2,107458,108756,1299,HT_temperature.T,1299,1299,340.5911734612525,337.91299548895074,331.4391257717075,10.974896846555696,-0.24402762137506967,-0.8339073995412738
056_GHL_id_25_Sensor_tr_50000_1st_105568.csv,25,2,107458,108756,1299,heater_act,1299,1299,0.8829869130100076,1.0,0.6012317167051578,0.47894950900500205,0.24431194685444452,-0.5882774509784646
056_GHL_id_25_Sensor_tr_50000_1st_105568.csv,25,2,107458,108756,1299,HT_level,1299,1299,0.550207035927311,0.600000023842,0.43144328728197306,0.22889864178067842,0.21753291119306276,-0.5188486385128167
056_GHL_id_25_Sensor_tr_50000_1st_105568.csv,25,2,107458,108756,1299,limiter1.y,1299,1299,88.73995115941078,106.779380798,97.89384298344842,9.750823515041322,1.8500416514320204,0.9387814075310797
056_GHL_id_25_Sensor_tr_50000_1st_105568.csv,25,2,107458,108756,1299,dL_rand,1299,1299,1.9341410398500007,1.9341410398500007,1.9341410398500007,0.9328480964046898,0.0,0.0
056_GHL_id_25_Sensor_tr_50000_1st_105568.csv,25,3,108894,109000,107,RT_level_ini,107,107,2.700000047680001,2.700000047680001,2.700000047680001,0.47634846683472576,0.0,0.0
056_GHL_id_25_Sensor_tr_50000_1st_105568.csv,25,3,108894,109000,107,RT_temperature.T,107,107,322.6901815539906,322.6901550289999,322.6901550289999,13.63812326727883,-1.9449150126900985e-06,-1.9449150126900985e-06
056_GHL_id_25_Sensor_tr_50000_1st_105568.csv,25,3,108894,109000,107,C_temperature.T,107,107,329.77615356400014,329.77615356400014,329.77615356400014,20.717635891627737,0.0,0.0
056_GHL_id_25_Sensor_tr_50000_1st_105568.csv,25,3,108894,109000,107,RT_level,107,107,2.6476792175047663,2.2000000476799997,2.2000000476799997,0.4901865615842382,-0.9132832372595211,-0.9132832372595211
056_GHL_id_25_Sensor_tr_50000_1st_105568.csv,25,3,108894,109000,107,out_valve_act,107,107,0.0,0.0,0.0,0.15814944671648998,0.0,0.0
056_GHL_id_25_Sensor_tr_50000_1st_105568.csv,25,3,108894,109000,107,dT_rand,107,107,1.9341410398500007,1.9341410398500007,1.9341410398500007,0.9328480964046898,0.0,0.0
056_GHL_id_25_Sensor_tr_50000_1st_105568.csv,25,3,108894,109000,107,inv_valve_act,107,107,0.0,0.0,0.0,0.17444244614388257,0.0,0.0
056_GHL_id_25_Sensor_tr_50000_1st_105568.csv,25,3,108894,109000,107,limiter.y,107,107,302.34140014600007,302.34140014600007,302.34140014600007,8.303377625378504,0.0,0.0
056_GHL_id_25_Sensor_tr_50000_1st_105568.csv,25,3,108894,109000,107,inj_valve_act,107,107,0.0,0.0,0.0,0.32651863396259256,0.0,0.0
056_GHL_id_25_Sensor_tr_50000_1st_105568.csv,25,3,108894,109000,107,Relaxing.active,107,107,0.794392523364486,0.0,0.0,0.34087857818653733,-2.330426651010538,-2.330426651010538
056_GHL_id_25_Sensor_tr_50000_1st_105568.csv,25,3,108894,109000,107,boundary.m_flow_in,107,107,0.0,0.0,0.0,6.530372679251851,0.0,0.0
056_GHL_id_25_Sensor_tr_50000_1st_105568.csv,25,3,108894,109000,107,dir_valve_act,107,107,0.205607476635514,0.0,0.0,0.1690504614004931,-1.216249130183766,-1.216249130183766
056_GHL_id_25_Sensor_tr_50000_1st_105568.csv,25,3,108894,109000,107,dt_rand,107,107,-0.8355052471160002,-0.8355052471160002,-0.8355052471160002,0.9750823424770573,0.0,0.0
056_GHL_id_25_Sensor_tr_50000_1st_105568.csv,25,3,108894,109000,107,C_level,107,107,0.9699091315270003,0.9699091315270003,0.9699091315270003,0.13583416287808137,0.0,0.0
056_GHL_id_25_Sensor_tr_50000_1st_105568.csv,25,3,108894,109000,107,HT_temperature.T,107,107,344.804844651271,327.73512795709337,330.6145478720842,10.974896846555696,-1.555341880004524,-1.2929776905958115
056_GHL_id_25_Sensor_tr_50000_1st_105568.csv,25,3,108894,109000,107,heater_act,107,107,0.0,1.0,1.0,0.47894950900500205,2.0879027563416006,2.0879027563416006
056_GHL_id_25_Sensor_tr_50000_1st_105568.csv,25,3,108894,109000,107,HT_level,107,107,0.1523208233100187,0.600000023842,0.600000023842,0.22889864178067842,1.9557966663731001,1.9557966663731001
056_GHL_id_25_Sensor_tr_50000_1st_105568.csv,25,3,108894,109000,107,limiter1.y,107,107,91.64495086669997,91.64495086669997,91.64495086669997,9.750823515041322,0.0,0.0
056_GHL_id_25_Sensor_tr_50000_1st_105568.csv,25,3,108894,109000,107,dL_rand,107,107,1.9341410398500007,1.9341410398500007,1.9341410398500007,0.9328480964046898,0.0,0.0
