source_file,series_id,feature,left_group,right_group,left_count,right_count,left_mean,right_mean,left_std,mean_difference,absolute_mean_difference_in_left_sd,left_zero_variance_but_mean_changed,ks_statistic
032_GHL_id_1_Sensor_tr_50000_1st_65001.csv,1,RT_level_ini,train_prefix_sample,post_train_normal_sample,3000,3000,2.2750939817025335,2.299487029949003,0.4021654197179778,0.024393048246469373,0.0606542657585409,False,0.21399999999999997
032_GHL_id_1_Sensor_tr_50000_1st_65001.csv,1,RT_temperature.T,train_prefix_sample,post_train_normal_sample,3000,3000,312.47823654172436,313.1694719340107,13.407223133437611,0.6912353922863304,0.051556939524814015,False,0.07666666666666666
032_GHL_id_1_Sensor_tr_50000_1st_65001.csv,1,C_temperature.T,train_prefix_sample,post_train_normal_sample,3000,3000,317.0294235940257,329.724245534217,21.085510852215382,12.694821940191332,0.6020637597621938,False,0.9803333333333333
032_GHL_id_1_Sensor_tr_50000_1st_65001.csv,1,RT_level,train_prefix_sample,post_train_normal_sample,3000,3000,1.826234488248393,1.8195469708436243,0.44920129416539517,-0.006687517404768695,0.01488757377067209,False,0.138
032_GHL_id_1_Sensor_tr_50000_1st_65001.csv,1,out_valve_act,train_prefix_sample,post_train_normal_sample,3000,3000,0.024333333333333332,0.029,0.15410755530393747,0.00466666666666667,0.030281881102213786,False,0.004666666666666708
032_GHL_id_1_Sensor_tr_50000_1st_65001.csv,1,dT_rand,train_prefix_sample,post_train_normal_sample,3000,3000,0.19049466625902997,0.17724791437521953,0.6790844725921973,-0.013246751883810443,0.019506780700264018,False,0.20766666666666667
032_GHL_id_1_Sensor_tr_50000_1st_65001.csv,1,inv_valve_act,train_prefix_sample,post_train_normal_sample,3000,3000,0.034666666666666665,0.039,0.18296460742835674,0.004333333333333335,0.023683997655284963,False,0.004333333333333411
032_GHL_id_1_Sensor_tr_50000_1st_65001.csv,1,limiter.y,train_prefix_sample,post_train_normal_sample,3000,3000,285.082388173376,285.33601550285834,6.37270324351866,0.2536273294823559,0.03979901774655942,False,0.20766666666666667
032_GHL_id_1_Sensor_tr_50000_1st_65001.csv,1,inj_valve_act,train_prefix_sample,post_train_normal_sample,3000,3000,0.119,0.11366666666666667,0.32384248946979666,-0.005333333333333329,0.016468911605963754,False,0.005333333333333301
032_GHL_id_1_Sensor_tr_50000_1st_65001.csv,1,Relaxing.active,train_prefix_sample,post_train_normal_sample,3000,3000,0.14566666666666667,0.14133333333333334,0.3528305334727601,-0.004333333333333328,0.012281627926818523,False,0.004333333333333411
032_GHL_id_1_Sensor_tr_50000_1st_65001.csv,1,boundary.m_flow_in,train_prefix_sample,post_train_normal_sample,3000,3000,2.38,2.2733333333333334,6.476849789395932,-0.10666666666666647,0.01646891160596374,False,0.005333333333333301
032_GHL_id_1_Sensor_tr_50000_1st_65001.csv,1,dir_valve_act,train_prefix_sample,post_train_normal_sample,3000,3000,0.032,0.026,0.1760293406687043,-0.006000000000000002,0.0340852267991635,False,0.006000000000000005
032_GHL_id_1_Sensor_tr_50000_1st_65001.csv,1,dt_rand,train_prefix_sample,post_train_normal_sample,3000,3000,-0.045940859804379876,0.01825195017776278,1.0130534117596401,0.06419280998214266,0.06336567177701113,False,0.09866666666666665
032_GHL_id_1_Sensor_tr_50000_1st_65001.csv,1,C_level,train_prefix_sample,post_train_normal_sample,3000,3000,0.18404460770729572,1.121339971662772,0.12556393097694507,0.9372953639554764,7.464686368632201,False,0.9803333333333333
032_GHL_id_1_Sensor_tr_50000_1st_65001.csv,1,HT_temperature.T,train_prefix_sample,post_train_normal_sample,3000,3000,321.90568449910495,322.543490427654,10.849663529986397,0.6378059285490281,0.05878577955770281,False,0.024333333333333332
032_GHL_id_1_Sensor_tr_50000_1st_65001.csv,1,heater_act,train_prefix_sample,post_train_normal_sample,3000,3000,0.6316666666666667,0.6376666666666667,0.48243286515191086,0.006000000000000005,0.01243696363453741,False,0.006000000000000005
032_GHL_id_1_Sensor_tr_50000_1st_65001.csv,1,HT_level,train_prefix_sample,post_train_normal_sample,3000,3000,0.4323820317661333,0.43518783529605254,0.23000893938993003,0.0028058035299192152,0.012198671657550609,False,0.008666666666666656
032_GHL_id_1_Sensor_tr_50000_1st_65001.csv,1,limiter1.y,train_prefix_sample,post_train_normal_sample,3000,3000,99.5405915196665,100.18251955159482,10.130534149219061,0.641928031928316,0.06336566487738465,False,0.09866666666666665
032_GHL_id_1_Sensor_tr_50000_1st_65001.csv,1,dL_rand,train_prefix_sample,post_train_normal_sample,3000,3000,0.19049466625902997,0.17724791437521953,0.6790844725921973,-0.013246751883810443,0.019506780700264018,False,0.20766666666666667
033_GHL_id_2_Sensor_tr_50000_1st_51001.csv,2,RT_level_ini,train_prefix_sample,post_train_normal_sample,3000,3000,1.9123780924886566,2.2857622832845967,0.4502438115480354,0.3733841907959401,0.8292933322329621,False,0.5286666666666666
033_GHL_id_2_Sensor_tr_50000_1st_51001.csv,2,RT_temperature.T,train_prefix_sample,post_train_normal_sample,3000,3000,310.4141812337226,313.80350742596437,14.670683913261254,3.3893261922417537,0.23102714312984715,False,0.15400000000000003
033_GHL_id_2_Sensor_tr_50000_1st_51001.csv,2,C_temperature.T,train_prefix_sample,post_train_normal_sample,3000,3000,316.79704211408597,329.87495181279036,21.207907207422004,13.077909698704389,0.6166525329820187,False,0.9846666666666667
033_GHL_id_2_Sensor_tr_50000_1st_51001.csv,2,RT_level,train_prefix_sample,post_train_normal_sample,3000,3000,1.5052494374919743,1.7993680293950345,0.43840190878916696,0.2941185919030602,0.6708880276442993,False,0.3883333333333333
033_GHL_id_2_Sensor_tr_50000_1st_51001.csv,2,out_valve_act,train_prefix_sample,post_train_normal_sample,3000,3000,0.018666666666666668,0.030666666666666665,0.135367390210246,0.011999999999999997,0.08864764240015402,False,0.0119999999999999
033_GHL_id_2_Sensor_tr_50000_1st_51001.csv,2,dT_rand,train_prefix_sample,post_train_normal_sample,3000,3000,-0.5743362903346768,0.30504182244822864,0.6932756296009522,0.8793781127829055,1.26843938433127,False,0.5576666666666666
033_GHL_id_2_Sensor_tr_50000_1st_51001.csv,2,inv_valve_act,train_prefix_sample,post_train_normal_sample,3000,3000,0.03266666666666666,0.035,0.17779227275945717,0.00233333333333334,0.013123929949926493,False,0.0023333333333334094
033_GHL_id_2_Sensor_tr_50000_1st_51001.csv,2,limiter.y,train_prefix_sample,post_train_normal_sample,3000,3000,279.10807975257734,286.3984229431956,3.722354702280161,7.290343190618273,1.9585299558240674,False,0.5576666666666666
033_GHL_id_2_Sensor_tr_50000_1st_51001.csv,2,inj_valve_act,train_prefix_sample,post_train_normal_sample,3000,3000,0.10566666666666667,0.12166666666666667,0.3074617588144363,0.016,0.05203899197641859,False,0.016000000000000014
033_GHL_id_2_Sensor_tr_50000_1st_51001.csv,2,Relaxing.active,train_prefix_sample,post_train_normal_sample,3000,3000,0.14166666666666666,0.14166666666666666,0.34876606507075375,0.0,0.0,False,0.0
033_GHL_id_2_Sensor_tr_50000_1st_51001.csv,2,boundary.m_flow_in,train_prefix_sample,post_train_normal_sample,3000,3000,2.1133333333333333,2.433333333333333,6.1492351762887285,0.31999999999999984,0.05203899197641855,False,0.016000000000000014
033_GHL_id_2_Sensor_tr_50000_1st_51001.csv,2,dir_valve_act,train_prefix_sample,post_train_normal_sample,3000,3000,0.03,0.026333333333333334,0.17061565940561105,-0.0036666666666666653,0.021490797969193204,False,0.003666666666666707
033_GHL_id_2_Sensor_tr_50000_1st_51001.csv,2,dt_rand,train_prefix_sample,post_train_normal_sample,3000,3000,0.16161021286375107,-0.10357346943839887,1.0626568281916584,-0.26518368230214995,0.24954780816062475,False,0.1346666666666666
033_GHL_id_2_Sensor_tr_50000_1st_51001.csv,2,C_level,train_prefix_sample,post_train_normal_sample,3000,3000,0.1760873646321003,1.085464374890081,0.11750528111036208,0.9093770102579807,7.739030975160045,False,0.9846666666666667
033_GHL_id_2_Sensor_tr_50000_1st_51001.csv,2,HT_temperature.T,train_prefix_sample,post_train_normal_sample,3000,3000,321.426474212643,322.41055417887566,10.926726915198694,0.9840799662326845,0.09006173338732057,False,0.032333333333333325
033_GHL_id_2_Sensor_tr_50000_1st_51001.csv,2,heater_act,train_prefix_sample,post_train_normal_sample,3000,3000,0.655,0.6316666666666667,0.4754475261442693,-0.023333333333333317,0.04907656902236794,False,0.023333333333333373
033_GHL_id_2_Sensor_tr_50000_1st_51001.csv,2,HT_level,train_prefix_sample,post_train_normal_sample,3000,3000,0.44237461855765303,0.43032256941254465,0.22662274232324897,-0.012052049145108379,0.053181110693284434,False,0.028000000000000025
033_GHL_id_2_Sensor_tr_50000_1st_51001.csv,2,limiter1.y,train_prefix_sample,post_train_normal_sample,3000,3000,101.61610193632248,98.9642649434282,10.626568037533266,-2.6518369928942747,0.2495478298852395,False,0.1346666666666666
033_GHL_id_2_Sensor_tr_50000_1st_51001.csv,2,dL_rand,train_prefix_sample,post_train_normal_sample,3000,3000,-0.5743362903346768,0.30504182244822864,0.6932756296009522,0.8793781127829055,1.26843938433127,False,0.5576666666666666
034_GHL_id_3_Sensor_tr_50000_1st_122001.csv,3,RT_level_ini,train_prefix_sample,post_train_normal_sample,3000,3000,2.048919019540223,2.2333527469626,0.5171229494806378,0.1844337274223773,0.35665353395669186,False,0.2653333333333334
034_GHL_id_3_Sensor_tr_50000_1st_122001.csv,3,RT_temperature.T,train_prefix_sample,post_train_normal_sample,3000,3000,311.01364140831134,312.4852113952427,13.929629349018146,1.4715699869313426,0.10564315460662768,False,0.09166666666666667
034_GHL_id_3_Sensor_tr_50000_1st_122001.csv,3,C_temperature.T,train_prefix_sample,post_train_normal_sample,3000,3000,316.792221109963,329.85092126472,21.145383295039725,13.058700154756991,0.6175674364730147,False,0.9663333333333334
034_GHL_id_3_Sensor_tr_50000_1st_122001.csv,3,RT_level,train_prefix_sample,post_train_normal_sample,3000,3000,1.6267834100322052,1.7661457859277332,0.5135427795867039,0.13936237589552802,0.27137442377767634,False,0.19700000000000006
034_GHL_id_3_Sensor_tr_50000_1st_122001.csv,3,out_valve_act,train_prefix_sample,post_train_normal_sample,3000,3000,0.024333333333333332,0.026,0.15410755530393747,0.001666666666666667,0.010814957536504919,False,0.0016666666666667052
034_GHL_id_3_Sensor_tr_50000_1st_122001.csv,3,dT_rand,train_prefix_sample,post_train_normal_sample,3000,3000,-0.1102250561463311,0.03415580290269917,1.1062409481563866,0.14438085904903028,0.13051483882390105,False,0.272
034_GHL_id_3_Sensor_tr_50000_1st_122001.csv,3,inv_valve_act,train_prefix_sample,post_train_normal_sample,3000,3000,0.024333333333333332,0.033,0.15410755530393747,0.00866666666666667,0.05623777918982559,False,0.008666666666666711
034_GHL_id_3_Sensor_tr_50000_1st_122001.csv,3,limiter.y,train_prefix_sample,post_train_normal_sample,3000,3000,283.50931205243137,284.03058004772197,8.670287416218352,0.5212679952906001,0.06012118979072521,False,0.272
034_GHL_id_3_Sensor_tr_50000_1st_122001.csv,3,inj_valve_act,train_prefix_sample,post_train_normal_sample,3000,3000,0.123,0.11466666666666667,0.3284919618341721,-0.008333333333333331,0.025368454335391404,False,0.008333333333333304
034_GHL_id_3_Sensor_tr_50000_1st_122001.csv,3,Relaxing.active,train_prefix_sample,post_train_normal_sample,3000,3000,0.13266666666666665,0.13633333333333333,0.3392706742691277,0.003666666666666679,0.010807496623648888,False,0.003666666666666596
034_GHL_id_3_Sensor_tr_50000_1st_122001.csv,3,boundary.m_flow_in,train_prefix_sample,post_train_normal_sample,3000,3000,2.46,2.2933333333333334,6.569839236683443,-0.16666666666666652,0.025368454335391387,False,0.008333333333333304
034_GHL_id_3_Sensor_tr_50000_1st_122001.csv,3,dir_valve_act,train_prefix_sample,post_train_normal_sample,3000,3000,0.029666666666666668,0.034666666666666665,0.16969429652656795,0.0049999999999999975,0.029464749861037195,False,0.0050000000000000044
034_GHL_id_3_Sensor_tr_50000_1st_122001.csv,3,dt_rand,train_prefix_sample,post_train_normal_sample,3000,3000,0.11826877902637932,0.09543166369070519,0.9302106033541006,-0.022837115335674132,0.02455047841137196,False,0.125
034_GHL_id_3_Sensor_tr_50000_1st_122001.csv,3,C_level,train_prefix_sample,post_train_normal_sample,3000,3000,0.19032710030679498,1.0916521682352802,0.134872200744416,0.9013250679284852,6.6828083397000695,False,0.9663333333333334
034_GHL_id_3_Sensor_tr_50000_1st_122001.csv,3,HT_temperature.T,train_prefix_sample,post_train_normal_sample,3000,3000,321.36574624633766,322.11550553386166,10.963914849992635,0.7497592875240002,0.06838426764364226,False,0.028999999999999998
034_GHL_id_3_Sensor_tr_50000_1st_122001.csv,3,heater_act,train_prefix_sample,post_train_normal_sample,3000,3000,0.6493333333333333,0.6426666666666667,0.4772582955966236,-0.006666666666666599,0.013968676350261354,False,0.006666666666666654
034_GHL_id_3_Sensor_tr_50000_1st_122001.csv,3,HT_level,train_prefix_sample,post_train_normal_sample,3000,3000,0.4380078507364374,0.43768021943674174,0.22910398497586434,-0.0003276312996956521,0.0014300550020121536,False,0.00833333333333336
034_GHL_id_3_Sensor_tr_50000_1st_122001.csv,3,limiter1.y,train_prefix_sample,post_train_normal_sample,3000,3000,101.18268795776264,100.9543165308616,9.30210593271042,-0.22837142690103462,0.024550508084193838,False,0.125
034_GHL_id_3_Sensor_tr_50000_1st_122001.csv,3,dL_rand,train_prefix_sample,post_train_normal_sample,3000,3000,-0.1102250561463311,0.03415580290269917,1.1062409481563866,0.14438085904903028,0.13051483882390105,False,0.272
035_GHL_id_4_Sensor_tr_50000_1st_90001.csv,4,RT_level_ini,train_prefix_sample,post_train_normal_sample,3000,3000,2.1011099103303135,2.23168067602226,0.543372209225284,0.13057076569194637,0.24029709925376638,False,0.285
035_GHL_id_4_Sensor_tr_50000_1st_90001.csv,4,RT_temperature.T,train_prefix_sample,post_train_normal_sample,3000,3000,311.093806416823,312.88743185424767,13.917822782728171,1.79362543742468,0.12887255897887598,False,0.11
035_GHL_id_4_Sensor_tr_50000_1st_90001.csv,4,C_temperature.T,train_prefix_sample,post_train_normal_sample,3000,3000,316.62764980059336,329.76025794475737,21.337793476570138,13.13260814416401,0.6154623325314404,False,0.9923333333333333
035_GHL_id_4_Sensor_tr_50000_1st_90001.csv,4,RT_level,train_prefix_sample,post_train_normal_sample,3000,3000,1.6991726192035348,1.7466304436318894,0.5184360605051567,0.047457824428354556,0.09154036156765857,False,0.16733333333333336
035_GHL_id_4_Sensor_tr_50000_1st_90001.csv,4,out_valve_act,train_prefix_sample,post_train_normal_sample,3000,3000,0.020666666666666667,0.030666666666666665,0.14228950883204092,0.009999999999999998,0.07027925025592742,False,0.009999999999999898
035_GHL_id_4_Sensor_tr_50000_1st_90001.csv,4,dT_rand,train_prefix_sample,post_train_normal_sample,3000,3000,-0.0064936445352353,0.019905346107768264,1.0377021785113147,0.026398990643003564,0.025439852772474177,False,0.25133333333333335
035_GHL_id_4_Sensor_tr_50000_1st_90001.csv,4,inv_valve_act,train_prefix_sample,post_train_normal_sample,3000,3000,0.038,0.034,0.19122810828030873,-0.003999999999999997,0.02091742702457036,False,0.0040000000000000036
035_GHL_id_4_Sensor_tr_50000_1st_90001.csv,4,limiter.y,train_prefix_sample,post_train_normal_sample,3000,3000,284.02397145592397,284.0375329182877,9.144128695022356,0.01356146236372524,0.0014830786853544044,False,0.2376666666666667
035_GHL_id_4_Sensor_tr_50000_1st_90001.csv,4,inj_valve_act,train_prefix_sample,post_train_normal_sample,3000,3000,0.112,0.11933333333333333,0.31541902773033753,0.007333333333333331,0.023249495714008882,False,0.007333333333333303
035_GHL_id_4_Sensor_tr_50000_1st_90001.csv,4,Relaxing.active,train_prefix_sample,post_train_normal_sample,3000,3000,0.13266666666666665,0.135,0.3392706742691277,0.002333333333333354,0.006877497851412965,False,0.0023333333333332984
035_GHL_id_4_Sensor_tr_50000_1st_90001.csv,4,boundary.m_flow_in,train_prefix_sample,post_train_normal_sample,3000,3000,2.24,2.3866666666666667,6.308380554606751,0.1466666666666665,0.02324949571400886,False,0.007333333333333303
035_GHL_id_4_Sensor_tr_50000_1st_90001.csv,4,dir_valve_act,train_prefix_sample,post_train_normal_sample,3000,3000,0.029666666666666668,0.028,0.16969429652656795,-0.001666666666666667,0.009821583287012405,False,0.0016666666666665941
035_GHL_id_4_Sensor_tr_50000_1st_90001.csv,4,dt_rand,train_prefix_sample,post_train_normal_sample,3000,3000,0.18452970004138258,0.08838642518585213,0.67829878669527,-0.09614327485553045,0.14174177625165563,False,0.148
035_GHL_id_4_Sensor_tr_50000_1st_90001.csv,4,C_level,train_prefix_sample,post_train_normal_sample,3000,3000,0.17954366480562808,1.1181623946726644,0.12380240308252427,0.9386187298670363,7.581587323804784,False,0.9923333333333333
035_GHL_id_4_Sensor_tr_50000_1st_90001.csv,4,HT_temperature.T,train_prefix_sample,post_train_normal_sample,3000,3000,321.57261348470166,322.17272005207633,11.296162939943668,0.6001065673746666,0.053124815086781955,False,0.03766666666666667
035_GHL_id_4_Sensor_tr_50000_1st_90001.csv,4,heater_act,train_prefix_sample,post_train_normal_sample,3000,3000,0.6546666666666666,0.6403333333333333,0.47555610263964454,-0.014333333333333309,0.030140152242341168,False,0.014333333333333365
035_GHL_id_4_Sensor_tr_50000_1st_90001.csv,4,HT_level,train_prefix_sample,post_train_normal_sample,3000,3000,0.44400079124178765,0.4353802870239392,0.22544300194443348,-0.008620504217848435,0.03823806524707824,False,0.021666666666666667
035_GHL_id_4_Sensor_tr_50000_1st_90001.csv,4,limiter1.y,train_prefix_sample,post_train_normal_sample,3000,3000,101.84529671221351,100.883864097563,6.782988731543945,-0.961432614650505,0.14174173844332238,False,0.148
035_GHL_id_4_Sensor_tr_50000_1st_90001.csv,4,dL_rand,train_prefix_sample,post_train_normal_sample,3000,3000,-0.0064936445352353,0.019905346107768264,1.0377021785113147,0.026398990643003564,0.025439852772474177,False,0.25133333333333335
036_GHL_id_5_Sensor_tr_50000_1st_67147.csv,5,RT_level_ini,train_prefix_sample,post_train_normal_sample,3000,3000,2.22114418546145,2.156368687985933,0.4498721618033749,-0.06477549747551681,0.14398645432039014,False,0.27566666666666667
036_GHL_id_5_Sensor_tr_50000_1st_67147.csv,5,RT_temperature.T,train_prefix_sample,post_train_normal_sample,3000,3000,311.97291825355234,313.7228195698794,13.839926321215149,1.7499013163270547,0.12643862949217008,False,0.11733333333333333
036_GHL_id_5_Sensor_tr_50000_1st_67147.csv,5,C_temperature.T,train_prefix_sample,post_train_normal_sample,3000,3000,316.96185159287336,329.939002105624,21.320639723293993,12.977150512750654,0.6086660945061789,False,0.981
036_GHL_id_5_Sensor_tr_50000_1st_67147.csv,5,RT_level,train_prefix_sample,post_train_normal_sample,3000,3000,1.7525372011645453,1.7048622693013924,0.47394004171881526,-0.04767493186315286,0.10059274943356232,False,0.202
036_GHL_id_5_Sensor_tr_50000_1st_67147.csv,5,out_valve_act,train_prefix_sample,post_train_normal_sample,3000,3000,0.027666666666666666,0.027,0.1640432634591182,-0.0006666666666666661,0.0040639685690769525,False,0.0006666666666665932
036_GHL_id_5_Sensor_tr_50000_1st_67147.csv,5,dT_rand,train_prefix_sample,post_train_normal_sample,3000,3000,0.23717181745660867,-0.005635332877189228,0.9736354932265922,-0.2428071503337979,0.2493819833222636,False,0.279
036_GHL_id_5_Sensor_tr_50000_1st_67147.csv,5,inv_valve_act,train_prefix_sample,post_train_normal_sample,3000,3000,0.029666666666666668,0.033666666666666664,0.16969429652656792,0.003999999999999997,0.02357179988882975,False,0.0040000000000000036
036_GHL_id_5_Sensor_tr_50000_1st_67147.csv,5,limiter.y,train_prefix_sample,post_train_normal_sample,3000,3000,285.44635233567004,284.7414178262517,9.644217608935772,-0.704934509418365,0.0730940070001338,False,0.24466666666666664
036_GHL_id_5_Sensor_tr_50000_1st_67147.csv,5,inj_valve_act,train_prefix_sample,post_train_normal_sample,3000,3000,0.11166666666666666,0.11933333333333333,0.31500841098064625,0.007666666666666669,0.024337974477569427,False,0.0076666666666665995
036_GHL_id_5_Sensor_tr_50000_1st_67147.csv,5,Relaxing.active,train_prefix_sample,post_train_normal_sample,3000,3000,0.13433333333333333,0.14566666666666667,0.34106695009001303,0.011333333333333334,0.03322905760978097,False,0.011333333333333417
036_GHL_id_5_Sensor_tr_50000_1st_67147.csv,5,boundary.m_flow_in,train_prefix_sample,post_train_normal_sample,3000,3000,2.2333333333333334,2.3866666666666667,6.300168219612925,0.15333333333333332,0.024337974477569416,False,0.0076666666666665995
036_GHL_id_5_Sensor_tr_50000_1st_67147.csv,5,dir_valve_act,train_prefix_sample,post_train_normal_sample,3000,3000,0.029666666666666668,0.026,0.16969429652656795,-0.0036666666666666688,0.021607483231427298,False,0.003666666666666596
036_GHL_id_5_Sensor_tr_50000_1st_67147.csv,5,dt_rand,train_prefix_sample,post_train_normal_sample,3000,3000,-0.02322370833050303,-0.029060203488790983,0.9434597347390612,-0.005836495158287953,0.006186268415474233,False,0.07900000000000007
036_GHL_id_5_Sensor_tr_50000_1st_67147.csv,5,C_level,train_prefix_sample,post_train_normal_sample,3000,3000,0.20770725808533053,1.1556568059117804,0.14167056867709577,0.9479495478264499,6.6912242724674496,False,0.981
036_GHL_id_5_Sensor_tr_50000_1st_67147.csv,5,HT_temperature.T,train_prefix_sample,post_train_normal_sample,3000,3000,321.596079447425,322.7195528055907,10.952618141383033,1.123473358165711,0.1025757808464822,False,0.04633333333333334
036_GHL_id_5_Sensor_tr_50000_1st_67147.csv,5,heater_act,train_prefix_sample,post_train_normal_sample,3000,3000,0.648,0.6336666666666667,0.4776735887114242,-0.014333333333333309,0.030006543531115076,False,0.014333333333333365
036_GHL_id_5_Sensor_tr_50000_1st_67147.csv,5,HT_level,train_prefix_sample,post_train_normal_sample,3000,3000,0.440147627636851,0.43102376571551415,0.22821281960780962,-0.009123861921336851,0.03997962050079603,False,0.023333333333333317
036_GHL_id_5_Sensor_tr_50000_1st_67147.csv,5,limiter1.y,train_prefix_sample,post_train_normal_sample,3000,3000,99.76776304370993,99.70939779153102,9.434597344768168,-0.058365252178916194,0.006186300278228819,False,0.07900000000000007
036_GHL_id_5_Sensor_tr_50000_1st_67147.csv,5,dL_rand,train_prefix_sample,post_train_normal_sample,3000,3000,0.23717181745660867,-0.005635332877189228,0.9736354932265922,-0.2428071503337979,0.2493819833222636,False,0.279
037_GHL_id_6_Sensor_tr_50000_1st_80001.csv,6,RT_level_ini,train_prefix_sample,post_train_normal_sample,3000,3000,2.146567916830827,2.1919168721036733,0.46330624399905246,0.045348955272846325,0.09788116577366712,False,0.19933333333333336
037_GHL_id_6_Sensor_tr_50000_1st_80001.csv,6,RT_temperature.T,train_prefix_sample,post_train_normal_sample,3000,3000,310.603084604927,313.63082291666535,13.850115717985181,3.0277383117383465,0.2186074379008005,False,0.12666666666666668
037_GHL_id_6_Sensor_tr_50000_1st_80001.csv,6,C_temperature.T,train_prefix_sample,post_train_normal_sample,3000,3000,317.29855681350165,329.79511524447133,20.839019985532715,12.496558430969685,0.5996711188743663,False,0.971
037_GHL_id_6_Sensor_tr_50000_1st_80001.csv,6,RT_level,train_prefix_sample,post_train_normal_sample,3000,3000,1.7088827113511857,1.7099836310143401,0.4824772581647728,0.0011009196631543983,0.002281806332887132,False,0.1206666666666667
037_GHL_id_6_Sensor_tr_50000_1st_80001.csv,6,out_valve_act,train_prefix_sample,post_train_normal_sample,3000,3000,0.018666666666666668,0.027,0.135367390210246,0.008333333333333331,0.06156086277788474,False,0.008333333333333304
037_GHL_id_6_Sensor_tr_50000_1st_80001.csv,6,dT_rand,train_prefix_sample,post_train_normal_sample,3000,3000,-0.11350771597991363,0.06073064355520205,0.7366841584133342,0.17423835953511568,0.23651704403470433,False,0.19899999999999995
037_GHL_id_6_Sensor_tr_50000_1st_80001.csv,6,inv_valve_act,train_prefix_sample,post_train_normal_sample,3000,3000,0.033,0.03133333333333333,0.17866628262447548,-0.0016666666666666705,0.009328378260209874,False,0.0016666666666667052
037_GHL_id_6_Sensor_tr_50000_1st_80001.csv,6,limiter.y,train_prefix_sample,post_train_normal_sample,3000,3000,282.630294423376,284.717231536864,6.003555540495437,2.086937113488034,0.34761685794545205,False,0.19899999999999995
037_GHL_id_6_Sensor_tr_50000_1st_80001.csv,6,inj_valve_act,train_prefix_sample,post_train_normal_sample,3000,3000,0.12633333333333333,0.11266666666666666,0.33228004087527874,-0.01366666666666666,0.04112996564785076,False,0.013666666666666605
037_GHL_id_6_Sensor_tr_50000_1st_80001.csv,6,Relaxing.active,train_prefix_sample,post_train_normal_sample,3000,3000,0.12966666666666668,0.142,0.3359923399519564,0.012333333333333307,0.036707186048041615,False,0.012333333333333307
037_GHL_id_6_Sensor_tr_50000_1st_80001.csv,6,boundary.m_flow_in,train_prefix_sample,post_train_normal_sample,3000,3000,2.526666666666667,2.2533333333333334,6.645600817505576,-0.27333333333333343,0.041129965647850784,False,0.013666666666666605
037_GHL_id_6_Sensor_tr_50000_1st_80001.csv,6,dir_valve_act,train_prefix_sample,post_train_normal_sample,3000,3000,0.028333333333333332,0.028666666666666667,0.16595100321293035,0.0003333333333333348,0.0020086249970157613,False,0.0003333333333332966
037_GHL_id_6_Sensor_tr_50000_1st_80001.csv,6,dt_rand,train_prefix_sample,post_train_normal_sample,3000,3000,-0.18356687887161266,-0.053845016983656395,0.8975465487733555,0.12972186188795626,0.14452939746160515,False,0.13766666666666671
037_GHL_id_6_Sensor_tr_50000_1st_80001.csv,6,C_level,train_prefix_sample,post_train_normal_sample,3000,3000,0.1877771701229279,1.1022550875249189,0.1302295421545812,0.9144779174019909,7.022046628379561,False,0.971
037_GHL_id_6_Sensor_tr_50000_1st_80001.csv,6,HT_temperature.T,train_prefix_sample,post_train_normal_sample,3000,3000,321.096866821282,322.755041890452,10.967657656970374,1.6581750691699995,0.1511877121835732,False,0.059
037_GHL_id_6_Sensor_tr_50000_1st_80001.csv,6,heater_act,train_prefix_sample,post_train_normal_sample,3000,3000,0.6466666666666666,0.6396666666666667,0.4780848013145488,-0.006999999999999895,0.014641753891260705,False,0.007000000000000006
037_GHL_id_6_Sensor_tr_50000_1st_80001.csv,6,HT_level,train_prefix_sample,post_train_normal_sample,3000,3000,0.4375769400944894,0.4340752816573327,0.22887735523449995,-0.003501658437156663,0.015299278662010852,False,0.010333333333333361
037_GHL_id_6_Sensor_tr_50000_1st_80001.csv,6,limiter1.y,train_prefix_sample,post_train_normal_sample,3000,3000,98.1643311971107,99.46154986826149,8.97546531352956,1.2972186711507874,0.14452940609055312,False,0.13766666666666671
037_GHL_id_6_Sensor_tr_50000_1st_80001.csv,6,dL_rand,train_prefix_sample,post_train_normal_sample,3000,3000,-0.11350771597991363,0.06073064355520205,0.7366841584133342,0.17423835953511568,0.23651704403470433,False,0.19899999999999995
038_GHL_id_7_Sensor_tr_50000_1st_100001.csv,7,RT_level_ini,train_prefix_sample,post_train_normal_sample,3000,3000,2.157147005955987,2.20494069302141,0.3749612463127523,0.047793687065423196,0.1274630046049048,False,0.3876666666666667
038_GHL_id_7_Sensor_tr_50000_1st_100001.csv,7,RT_temperature.T,train_prefix_sample,post_train_normal_sample,3000,3000,310.440778920492,312.82058877564367,14.136913017221284,2.3798098551516773,0.16834013566134587,False,0.129
038_GHL_id_7_Sensor_tr_50000_1st_100001.csv,7,C_temperature.T,train_prefix_sample,post_train_normal_sample,3000,3000,316.7760685424487,329.9066240538564,21.24323418252496,13.130555511407692,0.618105294070952,False,0.964
038_GHL_id_7_Sensor_tr_50000_1st_100001.csv,7,RT_level,train_prefix_sample,post_train_normal_sample,3000,3000,1.726999039670386,1.738054347237241,0.3620214745187712,0.01105530756685491,0.030537712111002632,False,0.23833333333333329
038_GHL_id_7_Sensor_tr_50000_1st_100001.csv,7,out_valve_act,train_prefix_sample,post_train_normal_sample,3000,3000,0.023666666666666666,0.025,0.15203374727011068,0.0013333333333333357,0.00876998269972567,False,0.0013333333333334085
038_GHL_id_7_Sensor_tr_50000_1st_100001.csv,7,dT_rand,train_prefix_sample,post_train_normal_sample,3000,3000,-0.0336654423873637,-0.016730438627861076,0.351779158664507,0.016935003759502625,0.048141009330383885,False,0.3783333333333333
038_GHL_id_7_Sensor_tr_50000_1st_100001.csv,7,inv_valve_act,train_prefix_sample,post_train_normal_sample,3000,3000,0.03233333333333333,0.035333333333333335,0.17691331680452005,0.0030000000000000027,0.016957457212307233,False,0.0030000000000000027
038_GHL_id_7_Sensor_tr_50000_1st_100001.csv,7,limiter.y,train_prefix_sample,post_train_normal_sample,3000,3000,282.663343465034,283.7678164469614,3.517793548086523,1.1044729819273584,0.3139675386942841,False,0.3783333333333333
038_GHL_id_7_Sensor_tr_50000_1st_100001.csv,7,inj_valve_act,train_prefix_sample,post_train_normal_sample,3000,3000,0.12733333333333333,0.09733333333333333,0.33340157131924497,-0.03,0.0899815795147343,False,0.029999999999999916
038_GHL_id_7_Sensor_tr_50000_1st_100001.csv,7,Relaxing.active,train_prefix_sample,post_train_normal_sample,3000,3000,0.12566666666666668,0.134,0.3315285698394063,0.008333333333333331,0.025136094115116622,False,0.008333333333333304
038_GHL_id_7_Sensor_tr_50000_1st_100001.csv,7,boundary.m_flow_in,train_prefix_sample,post_train_normal_sample,3000,3000,2.546666666666667,1.9466666666666668,6.668031426384898,-0.6000000000000001,0.08998157951473433,False,0.029999999999999916
038_GHL_id_7_Sensor_tr_50000_1st_100001.csv,7,dir_valve_act,train_prefix_sample,post_train_normal_sample,3000,3000,0.029666666666666668,0.030666666666666665,0.16969429652656792,0.0009999999999999974,0.005892949972207428,False,0.0010000000000000009
038_GHL_id_7_Sensor_tr_50000_1st_100001.csv,7,dt_rand,train_prefix_sample,post_train_normal_sample,3000,3000,-0.11705318947974452,-0.046050134629999795,1.0188328482396174,0.07100305484974473,0.06969058268235738,False,0.08533333333333332
038_GHL_id_7_Sensor_tr_50000_1st_100001.csv,7,C_level,train_prefix_sample,post_train_normal_sample,3000,3000,0.1814233974663373,1.0938249171776895,0.12488181418694216,0.9124015197113522,7.306119995546592,False,0.964
038_GHL_id_7_Sensor_tr_50000_1st_100001.csv,7,HT_temperature.T,train_prefix_sample,post_train_normal_sample,3000,3000,320.806729858404,322.65957304891003,11.485567346154738,1.8528431905060074,0.16131925700007516,False,0.058666666666666645
038_GHL_id_7_Sensor_tr_50000_1st_100001.csv,7,heater_act,train_prefix_sample,post_train_normal_sample,3000,3000,0.646,0.6586666666666666,0.4782888807172982,0.012666666666666604,0.026483297390627568,False,0.01266666666666666
038_GHL_id_7_Sensor_tr_50000_1st_100001.csv,7,HT_level,train_prefix_sample,post_train_normal_sample,3000,3000,0.43883892019098875,0.446292505689026,0.22807464946578931,0.007453585498037263,0.032680464556212256,False,0.019000000000000017
038_GHL_id_7_Sensor_tr_50000_1st_100001.csv,7,limiter1.y,train_prefix_sample,post_train_normal_sample,3000,3000,98.82946769205957,99.53949851224029,10.188328097812946,0.7100308201807195,0.06969061197912704,False,0.08533333333333332
038_GHL_id_7_Sensor_tr_50000_1st_100001.csv,7,dL_rand,train_prefix_sample,post_train_normal_sample,3000,3000,-0.0336654423873637,-0.016730438627861076,0.351779158664507,0.016935003759502625,0.048141009330383885,False,0.3783333333333333
039_GHL_id_8_Sensor_tr_50000_1st_63030.csv,8,RT_level_ini,train_prefix_sample,post_train_normal_sample,3000,3000,2.2360108330252935,2.2728883007355396,0.3139970392519628,0.03687746771024614,0.11744527208950621,False,0.2503333333333333
039_GHL_id_8_Sensor_tr_50000_1st_63030.csv,8,RT_temperature.T,train_prefix_sample,post_train_normal_sample,3000,3000,311.4861879475297,312.6730714823377,13.63702687202756,1.1868835348080324,0.08703389279393317,False,0.0546666666666667
039_GHL_id_8_Sensor_tr_50000_1st_63030.csv,8,C_temperature.T,train_prefix_sample,post_train_normal_sample,3000,3000,316.995379516627,329.68863569132566,20.96641387421705,12.69325617469866,0.6054090246834196,False,0.9786666666666667
039_GHL_id_8_Sensor_tr_50000_1st_63030.csv,8,RT_level,train_prefix_sample,post_train_normal_sample,3000,3000,1.7793615734776806,1.796422426898426,0.37846496352478837,0.01706085342074526,0.045079082781801075,False,0.19399999999999995
039_GHL_id_8_Sensor_tr_50000_1st_63030.csv,8,out_valve_act,train_prefix_sample,post_train_normal_sample,3000,3000,0.03266666666666666,0.029,0.17779227275945717,-0.003666666666666662,0.020623318492741544,False,0.003666666666666596
039_GHL_id_8_Sensor_tr_50000_1st_63030.csv,8,dT_rand,train_prefix_sample,post_train_normal_sample,3000,3000,0.06295770648117671,0.20066120369618276,0.3916115114131019,0.13770349721500605,0.351632914768294,False,0.2383333333333334
039_GHL_id_8_Sensor_tr_50000_1st_63030.csv,8,inv_valve_act,train_prefix_sample,post_train_normal_sample,3000,3000,0.026,0.03266666666666666,0.1591616918358477,0.0066666666666666645,0.04188612592496421,False,0.006666666666666599
039_GHL_id_8_Sensor_tr_50000_1st_63030.csv,8,limiter.y,train_prefix_sample,post_train_normal_sample,3000,3000,283.62957790119697,285.199968210824,3.9161132322240007,1.5703903096270437,0.4010073806612591,False,0.2383333333333334
039_GHL_id_8_Sensor_tr_50000_1st_63030.csv,8,inj_valve_act,train_prefix_sample,post_train_normal_sample,3000,3000,0.11433333333333333,0.11833333333333333,0.318268734276494,0.0040000000000000036,0.012567995436601788,False,0.0040000000000000036
039_GHL_id_8_Sensor_tr_50000_1st_63030.csv,8,Relaxing.active,train_prefix_sample,post_train_normal_sample,3000,3000,0.138,0.14433333333333334,0.344957483208787,0.00633333333333333,0.018359750524675682,False,0.006333333333333302
039_GHL_id_8_Sensor_tr_50000_1st_63030.csv,8,boundary.m_flow_in,train_prefix_sample,post_train_normal_sample,3000,3000,2.2866666666666666,2.3666666666666667,6.36537468552988,0.08000000000000007,0.012567995436601788,False,0.0040000000000000036
039_GHL_id_8_Sensor_tr_50000_1st_63030.csv,8,dir_valve_act,train_prefix_sample,post_train_normal_sample,3000,3000,0.025333333333333333,0.029666666666666668,0.15716166459571193,0.004333333333333335,0.02757245759950781,False,0.0043333333333333
039_GHL_id_8_Sensor_tr_50000_1st_63030.csv,8,dt_rand,train_prefix_sample,post_train_normal_sample,3000,3000,0.057142126052265034,-0.03700445798064537,1.0508552997756808,-0.0941465840329104,0.089590435574724,False,0.09833333333333338
039_GHL_id_8_Sensor_tr_50000_1st_63030.csv,8,C_level,train_prefix_sample,post_train_normal_sample,3000,3000,0.18595212511616027,1.1086868631334634,0.12435104336595647,0.9227347380173032,7.420402057277148,False,0.9786666666666667
039_GHL_id_8_Sensor_tr_50000_1st_63030.csv,8,HT_temperature.T,train_prefix_sample,post_train_normal_sample,3000,3000,321.670828074137,322.272546417243,10.678009017119404,0.6017183431060289,0.05635117390717037,False,0.024666666666666726
039_GHL_id_8_Sensor_tr_50000_1st_63030.csv,8,heater_act,train_prefix_sample,post_train_normal_sample,3000,3000,0.6496666666666666,0.6313333333333333,0.4771538334917027,-0.018333333333333313,0.03842226981427388,False,0.018333333333333313
039_GHL_id_8_Sensor_tr_50000_1st_63030.csv,8,HT_level,train_prefix_sample,post_train_normal_sample,3000,3000,0.43754438502843934,0.4308798923468134,0.22969627727583627,-0.006664492681625944,0.029014369586942538,False,0.01899999999999996
039_GHL_id_8_Sensor_tr_50000_1st_63030.csv,8,limiter1.y,train_prefix_sample,post_train_normal_sample,3000,3000,100.57142130030059,99.62995510100131,10.508553113884375,-0.9414661992992706,0.08959046874448995,False,0.09833333333333338
039_GHL_id_8_Sensor_tr_50000_1st_63030.csv,8,dL_rand,train_prefix_sample,post_train_normal_sample,3000,3000,0.06295770648117671,0.20066120369618276,0.3916115114131019,0.13770349721500605,0.351632914768294,False,0.2383333333333334
040_GHL_id_9_Sensor_tr_50000_1st_92001.csv,9,RT_level_ini,train_prefix_sample,post_train_normal_sample,3000,3000,2.36992071326491,2.199378730654687,0.42827045957443893,-0.17054198261022302,0.3982109407678645,False,0.3676666666666667
040_GHL_id_9_Sensor_tr_50000_1st_92001.csv,9,RT_temperature.T,train_prefix_sample,post_train_normal_sample,3000,3000,312.650791524283,312.87854761761366,13.181748657616614,0.2277560933306404,0.017278139588789647,False,0.07199999999999998
040_GHL_id_9_Sensor_tr_50000_1st_92001.csv,9,C_temperature.T,train_prefix_sample,post_train_normal_sample,3000,3000,316.873468668517,329.733526682635,21.106991653371242,12.86005801411801,0.6092795328349875,False,0.98
040_GHL_id_9_Sensor_tr_50000_1st_92001.csv,9,RT_level,train_prefix_sample,post_train_normal_sample,3000,3000,1.900395452955731,1.7154553671875752,0.4746612838637229,-0.1849400857681558,0.38962538562814997,False,0.268
040_GHL_id_9_Sensor_tr_50000_1st_92001.csv,9,out_valve_act,train_prefix_sample,post_train_normal_sample,3000,3000,0.033,0.028333333333333332,0.17866628262447545,-0.00466666666666667,0.026119459128587614,False,0.004666666666666708
040_GHL_id_9_Sensor_tr_50000_1st_92001.csv,9,dT_rand,train_prefix_sample,post_train_normal_sample,3000,3000,0.5096136122343816,-0.0305607277141564,0.7211091150995518,-0.540174339948538,0.749088215136436,False,0.38966666666666666
040_GHL_id_9_Sensor_tr_50000_1st_92001.csv,9,inv_valve_act,train_prefix_sample,post_train_normal_sample,3000,3000,0.032,0.03166666666666667,0.1760293406687043,-0.0003333333333333313,0.0018936237110646272,False,0.00033333333333340764
040_GHL_id_9_Sensor_tr_50000_1st_92001.csv,9,limiter.y,train_prefix_sample,post_train_normal_sample,3000,3000,288.09613419582337,283.667479634565,7.211090358408569,-4.428654561258384,0.6141449269310991,False,0.38966666666666666
040_GHL_id_9_Sensor_tr_50000_1st_92001.csv,9,inj_valve_act,train_prefix_sample,post_train_normal_sample,3000,3000,0.13433333333333333,0.12366666666666666,0.3410669500900131,-0.010666666666666672,0.0312744071621468,False,0.010666666666666602
040_GHL_id_9_Sensor_tr_50000_1st_92001.csv,9,Relaxing.active,train_prefix_sample,post_train_normal_sample,3000,3000,0.13566666666666666,0.14,0.34249134635734296,0.004333333333333356,0.01265238780314208,False,0.0043333333333333
040_GHL_id_9_Sensor_tr_50000_1st_92001.csv,9,boundary.m_flow_in,train_prefix_sample,post_train_normal_sample,3000,3000,2.6866666666666665,2.473333333333333,6.821339001800261,-0.21333333333333337,0.0312744071621468,False,0.010666666666666602
040_GHL_id_9_Sensor_tr_50000_1st_92001.csv,9,dir_valve_act,train_prefix_sample,post_train_normal_sample,3000,3000,0.029666666666666668,0.03133333333333333,0.16969429652656795,0.0016666666666666635,0.009821583287012384,False,0.0016666666666667052
040_GHL_id_9_Sensor_tr_50000_1st_92001.csv,9,dt_rand,train_prefix_sample,post_train_normal_sample,3000,3000,0.23964910662026515,0.16200937085284514,0.8401176336226943,-0.07763973576742,0.09241531502276362,False,0.12599999999999997
040_GHL_id_9_Sensor_tr_50000_1st_92001.csv,9,C_level,train_prefix_sample,post_train_normal_sample,3000,3000,0.19429363665785865,1.1395243449301111,0.13789376918249993,0.9452307082722524,6.854774612921462,False,0.98
040_GHL_id_9_Sensor_tr_50000_1st_92001.csv,9,HT_temperature.T,train_prefix_sample,post_train_normal_sample,3000,3000,321.4635753580757,322.4154176330603,11.117819042554384,0.9518422749846422,0.08561411832135297,False,0.03666666666666667
040_GHL_id_9_Sensor_tr_50000_1st_92001.csv,9,heater_act,train_prefix_sample,post_train_normal_sample,3000,3000,0.6203333333333333,0.633,0.48538481815578133,0.012666666666666715,0.02609613278551581,False,0.01266666666666666
040_GHL_id_9_Sensor_tr_50000_1st_92001.csv,9,HT_level,train_prefix_sample,post_train_normal_sample,3000,3000,0.425380794907659,0.4329973767350656,0.2329673377037998,0.007616581827406599,0.03269377545572719,False,0.018666666666666665
040_GHL_id_9_Sensor_tr_50000_1st_92001.csv,9,limiter1.y,train_prefix_sample,post_train_normal_sample,3000,3000,102.39649184161988,101.62009359490091,8.401176881917443,-0.7763982467189692,0.09241541484385077,False,0.12599999999999997
040_GHL_id_9_Sensor_tr_50000_1st_92001.csv,9,dL_rand,train_prefix_sample,post_train_normal_sample,3000,3000,0.5096136122343816,-0.0305607277141564,0.7211091150995518,-0.540174339948538,0.749088215136436,False,0.38966666666666666
041_GHL_id_10_Sensor_tr_50000_1st_57001.csv,10,RT_level_ini,train_prefix_sample,post_train_normal_sample,3000,3000,2.042546980698763,2.22847587203872,0.4653122309875225,0.18592889133995705,0.3995787751922274,False,0.25166666666666665
041_GHL_id_10_Sensor_tr_50000_1st_57001.csv,10,RT_temperature.T,train_prefix_sample,post_train_normal_sample,3000,3000,311.81676456704497,313.177946441648,14.271947803828299,1.3611818746030053,0.09537463934935936,False,0.09100000000000001
041_GHL_id_10_Sensor_tr_50000_1st_57001.csv,10,C_temperature.T,train_prefix_sample,post_train_normal_sample,3000,3000,317.992282287498,329.7786527099587,20.61788067573873,11.786370422460664,0.5716577085602114,False,0.976
041_GHL_id_10_Sensor_tr_50000_1st_57001.csv,10,RT_level,train_prefix_sample,post_train_normal_sample,3000,3000,1.5983677101133793,1.7507184572811878,0.49508259916361963,0.1523507471678085,0.3077279375707935,False,0.20600000000000002
041_GHL_id_10_Sensor_tr_50000_1st_57001.csv,10,out_valve_act,train_prefix_sample,post_train_normal_sample,3000,3000,0.028333333333333332,0.03,0.16595100321293033,0.001666666666666667,0.010043124985078766,False,0.0016666666666667052
041_GHL_id_10_Sensor_tr_50000_1st_57001.csv,10,dT_rand,train_prefix_sample,post_train_normal_sample,3000,3000,-0.14665601175897736,0.031114859789723313,1.2111060774810838,0.17777087154870067,0.1467838984991612,False,0.25
041_GHL_id_10_Sensor_tr_50000_1st_57001.csv,10,inv_valve_act,train_prefix_sample,post_train_normal_sample,3000,3000,0.03,0.03333333333333333,0.17061565940561105,0.003333333333333334,0.019537089062902923,False,0.0033333333333332993
041_GHL_id_10_Sensor_tr_50000_1st_57001.csv,10,limiter.y,train_prefix_sample,post_train_normal_sample,3000,3000,282.67444239305695,283.91741055289566,11.067037918840015,1.2429681598387106,0.11231263224667722,False,0.25
041_GHL_id_10_Sensor_tr_50000_1st_57001.csv,10,inj_valve_act,train_prefix_sample,post_train_normal_sample,3000,3000,0.11066666666666666,0.11533333333333333,0.3137712112562697,0.004666666666666666,0.014872832494677817,False,0.004666666666666597
041_GHL_id_10_Sensor_tr_50000_1st_57001.csv,10,Relaxing.active,train_prefix_sample,post_train_normal_sample,3000,3000,0.14,0.138,0.34704487709166926,-0.0020000000000000018,0.005762943446278612,False,0.0020000000000000018
041_GHL_id_10_Sensor_tr_50000_1st_57001.csv,10,boundary.m_flow_in,train_prefix_sample,post_train_normal_sample,3000,3000,2.2133333333333334,2.3066666666666666,6.275424225125393,0.09333333333333327,0.014872832494677812,False,0.004666666666666597
041_GHL_id_10_Sensor_tr_50000_1st_57001.csv,10,dir_valve_act,train_prefix_sample,post_train_normal_sample,3000,3000,0.03,0.03166666666666667,0.17061565940561105,0.0016666666666666705,0.009768544531451482,False,0.0016666666666665941
041_GHL_id_10_Sensor_tr_50000_1st_57001.csv,10,dt_rand,train_prefix_sample,post_train_normal_sample,3000,3000,0.01682879101866136,-0.02123813524032056,0.8193929533510537,-0.03806692625898192,0.04645747330789267,False,0.12566666666666668
041_GHL_id_10_Sensor_tr_50000_1st_57001.csv,10,C_level,train_prefix_sample,post_train_normal_sample,3000,3000,0.20710934627220687,1.1058403239545112,0.13140601427928414,0.8987309776823043,6.839344322339644,False,0.976
041_GHL_id_10_Sensor_tr_50000_1st_57001.csv,10,HT_temperature.T,train_prefix_sample,post_train_normal_sample,3000,3000,321.66459769693904,322.39370431518995,10.723281537081771,0.7291066182509098,0.06799286353991678,False,0.02666666666666667
041_GHL_id_10_Sensor_tr_50000_1st_57001.csv,10,heater_act,train_prefix_sample,post_train_normal_sample,3000,3000,0.644,0.6363333333333333,0.4788950269272017,-0.0076666666666667105,0.016009075550145864,False,0.0076666666666667105
041_GHL_id_10_Sensor_tr_50000_1st_57001.csv,10,HT_level,train_prefix_sample,post_train_normal_sample,3000,3000,0.43717565091953503,0.43574687985833005,0.2288506852496332,-0.0014287710612049809,0.006243245720004987,False,0.008000000000000007
041_GHL_id_10_Sensor_tr_50000_1st_57001.csv,10,limiter1.y,train_prefix_sample,post_train_normal_sample,3000,3000,100.16828766891535,99.78761869304233,8.193929237529886,-0.3806689758730215,0.04645743999465837,False,0.12566666666666668
041_GHL_id_10_Sensor_tr_50000_1st_57001.csv,10,dL_rand,train_prefix_sample,post_train_normal_sample,3000,3000,-0.14665601175897736,0.031114859789723313,1.2111060774810838,0.17777087154870067,0.1467838984991612,False,0.25
042_GHL_id_11_Sensor_tr_50000_1st_150001.csv,11,RT_level_ini,train_prefix_sample,post_train_normal_sample,3000,3000,2.328883414585087,2.18224647271682,0.4744998073599477,-0.14663694186826692,0.30903477639777116,False,0.32533333333333336
042_GHL_id_11_Sensor_tr_50000_1st_150001.csv,11,RT_temperature.T,train_prefix_sample,post_train_normal_sample,3000,3000,312.132487670871,312.39273731487003,13.671885383947796,0.26024964399903183,0.019035388074902366,False,0.06966666666666667
042_GHL_id_11_Sensor_tr_50000_1st_150001.csv,11,C_temperature.T,train_prefix_sample,post_train_normal_sample,3000,3000,317.771658854058,329.7588846435907,20.593827647083497,11.987225789532715,0.5820785720341963,False,0.9676666666666667
042_GHL_id_11_Sensor_tr_50000_1st_150001.csv,11,RT_level,train_prefix_sample,post_train_normal_sample,3000,3000,1.870351224202861,1.7090429653132997,0.5022915408299993,-0.16130825888956135,0.32114468546098046,False,0.2636666666666667
042_GHL_id_11_Sensor_tr_50000_1st_150001.csv,11,out_valve_act,train_prefix_sample,post_train_normal_sample,3000,3000,0.030666666666666665,0.026,0.17244168367009727,-0.004666666666666666,0.027062288927743185,False,0.004666666666666597
042_GHL_id_11_Sensor_tr_50000_1st_150001.csv,11,dT_rand,train_prefix_sample,post_train_normal_sample,3000,3000,0.41782044635218196,-0.08826259154027344,0.86809414302889,-0.5060830378924555,0.5829817444991253,False,0.3976666666666667
042_GHL_id_11_Sensor_tr_50000_1st_150001.csv,11,inv_valve_act,train_prefix_sample,post_train_normal_sample,3000,3000,0.02666666666666667,0.034,0.1611341375758708,0.007333333333333334,0.04551073685351372,False,0.007333333333333414
042_GHL_id_11_Sensor_tr_50000_1st_150001.csv,11,limiter.y,train_prefix_sample,post_train_normal_sample,3000,3000,287.17819938158834,282.403546223901,8.680937537034366,-4.7746531576873394,0.5500158407220248,False,0.3976666666666667
042_GHL_id_11_Sensor_tr_50000_1st_150001.csv,11,inj_valve_act,train_prefix_sample,post_train_normal_sample,3000,3000,0.12933333333333333,0.11666666666666667,0.335624448074934,-0.01266666666666666,0.03774059589317702,False,0.012666666666666604
042_GHL_id_11_Sensor_tr_50000_1st_150001.csv,11,Relaxing.active,train_prefix_sample,post_train_normal_sample,3000,3000,0.138,0.14333333333333334,0.344957483208787,0.005333333333333329,0.015460842547095307,False,0.005333333333333301
042_GHL_id_11_Sensor_tr_50000_1st_150001.csv,11,boundary.m_flow_in,train_prefix_sample,post_train_normal_sample,3000,3000,2.5866666666666664,2.3333333333333335,6.712488961498681,-0.25333333333333297,0.037740595893176986,False,0.012666666666666604
042_GHL_id_11_Sensor_tr_50000_1st_150001.csv,11,dir_valve_act,train_prefix_sample,post_train_normal_sample,3000,3000,0.02666666666666667,0.029333333333333333,0.1611341375758708,0.0026666666666666644,0.016549358855823156,False,0.002666666666666706
042_GHL_id_11_Sensor_tr_50000_1st_150001.csv,11,dt_rand,train_prefix_sample,post_train_normal_sample,3000,3000,0.1272249988603509,0.05192415667375631,1.0481926897450837,-0.07530084218659461,0.07183874007450622,False,0.129
042_GHL_id_11_Sensor_tr_50000_1st_150001.csv,11,C_level,train_prefix_sample,post_train_normal_sample,3000,3000,0.19742135994596985,1.0687869388161433,0.13139274284952362,0.8713655788701734,6.631763368149618,False,0.9676666666666667
042_GHL_id_11_Sensor_tr_50000_1st_150001.csv,11,HT_temperature.T,train_prefix_sample,post_train_normal_sample,3000,3000,321.201341949469,322.53250714112767,11.246751258471038,1.3311651916586698,0.11835997445538221,False,0.045000000000000005
042_GHL_id_11_Sensor_tr_50000_1st_150001.csv,11,heater_act,train_prefix_sample,post_train_normal_sample,3000,3000,0.6343333333333333,0.638,0.4816968959024574,0.003666666666666707,0.007611979022196562,False,0.0036666666666666514
042_GHL_id_11_Sensor_tr_50000_1st_150001.csv,11,HT_level,train_prefix_sample,post_train_normal_sample,3000,3000,0.4306803934301467,0.43495541239535335,0.23179232440319678,0.004275018965206656,0.018443315481708404,False,0.014666666666666717
042_GHL_id_11_Sensor_tr_50000_1st_150001.csv,11,limiter1.y,train_prefix_sample,post_train_normal_sample,3000,3000,101.27225028741098,100.5192415593488,10.481927329480031,-0.7530087280621842,0.07183876632538513,False,0.129
042_GHL_id_11_Sensor_tr_50000_1st_150001.csv,11,dL_rand,train_prefix_sample,post_train_normal_sample,3000,3000,0.41782044635218196,-0.08826259154027344,0.86809414302889,-0.5060830378924555,0.5829817444991253,False,0.3976666666666667
043_GHL_id_12_Sensor_tr_39938_1st_40038.csv,12,RT_level_ini,train_prefix_sample,post_train_normal_sample,3000,3000,2.30091356841492,2.15562227459602,0.4617879502617957,-0.14529129381890016,0.314627728455305,False,0.3393333333333334
043_GHL_id_12_Sensor_tr_39938_1st_40038.csv,12,RT_temperature.T,train_prefix_sample,post_train_normal_sample,3000,3000,311.6162697753993,313.3308968302427,13.413595638331984,1.7146270548433904,0.12782754908337232,False,0.08066666666666666
043_GHL_id_12_Sensor_tr_39938_1st_40038.csv,12,C_temperature.T,train_prefix_sample,post_train_normal_sample,3000,3000,313.90167898561106,329.93278976435636,22.588929863658745,16.0311107787453,0.7096888110904396,False,0.999
043_GHL_id_12_Sensor_tr_39938_1st_40038.csv,12,RT_level,train_prefix_sample,post_train_normal_sample,3000,3000,1.8765020443380096,1.690888900060381,0.4558439011143407,-0.18561314427762854,0.40718575772075677,False,0.30033333333333334
043_GHL_id_12_Sensor_tr_39938_1st_40038.csv,12,out_valve_act,train_prefix_sample,post_train_normal_sample,3000,3000,0.02033333333333333,0.03333333333333333,0.14116136534445556,0.013000000000000001,0.09209318688777196,False,0.013000000000000012
043_GHL_id_12_Sensor_tr_39938_1st_40038.csv,12,dT_rand,train_prefix_sample,post_train_normal_sample,3000,3000,0.2936936515179019,-0.05881692530528494,0.6666957156923935,-0.3525105768231868,0.5287428260388455,False,0.345
043_GHL_id_12_Sensor_tr_39938_1st_40038.csv,12,inv_valve_act,train_prefix_sample,post_train_normal_sample,3000,3000,0.033,0.03133333333333333,0.17866628262447548,-0.0016666666666666705,0.009328378260209874,False,0.0016666666666667052
043_GHL_id_12_Sensor_tr_39938_1st_40038.csv,12,limiter.y,train_prefix_sample,post_train_normal_sample,3000,3000,285.936936411402,283.94046663418635,6.666951883161374,-1.9964697772156228,0.2994576550429407,False,0.345
043_GHL_id_12_Sensor_tr_39938_1st_40038.csv,12,inj_valve_act,train_prefix_sample,post_train_normal_sample,3000,3000,0.114,0.119,0.31786424653680195,0.0049999999999999906,0.0157299855346301,False,0.0050000000000000044
043_GHL_id_12_Sensor_tr_39938_1st_40038.csv,12,Relaxing.active,train_prefix_sample,post_train_normal_sample,3000,3000,0.142,0.151,0.3491083292358509,0.009000000000000008,0.02577996354226135,False,0.009000000000000008
043_GHL_id_12_Sensor_tr_39938_1st_40038.csv,12,boundary.m_flow_in,train_prefix_sample,post_train_normal_sample,3000,3000,2.28,2.38,6.357284930736038,0.10000000000000009,0.015729985534630144,False,0.0050000000000000044
043_GHL_id_12_Sensor_tr_39938_1st_40038.csv,12,dir_valve_act,train_prefix_sample,post_train_normal_sample,3000,3000,0.029333333333333333,0.032,0.16876724509383056,0.002666666666666668,0.0158008543967407,False,0.002666666666666706
043_GHL_id_12_Sensor_tr_39938_1st_40038.csv,12,dt_rand,train_prefix_sample,post_train_normal_sample,3000,3000,0.002253481054986025,0.14025942009701553,0.9002688830593515,0.1380059390420295,0.15329413427358377,False,0.18333333333333335
043_GHL_id_12_Sensor_tr_39938_1st_40038.csv,12,C_level,train_prefix_sample,post_train_normal_sample,3000,3000,0.1388709405398649,1.0730466241634413,0.09860322679141155,0.9341756836235764,9.474088364265825,False,0.999
043_GHL_id_12_Sensor_tr_39938_1st_40038.csv,12,HT_temperature.T,train_prefix_sample,post_train_normal_sample,3000,3000,321.62086857097034,322.5489604187026,11.136469677228582,0.9280918477322757,0.0833380662482296,False,0.03366666666666668
043_GHL_id_12_Sensor_tr_39938_1st_40038.csv,12,heater_act,train_prefix_sample,post_train_normal_sample,3000,3000,0.6496666666666666,0.615,0.4771538334917027,-0.03466666666666662,0.07265301928517241,False,0.03466666666666668
043_GHL_id_12_Sensor_tr_39938_1st_40038.csv,12,HT_level,train_prefix_sample,post_train_normal_sample,3000,3000,0.4402374140297934,0.42383372172469785,0.22753422766730852,-0.01640369230509553,0.07209329547148552,False,0.036666666666666625
043_GHL_id_12_Sensor_tr_39938_1st_40038.csv,12,limiter1.y,train_prefix_sample,post_train_normal_sample,3000,3000,100.02253447210859,101.40259417978764,9.002688917283296,1.3800597076790524,0.15329416803790966,False,0.18333333333333335
043_GHL_id_12_Sensor_tr_39938_1st_40038.csv,12,dL_rand,train_prefix_sample,post_train_normal_sample,3000,3000,0.2936936515179019,-0.05881692530528494,0.6666957156923935,-0.3525105768231868,0.5287428260388455,False,0.345
044_GHL_id_13_Sensor_tr_50000_1st_145001.csv,13,RT_level_ini,train_prefix_sample,post_train_normal_sample,3000,3000,2.1612781511543564,2.337323390086443,0.5028890348158237,0.1760452389320868,0.350067761959775,False,0.28400000000000003
044_GHL_id_13_Sensor_tr_50000_1st_145001.csv,13,RT_temperature.T,train_prefix_sample,post_train_normal_sample,3000,3000,310.7035247497873,313.626284688328,13.318276923802461,2.9227599385407075,0.21945481050308716,False,0.11099999999999999
044_GHL_id_13_Sensor_tr_50000_1st_145001.csv,13,C_temperature.T,train_prefix_sample,post_train_normal_sample,3000,3000,316.856567708358,329.7621142171733,21.20730015748872,12.905546508815291,0.6085426439469753,False,0.9833333333333333
044_GHL_id_13_Sensor_tr_50000_1st_145001.csv,13,RT_level,train_prefix_sample,post_train_normal_sample,3000,3000,1.743500177800681,1.8576034423508891,0.4913229827313228,0.11410326455020825,0.23223677409897386,False,0.22633333333333328
044_GHL_id_13_Sensor_tr_50000_1st_145001.csv,13,out_valve_act,train_prefix_sample,post_train_normal_sample,3000,3000,0.019333333333333334,0.03133333333333333,0.13771665663501687,0.011999999999999997,0.08713542931704303,False,0.01200000000000001
044_GHL_id_13_Sensor_tr_50000_1st_145001.csv,13,dT_rand,train_prefix_sample,post_train_normal_sample,3000,3000,-0.00031953355646536846,0.327657596608179,0.8390049677107598,0.32797713016464436,0.39091202410819553,False,0.29633333333333334
044_GHL_id_13_Sensor_tr_50000_1st_145001.csv,13,inv_valve_act,train_prefix_sample,post_train_normal_sample,3000,3000,0.030333333333333334,0.03966666666666667,0.17153142539737484,0.009333333333333336,0.05441179837287224,False,0.009333333333333305
044_GHL_id_13_Sensor_tr_50000_1st_145001.csv,13,limiter.y,train_prefix_sample,post_train_normal_sample,3000,3000,283.981931325192,286.6848068644803,6.69289155844244,2.7028755392883,0.40384272114477665,False,0.29633333333333334
044_GHL_id_13_Sensor_tr_50000_1st_145001.csv,13,inj_valve_act,train_prefix_sample,post_train_normal_sample,3000,3000,0.11733333333333333,0.117,0.32187071287629043,-0.0003333333333333244,0.0010356124990515666,False,0.0003333333333332966
044_GHL_id_13_Sensor_tr_50000_1st_145001.csv,13,Relaxing.active,train_prefix_sample,post_train_normal_sample,3000,3000,0.13066666666666665,0.14266666666666666,0.33709162821230937,0.01200000000000001,0.03559862955849526,False,0.01200000000000001
044_GHL_id_13_Sensor_tr_50000_1st_145001.csv,13,boundary.m_flow_in,train_prefix_sample,post_train_normal_sample,3000,3000,2.3466666666666667,2.34,6.437414257525808,-0.006666666666666821,0.0010356124990516184,False,0.0003333333333332966
044_GHL_id_13_Sensor_tr_50000_1st_145001.csv,13,dir_valve_act,train_prefix_sample,post_train_normal_sample,3000,3000,0.029333333333333333,0.034666666666666665,0.16876724509383056,0.005333333333333332,0.03160170879348138,False,0.005333333333333301
044_GHL_id_13_Sensor_tr_50000_1st_145001.csv,13,dt_rand,train_prefix_sample,post_train_normal_sample,3000,3000,-0.08816522970654982,0.09137878585052722,0.8307303551995737,0.17954401555707705,0.2161279101375122,False,0.20833333333333337
044_GHL_id_13_Sensor_tr_50000_1st_145001.csv,13,C_level,train_prefix_sample,post_train_normal_sample,3000,3000,0.18875207429053772,1.118531133780328,0.1298988301338799,0.9297790594897903,7.1577169596640395,False,0.9833333333333333
044_GHL_id_13_Sensor_tr_50000_1st_145001.csv,13,HT_temperature.T,train_prefix_sample,post_train_normal_sample,3000,3000,321.225887695313,322.297130310053,10.873429048553414,1.0712426147399583,0.09851929965758824,False,0.043999999999999984
044_GHL_id_13_Sensor_tr_50000_1st_145001.csv,13,heater_act,train_prefix_sample,post_train_normal_sample,3000,3000,0.661,0.622,0.47344874897497474,-0.039000000000000035,0.0823742803934655,False,0.03899999999999998
044_GHL_id_13_Sensor_tr_50000_1st_145001.csv,13,HT_level,train_prefix_sample,post_train_normal_sample,3000,3000,0.44431958419587303,0.43009092490628853,0.22618052978789058,-0.0142286592895845,0.06290841790373367,False,0.039000000000000035
044_GHL_id_13_Sensor_tr_50000_1st_145001.csv,13,limiter1.y,train_prefix_sample,post_train_normal_sample,3000,3000,99.11834766387716,100.91378766376005,8.307303471508018,1.7954399998828876,0.21612789349044484,False,0.20833333333333337
044_GHL_id_13_Sensor_tr_50000_1st_145001.csv,13,dL_rand,train_prefix_sample,post_train_normal_sample,3000,3000,-0.00031953355646536846,0.327657596608179,0.8390049677107598,0.32797713016464436,0.39091202410819553,False,0.29633333333333334
045_GHL_id_14_Sensor_tr_50000_1st_85076.csv,14,RT_level_ini,train_prefix_sample,post_train_normal_sample,3000,3000,2.2567196197497434,2.18240031166857,0.4306472966570042,-0.07431930808117349,0.17257581472841863,False,0.22866666666666666
045_GHL_id_14_Sensor_tr_50000_1st_85076.csv,14,RT_temperature.T,train_prefix_sample,post_train_normal_sample,3000,3000,310.84000328574035,312.73988551839597,13.817868705726273,1.8998822326556137,0.13749459291564134,False,0.08233333333333333
045_GHL_id_14_Sensor_tr_50000_1st_85076.csv,14,C_temperature.T,train_prefix_sample,post_train_normal_sample,3000,3000,317.38466708349733,329.7614601236714,20.73656887434726,12.37679304017405,0.5968582900657736,False,0.9676666666666667
045_GHL_id_14_Sensor_tr_50000_1st_85076.csv,14,RT_level,train_prefix_sample,post_train_normal_sample,3000,3000,1.8051800108938605,1.7125755257803563,0.4552603945566801,-0.09260448511350416,0.20340993027447477,False,0.176
045_GHL_id_14_Sensor_tr_50000_1st_85076.csv,14,out_valve_act,train_prefix_sample,post_train_normal_sample,3000,3000,0.025,0.025333333333333333,0.15615097729196706,0.0003333333333333313,0.002134686180734388,False,0.0003333333333332966
045_GHL_id_14_Sensor_tr_50000_1st_85076.csv,14,dT_rand,train_prefix_sample,post_train_normal_sample,3000,3000,0.14828616244116033,-0.0438629260188808,0.6407194403581845,-0.19214908846004114,0.2998958301509052,False,0.23533333333333334
045_GHL_id_14_Sensor_tr_50000_1st_85076.csv,14,inv_valve_act,train_prefix_sample,post_train_normal_sample,3000,3000,0.03166666666666667,0.03133333333333333,0.17514026833775273,-0.00033333333333333826,0.0019032363973002198,False,0.0003333333333332966
045_GHL_id_14_Sensor_tr_50000_1st_85076.csv,14,limiter.y,train_prefix_sample,post_train_normal_sample,3000,3000,284.48286585488427,283.676079071043,6.407194815216928,-0.8067867838412894,0.12591887824687192,False,0.23533333333333334
045_GHL_id_14_Sensor_tr_50000_1st_85076.csv,14,inj_valve_act,train_prefix_sample,post_train_normal_sample,3000,3000,0.12366666666666666,0.11133333333333334,0.32925576483201313,-0.012333333333333321,0.03745821531667277,False,0.012333333333333418
045_GHL_id_14_Sensor_tr_50000_1st_85076.csv,14,Relaxing.active,train_prefix_sample,post_train_normal_sample,3000,3000,0.14,0.14133333333333334,0.34704487709166926,0.0013333333333333253,0.003841962297519048,False,0.0013333333333332975
045_GHL_id_14_Sensor_tr_50000_1st_85076.csv,14,boundary.m_flow_in,train_prefix_sample,post_train_normal_sample,3000,3000,2.473333333333333,2.2266666666666666,6.585115296640263,-0.2466666666666666,0.037458215316672795,False,0.012333333333333418
045_GHL_id_14_Sensor_tr_50000_1st_85076.csv,14,dir_valve_act,train_prefix_sample,post_train_normal_sample,3000,3000,0.023333333333333334,0.029666666666666668,0.1509850579300093,0.006333333333333333,0.041946755660213844,False,0.006333333333333302
045_GHL_id_14_Sensor_tr_50000_1st_85076.csv,14,dt_rand,train_prefix_sample,post_train_normal_sample,3000,3000,-0.15576193238780126,-0.1178184777553591,1.0240923472697705,0.037943454632442156,0.037050813565397085,False,0.10733333333333339
045_GHL_id_14_Sensor_tr_50000_1st_85076.csv,14,C_level,train_prefix_sample,post_train_normal_sample,3000,3000,0.2003009109204806,1.0998003336289213,0.1368820334308791,0.8994994227084406,6.571347606131656,False,0.9676666666666667
045_GHL_id_14_Sensor_tr_50000_1st_85076.csv,14,HT_temperature.T,train_prefix_sample,post_train_normal_sample,3000,3000,321.2553284505187,322.69383369955335,11.165824388429183,1.4385052490346766,0.12883108304348379,False,0.04733333333333334
045_GHL_id_14_Sensor_tr_50000_1st_85076.csv,14,heater_act,train_prefix_sample,post_train_normal_sample,3000,3000,0.6423333333333333,0.642,0.47939318744110654,-0.0003333333333332966,0.0006953234673870843,False,0.0003333333333332966
045_GHL_id_14_Sensor_tr_50000_1st_85076.csv,14,HT_level,train_prefix_sample,post_train_normal_sample,3000,3000,0.4356502475167883,0.436119794867989,0.2301378077484796,0.00046954735120069424,0.0020402877553864084,False,0.0063333333333333575
045_GHL_id_14_Sensor_tr_50000_1st_85076.csv,14,limiter1.y,train_prefix_sample,post_train_normal_sample,3000,3000,98.44238049565129,98.8218153889906,10.240923442605373,0.37943489333930813,0.03705084755938541,False,0.10733333333333339
045_GHL_id_14_Sensor_tr_50000_1st_85076.csv,14,dL_rand,train_prefix_sample,post_train_normal_sample,3000,3000,0.14828616244116033,-0.0438629260188808,0.6407194403581845,-0.19214908846004114,0.2998958301509052,False,0.23533333333333334
046_GHL_id_15_Sensor_tr_50000_1st_156462.csv,15,RT_level_ini,train_prefix_sample,post_train_normal_sample,3000,3000,2.419538810411823,2.4059166403993033,0.3472398444314474,-0.013622170012519863,0.03922985864373975,False,0.36133333333333334
046_GHL_id_15_Sensor_tr_50000_1st_156462.csv,15,RT_temperature.T,train_prefix_sample,post_train_normal_sample,3000,3000,312.11430184937336,313.296218444821,12.667522226803872,1.1819165954476603,0.09330290283184041,False,0.0683333333333333
046_GHL_id_15_Sensor_tr_50000_1st_156462.csv,15,C_temperature.T,train_prefix_sample,post_train_normal_sample,3000,3000,317.36007627350034,329.71180770869637,20.70509133724934,12.35173143519603,0.596555273966589,False,0.9953333333333333
046_GHL_id_15_Sensor_tr_50000_1st_156462.csv,15,RT_level,train_prefix_sample,post_train_normal_sample,3000,3000,1.968130201518231,1.8890705763486877,0.40310338903197296,-0.07905962516954324,0.19612741376201245,False,0.2906666666666667
046_GHL_id_15_Sensor_tr_50000_1st_156462.csv,15,out_valve_act,train_prefix_sample,post_train_normal_sample,3000,3000,0.022,0.035666666666666666,0.14670778572203938,0.013666666666666667,0.09315570131063312,False,0.013666666666666605
046_GHL_id_15_Sensor_tr_50000_1st_156462.csv,15,dT_rand,train_prefix_sample,post_train_normal_sample,3000,3000,0.4522231219310021,0.2856510471375492,0.39538693946826714,-0.16657207479345293,0.42128876340090043,False,0.4553333333333333
046_GHL_id_15_Sensor_tr_50000_1st_156462.csv,15,inv_valve_act,train_prefix_sample,post_train_normal_sample,3000,3000,0.03,0.034666666666666665,0.17061565940561102,0.004666666666666666,0.02735192468806409,False,0.004666666666666597
046_GHL_id_15_Sensor_tr_50000_1st_156462.csv,15,limiter.y,train_prefix_sample,post_train_normal_sample,3000,3000,287.522229166755,286.58341647331235,3.953866827980971,-0.9388126934426282,0.23744165756893482,False,0.4553333333333333
046_GHL_id_15_Sensor_tr_50000_1st_156462.csv,15,inj_valve_act,train_prefix_sample,post_train_normal_sample,3000,3000,0.11533333333333333,0.12233333333333334,0.3194770373824914,0.007000000000000006,0.02191080791706263,False,0.007000000000000006
046_GHL_id_15_Sensor_tr_50000_1st_156462.csv,15,Relaxing.active,train_prefix_sample,post_train_normal_sample,3000,3000,0.14133333333333334,0.131,0.3484231456888393,-0.010333333333333333,0.029657425062574797,False,0.010333333333333306
046_GHL_id_15_Sensor_tr_50000_1st_156462.csv,15,boundary.m_flow_in,train_prefix_sample,post_train_normal_sample,3000,3000,2.3066666666666666,2.4466666666666668,6.389540747649829,0.14000000000000012,0.021910807917062625,False,0.007000000000000006
046_GHL_id_15_Sensor_tr_50000_1st_156462.csv,15,dir_valve_act,train_prefix_sample,post_train_normal_sample,3000,3000,0.033,0.028333333333333332,0.17866628262447548,-0.00466666666666667,0.026119459128587607,False,0.004666666666666708
046_GHL_id_15_Sensor_tr_50000_1st_156462.csv,15,dt_rand,train_prefix_sample,post_train_normal_sample,3000,3000,0.13784618051851383,-0.13251415464148214,1.0249809093712599,-0.27036033515999597,0.2637710933814752,False,0.19833333333333336
046_GHL_id_15_Sensor_tr_50000_1st_156462.csv,15,C_level,train_prefix_sample,post_train_normal_sample,3000,3000,0.19434984699688804,1.1522111245990974,0.13212806877896968,0.9578612776022093,7.249491243261616,False,0.9953333333333333
046_GHL_id_15_Sensor_tr_50000_1st_156462.csv,15,HT_temperature.T,train_prefix_sample,post_train_normal_sample,3000,3000,321.787140177414,322.224169626874,10.793882287832199,0.4370294494599989,0.040488624741874056,False,0.02566666666666667
046_GHL_id_15_Sensor_tr_50000_1st_156462.csv,15,heater_act,train_prefix_sample,post_train_normal_sample,3000,3000,0.6493333333333333,0.635,0.4772582955966236,-0.014333333333333309,0.03003265415306217,False,0.014333333333333309
046_GHL_id_15_Sensor_tr_50000_1st_156462.csv,15,HT_level,train_prefix_sample,post_train_normal_sample,3000,3000,0.44078244777526304,0.43297010754550863,0.22743030861004268,-0.007812340229754411,0.03435047983490025,False,0.018000000000000016
046_GHL_id_15_Sensor_tr_50000_1st_156462.csv,15,limiter1.y,train_prefix_sample,post_train_normal_sample,3000,3000,101.37846202597507,98.67485858916753,10.249809006728604,-2.7036034368075406,0.2637711039330322,False,0.19833333333333336
046_GHL_id_15_Sensor_tr_50000_1st_156462.csv,15,dL_rand,train_prefix_sample,post_train_normal_sample,3000,3000,0.4522231219310021,0.2856510471375492,0.39538693946826714,-0.16657207479345293,0.42128876340090043,False,0.4553333333333333
047_GHL_id_16_Sensor_tr_50000_1st_77001.csv,16,RT_level_ini,train_prefix_sample,post_train_normal_sample,3000,3000,2.172190591254787,2.2360284082090804,0.6281755974301254,0.06383781695429347,0.10162415925651173,False,0.2263333333333334
047_GHL_id_16_Sensor_tr_50000_1st_77001.csv,16,RT_temperature.T,train_prefix_sample,post_train_normal_sample,3000,3000,312.7705435587767,312.959444925909,13.335112396271935,0.18890136713230277,0.014165712407876927,False,0.06866666666666667
047_GHL_id_16_Sensor_tr_50000_1st_77001.csv,16,C_temperature.T,train_prefix_sample,post_train_normal_sample,3000,3000,316.57422209648604,329.78308907056265,21.477816649874356,13.208866974076614,0.6150004532306074,False,0.9793333333333334
047_GHL_id_16_Sensor_tr_50000_1st_77001.csv,16,RT_level,train_prefix_sample,post_train_normal_sample,3000,3000,1.7536486983885318,1.7628147101793368,0.6085662901317777,0.009166011790805006,0.015061648894190668,False,0.16433333333333333
047_GHL_id_16_Sensor_tr_50000_1st_77001.csv,16,out_valve_act,train_prefix_sample,post_train_normal_sample,3000,3000,0.03,0.025666666666666667,0.17061565940561102,-0.004333333333333331,0.02539821578177379,False,0.004333333333333411
047_GHL_id_16_Sensor_tr_50000_1st_77001.csv,16,dT_rand,train_prefix_sample,post_train_normal_sample,3000,3000,0.3585320603451221,0.06792862304593075,1.4544500436602044,-0.29060343729919136,0.19980296921568488,False,0.28066666666666673
047_GHL_id_16_Sensor_tr_50000_1st_77001.csv,16,inv_valve_act,train_prefix_sample,post_train_normal_sample,3000,3000,0.03166666666666667,0.030333333333333334,0.17514026833775273,-0.0013333333333333357,0.00761294558920078,False,0.0013333333333332975
047_GHL_id_16_Sensor_tr_50000_1st_77001.csv,16,limiter.y,train_prefix_sample,post_train_normal_sample,3000,3000,288.39042541511503,284.2500348104397,11.71783346215251,-4.1403906046753605,0.3533409668304665,False,0.28066666666666673
047_GHL_id_16_Sensor_tr_50000_1st_77001.csv,16,inj_valve_act,train_prefix_sample,post_train_normal_sample,3000,3000,0.131,0.10166666666666667,0.33745660311561365,-0.029333333333333336,0.08692475732437704,False,0.029333333333333322
047_GHL_id_16_Sensor_tr_50000_1st_77001.csv,16,Relaxing.active,train_prefix_sample,post_train_normal_sample,3000,3000,0.123,0.14033333333333334,0.3284919618341721,0.01733333333333334,0.05276638501761415,False,0.01733333333333331
047_GHL_id_16_Sensor_tr_50000_1st_77001.csv,16,boundary.m_flow_in,train_prefix_sample,post_train_normal_sample,3000,3000,2.62,2.033333333333333,6.749132062312272,-0.5866666666666669,0.08692475732437709,False,0.029333333333333322
047_GHL_id_16_Sensor_tr_50000_1st_77001.csv,16,dir_valve_act,train_prefix_sample,post_train_normal_sample,3000,3000,0.030666666666666665,0.033,0.17244168367009724,0.0023333333333333366,0.013531144463871615,False,0.0023333333333334094
047_GHL_id_16_Sensor_tr_50000_1st_77001.csv,16,dt_rand,train_prefix_sample,post_train_normal_sample,3000,3000,-0.24560703012526702,-0.032860064051535194,1.0963417971546547,0.21274696607373184,0.19405167861507777,False,0.14566666666666667
047_GHL_id_16_Sensor_tr_50000_1st_77001.csv,16,C_level,train_prefix_sample,post_train_normal_sample,3000,3000,0.2046361146627732,1.1735694294969252,0.1470459954521504,0.968933314834152,6.58932133346976,False,0.9793333333333334
047_GHL_id_16_Sensor_tr_50000_1st_77001.csv,16,HT_temperature.T,train_prefix_sample,post_train_normal_sample,3000,3000,321.363093241377,322.380241404218,10.995983816393167,1.0171481628410106,0.09250178790956506,False,0.037666666666666626
047_GHL_id_16_Sensor_tr_50000_1st_77001.csv,16,heater_act,train_prefix_sample,post_train_normal_sample,3000,3000,0.63,0.6563333333333333,0.48288479569006537,0.02633333333333332,0.054533366070683036,False,0.02633333333333332
047_GHL_id_16_Sensor_tr_50000_1st_77001.csv,16,HT_level,train_prefix_sample,post_train_normal_sample,3000,3000,0.4306201784487103,0.44479252691076304,0.23140129945149165,0.01417234846205273,0.0612457600525431,False,0.031000000000000028
047_GHL_id_16_Sensor_tr_50000_1st_77001.csv,16,limiter1.y,train_prefix_sample,post_train_normal_sample,3000,3000,97.54392962135915,99.67139950816254,10.963418224481137,2.1274698868033823,0.19405169475818923,False,0.14566666666666667
047_GHL_id_16_Sensor_tr_50000_1st_77001.csv,16,dL_rand,train_prefix_sample,post_train_normal_sample,3000,3000,0.3585320603451221,0.06792862304593075,1.4544500436602044,-0.29060343729919136,0.19980296921568488,False,0.28066666666666673
048_GHL_id_17_Sensor_tr_50000_1st_154001.csv,17,RT_level_ini,train_prefix_sample,post_train_normal_sample,3000,3000,2.12484722232865,2.272392112691033,0.36845698096396606,0.14754489036238283,0.40043993732015154,False,0.44566666666666666
048_GHL_id_17_Sensor_tr_50000_1st_154001.csv,17,RT_temperature.T,train_prefix_sample,post_train_normal_sample,3000,3000,310.411635487876,313.5060224304273,13.94446815996227,3.0943869425512958,0.2219078495539889,False,0.14466666666666667
048_GHL_id_17_Sensor_tr_50000_1st_154001.csv,17,C_temperature.T,train_prefix_sample,post_train_normal_sample,3000,3000,317.2103155212807,329.7436283771813,20.941673664906507,12.533312855900647,0.5984866852788197,False,0.9666666666666667
048_GHL_id_17_Sensor_tr_50000_1st_154001.csv,17,RT_level,train_prefix_sample,post_train_normal_sample,3000,3000,1.6973430728319436,1.7753102093726827,0.3863753088508775,0.07796713654073906,0.2017911982331942,False,0.253
048_GHL_id_17_Sensor_tr_50000_1st_154001.csv,17,out_valve_act,train_prefix_sample,post_train_normal_sample,3000,3000,0.027666666666666666,0.028666666666666667,0.1640432634591182,0.0010000000000000009,0.006095952853615439,False,0.0010000000000000009
048_GHL_id_17_Sensor_tr_50000_1st_154001.csv,17,dT_rand,train_prefix_sample,post_train_normal_sample,3000,3000,-0.11958557648717849,0.19433442134971268,0.4717271280512126,0.3139199978368912,0.665469461410349,False,0.4403333333333333
048_GHL_id_17_Sensor_tr_50000_1st_154001.csv,17,inv_valve_act,train_prefix_sample,post_train_normal_sample,3000,3000,0.035333333333333335,0.030333333333333334,0.18465171081522974,-0.005000000000000001,0.02707800527774807,False,0.0050000000000000044
048_GHL_id_17_Sensor_tr_50000_1st_154001.csv,17,limiter.y,train_prefix_sample,post_train_normal_sample,3000,3000,281.804143249584,285.42774386590895,4.717273149809493,3.62360061632495,0.7681557758577725,False,0.4403333333333333
048_GHL_id_17_Sensor_tr_50000_1st_154001.csv,17,inj_valve_act,train_prefix_sample,post_train_normal_sample,3000,3000,0.11866666666666667,0.12533333333333332,0.3234497830312095,0.006666666666666654,0.02061113352493234,False,0.006666666666666599
048_GHL_id_17_Sensor_tr_50000_1st_154001.csv,17,Relaxing.active,train_prefix_sample,post_train_normal_sample,3000,3000,0.13933333333333334,0.13433333333333333,0.3463517605983529,-0.0050000000000000044,0.014436190511525244,False,0.0050000000000000044
048_GHL_id_17_Sensor_tr_50000_1st_154001.csv,17,boundary.m_flow_in,train_prefix_sample,post_train_normal_sample,3000,3000,2.3733333333333335,2.506666666666667,6.4689956606241905,0.1333333333333333,0.020611133524932376,False,0.006666666666666599
048_GHL_id_17_Sensor_tr_50000_1st_154001.csv,17,dir_valve_act,train_prefix_sample,post_train_normal_sample,3000,3000,0.031,0.03666666666666667,0.17334652098839362,0.005666666666666667,0.03268982056493697,False,0.005666666666666598
048_GHL_id_17_Sensor_tr_50000_1st_154001.csv,17,dt_rand,train_prefix_sample,post_train_normal_sample,3000,3000,-0.06375786739249298,0.0733628720529471,1.0101849095385305,0.13712073944544007,0.13573825757116006,False,0.10599999999999998
048_GHL_id_17_Sensor_tr_50000_1st_154001.csv,17,C_level,train_prefix_sample,post_train_normal_sample,3000,3000,0.18653759691029131,1.0977477418985973,0.12546286128742823,0.9112101449883059,7.262787853217978,False,0.9666666666666667
048_GHL_id_17_Sensor_tr_50000_1st_154001.csv,17,HT_temperature.T,train_prefix_sample,post_train_normal_sample,3000,3000,321.425864125563,322.1880270996163,10.991744440873944,0.7621629740532967,0.0693395828253716,False,0.025666666666666667
048_GHL_id_17_Sensor_tr_50000_1st_154001.csv,17,heater_act,train_prefix_sample,post_train_normal_sample,3000,3000,0.6346666666666667,0.625,0.48160378212441507,-0.009666666666666712,0.020071824652260466,False,0.009666666666666657
048_GHL_id_17_Sensor_tr_50000_1st_154001.csv,17,HT_level,train_prefix_sample,post_train_normal_sample,3000,3000,0.43325060498223267,0.42976692036047887,0.22988496905549097,-0.003483684621753802,0.015154033933001031,False,0.011666666666666659
048_GHL_id_17_Sensor_tr_50000_1st_154001.csv,17,limiter1.y,train_prefix_sample,post_train_normal_sample,3000,3000,99.36242159013742,100.73362891640801,10.1018490634511,1.3712073262705928,0.1357382512506227,False,0.10599999999999998
048_GHL_id_17_Sensor_tr_50000_1st_154001.csv,17,dL_rand,train_prefix_sample,post_train_normal_sample,3000,3000,-0.11958557648717849,0.19433442134971268,0.4717271280512126,0.3139199978368912,0.665469461410349,False,0.4403333333333333
049_GHL_id_18_Sensor_tr_50000_1st_109001.csv,18,RT_level_ini,train_prefix_sample,post_train_normal_sample,3000,3000,2.4857925175804065,2.31089099105104,0.3974642451519176,-0.17490152652936652,0.44004342192469714,False,0.5489999999999999
049_GHL_id_18_Sensor_tr_50000_1st_109001.csv,18,RT_temperature.T,train_prefix_sample,post_train_normal_sample,3000,3000,313.66479616293833,313.3082635599887,12.628850584900272,-0.35653260294964184,0.0282315956272324,False,0.0846666666666667
049_GHL_id_18_Sensor_tr_50000_1st_109001.csv,18,C_temperature.T,train_prefix_sample,post_train_normal_sample,3000,3000,317.051383900764,329.76967384847603,21.162908888373472,12.718289947712037,0.600970784063586,False,0.9716666666666667
049_GHL_id_18_Sensor_tr_50000_1st_109001.csv,18,RT_level,train_prefix_sample,post_train_normal_sample,3000,3000,2.0088610568030236,1.8266162070226686,0.48242280534192766,-0.18224484978035504,0.37776997223666703,False,0.40399999999999997
049_GHL_id_18_Sensor_tr_50000_1st_109001.csv,18,out_valve_act,train_prefix_sample,post_train_normal_sample,3000,3000,0.026333333333333334,0.031,0.16015129836609196,0.004666666666666666,0.02913911229117276,False,0.004666666666666708
049_GHL_id_18_Sensor_tr_50000_1st_109001.csv,18,dT_rand,train_prefix_sample,post_train_normal_sample,3000,3000,0.8983619559620587,0.15893977098470713,0.8321173081105299,-0.7394221849773516,0.8886032988021135,False,0.5609999999999999
049_GHL_id_18_Sensor_tr_50000_1st_109001.csv,18,inv_valve_act,train_prefix_sample,post_train_normal_sample,3000,3000,0.032,0.034,0.1760293406687043,0.0020000000000000018,0.011361742266387842,False,0.0020000000000000018
049_GHL_id_18_Sensor_tr_50000_1st_109001.csv,18,limiter.y,train_prefix_sample,post_train_normal_sample,3000,3000,292.106764790807,285.438273193261,8.017425884013011,-6.668491597545994,0.8317497029617907,False,0.5609999999999999
049_GHL_id_18_Sensor_tr_50000_1st_109001.csv,18,inj_valve_act,train_prefix_sample,post_train_normal_sample,3000,3000,0.13433333333333333,0.10333333333333333,0.34106695009001303,-0.031,0.09089124581498911,False,0.030999999999999917
049_GHL_id_18_Sensor_tr_50000_1st_109001.csv,18,Relaxing.active,train_prefix_sample,post_train_normal_sample,3000,3000,0.14766666666666667,0.14366666666666666,0.35482839507599484,-0.0040000000000000036,0.01127305496264838,False,0.0039999999999998925
049_GHL_id_18_Sensor_tr_50000_1st_109001.csv,18,boundary.m_flow_in,train_prefix_sample,post_train_normal_sample,3000,3000,2.6866666666666665,2.066666666666667,6.82133900180026,-0.6199999999999997,0.09089124581498907,False,0.030999999999999917
049_GHL_id_18_Sensor_tr_50000_1st_109001.csv,18,dir_valve_act,train_prefix_sample,post_train_normal_sample,3000,3000,0.033666666666666664,0.031,0.1803997512349655,-0.0026666666666666644,0.014781986385299433,False,0.002666666666666595
049_GHL_id_18_Sensor_tr_50000_1st_109001.csv,18,dt_rand,train_prefix_sample,post_train_normal_sample,3000,3000,0.05927821746616732,-0.06004899215759292,1.0630722964689645,-0.11932720962376024,0.11224750190566544,False,0.10866666666666658
049_GHL_id_18_Sensor_tr_50000_1st_109001.csv,18,C_level,train_prefix_sample,post_train_normal_sample,3000,3000,0.21137185088329152,1.1634597403402955,0.1509349869977909,0.952087889457004,6.307933689827255,False,0.9716666666666667
049_GHL_id_18_Sensor_tr_50000_1st_109001.csv,18,HT_temperature.T,train_prefix_sample,post_train_normal_sample,3000,3000,321.66220786538565,322.87379656982,10.951044078035142,1.211588704434348,0.11063682109219797,False,0.04833333333333334
049_GHL_id_18_Sensor_tr_50000_1st_109001.csv,18,heater_act,train_prefix_sample,post_train_normal_sample,3000,3000,0.6123333333333333,0.6396666666666667,0.4872990618509156,0.02733333333333343,0.056091495907077696,False,0.02733333333333332
049_GHL_id_18_Sensor_tr_50000_1st_109001.csv,18,HT_level,train_prefix_sample,post_train_normal_sample,3000,3000,0.42343120877201335,0.4367626273831297,0.23340293972947518,0.013331418611116364,0.05711761225701825,False,0.030333333333333323
049_GHL_id_18_Sensor_tr_50000_1st_109001.csv,18,limiter1.y,train_prefix_sample,post_train_normal_sample,3000,3000,100.59278205622226,99.39951021324386,10.630723015014212,-1.1932718429784046,0.11224747755097157,False,0.10866666666666658
049_GHL_id_18_Sensor_tr_50000_1st_109001.csv,18,dL_rand,train_prefix_sample,post_train_normal_sample,3000,3000,0.8983619559620587,0.15893977098470713,0.8321173081105299,-0.7394221849773516,0.8886032988021135,False,0.5609999999999999
050_GHL_id_19_Sensor_tr_43750_1st_55001.csv,19,RT_level_ini,train_prefix_sample,post_train_normal_sample,3000,3000,1.9112772137338734,2.1894782127941568,0.4622466367733545,0.2782009990602834,0.6018453719906435,False,0.4216666666666667
050_GHL_id_19_Sensor_tr_43750_1st_55001.csv,19,RT_temperature.T,train_prefix_sample,post_train_normal_sample,3000,3000,311.9153241068277,311.814968485492,12.831325521157872,-0.10035562133572284,0.00782114218599194,False,0.04633333333333334
050_GHL_id_19_Sensor_tr_43750_1st_55001.csv,19,C_temperature.T,train_prefix_sample,post_train_normal_sample,3000,3000,328.68930131018897,329.8312287292617,0.5264861131738693,1.141927419072715,2.1689601881210483,False,0.9876666666666667
050_GHL_id_19_Sensor_tr_43750_1st_55001.csv,19,RT_level,train_prefix_sample,post_train_normal_sample,3000,3000,1.4852423491688944,1.7172148386041488,0.5170010444153786,0.2319724894352544,0.44868862827456635,False,0.28600000000000003
050_GHL_id_19_Sensor_tr_43750_1st_55001.csv,19,out_valve_act,train_prefix_sample,post_train_normal_sample,3000,3000,0.022333333333333334,0.024333333333333332,0.1477898378360685,0.0019999999999999983,0.013532730188245006,False,0.0020000000000000018
050_GHL_id_19_Sensor_tr_43750_1st_55001.csv,19,dT_rand,train_prefix_sample,post_train_normal_sample,3000,3000,-0.61814312521353,-0.22923181961176367,0.9555581960170658,0.38891130560176634,0.4069990788868924,False,0.38833333333333336
050_GHL_id_19_Sensor_tr_43750_1st_55001.csv,19,inv_valve_act,train_prefix_sample,post_train_normal_sample,3000,3000,0.03333333333333333,0.03166666666666667,0.17953541863488573,-0.0016666666666666635,0.009283219318724509,False,0.0016666666666667052
050_GHL_id_19_Sensor_tr_43750_1st_55001.csv,19,limiter.y,train_prefix_sample,post_train_normal_sample,3000,3000,279.5825511168693,281.335498708114,6.037690157253445,1.7529475912447197,0.29033414196301494,False,0.3393333333333334
050_GHL_id_19_Sensor_tr_43750_1st_55001.csv,19,inj_valve_act,train_prefix_sample,post_train_normal_sample,3000,3000,0.11766666666666667,0.10266666666666667,0.3222667231282717,-0.015,0.046545295941180856,False,0.015000000000000013
050_GHL_id_19_Sensor_tr_43750_1st_55001.csv,19,Relaxing.active,train_prefix_sample,post_train_normal_sample,3000,3000,0.14666666666666667,0.137,0.3538322879343883,-0.009666666666666657,0.02731991114518967,False,0.009666666666666601
050_GHL_id_19_Sensor_tr_43750_1st_55001.csv,19,boundary.m_flow_in,train_prefix_sample,post_train_normal_sample,3000,3000,2.3533333333333335,2.0533333333333332,6.445334462565436,-0.30000000000000027,0.04654529594118089,False,0.015000000000000013
050_GHL_id_19_Sensor_tr_43750_1st_55001.csv,19,dir_valve_act,train_prefix_sample,post_train_normal_sample,3000,3000,0.03133333333333333,0.032,0.17424602180325469,0.0006666666666666696,0.0038260079614294935,False,0.0006666666666667043
050_GHL_id_19_Sensor_tr_43750_1st_55001.csv,19,dt_rand,train_prefix_sample,post_train_normal_sample,3000,3000,0.1556064419461971,0.13995981509536662,1.0085102280551084,-0.015646626850830486,0.0155145941167148,False,0.10699999999999998
050_GHL_id_19_Sensor_tr_43750_1st_55001.csv,19,C_level,train_prefix_sample,post_train_normal_sample,3000,3000,0.36411082058642463,1.1254675325552344,0.10117954111756235,0.7613567119688097,7.524808904639877,False,0.9876666666666667
050_GHL_id_19_Sensor_tr_43750_1st_55001.csv,19,HT_temperature.T,train_prefix_sample,post_train_normal_sample,3000,3000,322.188806416828,322.290600941984,9.734398902660027,0.10179452515598086,0.010457196810392108,False,0.018333333333333313
050_GHL_id_19_Sensor_tr_43750_1st_55001.csv,19,heater_act,train_prefix_sample,post_train_normal_sample,3000,3000,0.638,0.659,0.4806589341764781,0.02100000000000002,0.04369002323025517,False,0.020999999999999963
050_GHL_id_19_Sensor_tr_43750_1st_55001.csv,19,HT_level,train_prefix_sample,post_train_normal_sample,3000,3000,0.4353507785127133,0.44592267223205334,0.2292029020319692,0.01057189371934003,0.04612460673759473,False,0.02533333333333332
050_GHL_id_19_Sensor_tr_43750_1st_55001.csv,19,limiter1.y,train_prefix_sample,post_train_normal_sample,3000,3000,101.55606477610047,101.39959787748032,10.085102362579205,-0.1564668986201525,0.015514656469995117,False,0.10699999999999998
050_GHL_id_19_Sensor_tr_43750_1st_55001.csv,19,dL_rand,train_prefix_sample,post_train_normal_sample,3000,3000,-0.61814312521353,-0.22923181961176367,0.9555581960170658,0.38891130560176634,0.4069990788868924,False,0.38833333333333336
051_GHL_id_20_Sensor_tr_50000_1st_75110.csv,20,RT_level_ini,train_prefix_sample,post_train_normal_sample,3000,3000,2.32751026677805,2.1372151338251237,0.4245556288898212,-0.19029513295292633,0.44822190545567087,False,0.544
051_GHL_id_20_Sensor_tr_50000_1st_75110.csv,20,RT_temperature.T,train_prefix_sample,post_train_normal_sample,3000,3000,312.29492867026596,312.26007977293335,13.41142749016856,-0.03484889733260843,0.00259844802935071,False,0.07733333333333335
051_GHL_id_20_Sensor_tr_50000_1st_75110.csv,20,C_temperature.T,train_prefix_sample,post_train_normal_sample,3000,3000,318.5913310748077,329.80732510371666,20.072282575928952,11.215994028908938,0.5587801978415431,False,0.971
051_GHL_id_20_Sensor_tr_50000_1st_75110.csv,20,RT_level,train_prefix_sample,post_train_normal_sample,3000,3000,1.8652813912607604,1.6625008715386205,0.46500850947123,-0.20278051972213995,0.4360791589657693,False,0.4019999999999999
051_GHL_id_20_Sensor_tr_50000_1st_75110.csv,20,out_valve_act,train_prefix_sample,post_train_normal_sample,3000,3000,0.028333333333333332,0.03233333333333333,0.16595100321293033,0.004,0.02410349996418903,False,0.0040000000000000036
051_GHL_id_20_Sensor_tr_50000_1st_75110.csv,20,dT_rand,train_prefix_sample,post_train_normal_sample,3000,3000,0.5084689117364541,-0.14140908861641907,0.929717118162415,-0.6498780003528732,0.6990061682819786,False,0.5579999999999999
051_GHL_id_20_Sensor_tr_50000_1st_75110.csv,20,inv_valve_act,train_prefix_sample,post_train_normal_sample,3000,3000,0.03233333333333333,0.03266666666666666,0.17691331680452005,0.0003333333333333313,0.0018841619124785683,False,0.0003333333333332966
051_GHL_id_20_Sensor_tr_50000_1st_75110.csv,20,limiter.y,train_prefix_sample,post_train_normal_sample,3000,3000,288.13047988908863,282.23302374271003,9.226556948320443,-5.897456146378602,0.6391827611763828,False,0.5579999999999999
051_GHL_id_20_Sensor_tr_50000_1st_75110.csv,20,inj_valve_act,train_prefix_sample,post_train_normal_sample,3000,3000,0.12866666666666668,0.103,0.3348864561833864,-0.025666666666666685,0.07664289251701305,False,0.025666666666666726
051_GHL_id_20_Sensor_tr_50000_1st_75110.csv,20,Relaxing.active,train_prefix_sample,post_train_normal_sample,3000,3000,0.12933333333333333,0.14433333333333334,0.335624448074934,0.015000000000000013,0.04469281092613075,False,0.015000000000000013
051_GHL_id_20_Sensor_tr_50000_1st_75110.csv,20,boundary.m_flow_in,train_prefix_sample,post_train_normal_sample,3000,3000,2.5733333333333333,2.06,6.69772912366773,-0.5133333333333332,0.07664289251701295,False,0.025666666666666726
051_GHL_id_20_Sensor_tr_50000_1st_75110.csv,20,dir_valve_act,train_prefix_sample,post_train_normal_sample,3000,3000,0.030666666666666665,0.028333333333333332,0.17244168367009724,-0.002333333333333333,0.013531144463871596,False,0.0023333333333332984
051_GHL_id_20_Sensor_tr_50000_1st_75110.csv,20,dt_rand,train_prefix_sample,post_train_normal_sample,3000,3000,0.05721581971983579,0.1556346858236563,1.0636900995579162,0.09841886610382052,0.09252588337968429,False,0.19200000000000006
051_GHL_id_20_Sensor_tr_50000_1st_75110.csv,20,C_level,train_prefix_sample,post_train_normal_sample,3000,3000,0.22075151893857786,1.1113859826727968,0.14195576203976157,0.890634463734219,6.274028267234082,False,0.971
051_GHL_id_20_Sensor_tr_50000_1st_75110.csv,20,HT_temperature.T,train_prefix_sample,post_train_normal_sample,3000,3000,321.35347585043337,322.34829601033437,10.999492216211939,0.9948201599009963,0.0904423713700847,False,0.03866666666666667
051_GHL_id_20_Sensor_tr_50000_1st_75110.csv,20,heater_act,train_prefix_sample,post_train_normal_sample,3000,3000,0.637,0.6406666666666667,0.48094501005925855,0.003666666666666707,0.007623879216908659,False,0.0036666666666666514
051_GHL_id_20_Sensor_tr_50000_1st_75110.csv,20,HT_level,train_prefix_sample,post_train_normal_sample,3000,3000,0.43417779942855866,0.437125888002471,0.22982834085257284,0.002948088573912322,0.01282735002557157,False,0.01266666666666666
051_GHL_id_20_Sensor_tr_50000_1st_75110.csv,20,limiter1.y,train_prefix_sample,post_train_normal_sample,3000,3000,100.57215793868092,101.55634704079884,10.636901405885837,0.9841891021179237,0.09252592127753775,False,0.19200000000000006
051_GHL_id_20_Sensor_tr_50000_1st_75110.csv,20,dL_rand,train_prefix_sample,post_train_normal_sample,3000,3000,0.5084689117364541,-0.14140908861641907,0.929717118162415,-0.6498780003528732,0.6990061682819786,False,0.5579999999999999
052_GHL_id_21_Sensor_tr_50000_1st_98001.csv,21,RT_level_ini,train_prefix_sample,post_train_normal_sample,3000,3000,2.1464329266935134,2.2007063471068267,0.4658956670025902,0.05427342041331329,0.11649264901407969,False,0.243
052_GHL_id_21_Sensor_tr_50000_1st_98001.csv,21,RT_temperature.T,train_prefix_sample,post_train_normal_sample,3000,3000,310.60708699543767,313.038075642907,14.026362172239725,2.4309886474693485,0.1733156906700042,False,0.09700000000000003
052_GHL_id_21_Sensor_tr_50000_1st_98001.csv,21,C_temperature.T,train_prefix_sample,post_train_normal_sample,3000,3000,316.213194457974,329.7830522257844,21.6903672693268,13.56985776781039,0.6256167818329227,False,0.986
052_GHL_id_21_Sensor_tr_50000_1st_98001.csv,21,RT_level,train_prefix_sample,post_train_normal_sample,3000,3000,1.7151944587618446,1.7234262094291504,0.4545717703841183,0.008231750667305748,0.018108803061725163,False,0.17633333333333334
052_GHL_id_21_Sensor_tr_50000_1st_98001.csv,21,out_valve_act,train_prefix_sample,post_train_normal_sample,3000,3000,0.026,0.027333333333333334,0.1591616918358477,0.0013333333333333357,0.00837722518499286,False,0.0013333333333332975
052_GHL_id_21_Sensor_tr_50000_1st_98001.csv,21,dT_rand,train_prefix_sample,post_train_normal_sample,3000,3000,-0.02856590294292504,0.07132080415405223,0.7863304368706229,0.09988670709697728,0.12702892119310386,False,0.2566666666666667
052_GHL_id_21_Sensor_tr_50000_1st_98001.csv,21,inv_valve_act,train_prefix_sample,post_train_normal_sample,3000,3000,0.036,0.03766666666666667,0.1863211524687569,0.0016666666666666705,0.008945128583541495,False,0.0016666666666665941
052_GHL_id_21_Sensor_tr_50000_1st_98001.csv,21,limiter.y,train_prefix_sample,post_train_normal_sample,3000,3000,283.0658002217733,283.9322572632437,7.39745479823728,0.866457041470369,0.11712907548645445,False,0.2566666666666667
052_GHL_id_21_Sensor_tr_50000_1st_98001.csv,21,inj_valve_act,train_prefix_sample,post_train_normal_sample,3000,3000,0.12066666666666667,0.12033333333333333,0.32579380404862573,-0.00033333333333333826,0.0010231420278440507,False,0.00033333333333340764
052_GHL_id_21_Sensor_tr_50000_1st_98001.csv,21,Relaxing.active,train_prefix_sample,post_train_normal_sample,3000,3000,0.13166666666666665,0.14133333333333334,0.3381843852817154,0.009666666666666685,0.028584012412678744,False,0.009666666666666601
052_GHL_id_21_Sensor_tr_50000_1st_98001.csv,21,boundary.m_flow_in,train_prefix_sample,post_train_normal_sample,3000,3000,2.4133333333333336,2.4066666666666667,6.515876080972516,-0.006666666666666821,0.001023142027844059,False,0.00033333333333340764
052_GHL_id_21_Sensor_tr_50000_1st_98001.csv,21,dir_valve_act,train_prefix_sample,post_train_normal_sample,3000,3000,0.025666666666666667,0.034,0.15816519096006143,0.008333333333333335,0.05268753056693492,False,0.008333333333333415
052_GHL_id_21_Sensor_tr_50000_1st_98001.csv,21,dt_rand,train_prefix_sample,post_train_normal_sample,3000,3000,0.07552286508714817,0.01810117724530621,1.0283753800062148,-0.05742168784184196,0.055837283698385455,False,0.16533333333333333
052_GHL_id_21_Sensor_tr_50000_1st_98001.csv,21,C_level,train_prefix_sample,post_train_normal_sample,3000,3000,0.18447524455246453,1.0759096227294227,0.12839266425630252,0.8914343781769581,6.943032013086367,False,0.986
052_GHL_id_21_Sensor_tr_50000_1st_98001.csv,21,HT_temperature.T,train_prefix_sample,post_train_normal_sample,3000,3000,321.0101302286717,322.17516281127536,11.318306335717256,1.1650325826036578,0.10293347326420708,False,0.03733333333333333
052_GHL_id_21_Sensor_tr_50000_1st_98001.csv,21,heater_act,train_prefix_sample,post_train_normal_sample,3000,3000,0.6486666666666666,0.6243333333333333,0.4774664528810003,-0.024333333333333318,0.05096344085853075,False,0.024333333333333318
052_GHL_id_21_Sensor_tr_50000_1st_98001.csv,21,HT_level,train_prefix_sample,post_train_normal_sample,3000,3000,0.44029982379581606,0.43006104832396264,0.22754706315075923,-0.010238775471853423,0.04499629804085766,False,0.025333333333333374
052_GHL_id_21_Sensor_tr_50000_1st_98001.csv,21,limiter1.y,train_prefix_sample,post_train_normal_sample,3000,3000,100.75522813419396,100.18101129914541,10.283753446222722,-0.5742168350485457,0.0558372814022937,False,0.16533333333333333
052_GHL_id_21_Sensor_tr_50000_1st_98001.csv,21,dL_rand,train_prefix_sample,post_train_normal_sample,3000,3000,-0.02856590294292504,0.07132080415405223,0.7863304368706229,0.09988670709697728,0.12702892119310386,False,0.2566666666666667
053_GHL_id_22_Sensor_tr_50000_1st_126448.csv,22,RT_level_ini,train_prefix_sample,post_train_normal_sample,3000,3000,2.256417915981437,2.2264288684124667,0.36994021363126106,-0.02998904756897014,0.08106457871828394,False,0.3363333333333333
053_GHL_id_22_Sensor_tr_50000_1st_126448.csv,22,RT_temperature.T,train_prefix_sample,post_train_normal_sample,3000,3000,311.6589049275693,312.897958333311,13.770416319096654,1.2390534057416858,0.08997937150406854,False,0.08099999999999999
053_GHL_id_22_Sensor_tr_50000_1st_126448.csv,22,C_temperature.T,train_prefix_sample,post_train_normal_sample,3000,3000,317.131995157792,329.74808847048666,20.929080806484965,12.616093312694659,0.6028020737912918,False,0.981
053_GHL_id_22_Sensor_tr_50000_1st_126448.csv,22,RT_level,train_prefix_sample,post_train_normal_sample,3000,3000,1.7913902531674741,1.7438174219723168,0.43626942556106507,-0.04757283119515732,0.10904461419448817,False,0.24100000000000002
053_GHL_id_22_Sensor_tr_50000_1st_126448.csv,22,out_valve_act,train_prefix_sample,post_train_normal_sample,3000,3000,0.025,0.034666666666666665,0.15615097729196706,0.009666666666666664,0.06190589924129761,False,0.009666666666666601
053_GHL_id_22_Sensor_tr_50000_1st_126448.csv,22,dT_rand,train_prefix_sample,post_train_normal_sample,3000,3000,0.2653242714973721,0.028964197742682,0.9540549907060691,-0.2363600737546901,0.24774261028682076,False,0.324
053_GHL_id_22_Sensor_tr_50000_1st_126448.csv,22,inv_valve_act,train_prefix_sample,post_train_normal_sample,3000,3000,0.033666666666666664,0.026333333333333334,0.1803997512349655,-0.007333333333333331,0.04065046255957346,False,0.007333333333333303
053_GHL_id_22_Sensor_tr_50000_1st_126448.csv,22,limiter.y,train_prefix_sample,post_train_normal_sample,3000,3000,285.8906047566427,283.85898383586834,9.191979942084815,-2.031620920774344,0.22102103502997375,False,0.324
053_GHL_id_22_Sensor_tr_50000_1st_126448.csv,22,inj_valve_act,train_prefix_sample,post_train_normal_sample,3000,3000,0.11433333333333333,0.11833333333333333,0.318268734276494,0.0040000000000000036,0.012567995436601788,False,0.0040000000000000036
053_GHL_id_22_Sensor_tr_50000_1st_126448.csv,22,Relaxing.active,train_prefix_sample,post_train_normal_sample,3000,3000,0.138,0.133,0.34495748320878705,-0.0050000000000000044,0.014494539887901873,False,0.0050000000000000044
053_GHL_id_22_Sensor_tr_50000_1st_126448.csv,22,boundary.m_flow_in,train_prefix_sample,post_train_normal_sample,3000,3000,2.2866666666666666,2.3666666666666667,6.36537468552988,0.08000000000000007,0.012567995436601788,False,0.0040000000000000036
053_GHL_id_22_Sensor_tr_50000_1st_126448.csv,22,dir_valve_act,train_prefix_sample,post_train_normal_sample,3000,3000,0.029,0.03133333333333333,0.16783441084340953,0.0023333333333333296,0.01390259197507681,False,0.0023333333333332984
053_GHL_id_22_Sensor_tr_50000_1st_126448.csv,22,dt_rand,train_prefix_sample,post_train_normal_sample,3000,3000,-0.22672160223476814,-0.004236170148868221,0.9525522165904835,0.22248543208589994,0.23356770181298078,False,0.1283333333333333
053_GHL_id_22_Sensor_tr_50000_1st_126448.csv,22,C_level,train_prefix_sample,post_train_normal_sample,3000,3000,0.20031326941871297,1.117080803613258,0.1410159335151903,0.916767534194545,6.501162750490111,False,0.981
053_GHL_id_22_Sensor_tr_50000_1st_126448.csv,22,HT_temperature.T,train_prefix_sample,post_train_normal_sample,3000,3000,321.7394184163423,322.2761909993467,10.841601348776523,0.5367725830043923,0.049510451983642366,False,0.02866666666666673
053_GHL_id_22_Sensor_tr_50000_1st_126448.csv,22,heater_act,train_prefix_sample,post_train_normal_sample,3000,3000,0.648,0.6416666666666667,0.4776735887114242,-0.006333333333333302,0.01325870528119034,False,0.0063333333333333575
053_GHL_id_22_Sensor_tr_50000_1st_126448.csv,22,HT_level,train_prefix_sample,post_train_normal_sample,3000,3000,0.4402301148300947,0.4355908744186731,0.2275884715261052,-0.004639240411421608,0.020384338364386224,False,0.013666666666666716
053_GHL_id_22_Sensor_tr_50000_1st_126448.csv,22,limiter1.y,train_prefix_sample,post_train_normal_sample,3000,3000,97.73278389992474,99.95763820903251,9.525522475574524,2.2248543091077693,0.23356769298616126,False,0.1283333333333333
053_GHL_id_22_Sensor_tr_50000_1st_126448.csv,22,dL_rand,train_prefix_sample,post_train_normal_sample,3000,3000,0.2653242714973721,0.028964197742682,0.9540549907060691,-0.2363600737546901,0.24774261028682076,False,0.324
054_GHL_id_23_Sensor_tr_50000_1st_135001.csv,23,RT_level_ini,train_prefix_sample,post_train_normal_sample,3000,3000,2.3019202373404934,2.09429114468776,0.6084450705508883,-0.20762909265273333,0.34124541836577826,False,0.4076666666666667
054_GHL_id_23_Sensor_tr_50000_1st_135001.csv,23,RT_temperature.T,train_prefix_sample,post_train_normal_sample,3000,3000,314.246938822384,313.0195489298517,12.939727178352356,-1.227389892532301,0.09485438723821589,False,0.12100000000000001
054_GHL_id_23_Sensor_tr_50000_1st_135001.csv,23,C_temperature.T,train_prefix_sample,post_train_normal_sample,3000,3000,317.688095418325,329.8592636006943,20.653749760163528,12.171168182369286,0.5892958094149446,False,0.981
054_GHL_id_23_Sensor_tr_50000_1st_135001.csv,23,RT_level,train_prefix_sample,post_train_normal_sample,3000,3000,1.8592683578515905,1.6400766423934816,0.6059938663055923,-0.2191917154581089,0.3617061618039122,False,0.33166666666666667
054_GHL_id_23_Sensor_tr_50000_1st_135001.csv,23,out_valve_act,train_prefix_sample,post_train_normal_sample,3000,3000,0.030333333333333334,0.033666666666666664,0.17153142539737481,0.0033333333333333305,0.019432785133168637,False,0.0033333333333332993
054_GHL_id_23_Sensor_tr_50000_1st_135001.csv,23,dT_rand,train_prefix_sample,post_train_normal_sample,3000,3000,0.6839431489117784,-0.246899649068422,1.38764759890218,-0.9308427979802004,0.6708063334787774,False,0.5406666666666666
054_GHL_id_23_Sensor_tr_50000_1st_135001.csv,23,inv_valve_act,train_prefix_sample,post_train_normal_sample,3000,3000,0.029666666666666668,0.03133333333333333,0.16969429652656795,0.0016666666666666635,0.009821583287012384,False,0.0016666666666667052
054_GHL_id_23_Sensor_tr_50000_1st_135001.csv,23,limiter.y,train_prefix_sample,post_train_normal_sample,3000,3000,291.0454452106687,282.037898071253,11.584221363306188,-9.007547139415692,0.7775703568603853,False,0.5406666666666666
054_GHL_id_23_Sensor_tr_50000_1st_135001.csv,23,inj_valve_act,train_prefix_sample,post_train_normal_sample,3000,3000,0.13866666666666666,0.101,0.3456559680351283,-0.037666666666666654,0.10897155018263323,False,0.03766666666666674
054_GHL_id_23_Sensor_tr_50000_1st_135001.csv,23,Relaxing.active,train_prefix_sample,post_train_normal_sample,3000,3000,0.14966666666666667,0.14966666666666667,0.3568038563219073,0.0,0.0,False,0.0
054_GHL_id_23_Sensor_tr_50000_1st_135001.csv,23,boundary.m_flow_in,train_prefix_sample,post_train_normal_sample,3000,3000,2.7733333333333334,2.02,6.913119360702567,-0.7533333333333334,0.10897155018263327,False,0.03766666666666674
054_GHL_id_23_Sensor_tr_50000_1st_135001.csv,23,dir_valve_act,train_prefix_sample,post_train_normal_sample,3000,3000,0.032,0.034666666666666665,0.1760293406687043,0.0026666666666666644,0.015148989688517096,False,0.002666666666666595
054_GHL_id_23_Sensor_tr_50000_1st_135001.csv,23,dt_rand,train_prefix_sample,post_train_normal_sample,3000,3000,0.02341805598382438,0.04753397529824021,0.8996795284149853,0.02411591931441583,0.026805010620728657,False,0.11699999999999999
054_GHL_id_23_Sensor_tr_50000_1st_135001.csv,23,C_level,train_prefix_sample,post_train_normal_sample,3000,3000,0.19917303261384756,1.140296106994778,0.14120778434035114,0.9411230743809303,6.664810150356546,False,0.981
054_GHL_id_23_Sensor_tr_50000_1st_135001.csv,23,HT_temperature.T,train_prefix_sample,post_train_normal_sample,3000,3000,322.0328650716113,322.6339390258803,10.934273279727066,0.6010739542689976,0.05497155036205581,False,0.03233333333333333
054_GHL_id_23_Sensor_tr_50000_1st_135001.csv,23,heater_act,train_prefix_sample,post_train_normal_sample,3000,3000,0.6026666666666667,0.6353333333333333,0.48942762695100944,0.03266666666666662,0.066744631622392,False,0.03266666666666668
054_GHL_id_23_Sensor_tr_50000_1st_135001.csv,23,HT_level,train_prefix_sample,post_train_normal_sample,3000,3000,0.4167755057837027,0.43336397926763465,0.23531114615282644,0.016588473483931943,0.07049591043663653,False,0.03700000000000003
054_GHL_id_23_Sensor_tr_50000_1st_135001.csv,23,limiter1.y,train_prefix_sample,post_train_normal_sample,3000,3000,100.23418055979673,100.47533968865673,8.99679535918458,0.241159128860005,0.02680500325194263,False,0.11699999999999999
054_GHL_id_23_Sensor_tr_50000_1st_135001.csv,23,dL_rand,train_prefix_sample,post_train_normal_sample,3000,3000,0.6839431489117784,-0.246899649068422,1.38764759890218,-0.9308427979802004,0.6708063334787774,False,0.5406666666666666
055_GHL_id_24_Sensor_tr_50000_1st_118124.csv,24,RT_level_ini,train_prefix_sample,post_train_normal_sample,3000,3000,2.3284914093803266,2.04174169750899,0.4253003592463978,-0.28674971187133647,0.6742287083402344,False,0.4053333333333333
055_GHL_id_24_Sensor_tr_50000_1st_118124.csv,24,RT_temperature.T,train_prefix_sample,post_train_normal_sample,3000,3000,312.18123918662667,312.4942401733497,13.461955736176291,0.31300098672301147,0.02325078115372824,False,0.053333333333333344
055_GHL_id_24_Sensor_tr_50000_1st_118124.csv,24,C_temperature.T,train_prefix_sample,post_train_normal_sample,3000,3000,317.1336881813713,329.853344289252,20.78134436263376,12.719656107880667,0.6120708981056805,False,0.9783333333333334
055_GHL_id_24_Sensor_tr_50000_1st_118124.csv,24,RT_level,train_prefix_sample,post_train_normal_sample,3000,3000,1.8753745569777918,1.5932982023747682,0.4688630565516088,-0.2820763546030236,0.6016177872439707,False,0.3313333333333333
055_GHL_id_24_Sensor_tr_50000_1st_118124.csv,24,out_valve_act,train_prefix_sample,post_train_normal_sample,3000,3000,0.033666666666666664,0.023333333333333334,0.1803997512349655,-0.01033333333333333,0.05728019724303533,False,0.010333333333333306
055_GHL_id_24_Sensor_tr_50000_1st_118124.csv,24,dT_rand,train_prefix_sample,post_train_normal_sample,3000,3000,0.2883364461568223,-0.2566757849459767,0.7094411279292024,-0.545012231102799,0.7682275662444926,False,0.395
055_GHL_id_24_Sensor_tr_50000_1st_118124.csv,24,inv_valve_act,train_prefix_sample,post_train_normal_sample,3000,3000,0.029666666666666668,0.029,0.16969429652656795,-0.0006666666666666661,0.003928633314804958,False,0.0006666666666665932
055_GHL_id_24_Sensor_tr_50000_1st_118124.csv,24,limiter.y,train_prefix_sample,post_train_normal_sample,3000,3000,286.03398150630164,282.16070209756833,6.758665711230016,-3.8732794087333104,0.5730834419429229,False,0.395
055_GHL_id_24_Sensor_tr_50000_1st_118124.csv,24,inj_valve_act,train_prefix_sample,post_train_normal_sample,3000,3000,0.104,0.114,0.30531143393355503,0.010000000000000009,0.032753440875641464,False,0.010000000000000009
055_GHL_id_24_Sensor_tr_50000_1st_118124.csv,24,Relaxing.active,train_prefix_sample,post_train_normal_sample,3000,3000,0.13366666666666666,0.138,0.3403505571066346,0.004333333333333356,0.012731970736794438,False,0.0043333333333333
055_GHL_id_24_Sensor_tr_50000_1st_118124.csv,24,boundary.m_flow_in,train_prefix_sample,post_train_normal_sample,3000,3000,2.08,2.28,6.1062286786710995,0.19999999999999973,0.032753440875641394,False,0.010000000000000009
055_GHL_id_24_Sensor_tr_50000_1st_118124.csv,24,dir_valve_act,train_prefix_sample,post_train_normal_sample,3000,3000,0.03166666666666667,0.030333333333333334,0.17514026833775273,-0.0013333333333333357,0.00761294558920078,False,0.0013333333333332975
055_GHL_id_24_Sensor_tr_50000_1st_118124.csv,24,dt_rand,train_prefix_sample,post_train_normal_sample,3000,3000,-0.16197456251450898,-0.049690928562596395,0.9841452489409535,0.11228363395191258,0.11409254281595313,False,0.1093333333333334
055_GHL_id_24_Sensor_tr_50000_1st_118124.csv,24,C_level,train_prefix_sample,post_train_normal_sample,3000,3000,0.18920510729665693,1.0745414318547797,0.1300834919491463,0.8853363245581227,6.805908353876511,False,0.9783333333333334
055_GHL_id_24_Sensor_tr_50000_1st_118124.csv,24,HT_temperature.T,train_prefix_sample,post_train_normal_sample,3000,3000,321.7576505737287,322.51976627604864,10.76034162384192,0.7621157023199316,0.07082634817386238,False,0.027666666666666673
055_GHL_id_24_Sensor_tr_50000_1st_118124.csv,24,heater_act,train_prefix_sample,post_train_normal_sample,3000,3000,0.651,0.651,0.4767334247278566,0.0,0.0,False,0.0
055_GHL_id_24_Sensor_tr_50000_1st_118124.csv,24,HT_level,train_prefix_sample,post_train_normal_sample,3000,3000,0.44085253202921,0.4401312760885154,0.2274988277539145,-0.0007212559406946095,0.003170372119344686,False,0.005333333333333357
055_GHL_id_24_Sensor_tr_50000_1st_118124.csv,24,limiter1.y,train_prefix_sample,post_train_normal_sample,3000,3000,98.38025361122833,99.503090728796,9.84145284964921,1.12283711756767,0.11409261769797459,False,0.1093333333333334
055_GHL_id_24_Sensor_tr_50000_1st_118124.csv,24,dL_rand,train_prefix_sample,post_train_normal_sample,3000,3000,0.2883364461568223,-0.2566757849459767,0.7094411279292024,-0.545012231102799,0.7682275662444926,False,0.395
056_GHL_id_25_Sensor_tr_50000_1st_105568.csv,25,RT_level_ini,train_prefix_sample,post_train_normal_sample,3000,3000,2.323868059713227,2.227759668070583,0.4131748603903845,-0.09610839164264373,0.23260948536858364,False,0.4156666666666667
056_GHL_id_25_Sensor_tr_50000_1st_105568.csv,25,RT_temperature.T,train_prefix_sample,post_train_normal_sample,3000,3000,312.16732441200503,313.37620658366035,13.52060227834396,1.2088821716553184,0.08941037882547534,False,0.06966666666666665
056_GHL_id_25_Sensor_tr_50000_1st_105568.csv,25,C_temperature.T,train_prefix_sample,post_train_normal_sample,3000,3000,317.45609143055333,329.78680911253764,20.70722756701967,12.33071768198431,0.5954789284116142,False,0.974
056_GHL_id_25_Sensor_tr_50000_1st_105568.csv,25,RT_level,train_prefix_sample,post_train_normal_sample,3000,3000,1.8597469841827037,1.752351370135157,0.4459724361851929,-0.10739561404754672,0.24081222365713653,False,0.3083333333333333
056_GHL_id_25_Sensor_tr_50000_1st_105568.csv,25,out_valve_act,train_prefix_sample,post_train_normal_sample,3000,3000,0.028,0.03333333333333333,0.16500022734835346,0.005333333333333332,0.03232318778612006,False,0.005333333333333301
056_GHL_id_25_Sensor_tr_50000_1st_105568.csv,25,dT_rand,train_prefix_sample,post_train_normal_sample,3000,3000,0.4139668798829473,0.14017438963427986,0.7170636777675449,-0.2737924902486674,0.38182451396935,False,0.43633333333333335
056_GHL_id_25_Sensor_tr_50000_1st_105568.csv,25,inv_valve_act,train_prefix_sample,post_train_normal_sample,3000,3000,0.029333333333333333,0.03333333333333333,0.16876724509383056,0.004,0.023701281595111038,False,0.0040000000000000036
056_GHL_id_25_Sensor_tr_50000_1st_105568.csv,25,limiter.y,train_prefix_sample,post_train_normal_sample,3000,3000,287.13967026790596,284.8874530130604,7.1706293703220645,-2.2522172548455615,0.3140892017327071,False,0.43633333333333335
056_GHL_id_25_Sensor_tr_50000_1st_105568.csv,25,inj_valve_act,train_prefix_sample,post_train_normal_sample,3000,3000,0.12866666666666668,0.102,0.3348864561833864,-0.026666666666666686,0.07962897923845512,False,0.026666666666666727
056_GHL_id_25_Sensor_tr_50000_1st_105568.csv,25,Relaxing.active,train_prefix_sample,post_train_normal_sample,3000,3000,0.13566666666666666,0.158,0.34249134635734296,0.022333333333333344,0.06520846021619349,False,0.022333333333333316
056_GHL_id_25_Sensor_tr_50000_1st_105568.csv,25,boundary.m_flow_in,train_prefix_sample,post_train_normal_sample,3000,3000,2.5733333333333333,2.04,6.69772912366773,-0.5333333333333332,0.07962897923845502,False,0.026666666666666727
056_GHL_id_25_Sensor_tr_50000_1st_105568.csv,25,dir_valve_act,train_prefix_sample,post_train_normal_sample,3000,3000,0.034333333333333334,0.026333333333333334,0.18211427939385186,-0.008,0.04392846089075033,False,0.008000000000000007
056_GHL_id_25_Sensor_tr_50000_1st_105568.csv,25,dt_rand,train_prefix_sample,post_train_normal_sample,3000,3000,-0.10430125203317031,0.03379442021774053,0.9262226396430816,0.13809567225091085,0.14909554824110735,False,0.1443333333333333
056_GHL_id_25_Sensor_tr_50000_1st_105568.csv,25,C_level,train_prefix_sample,post_train_normal_sample,3000,3000,0.19547728197179942,1.1318816650807006,0.13658429640673506,0.9364043831089013,6.855871485550418,False,0.974
056_GHL_id_25_Sensor_tr_50000_1st_105568.csv,25,HT_temperature.T,train_prefix_sample,post_train_normal_sample,3000,3000,321.3018772379557,322.872032755537,11.055246081883176,1.5701555175813269,0.1420280929028278,False,0.05833333333333335
056_GHL_id_25_Sensor_tr_50000_1st_105568.csv,25,heater_act,train_prefix_sample,post_train_normal_sample,3000,3000,0.6263333333333333,0.635,0.48385734281737247,0.008666666666666711,0.01791161546955766,False,0.008666666666666656
056_GHL_id_25_Sensor_tr_50000_1st_105568.csv,25,HT_level,train_prefix_sample,post_train_normal_sample,3000,3000,0.42955549994861303,0.43434216474250603,0.23145802583587996,0.004786664793893003,0.020680487430092768,False,0.011666666666666659
056_GHL_id_25_Sensor_tr_50000_1st_105568.csv,25,limiter1.y,train_prefix_sample,post_train_normal_sample,3000,3000,98.9569869868151,100.3379439366811,9.262226670736753,1.380956949866004,0.14909556837223864,False,0.1443333333333333
056_GHL_id_25_Sensor_tr_50000_1st_105568.csv,25,dL_rand,train_prefix_sample,post_train_normal_sample,3000,3000,0.4139668798829473,0.14017438963427986,0.7170636777675449,-0.2737924902486674,0.38182451396935,False,0.43633333333333335
