dataset,file_or_session,ratio,stage,model,original_train_length,fit_pool_length,fit_subset_length,unused_fit_pool_length,validation_length,model_input_window_size,train_stride,evaluation_stride,batch_size,target_horizon,drop_last,max_epochs,training_unit,early_stopping_rule,optimizer_steps_per_batch,train_window_count,validation_window_count,full_train_batches,train_batch_count_per_epoch,last_train_batch_size,dropped_train_windows,optimizer_updates_per_epoch,validation_batch_count,maximum_optimizer_updates,model_instance_count,first_valid_score_index,expected_saved_score_length,train_feasible,validation_feasible,execution_feasible,fit_validation_boundary_crossing_window_count,windows_excluded_to_preserve_fit_validation_boundary,file_or_session_boundary_crossing_window_count,workload_status,candidate_status,input_tensor_shape,model_forward_input_shape,model_forward_output_shape,flattened_input_dimension,graph_node_count,node_window_length,channel_order_rule,score_alignment_rule,channel_independent,implementation_status
GHL,series_01,5,normal,CI-AE,50000,45000,2250,42750,5000,100,1,1,128,0,True,50,one_model_per_channel,none,1,2151,4901,16,16,128,103,16,39,800,19,50,test_length-model_input_window_size+1,True,True,True,0,0,0,fixed_for_pretraining_audit,window and workload settings fixed,"(2151, 100, 1)","[batch, 100]","[batch, 100]",100,not_applicable,not_applicable,manifest order preserved,채널별 window 재구성 오차; 중앙 시점 정렬,True,data shape applicable; raw wrapper contract checked separately
GHL,series_01,5,normal,LSTM-AD,50000,45000,2250,42750,5000,100,1,1,128,1,False,50,one_multivariate_model,patience=3,1,2150,4900,16,17,102,0,17,39,850,1,100,test_length-model_input_window_size,True,True,True,0,0,0,fixed_for_pretraining_audit,window and workload settings fixed,"(2150, 100, 19)","[batch, 100, 19]","[1, batch, 19]",not_applicable,not_applicable,not_applicable,manifest order preserved,1-step 예측 오차; source[W:] 정렬,False,data shape applicable; raw wrapper contract checked separately
GHL,series_01,5,normal,USAD,50000,45000,2250,42750,5000,10,1,1,128,0,False,70,one_multivariate_model,none,2,2241,4991,17,18,65,0,36,39,2520,1,5,test_length-model_input_window_size+1,True,True,True,0,0,0,fixed_project_transfer_rule,window and batch_size=128 fixed by project transfer rule,"(2241, 10, 19)","[batch, 10, 19]","3 x [batch, 190]",190,not_applicable,not_applicable,manifest order preserved,window×channel 재구성 오차; 중앙 시점 정렬,False,data shape applicable; raw wrapper contract checked separately
GHL,series_01,5,normal,GDN,50000,45000,2250,42750,5000,5,1,1,32,1,False,50,one_multivariate_model,patience=10,1,2245,4995,70,71,5,0,71,157,3550,1,5,test_length-model_input_window_size,True,True,True,0,0,0,fixed_for_pretraining_audit,window and workload fixed; project topk does not change these counts,"(2245, 5, 19)","[batch, 19, 5]","[batch, 19]",not_applicable,19,5,manifest order preserved,1-step 채널별 절대 예측 오차; source[W:] 정렬,False,data shape applicable; raw wrapper contract checked separately
GHL,series_01,10,normal,CI-AE,50000,45000,4500,40500,5000,100,1,1,128,0,True,50,one_model_per_channel,none,1,4401,4901,34,34,128,49,34,39,1700,19,50,test_length-model_input_window_size+1,True,True,True,0,0,0,fixed_for_pretraining_audit,window and workload settings fixed,"(4401, 100, 1)","[batch, 100]","[batch, 100]",100,not_applicable,not_applicable,manifest order preserved,채널별 window 재구성 오차; 중앙 시점 정렬,True,data shape applicable; raw wrapper contract checked separately
GHL,series_01,10,normal,LSTM-AD,50000,45000,4500,40500,5000,100,1,1,128,1,False,50,one_multivariate_model,patience=3,1,4400,4900,34,35,48,0,35,39,1750,1,100,test_length-model_input_window_size,True,True,True,0,0,0,fixed_for_pretraining_audit,window and workload settings fixed,"(4400, 100, 19)","[batch, 100, 19]","[1, batch, 19]",not_applicable,not_applicable,not_applicable,manifest order preserved,1-step 예측 오차; source[W:] 정렬,False,data shape applicable; raw wrapper contract checked separately
GHL,series_01,10,normal,USAD,50000,45000,4500,40500,5000,10,1,1,128,0,False,70,one_multivariate_model,none,2,4491,4991,35,36,11,0,72,39,5040,1,5,test_length-model_input_window_size+1,True,True,True,0,0,0,fixed_project_transfer_rule,window and batch_size=128 fixed by project transfer rule,"(4491, 10, 19)","[batch, 10, 19]","3 x [batch, 190]",190,not_applicable,not_applicable,manifest order preserved,window×channel 재구성 오차; 중앙 시점 정렬,False,data shape applicable; raw wrapper contract checked separately
GHL,series_01,10,normal,GDN,50000,45000,4500,40500,5000,5,1,1,32,1,False,50,one_multivariate_model,patience=10,1,4495,4995,140,141,15,0,141,157,7050,1,5,test_length-model_input_window_size,True,True,True,0,0,0,fixed_for_pretraining_audit,window and workload fixed; project topk does not change these counts,"(4495, 5, 19)","[batch, 19, 5]","[batch, 19]",not_applicable,19,5,manifest order preserved,1-step 채널별 절대 예측 오차; source[W:] 정렬,False,data shape applicable; raw wrapper contract checked separately
GHL,series_01,20,normal,CI-AE,50000,45000,9000,36000,5000,100,1,1,128,0,True,50,one_model_per_channel,none,1,8901,4901,69,69,128,69,69,39,3450,19,50,test_length-model_input_window_size+1,True,True,True,0,0,0,fixed_for_pretraining_audit,window and workload settings fixed,"(8901, 100, 1)","[batch, 100]","[batch, 100]",100,not_applicable,not_applicable,manifest order preserved,채널별 window 재구성 오차; 중앙 시점 정렬,True,data shape applicable; raw wrapper contract checked separately
GHL,series_01,20,normal,LSTM-AD,50000,45000,9000,36000,5000,100,1,1,128,1,False,50,one_multivariate_model,patience=3,1,8900,4900,69,70,68,0,70,39,3500,1,100,test_length-model_input_window_size,True,True,True,0,0,0,fixed_for_pretraining_audit,window and workload settings fixed,"(8900, 100, 19)","[batch, 100, 19]","[1, batch, 19]",not_applicable,not_applicable,not_applicable,manifest order preserved,1-step 예측 오차; source[W:] 정렬,False,data shape applicable; raw wrapper contract checked separately
GHL,series_01,20,normal,USAD,50000,45000,9000,36000,5000,10,1,1,128,0,False,70,one_multivariate_model,none,2,8991,4991,70,71,31,0,142,39,9940,1,5,test_length-model_input_window_size+1,True,True,True,0,0,0,fixed_project_transfer_rule,window and batch_size=128 fixed by project transfer rule,"(8991, 10, 19)","[batch, 10, 19]","3 x [batch, 190]",190,not_applicable,not_applicable,manifest order preserved,window×channel 재구성 오차; 중앙 시점 정렬,False,data shape applicable; raw wrapper contract checked separately
GHL,series_01,20,normal,GDN,50000,45000,9000,36000,5000,5,1,1,32,1,False,50,one_multivariate_model,patience=10,1,8995,4995,281,282,3,0,282,157,14100,1,5,test_length-model_input_window_size,True,True,True,0,0,0,fixed_for_pretraining_audit,window and workload fixed; project topk does not change these counts,"(8995, 5, 19)","[batch, 19, 5]","[batch, 19]",not_applicable,19,5,manifest order preserved,1-step 채널별 절대 예측 오차; source[W:] 정렬,False,data shape applicable; raw wrapper contract checked separately
GHL,series_01,40,normal,CI-AE,50000,45000,18000,27000,5000,100,1,1,128,0,True,50,one_model_per_channel,none,1,17901,4901,139,139,128,109,139,39,6950,19,50,test_length-model_input_window_size+1,True,True,True,0,0,0,fixed_for_pretraining_audit,window and workload settings fixed,"(17901, 100, 1)","[batch, 100]","[batch, 100]",100,not_applicable,not_applicable,manifest order preserved,채널별 window 재구성 오차; 중앙 시점 정렬,True,data shape applicable; raw wrapper contract checked separately
GHL,series_01,40,normal,LSTM-AD,50000,45000,18000,27000,5000,100,1,1,128,1,False,50,one_multivariate_model,patience=3,1,17900,4900,139,140,108,0,140,39,7000,1,100,test_length-model_input_window_size,True,True,True,0,0,0,fixed_for_pretraining_audit,window and workload settings fixed,"(17900, 100, 19)","[batch, 100, 19]","[1, batch, 19]",not_applicable,not_applicable,not_applicable,manifest order preserved,1-step 예측 오차; source[W:] 정렬,False,data shape applicable; raw wrapper contract checked separately
GHL,series_01,40,normal,USAD,50000,45000,18000,27000,5000,10,1,1,128,0,False,70,one_multivariate_model,none,2,17991,4991,140,141,71,0,282,39,19740,1,5,test_length-model_input_window_size+1,True,True,True,0,0,0,fixed_project_transfer_rule,window and batch_size=128 fixed by project transfer rule,"(17991, 10, 19)","[batch, 10, 19]","3 x [batch, 190]",190,not_applicable,not_applicable,manifest order preserved,window×channel 재구성 오차; 중앙 시점 정렬,False,data shape applicable; raw wrapper contract checked separately
GHL,series_01,40,normal,GDN,50000,45000,18000,27000,5000,5,1,1,32,1,False,50,one_multivariate_model,patience=10,1,17995,4995,562,563,11,0,563,157,28150,1,5,test_length-model_input_window_size,True,True,True,0,0,0,fixed_for_pretraining_audit,window and workload fixed; project topk does not change these counts,"(17995, 5, 19)","[batch, 19, 5]","[batch, 19]",not_applicable,19,5,manifest order preserved,1-step 채널별 절대 예측 오차; source[W:] 정렬,False,data shape applicable; raw wrapper contract checked separately
GHL,series_01,60,normal,CI-AE,50000,45000,27000,18000,5000,100,1,1,128,0,True,50,one_model_per_channel,none,1,26901,4901,210,210,128,21,210,39,10500,19,50,test_length-model_input_window_size+1,True,True,True,0,0,0,fixed_for_pretraining_audit,window and workload settings fixed,"(26901, 100, 1)","[batch, 100]","[batch, 100]",100,not_applicable,not_applicable,manifest order preserved,채널별 window 재구성 오차; 중앙 시점 정렬,True,data shape applicable; raw wrapper contract checked separately
GHL,series_01,60,normal,LSTM-AD,50000,45000,27000,18000,5000,100,1,1,128,1,False,50,one_multivariate_model,patience=3,1,26900,4900,210,211,20,0,211,39,10550,1,100,test_length-model_input_window_size,True,True,True,0,0,0,fixed_for_pretraining_audit,window and workload settings fixed,"(26900, 100, 19)","[batch, 100, 19]","[1, batch, 19]",not_applicable,not_applicable,not_applicable,manifest order preserved,1-step 예측 오차; source[W:] 정렬,False,data shape applicable; raw wrapper contract checked separately
GHL,series_01,60,normal,USAD,50000,45000,27000,18000,5000,10,1,1,128,0,False,70,one_multivariate_model,none,2,26991,4991,210,211,111,0,422,39,29540,1,5,test_length-model_input_window_size+1,True,True,True,0,0,0,fixed_project_transfer_rule,window and batch_size=128 fixed by project transfer rule,"(26991, 10, 19)","[batch, 10, 19]","3 x [batch, 190]",190,not_applicable,not_applicable,manifest order preserved,window×channel 재구성 오차; 중앙 시점 정렬,False,data shape applicable; raw wrapper contract checked separately
GHL,series_01,60,normal,GDN,50000,45000,27000,18000,5000,5,1,1,32,1,False,50,one_multivariate_model,patience=10,1,26995,4995,843,844,19,0,844,157,42200,1,5,test_length-model_input_window_size,True,True,True,0,0,0,fixed_for_pretraining_audit,window and workload fixed; project topk does not change these counts,"(26995, 5, 19)","[batch, 19, 5]","[batch, 19]",not_applicable,19,5,manifest order preserved,1-step 채널별 절대 예측 오차; source[W:] 정렬,False,data shape applicable; raw wrapper contract checked separately
GHL,series_01,80,normal,CI-AE,50000,45000,36000,9000,5000,100,1,1,128,0,True,50,one_model_per_channel,none,1,35901,4901,280,280,128,61,280,39,14000,19,50,test_length-model_input_window_size+1,True,True,True,0,0,0,fixed_for_pretraining_audit,window and workload settings fixed,"(35901, 100, 1)","[batch, 100]","[batch, 100]",100,not_applicable,not_applicable,manifest order preserved,채널별 window 재구성 오차; 중앙 시점 정렬,True,data shape applicable; raw wrapper contract checked separately
GHL,series_01,80,normal,LSTM-AD,50000,45000,36000,9000,5000,100,1,1,128,1,False,50,one_multivariate_model,patience=3,1,35900,4900,280,281,60,0,281,39,14050,1,100,test_length-model_input_window_size,True,True,True,0,0,0,fixed_for_pretraining_audit,window and workload settings fixed,"(35900, 100, 19)","[batch, 100, 19]","[1, batch, 19]",not_applicable,not_applicable,not_applicable,manifest order preserved,1-step 예측 오차; source[W:] 정렬,False,data shape applicable; raw wrapper contract checked separately
GHL,series_01,80,normal,USAD,50000,45000,36000,9000,5000,10,1,1,128,0,False,70,one_multivariate_model,none,2,35991,4991,281,282,23,0,564,39,39480,1,5,test_length-model_input_window_size+1,True,True,True,0,0,0,fixed_project_transfer_rule,window and batch_size=128 fixed by project transfer rule,"(35991, 10, 19)","[batch, 10, 19]","3 x [batch, 190]",190,not_applicable,not_applicable,manifest order preserved,window×channel 재구성 오차; 중앙 시점 정렬,False,data shape applicable; raw wrapper contract checked separately
GHL,series_01,80,normal,GDN,50000,45000,36000,9000,5000,5,1,1,32,1,False,50,one_multivariate_model,patience=10,1,35995,4995,1124,1125,27,0,1125,157,56250,1,5,test_length-model_input_window_size,True,True,True,0,0,0,fixed_for_pretraining_audit,window and workload fixed; project topk does not change these counts,"(35995, 5, 19)","[batch, 19, 5]","[batch, 19]",not_applicable,19,5,manifest order preserved,1-step 채널별 절대 예측 오차; source[W:] 정렬,False,data shape applicable; raw wrapper contract checked separately
GHL,series_01,100,normal,CI-AE,50000,45000,45000,0,5000,100,1,1,128,0,True,50,one_model_per_channel,none,1,44901,4901,350,350,128,101,350,39,17500,19,50,test_length-model_input_window_size+1,True,True,True,0,0,0,fixed_for_pretraining_audit,window and workload settings fixed,"(44901, 100, 1)","[batch, 100]","[batch, 100]",100,not_applicable,not_applicable,manifest order preserved,채널별 window 재구성 오차; 중앙 시점 정렬,True,data shape applicable; raw wrapper contract checked separately
GHL,series_01,100,normal,LSTM-AD,50000,45000,45000,0,5000,100,1,1,128,1,False,50,one_multivariate_model,patience=3,1,44900,4900,350,351,100,0,351,39,17550,1,100,test_length-model_input_window_size,True,True,True,0,0,0,fixed_for_pretraining_audit,window and workload settings fixed,"(44900, 100, 19)","[batch, 100, 19]","[1, batch, 19]",not_applicable,not_applicable,not_applicable,manifest order preserved,1-step 예측 오차; source[W:] 정렬,False,data shape applicable; raw wrapper contract checked separately
GHL,series_01,100,normal,USAD,50000,45000,45000,0,5000,10,1,1,128,0,False,70,one_multivariate_model,none,2,44991,4991,351,352,63,0,704,39,49280,1,5,test_length-model_input_window_size+1,True,True,True,0,0,0,fixed_project_transfer_rule,window and batch_size=128 fixed by project transfer rule,"(44991, 10, 19)","[batch, 10, 19]","3 x [batch, 190]",190,not_applicable,not_applicable,manifest order preserved,window×channel 재구성 오차; 중앙 시점 정렬,False,data shape applicable; raw wrapper contract checked separately
GHL,series_01,100,normal,GDN,50000,45000,45000,0,5000,5,1,1,32,1,False,50,one_multivariate_model,patience=10,1,44995,4995,1406,1407,3,0,1407,157,70350,1,5,test_length-model_input_window_size,True,True,True,0,0,0,fixed_for_pretraining_audit,window and workload fixed; project topk does not change these counts,"(44995, 5, 19)","[batch, 19, 5]","[batch, 19]",not_applicable,19,5,manifest order preserved,1-step 채널별 절대 예측 오차; source[W:] 정렬,False,data shape applicable; raw wrapper contract checked separately
GHL,series_02,5,normal,CI-AE,50000,45000,2250,42750,5000,100,1,1,128,0,True,50,one_model_per_channel,none,1,2151,4901,16,16,128,103,16,39,800,19,50,test_length-model_input_window_size+1,True,True,True,0,0,0,fixed_for_pretraining_audit,window and workload settings fixed,"(2151, 100, 1)","[batch, 100]","[batch, 100]",100,not_applicable,not_applicable,manifest order preserved,채널별 window 재구성 오차; 중앙 시점 정렬,True,data shape applicable; raw wrapper contract checked separately
GHL,series_02,5,normal,LSTM-AD,50000,45000,2250,42750,5000,100,1,1,128,1,False,50,one_multivariate_model,patience=3,1,2150,4900,16,17,102,0,17,39,850,1,100,test_length-model_input_window_size,True,True,True,0,0,0,fixed_for_pretraining_audit,window and workload settings fixed,"(2150, 100, 19)","[batch, 100, 19]","[1, batch, 19]",not_applicable,not_applicable,not_applicable,manifest order preserved,1-step 예측 오차; source[W:] 정렬,False,data shape applicable; raw wrapper contract checked separately
GHL,series_02,5,normal,USAD,50000,45000,2250,42750,5000,10,1,1,128,0,False,70,one_multivariate_model,none,2,2241,4991,17,18,65,0,36,39,2520,1,5,test_length-model_input_window_size+1,True,True,True,0,0,0,fixed_project_transfer_rule,window and batch_size=128 fixed by project transfer rule,"(2241, 10, 19)","[batch, 10, 19]","3 x [batch, 190]",190,not_applicable,not_applicable,manifest order preserved,window×channel 재구성 오차; 중앙 시점 정렬,False,data shape applicable; raw wrapper contract checked separately
GHL,series_02,5,normal,GDN,50000,45000,2250,42750,5000,5,1,1,32,1,False,50,one_multivariate_model,patience=10,1,2245,4995,70,71,5,0,71,157,3550,1,5,test_length-model_input_window_size,True,True,True,0,0,0,fixed_for_pretraining_audit,window and workload fixed; project topk does not change these counts,"(2245, 5, 19)","[batch, 19, 5]","[batch, 19]",not_applicable,19,5,manifest order preserved,1-step 채널별 절대 예측 오차; source[W:] 정렬,False,data shape applicable; raw wrapper contract checked separately
GHL,series_02,10,normal,CI-AE,50000,45000,4500,40500,5000,100,1,1,128,0,True,50,one_model_per_channel,none,1,4401,4901,34,34,128,49,34,39,1700,19,50,test_length-model_input_window_size+1,True,True,True,0,0,0,fixed_for_pretraining_audit,window and workload settings fixed,"(4401, 100, 1)","[batch, 100]","[batch, 100]",100,not_applicable,not_applicable,manifest order preserved,채널별 window 재구성 오차; 중앙 시점 정렬,True,data shape applicable; raw wrapper contract checked separately
GHL,series_02,10,normal,LSTM-AD,50000,45000,4500,40500,5000,100,1,1,128,1,False,50,one_multivariate_model,patience=3,1,4400,4900,34,35,48,0,35,39,1750,1,100,test_length-model_input_window_size,True,True,True,0,0,0,fixed_for_pretraining_audit,window and workload settings fixed,"(4400, 100, 19)","[batch, 100, 19]","[1, batch, 19]",not_applicable,not_applicable,not_applicable,manifest order preserved,1-step 예측 오차; source[W:] 정렬,False,data shape applicable; raw wrapper contract checked separately
GHL,series_02,10,normal,USAD,50000,45000,4500,40500,5000,10,1,1,128,0,False,70,one_multivariate_model,none,2,4491,4991,35,36,11,0,72,39,5040,1,5,test_length-model_input_window_size+1,True,True,True,0,0,0,fixed_project_transfer_rule,window and batch_size=128 fixed by project transfer rule,"(4491, 10, 19)","[batch, 10, 19]","3 x [batch, 190]",190,not_applicable,not_applicable,manifest order preserved,window×channel 재구성 오차; 중앙 시점 정렬,False,data shape applicable; raw wrapper contract checked separately
GHL,series_02,10,normal,GDN,50000,45000,4500,40500,5000,5,1,1,32,1,False,50,one_multivariate_model,patience=10,1,4495,4995,140,141,15,0,141,157,7050,1,5,test_length-model_input_window_size,True,True,True,0,0,0,fixed_for_pretraining_audit,window and workload fixed; project topk does not change these counts,"(4495, 5, 19)","[batch, 19, 5]","[batch, 19]",not_applicable,19,5,manifest order preserved,1-step 채널별 절대 예측 오차; source[W:] 정렬,False,data shape applicable; raw wrapper contract checked separately
GHL,series_02,20,normal,CI-AE,50000,45000,9000,36000,5000,100,1,1,128,0,True,50,one_model_per_channel,none,1,8901,4901,69,69,128,69,69,39,3450,19,50,test_length-model_input_window_size+1,True,True,True,0,0,0,fixed_for_pretraining_audit,window and workload settings fixed,"(8901, 100, 1)","[batch, 100]","[batch, 100]",100,not_applicable,not_applicable,manifest order preserved,채널별 window 재구성 오차; 중앙 시점 정렬,True,data shape applicable; raw wrapper contract checked separately
GHL,series_02,20,normal,LSTM-AD,50000,45000,9000,36000,5000,100,1,1,128,1,False,50,one_multivariate_model,patience=3,1,8900,4900,69,70,68,0,70,39,3500,1,100,test_length-model_input_window_size,True,True,True,0,0,0,fixed_for_pretraining_audit,window and workload settings fixed,"(8900, 100, 19)","[batch, 100, 19]","[1, batch, 19]",not_applicable,not_applicable,not_applicable,manifest order preserved,1-step 예측 오차; source[W:] 정렬,False,data shape applicable; raw wrapper contract checked separately
GHL,series_02,20,normal,USAD,50000,45000,9000,36000,5000,10,1,1,128,0,False,70,one_multivariate_model,none,2,8991,4991,70,71,31,0,142,39,9940,1,5,test_length-model_input_window_size+1,True,True,True,0,0,0,fixed_project_transfer_rule,window and batch_size=128 fixed by project transfer rule,"(8991, 10, 19)","[batch, 10, 19]","3 x [batch, 190]",190,not_applicable,not_applicable,manifest order preserved,window×channel 재구성 오차; 중앙 시점 정렬,False,data shape applicable; raw wrapper contract checked separately
GHL,series_02,20,normal,GDN,50000,45000,9000,36000,5000,5,1,1,32,1,False,50,one_multivariate_model,patience=10,1,8995,4995,281,282,3,0,282,157,14100,1,5,test_length-model_input_window_size,True,True,True,0,0,0,fixed_for_pretraining_audit,window and workload fixed; project topk does not change these counts,"(8995, 5, 19)","[batch, 19, 5]","[batch, 19]",not_applicable,19,5,manifest order preserved,1-step 채널별 절대 예측 오차; source[W:] 정렬,False,data shape applicable; raw wrapper contract checked separately
GHL,series_02,40,normal,CI-AE,50000,45000,18000,27000,5000,100,1,1,128,0,True,50,one_model_per_channel,none,1,17901,4901,139,139,128,109,139,39,6950,19,50,test_length-model_input_window_size+1,True,True,True,0,0,0,fixed_for_pretraining_audit,window and workload settings fixed,"(17901, 100, 1)","[batch, 100]","[batch, 100]",100,not_applicable,not_applicable,manifest order preserved,채널별 window 재구성 오차; 중앙 시점 정렬,True,data shape applicable; raw wrapper contract checked separately
GHL,series_02,40,normal,LSTM-AD,50000,45000,18000,27000,5000,100,1,1,128,1,False,50,one_multivariate_model,patience=3,1,17900,4900,139,140,108,0,140,39,7000,1,100,test_length-model_input_window_size,True,True,True,0,0,0,fixed_for_pretraining_audit,window and workload settings fixed,"(17900, 100, 19)","[batch, 100, 19]","[1, batch, 19]",not_applicable,not_applicable,not_applicable,manifest order preserved,1-step 예측 오차; source[W:] 정렬,False,data shape applicable; raw wrapper contract checked separately
GHL,series_02,40,normal,USAD,50000,45000,18000,27000,5000,10,1,1,128,0,False,70,one_multivariate_model,none,2,17991,4991,140,141,71,0,282,39,19740,1,5,test_length-model_input_window_size+1,True,True,True,0,0,0,fixed_project_transfer_rule,window and batch_size=128 fixed by project transfer rule,"(17991, 10, 19)","[batch, 10, 19]","3 x [batch, 190]",190,not_applicable,not_applicable,manifest order preserved,window×channel 재구성 오차; 중앙 시점 정렬,False,data shape applicable; raw wrapper contract checked separately
GHL,series_02,40,normal,GDN,50000,45000,18000,27000,5000,5,1,1,32,1,False,50,one_multivariate_model,patience=10,1,17995,4995,562,563,11,0,563,157,28150,1,5,test_length-model_input_window_size,True,True,True,0,0,0,fixed_for_pretraining_audit,window and workload fixed; project topk does not change these counts,"(17995, 5, 19)","[batch, 19, 5]","[batch, 19]",not_applicable,19,5,manifest order preserved,1-step 채널별 절대 예측 오차; source[W:] 정렬,False,data shape applicable; raw wrapper contract checked separately
GHL,series_02,60,normal,CI-AE,50000,45000,27000,18000,5000,100,1,1,128,0,True,50,one_model_per_channel,none,1,26901,4901,210,210,128,21,210,39,10500,19,50,test_length-model_input_window_size+1,True,True,True,0,0,0,fixed_for_pretraining_audit,window and workload settings fixed,"(26901, 100, 1)","[batch, 100]","[batch, 100]",100,not_applicable,not_applicable,manifest order preserved,채널별 window 재구성 오차; 중앙 시점 정렬,True,data shape applicable; raw wrapper contract checked separately
GHL,series_02,60,normal,LSTM-AD,50000,45000,27000,18000,5000,100,1,1,128,1,False,50,one_multivariate_model,patience=3,1,26900,4900,210,211,20,0,211,39,10550,1,100,test_length-model_input_window_size,True,True,True,0,0,0,fixed_for_pretraining_audit,window and workload settings fixed,"(26900, 100, 19)","[batch, 100, 19]","[1, batch, 19]",not_applicable,not_applicable,not_applicable,manifest order preserved,1-step 예측 오차; source[W:] 정렬,False,data shape applicable; raw wrapper contract checked separately
GHL,series_02,60,normal,USAD,50000,45000,27000,18000,5000,10,1,1,128,0,False,70,one_multivariate_model,none,2,26991,4991,210,211,111,0,422,39,29540,1,5,test_length-model_input_window_size+1,True,True,True,0,0,0,fixed_project_transfer_rule,window and batch_size=128 fixed by project transfer rule,"(26991, 10, 19)","[batch, 10, 19]","3 x [batch, 190]",190,not_applicable,not_applicable,manifest order preserved,window×channel 재구성 오차; 중앙 시점 정렬,False,data shape applicable; raw wrapper contract checked separately
GHL,series_02,60,normal,GDN,50000,45000,27000,18000,5000,5,1,1,32,1,False,50,one_multivariate_model,patience=10,1,26995,4995,843,844,19,0,844,157,42200,1,5,test_length-model_input_window_size,True,True,True,0,0,0,fixed_for_pretraining_audit,window and workload fixed; project topk does not change these counts,"(26995, 5, 19)","[batch, 19, 5]","[batch, 19]",not_applicable,19,5,manifest order preserved,1-step 채널별 절대 예측 오차; source[W:] 정렬,False,data shape applicable; raw wrapper contract checked separately
GHL,series_02,80,normal,CI-AE,50000,45000,36000,9000,5000,100,1,1,128,0,True,50,one_model_per_channel,none,1,35901,4901,280,280,128,61,280,39,14000,19,50,test_length-model_input_window_size+1,True,True,True,0,0,0,fixed_for_pretraining_audit,window and workload settings fixed,"(35901, 100, 1)","[batch, 100]","[batch, 100]",100,not_applicable,not_applicable,manifest order preserved,채널별 window 재구성 오차; 중앙 시점 정렬,True,data shape applicable; raw wrapper contract checked separately
GHL,series_02,80,normal,LSTM-AD,50000,45000,36000,9000,5000,100,1,1,128,1,False,50,one_multivariate_model,patience=3,1,35900,4900,280,281,60,0,281,39,14050,1,100,test_length-model_input_window_size,True,True,True,0,0,0,fixed_for_pretraining_audit,window and workload settings fixed,"(35900, 100, 19)","[batch, 100, 19]","[1, batch, 19]",not_applicable,not_applicable,not_applicable,manifest order preserved,1-step 예측 오차; source[W:] 정렬,False,data shape applicable; raw wrapper contract checked separately
GHL,series_02,80,normal,USAD,50000,45000,36000,9000,5000,10,1,1,128,0,False,70,one_multivariate_model,none,2,35991,4991,281,282,23,0,564,39,39480,1,5,test_length-model_input_window_size+1,True,True,True,0,0,0,fixed_project_transfer_rule,window and batch_size=128 fixed by project transfer rule,"(35991, 10, 19)","[batch, 10, 19]","3 x [batch, 190]",190,not_applicable,not_applicable,manifest order preserved,window×channel 재구성 오차; 중앙 시점 정렬,False,data shape applicable; raw wrapper contract checked separately
GHL,series_02,80,normal,GDN,50000,45000,36000,9000,5000,5,1,1,32,1,False,50,one_multivariate_model,patience=10,1,35995,4995,1124,1125,27,0,1125,157,56250,1,5,test_length-model_input_window_size,True,True,True,0,0,0,fixed_for_pretraining_audit,window and workload fixed; project topk does not change these counts,"(35995, 5, 19)","[batch, 19, 5]","[batch, 19]",not_applicable,19,5,manifest order preserved,1-step 채널별 절대 예측 오차; source[W:] 정렬,False,data shape applicable; raw wrapper contract checked separately
GHL,series_02,100,normal,CI-AE,50000,45000,45000,0,5000,100,1,1,128,0,True,50,one_model_per_channel,none,1,44901,4901,350,350,128,101,350,39,17500,19,50,test_length-model_input_window_size+1,True,True,True,0,0,0,fixed_for_pretraining_audit,window and workload settings fixed,"(44901, 100, 1)","[batch, 100]","[batch, 100]",100,not_applicable,not_applicable,manifest order preserved,채널별 window 재구성 오차; 중앙 시점 정렬,True,data shape applicable; raw wrapper contract checked separately
GHL,series_02,100,normal,LSTM-AD,50000,45000,45000,0,5000,100,1,1,128,1,False,50,one_multivariate_model,patience=3,1,44900,4900,350,351,100,0,351,39,17550,1,100,test_length-model_input_window_size,True,True,True,0,0,0,fixed_for_pretraining_audit,window and workload settings fixed,"(44900, 100, 19)","[batch, 100, 19]","[1, batch, 19]",not_applicable,not_applicable,not_applicable,manifest order preserved,1-step 예측 오차; source[W:] 정렬,False,data shape applicable; raw wrapper contract checked separately
GHL,series_02,100,normal,USAD,50000,45000,45000,0,5000,10,1,1,128,0,False,70,one_multivariate_model,none,2,44991,4991,351,352,63,0,704,39,49280,1,5,test_length-model_input_window_size+1,True,True,True,0,0,0,fixed_project_transfer_rule,window and batch_size=128 fixed by project transfer rule,"(44991, 10, 19)","[batch, 10, 19]","3 x [batch, 190]",190,not_applicable,not_applicable,manifest order preserved,window×channel 재구성 오차; 중앙 시점 정렬,False,data shape applicable; raw wrapper contract checked separately
GHL,series_02,100,normal,GDN,50000,45000,45000,0,5000,5,1,1,32,1,False,50,one_multivariate_model,patience=10,1,44995,4995,1406,1407,3,0,1407,157,70350,1,5,test_length-model_input_window_size,True,True,True,0,0,0,fixed_for_pretraining_audit,window and workload fixed; project topk does not change these counts,"(44995, 5, 19)","[batch, 19, 5]","[batch, 19]",not_applicable,19,5,manifest order preserved,1-step 채널별 절대 예측 오차; source[W:] 정렬,False,data shape applicable; raw wrapper contract checked separately
GHL,series_03,5,normal,CI-AE,50000,45000,2250,42750,5000,100,1,1,128,0,True,50,one_model_per_channel,none,1,2151,4901,16,16,128,103,16,39,800,19,50,test_length-model_input_window_size+1,True,True,True,0,0,0,fixed_for_pretraining_audit,window and workload settings fixed,"(2151, 100, 1)","[batch, 100]","[batch, 100]",100,not_applicable,not_applicable,manifest order preserved,채널별 window 재구성 오차; 중앙 시점 정렬,True,data shape applicable; raw wrapper contract checked separately
GHL,series_03,5,normal,LSTM-AD,50000,45000,2250,42750,5000,100,1,1,128,1,False,50,one_multivariate_model,patience=3,1,2150,4900,16,17,102,0,17,39,850,1,100,test_length-model_input_window_size,True,True,True,0,0,0,fixed_for_pretraining_audit,window and workload settings fixed,"(2150, 100, 19)","[batch, 100, 19]","[1, batch, 19]",not_applicable,not_applicable,not_applicable,manifest order preserved,1-step 예측 오차; source[W:] 정렬,False,data shape applicable; raw wrapper contract checked separately
GHL,series_03,5,normal,USAD,50000,45000,2250,42750,5000,10,1,1,128,0,False,70,one_multivariate_model,none,2,2241,4991,17,18,65,0,36,39,2520,1,5,test_length-model_input_window_size+1,True,True,True,0,0,0,fixed_project_transfer_rule,window and batch_size=128 fixed by project transfer rule,"(2241, 10, 19)","[batch, 10, 19]","3 x [batch, 190]",190,not_applicable,not_applicable,manifest order preserved,window×channel 재구성 오차; 중앙 시점 정렬,False,data shape applicable; raw wrapper contract checked separately
GHL,series_03,5,normal,GDN,50000,45000,2250,42750,5000,5,1,1,32,1,False,50,one_multivariate_model,patience=10,1,2245,4995,70,71,5,0,71,157,3550,1,5,test_length-model_input_window_size,True,True,True,0,0,0,fixed_for_pretraining_audit,window and workload fixed; project topk does not change these counts,"(2245, 5, 19)","[batch, 19, 5]","[batch, 19]",not_applicable,19,5,manifest order preserved,1-step 채널별 절대 예측 오차; source[W:] 정렬,False,data shape applicable; raw wrapper contract checked separately
GHL,series_03,10,normal,CI-AE,50000,45000,4500,40500,5000,100,1,1,128,0,True,50,one_model_per_channel,none,1,4401,4901,34,34,128,49,34,39,1700,19,50,test_length-model_input_window_size+1,True,True,True,0,0,0,fixed_for_pretraining_audit,window and workload settings fixed,"(4401, 100, 1)","[batch, 100]","[batch, 100]",100,not_applicable,not_applicable,manifest order preserved,채널별 window 재구성 오차; 중앙 시점 정렬,True,data shape applicable; raw wrapper contract checked separately
GHL,series_03,10,normal,LSTM-AD,50000,45000,4500,40500,5000,100,1,1,128,1,False,50,one_multivariate_model,patience=3,1,4400,4900,34,35,48,0,35,39,1750,1,100,test_length-model_input_window_size,True,True,True,0,0,0,fixed_for_pretraining_audit,window and workload settings fixed,"(4400, 100, 19)","[batch, 100, 19]","[1, batch, 19]",not_applicable,not_applicable,not_applicable,manifest order preserved,1-step 예측 오차; source[W:] 정렬,False,data shape applicable; raw wrapper contract checked separately
GHL,series_03,10,normal,USAD,50000,45000,4500,40500,5000,10,1,1,128,0,False,70,one_multivariate_model,none,2,4491,4991,35,36,11,0,72,39,5040,1,5,test_length-model_input_window_size+1,True,True,True,0,0,0,fixed_project_transfer_rule,window and batch_size=128 fixed by project transfer rule,"(4491, 10, 19)","[batch, 10, 19]","3 x [batch, 190]",190,not_applicable,not_applicable,manifest order preserved,window×channel 재구성 오차; 중앙 시점 정렬,False,data shape applicable; raw wrapper contract checked separately
GHL,series_03,10,normal,GDN,50000,45000,4500,40500,5000,5,1,1,32,1,False,50,one_multivariate_model,patience=10,1,4495,4995,140,141,15,0,141,157,7050,1,5,test_length-model_input_window_size,True,True,True,0,0,0,fixed_for_pretraining_audit,window and workload fixed; project topk does not change these counts,"(4495, 5, 19)","[batch, 19, 5]","[batch, 19]",not_applicable,19,5,manifest order preserved,1-step 채널별 절대 예측 오차; source[W:] 정렬,False,data shape applicable; raw wrapper contract checked separately
GHL,series_03,20,normal,CI-AE,50000,45000,9000,36000,5000,100,1,1,128,0,True,50,one_model_per_channel,none,1,8901,4901,69,69,128,69,69,39,3450,19,50,test_length-model_input_window_size+1,True,True,True,0,0,0,fixed_for_pretraining_audit,window and workload settings fixed,"(8901, 100, 1)","[batch, 100]","[batch, 100]",100,not_applicable,not_applicable,manifest order preserved,채널별 window 재구성 오차; 중앙 시점 정렬,True,data shape applicable; raw wrapper contract checked separately
GHL,series_03,20,normal,LSTM-AD,50000,45000,9000,36000,5000,100,1,1,128,1,False,50,one_multivariate_model,patience=3,1,8900,4900,69,70,68,0,70,39,3500,1,100,test_length-model_input_window_size,True,True,True,0,0,0,fixed_for_pretraining_audit,window and workload settings fixed,"(8900, 100, 19)","[batch, 100, 19]","[1, batch, 19]",not_applicable,not_applicable,not_applicable,manifest order preserved,1-step 예측 오차; source[W:] 정렬,False,data shape applicable; raw wrapper contract checked separately
GHL,series_03,20,normal,USAD,50000,45000,9000,36000,5000,10,1,1,128,0,False,70,one_multivariate_model,none,2,8991,4991,70,71,31,0,142,39,9940,1,5,test_length-model_input_window_size+1,True,True,True,0,0,0,fixed_project_transfer_rule,window and batch_size=128 fixed by project transfer rule,"(8991, 10, 19)","[batch, 10, 19]","3 x [batch, 190]",190,not_applicable,not_applicable,manifest order preserved,window×channel 재구성 오차; 중앙 시점 정렬,False,data shape applicable; raw wrapper contract checked separately
GHL,series_03,20,normal,GDN,50000,45000,9000,36000,5000,5,1,1,32,1,False,50,one_multivariate_model,patience=10,1,8995,4995,281,282,3,0,282,157,14100,1,5,test_length-model_input_window_size,True,True,True,0,0,0,fixed_for_pretraining_audit,window and workload fixed; project topk does not change these counts,"(8995, 5, 19)","[batch, 19, 5]","[batch, 19]",not_applicable,19,5,manifest order preserved,1-step 채널별 절대 예측 오차; source[W:] 정렬,False,data shape applicable; raw wrapper contract checked separately
GHL,series_03,40,normal,CI-AE,50000,45000,18000,27000,5000,100,1,1,128,0,True,50,one_model_per_channel,none,1,17901,4901,139,139,128,109,139,39,6950,19,50,test_length-model_input_window_size+1,True,True,True,0,0,0,fixed_for_pretraining_audit,window and workload settings fixed,"(17901, 100, 1)","[batch, 100]","[batch, 100]",100,not_applicable,not_applicable,manifest order preserved,채널별 window 재구성 오차; 중앙 시점 정렬,True,data shape applicable; raw wrapper contract checked separately
GHL,series_03,40,normal,LSTM-AD,50000,45000,18000,27000,5000,100,1,1,128,1,False,50,one_multivariate_model,patience=3,1,17900,4900,139,140,108,0,140,39,7000,1,100,test_length-model_input_window_size,True,True,True,0,0,0,fixed_for_pretraining_audit,window and workload settings fixed,"(17900, 100, 19)","[batch, 100, 19]","[1, batch, 19]",not_applicable,not_applicable,not_applicable,manifest order preserved,1-step 예측 오차; source[W:] 정렬,False,data shape applicable; raw wrapper contract checked separately
GHL,series_03,40,normal,USAD,50000,45000,18000,27000,5000,10,1,1,128,0,False,70,one_multivariate_model,none,2,17991,4991,140,141,71,0,282,39,19740,1,5,test_length-model_input_window_size+1,True,True,True,0,0,0,fixed_project_transfer_rule,window and batch_size=128 fixed by project transfer rule,"(17991, 10, 19)","[batch, 10, 19]","3 x [batch, 190]",190,not_applicable,not_applicable,manifest order preserved,window×channel 재구성 오차; 중앙 시점 정렬,False,data shape applicable; raw wrapper contract checked separately
GHL,series_03,40,normal,GDN,50000,45000,18000,27000,5000,5,1,1,32,1,False,50,one_multivariate_model,patience=10,1,17995,4995,562,563,11,0,563,157,28150,1,5,test_length-model_input_window_size,True,True,True,0,0,0,fixed_for_pretraining_audit,window and workload fixed; project topk does not change these counts,"(17995, 5, 19)","[batch, 19, 5]","[batch, 19]",not_applicable,19,5,manifest order preserved,1-step 채널별 절대 예측 오차; source[W:] 정렬,False,data shape applicable; raw wrapper contract checked separately
GHL,series_03,60,normal,CI-AE,50000,45000,27000,18000,5000,100,1,1,128,0,True,50,one_model_per_channel,none,1,26901,4901,210,210,128,21,210,39,10500,19,50,test_length-model_input_window_size+1,True,True,True,0,0,0,fixed_for_pretraining_audit,window and workload settings fixed,"(26901, 100, 1)","[batch, 100]","[batch, 100]",100,not_applicable,not_applicable,manifest order preserved,채널별 window 재구성 오차; 중앙 시점 정렬,True,data shape applicable; raw wrapper contract checked separately
GHL,series_03,60,normal,LSTM-AD,50000,45000,27000,18000,5000,100,1,1,128,1,False,50,one_multivariate_model,patience=3,1,26900,4900,210,211,20,0,211,39,10550,1,100,test_length-model_input_window_size,True,True,True,0,0,0,fixed_for_pretraining_audit,window and workload settings fixed,"(26900, 100, 19)","[batch, 100, 19]","[1, batch, 19]",not_applicable,not_applicable,not_applicable,manifest order preserved,1-step 예측 오차; source[W:] 정렬,False,data shape applicable; raw wrapper contract checked separately
GHL,series_03,60,normal,USAD,50000,45000,27000,18000,5000,10,1,1,128,0,False,70,one_multivariate_model,none,2,26991,4991,210,211,111,0,422,39,29540,1,5,test_length-model_input_window_size+1,True,True,True,0,0,0,fixed_project_transfer_rule,window and batch_size=128 fixed by project transfer rule,"(26991, 10, 19)","[batch, 10, 19]","3 x [batch, 190]",190,not_applicable,not_applicable,manifest order preserved,window×channel 재구성 오차; 중앙 시점 정렬,False,data shape applicable; raw wrapper contract checked separately
GHL,series_03,60,normal,GDN,50000,45000,27000,18000,5000,5,1,1,32,1,False,50,one_multivariate_model,patience=10,1,26995,4995,843,844,19,0,844,157,42200,1,5,test_length-model_input_window_size,True,True,True,0,0,0,fixed_for_pretraining_audit,window and workload fixed; project topk does not change these counts,"(26995, 5, 19)","[batch, 19, 5]","[batch, 19]",not_applicable,19,5,manifest order preserved,1-step 채널별 절대 예측 오차; source[W:] 정렬,False,data shape applicable; raw wrapper contract checked separately
GHL,series_03,80,normal,CI-AE,50000,45000,36000,9000,5000,100,1,1,128,0,True,50,one_model_per_channel,none,1,35901,4901,280,280,128,61,280,39,14000,19,50,test_length-model_input_window_size+1,True,True,True,0,0,0,fixed_for_pretraining_audit,window and workload settings fixed,"(35901, 100, 1)","[batch, 100]","[batch, 100]",100,not_applicable,not_applicable,manifest order preserved,채널별 window 재구성 오차; 중앙 시점 정렬,True,data shape applicable; raw wrapper contract checked separately
GHL,series_03,80,normal,LSTM-AD,50000,45000,36000,9000,5000,100,1,1,128,1,False,50,one_multivariate_model,patience=3,1,35900,4900,280,281,60,0,281,39,14050,1,100,test_length-model_input_window_size,True,True,True,0,0,0,fixed_for_pretraining_audit,window and workload settings fixed,"(35900, 100, 19)","[batch, 100, 19]","[1, batch, 19]",not_applicable,not_applicable,not_applicable,manifest order preserved,1-step 예측 오차; source[W:] 정렬,False,data shape applicable; raw wrapper contract checked separately
GHL,series_03,80,normal,USAD,50000,45000,36000,9000,5000,10,1,1,128,0,False,70,one_multivariate_model,none,2,35991,4991,281,282,23,0,564,39,39480,1,5,test_length-model_input_window_size+1,True,True,True,0,0,0,fixed_project_transfer_rule,window and batch_size=128 fixed by project transfer rule,"(35991, 10, 19)","[batch, 10, 19]","3 x [batch, 190]",190,not_applicable,not_applicable,manifest order preserved,window×channel 재구성 오차; 중앙 시점 정렬,False,data shape applicable; raw wrapper contract checked separately
GHL,series_03,80,normal,GDN,50000,45000,36000,9000,5000,5,1,1,32,1,False,50,one_multivariate_model,patience=10,1,35995,4995,1124,1125,27,0,1125,157,56250,1,5,test_length-model_input_window_size,True,True,True,0,0,0,fixed_for_pretraining_audit,window and workload fixed; project topk does not change these counts,"(35995, 5, 19)","[batch, 19, 5]","[batch, 19]",not_applicable,19,5,manifest order preserved,1-step 채널별 절대 예측 오차; source[W:] 정렬,False,data shape applicable; raw wrapper contract checked separately
GHL,series_03,100,normal,CI-AE,50000,45000,45000,0,5000,100,1,1,128,0,True,50,one_model_per_channel,none,1,44901,4901,350,350,128,101,350,39,17500,19,50,test_length-model_input_window_size+1,True,True,True,0,0,0,fixed_for_pretraining_audit,window and workload settings fixed,"(44901, 100, 1)","[batch, 100]","[batch, 100]",100,not_applicable,not_applicable,manifest order preserved,채널별 window 재구성 오차; 중앙 시점 정렬,True,data shape applicable; raw wrapper contract checked separately
GHL,series_03,100,normal,LSTM-AD,50000,45000,45000,0,5000,100,1,1,128,1,False,50,one_multivariate_model,patience=3,1,44900,4900,350,351,100,0,351,39,17550,1,100,test_length-model_input_window_size,True,True,True,0,0,0,fixed_for_pretraining_audit,window and workload settings fixed,"(44900, 100, 19)","[batch, 100, 19]","[1, batch, 19]",not_applicable,not_applicable,not_applicable,manifest order preserved,1-step 예측 오차; source[W:] 정렬,False,data shape applicable; raw wrapper contract checked separately
GHL,series_03,100,normal,USAD,50000,45000,45000,0,5000,10,1,1,128,0,False,70,one_multivariate_model,none,2,44991,4991,351,352,63,0,704,39,49280,1,5,test_length-model_input_window_size+1,True,True,True,0,0,0,fixed_project_transfer_rule,window and batch_size=128 fixed by project transfer rule,"(44991, 10, 19)","[batch, 10, 19]","3 x [batch, 190]",190,not_applicable,not_applicable,manifest order preserved,window×channel 재구성 오차; 중앙 시점 정렬,False,data shape applicable; raw wrapper contract checked separately
GHL,series_03,100,normal,GDN,50000,45000,45000,0,5000,5,1,1,32,1,False,50,one_multivariate_model,patience=10,1,44995,4995,1406,1407,3,0,1407,157,70350,1,5,test_length-model_input_window_size,True,True,True,0,0,0,fixed_for_pretraining_audit,window and workload fixed; project topk does not change these counts,"(44995, 5, 19)","[batch, 19, 5]","[batch, 19]",not_applicable,19,5,manifest order preserved,1-step 채널별 절대 예측 오차; source[W:] 정렬,False,data shape applicable; raw wrapper contract checked separately
GHL,series_04,5,normal,CI-AE,50000,45000,2250,42750,5000,100,1,1,128,0,True,50,one_model_per_channel,none,1,2151,4901,16,16,128,103,16,39,800,19,50,test_length-model_input_window_size+1,True,True,True,0,0,0,fixed_for_pretraining_audit,window and workload settings fixed,"(2151, 100, 1)","[batch, 100]","[batch, 100]",100,not_applicable,not_applicable,manifest order preserved,채널별 window 재구성 오차; 중앙 시점 정렬,True,data shape applicable; raw wrapper contract checked separately
GHL,series_04,5,normal,LSTM-AD,50000,45000,2250,42750,5000,100,1,1,128,1,False,50,one_multivariate_model,patience=3,1,2150,4900,16,17,102,0,17,39,850,1,100,test_length-model_input_window_size,True,True,True,0,0,0,fixed_for_pretraining_audit,window and workload settings fixed,"(2150, 100, 19)","[batch, 100, 19]","[1, batch, 19]",not_applicable,not_applicable,not_applicable,manifest order preserved,1-step 예측 오차; source[W:] 정렬,False,data shape applicable; raw wrapper contract checked separately
GHL,series_04,5,normal,USAD,50000,45000,2250,42750,5000,10,1,1,128,0,False,70,one_multivariate_model,none,2,2241,4991,17,18,65,0,36,39,2520,1,5,test_length-model_input_window_size+1,True,True,True,0,0,0,fixed_project_transfer_rule,window and batch_size=128 fixed by project transfer rule,"(2241, 10, 19)","[batch, 10, 19]","3 x [batch, 190]",190,not_applicable,not_applicable,manifest order preserved,window×channel 재구성 오차; 중앙 시점 정렬,False,data shape applicable; raw wrapper contract checked separately
GHL,series_04,5,normal,GDN,50000,45000,2250,42750,5000,5,1,1,32,1,False,50,one_multivariate_model,patience=10,1,2245,4995,70,71,5,0,71,157,3550,1,5,test_length-model_input_window_size,True,True,True,0,0,0,fixed_for_pretraining_audit,window and workload fixed; project topk does not change these counts,"(2245, 5, 19)","[batch, 19, 5]","[batch, 19]",not_applicable,19,5,manifest order preserved,1-step 채널별 절대 예측 오차; source[W:] 정렬,False,data shape applicable; raw wrapper contract checked separately
GHL,series_04,10,normal,CI-AE,50000,45000,4500,40500,5000,100,1,1,128,0,True,50,one_model_per_channel,none,1,4401,4901,34,34,128,49,34,39,1700,19,50,test_length-model_input_window_size+1,True,True,True,0,0,0,fixed_for_pretraining_audit,window and workload settings fixed,"(4401, 100, 1)","[batch, 100]","[batch, 100]",100,not_applicable,not_applicable,manifest order preserved,채널별 window 재구성 오차; 중앙 시점 정렬,True,data shape applicable; raw wrapper contract checked separately
GHL,series_04,10,normal,LSTM-AD,50000,45000,4500,40500,5000,100,1,1,128,1,False,50,one_multivariate_model,patience=3,1,4400,4900,34,35,48,0,35,39,1750,1,100,test_length-model_input_window_size,True,True,True,0,0,0,fixed_for_pretraining_audit,window and workload settings fixed,"(4400, 100, 19)","[batch, 100, 19]","[1, batch, 19]",not_applicable,not_applicable,not_applicable,manifest order preserved,1-step 예측 오차; source[W:] 정렬,False,data shape applicable; raw wrapper contract checked separately
GHL,series_04,10,normal,USAD,50000,45000,4500,40500,5000,10,1,1,128,0,False,70,one_multivariate_model,none,2,4491,4991,35,36,11,0,72,39,5040,1,5,test_length-model_input_window_size+1,True,True,True,0,0,0,fixed_project_transfer_rule,window and batch_size=128 fixed by project transfer rule,"(4491, 10, 19)","[batch, 10, 19]","3 x [batch, 190]",190,not_applicable,not_applicable,manifest order preserved,window×channel 재구성 오차; 중앙 시점 정렬,False,data shape applicable; raw wrapper contract checked separately
GHL,series_04,10,normal,GDN,50000,45000,4500,40500,5000,5,1,1,32,1,False,50,one_multivariate_model,patience=10,1,4495,4995,140,141,15,0,141,157,7050,1,5,test_length-model_input_window_size,True,True,True,0,0,0,fixed_for_pretraining_audit,window and workload fixed; project topk does not change these counts,"(4495, 5, 19)","[batch, 19, 5]","[batch, 19]",not_applicable,19,5,manifest order preserved,1-step 채널별 절대 예측 오차; source[W:] 정렬,False,data shape applicable; raw wrapper contract checked separately
GHL,series_04,20,normal,CI-AE,50000,45000,9000,36000,5000,100,1,1,128,0,True,50,one_model_per_channel,none,1,8901,4901,69,69,128,69,69,39,3450,19,50,test_length-model_input_window_size+1,True,True,True,0,0,0,fixed_for_pretraining_audit,window and workload settings fixed,"(8901, 100, 1)","[batch, 100]","[batch, 100]",100,not_applicable,not_applicable,manifest order preserved,채널별 window 재구성 오차; 중앙 시점 정렬,True,data shape applicable; raw wrapper contract checked separately
GHL,series_04,20,normal,LSTM-AD,50000,45000,9000,36000,5000,100,1,1,128,1,False,50,one_multivariate_model,patience=3,1,8900,4900,69,70,68,0,70,39,3500,1,100,test_length-model_input_window_size,True,True,True,0,0,0,fixed_for_pretraining_audit,window and workload settings fixed,"(8900, 100, 19)","[batch, 100, 19]","[1, batch, 19]",not_applicable,not_applicable,not_applicable,manifest order preserved,1-step 예측 오차; source[W:] 정렬,False,data shape applicable; raw wrapper contract checked separately
GHL,series_04,20,normal,USAD,50000,45000,9000,36000,5000,10,1,1,128,0,False,70,one_multivariate_model,none,2,8991,4991,70,71,31,0,142,39,9940,1,5,test_length-model_input_window_size+1,True,True,True,0,0,0,fixed_project_transfer_rule,window and batch_size=128 fixed by project transfer rule,"(8991, 10, 19)","[batch, 10, 19]","3 x [batch, 190]",190,not_applicable,not_applicable,manifest order preserved,window×channel 재구성 오차; 중앙 시점 정렬,False,data shape applicable; raw wrapper contract checked separately
GHL,series_04,20,normal,GDN,50000,45000,9000,36000,5000,5,1,1,32,1,False,50,one_multivariate_model,patience=10,1,8995,4995,281,282,3,0,282,157,14100,1,5,test_length-model_input_window_size,True,True,True,0,0,0,fixed_for_pretraining_audit,window and workload fixed; project topk does not change these counts,"(8995, 5, 19)","[batch, 19, 5]","[batch, 19]",not_applicable,19,5,manifest order preserved,1-step 채널별 절대 예측 오차; source[W:] 정렬,False,data shape applicable; raw wrapper contract checked separately
GHL,series_04,40,normal,CI-AE,50000,45000,18000,27000,5000,100,1,1,128,0,True,50,one_model_per_channel,none,1,17901,4901,139,139,128,109,139,39,6950,19,50,test_length-model_input_window_size+1,True,True,True,0,0,0,fixed_for_pretraining_audit,window and workload settings fixed,"(17901, 100, 1)","[batch, 100]","[batch, 100]",100,not_applicable,not_applicable,manifest order preserved,채널별 window 재구성 오차; 중앙 시점 정렬,True,data shape applicable; raw wrapper contract checked separately
GHL,series_04,40,normal,LSTM-AD,50000,45000,18000,27000,5000,100,1,1,128,1,False,50,one_multivariate_model,patience=3,1,17900,4900,139,140,108,0,140,39,7000,1,100,test_length-model_input_window_size,True,True,True,0,0,0,fixed_for_pretraining_audit,window and workload settings fixed,"(17900, 100, 19)","[batch, 100, 19]","[1, batch, 19]",not_applicable,not_applicable,not_applicable,manifest order preserved,1-step 예측 오차; source[W:] 정렬,False,data shape applicable; raw wrapper contract checked separately
GHL,series_04,40,normal,USAD,50000,45000,18000,27000,5000,10,1,1,128,0,False,70,one_multivariate_model,none,2,17991,4991,140,141,71,0,282,39,19740,1,5,test_length-model_input_window_size+1,True,True,True,0,0,0,fixed_project_transfer_rule,window and batch_size=128 fixed by project transfer rule,"(17991, 10, 19)","[batch, 10, 19]","3 x [batch, 190]",190,not_applicable,not_applicable,manifest order preserved,window×channel 재구성 오차; 중앙 시점 정렬,False,data shape applicable; raw wrapper contract checked separately
GHL,series_04,40,normal,GDN,50000,45000,18000,27000,5000,5,1,1,32,1,False,50,one_multivariate_model,patience=10,1,17995,4995,562,563,11,0,563,157,28150,1,5,test_length-model_input_window_size,True,True,True,0,0,0,fixed_for_pretraining_audit,window and workload fixed; project topk does not change these counts,"(17995, 5, 19)","[batch, 19, 5]","[batch, 19]",not_applicable,19,5,manifest order preserved,1-step 채널별 절대 예측 오차; source[W:] 정렬,False,data shape applicable; raw wrapper contract checked separately
GHL,series_04,60,normal,CI-AE,50000,45000,27000,18000,5000,100,1,1,128,0,True,50,one_model_per_channel,none,1,26901,4901,210,210,128,21,210,39,10500,19,50,test_length-model_input_window_size+1,True,True,True,0,0,0,fixed_for_pretraining_audit,window and workload settings fixed,"(26901, 100, 1)","[batch, 100]","[batch, 100]",100,not_applicable,not_applicable,manifest order preserved,채널별 window 재구성 오차; 중앙 시점 정렬,True,data shape applicable; raw wrapper contract checked separately
GHL,series_04,60,normal,LSTM-AD,50000,45000,27000,18000,5000,100,1,1,128,1,False,50,one_multivariate_model,patience=3,1,26900,4900,210,211,20,0,211,39,10550,1,100,test_length-model_input_window_size,True,True,True,0,0,0,fixed_for_pretraining_audit,window and workload settings fixed,"(26900, 100, 19)","[batch, 100, 19]","[1, batch, 19]",not_applicable,not_applicable,not_applicable,manifest order preserved,1-step 예측 오차; source[W:] 정렬,False,data shape applicable; raw wrapper contract checked separately
GHL,series_04,60,normal,USAD,50000,45000,27000,18000,5000,10,1,1,128,0,False,70,one_multivariate_model,none,2,26991,4991,210,211,111,0,422,39,29540,1,5,test_length-model_input_window_size+1,True,True,True,0,0,0,fixed_project_transfer_rule,window and batch_size=128 fixed by project transfer rule,"(26991, 10, 19)","[batch, 10, 19]","3 x [batch, 190]",190,not_applicable,not_applicable,manifest order preserved,window×channel 재구성 오차; 중앙 시점 정렬,False,data shape applicable; raw wrapper contract checked separately
GHL,series_04,60,normal,GDN,50000,45000,27000,18000,5000,5,1,1,32,1,False,50,one_multivariate_model,patience=10,1,26995,4995,843,844,19,0,844,157,42200,1,5,test_length-model_input_window_size,True,True,True,0,0,0,fixed_for_pretraining_audit,window and workload fixed; project topk does not change these counts,"(26995, 5, 19)","[batch, 19, 5]","[batch, 19]",not_applicable,19,5,manifest order preserved,1-step 채널별 절대 예측 오차; source[W:] 정렬,False,data shape applicable; raw wrapper contract checked separately
GHL,series_04,80,normal,CI-AE,50000,45000,36000,9000,5000,100,1,1,128,0,True,50,one_model_per_channel,none,1,35901,4901,280,280,128,61,280,39,14000,19,50,test_length-model_input_window_size+1,True,True,True,0,0,0,fixed_for_pretraining_audit,window and workload settings fixed,"(35901, 100, 1)","[batch, 100]","[batch, 100]",100,not_applicable,not_applicable,manifest order preserved,채널별 window 재구성 오차; 중앙 시점 정렬,True,data shape applicable; raw wrapper contract checked separately
GHL,series_04,80,normal,LSTM-AD,50000,45000,36000,9000,5000,100,1,1,128,1,False,50,one_multivariate_model,patience=3,1,35900,4900,280,281,60,0,281,39,14050,1,100,test_length-model_input_window_size,True,True,True,0,0,0,fixed_for_pretraining_audit,window and workload settings fixed,"(35900, 100, 19)","[batch, 100, 19]","[1, batch, 19]",not_applicable,not_applicable,not_applicable,manifest order preserved,1-step 예측 오차; source[W:] 정렬,False,data shape applicable; raw wrapper contract checked separately
GHL,series_04,80,normal,USAD,50000,45000,36000,9000,5000,10,1,1,128,0,False,70,one_multivariate_model,none,2,35991,4991,281,282,23,0,564,39,39480,1,5,test_length-model_input_window_size+1,True,True,True,0,0,0,fixed_project_transfer_rule,window and batch_size=128 fixed by project transfer rule,"(35991, 10, 19)","[batch, 10, 19]","3 x [batch, 190]",190,not_applicable,not_applicable,manifest order preserved,window×channel 재구성 오차; 중앙 시점 정렬,False,data shape applicable; raw wrapper contract checked separately
GHL,series_04,80,normal,GDN,50000,45000,36000,9000,5000,5,1,1,32,1,False,50,one_multivariate_model,patience=10,1,35995,4995,1124,1125,27,0,1125,157,56250,1,5,test_length-model_input_window_size,True,True,True,0,0,0,fixed_for_pretraining_audit,window and workload fixed; project topk does not change these counts,"(35995, 5, 19)","[batch, 19, 5]","[batch, 19]",not_applicable,19,5,manifest order preserved,1-step 채널별 절대 예측 오차; source[W:] 정렬,False,data shape applicable; raw wrapper contract checked separately
GHL,series_04,100,normal,CI-AE,50000,45000,45000,0,5000,100,1,1,128,0,True,50,one_model_per_channel,none,1,44901,4901,350,350,128,101,350,39,17500,19,50,test_length-model_input_window_size+1,True,True,True,0,0,0,fixed_for_pretraining_audit,window and workload settings fixed,"(44901, 100, 1)","[batch, 100]","[batch, 100]",100,not_applicable,not_applicable,manifest order preserved,채널별 window 재구성 오차; 중앙 시점 정렬,True,data shape applicable; raw wrapper contract checked separately
GHL,series_04,100,normal,LSTM-AD,50000,45000,45000,0,5000,100,1,1,128,1,False,50,one_multivariate_model,patience=3,1,44900,4900,350,351,100,0,351,39,17550,1,100,test_length-model_input_window_size,True,True,True,0,0,0,fixed_for_pretraining_audit,window and workload settings fixed,"(44900, 100, 19)","[batch, 100, 19]","[1, batch, 19]",not_applicable,not_applicable,not_applicable,manifest order preserved,1-step 예측 오차; source[W:] 정렬,False,data shape applicable; raw wrapper contract checked separately
GHL,series_04,100,normal,USAD,50000,45000,45000,0,5000,10,1,1,128,0,False,70,one_multivariate_model,none,2,44991,4991,351,352,63,0,704,39,49280,1,5,test_length-model_input_window_size+1,True,True,True,0,0,0,fixed_project_transfer_rule,window and batch_size=128 fixed by project transfer rule,"(44991, 10, 19)","[batch, 10, 19]","3 x [batch, 190]",190,not_applicable,not_applicable,manifest order preserved,window×channel 재구성 오차; 중앙 시점 정렬,False,data shape applicable; raw wrapper contract checked separately
GHL,series_04,100,normal,GDN,50000,45000,45000,0,5000,5,1,1,32,1,False,50,one_multivariate_model,patience=10,1,44995,4995,1406,1407,3,0,1407,157,70350,1,5,test_length-model_input_window_size,True,True,True,0,0,0,fixed_for_pretraining_audit,window and workload fixed; project topk does not change these counts,"(44995, 5, 19)","[batch, 19, 5]","[batch, 19]",not_applicable,19,5,manifest order preserved,1-step 채널별 절대 예측 오차; source[W:] 정렬,False,data shape applicable; raw wrapper contract checked separately
GHL,series_05,5,normal,CI-AE,50000,45000,2250,42750,5000,100,1,1,128,0,True,50,one_model_per_channel,none,1,2151,4901,16,16,128,103,16,39,800,19,50,test_length-model_input_window_size+1,True,True,True,0,0,0,fixed_for_pretraining_audit,window and workload settings fixed,"(2151, 100, 1)","[batch, 100]","[batch, 100]",100,not_applicable,not_applicable,manifest order preserved,채널별 window 재구성 오차; 중앙 시점 정렬,True,data shape applicable; raw wrapper contract checked separately
GHL,series_05,5,normal,LSTM-AD,50000,45000,2250,42750,5000,100,1,1,128,1,False,50,one_multivariate_model,patience=3,1,2150,4900,16,17,102,0,17,39,850,1,100,test_length-model_input_window_size,True,True,True,0,0,0,fixed_for_pretraining_audit,window and workload settings fixed,"(2150, 100, 19)","[batch, 100, 19]","[1, batch, 19]",not_applicable,not_applicable,not_applicable,manifest order preserved,1-step 예측 오차; source[W:] 정렬,False,data shape applicable; raw wrapper contract checked separately
GHL,series_05,5,normal,USAD,50000,45000,2250,42750,5000,10,1,1,128,0,False,70,one_multivariate_model,none,2,2241,4991,17,18,65,0,36,39,2520,1,5,test_length-model_input_window_size+1,True,True,True,0,0,0,fixed_project_transfer_rule,window and batch_size=128 fixed by project transfer rule,"(2241, 10, 19)","[batch, 10, 19]","3 x [batch, 190]",190,not_applicable,not_applicable,manifest order preserved,window×channel 재구성 오차; 중앙 시점 정렬,False,data shape applicable; raw wrapper contract checked separately
GHL,series_05,5,normal,GDN,50000,45000,2250,42750,5000,5,1,1,32,1,False,50,one_multivariate_model,patience=10,1,2245,4995,70,71,5,0,71,157,3550,1,5,test_length-model_input_window_size,True,True,True,0,0,0,fixed_for_pretraining_audit,window and workload fixed; project topk does not change these counts,"(2245, 5, 19)","[batch, 19, 5]","[batch, 19]",not_applicable,19,5,manifest order preserved,1-step 채널별 절대 예측 오차; source[W:] 정렬,False,data shape applicable; raw wrapper contract checked separately
GHL,series_05,10,normal,CI-AE,50000,45000,4500,40500,5000,100,1,1,128,0,True,50,one_model_per_channel,none,1,4401,4901,34,34,128,49,34,39,1700,19,50,test_length-model_input_window_size+1,True,True,True,0,0,0,fixed_for_pretraining_audit,window and workload settings fixed,"(4401, 100, 1)","[batch, 100]","[batch, 100]",100,not_applicable,not_applicable,manifest order preserved,채널별 window 재구성 오차; 중앙 시점 정렬,True,data shape applicable; raw wrapper contract checked separately
GHL,series_05,10,normal,LSTM-AD,50000,45000,4500,40500,5000,100,1,1,128,1,False,50,one_multivariate_model,patience=3,1,4400,4900,34,35,48,0,35,39,1750,1,100,test_length-model_input_window_size,True,True,True,0,0,0,fixed_for_pretraining_audit,window and workload settings fixed,"(4400, 100, 19)","[batch, 100, 19]","[1, batch, 19]",not_applicable,not_applicable,not_applicable,manifest order preserved,1-step 예측 오차; source[W:] 정렬,False,data shape applicable; raw wrapper contract checked separately
GHL,series_05,10,normal,USAD,50000,45000,4500,40500,5000,10,1,1,128,0,False,70,one_multivariate_model,none,2,4491,4991,35,36,11,0,72,39,5040,1,5,test_length-model_input_window_size+1,True,True,True,0,0,0,fixed_project_transfer_rule,window and batch_size=128 fixed by project transfer rule,"(4491, 10, 19)","[batch, 10, 19]","3 x [batch, 190]",190,not_applicable,not_applicable,manifest order preserved,window×channel 재구성 오차; 중앙 시점 정렬,False,data shape applicable; raw wrapper contract checked separately
GHL,series_05,10,normal,GDN,50000,45000,4500,40500,5000,5,1,1,32,1,False,50,one_multivariate_model,patience=10,1,4495,4995,140,141,15,0,141,157,7050,1,5,test_length-model_input_window_size,True,True,True,0,0,0,fixed_for_pretraining_audit,window and workload fixed; project topk does not change these counts,"(4495, 5, 19)","[batch, 19, 5]","[batch, 19]",not_applicable,19,5,manifest order preserved,1-step 채널별 절대 예측 오차; source[W:] 정렬,False,data shape applicable; raw wrapper contract checked separately
GHL,series_05,20,normal,CI-AE,50000,45000,9000,36000,5000,100,1,1,128,0,True,50,one_model_per_channel,none,1,8901,4901,69,69,128,69,69,39,3450,19,50,test_length-model_input_window_size+1,True,True,True,0,0,0,fixed_for_pretraining_audit,window and workload settings fixed,"(8901, 100, 1)","[batch, 100]","[batch, 100]",100,not_applicable,not_applicable,manifest order preserved,채널별 window 재구성 오차; 중앙 시점 정렬,True,data shape applicable; raw wrapper contract checked separately
GHL,series_05,20,normal,LSTM-AD,50000,45000,9000,36000,5000,100,1,1,128,1,False,50,one_multivariate_model,patience=3,1,8900,4900,69,70,68,0,70,39,3500,1,100,test_length-model_input_window_size,True,True,True,0,0,0,fixed_for_pretraining_audit,window and workload settings fixed,"(8900, 100, 19)","[batch, 100, 19]","[1, batch, 19]",not_applicable,not_applicable,not_applicable,manifest order preserved,1-step 예측 오차; source[W:] 정렬,False,data shape applicable; raw wrapper contract checked separately
GHL,series_05,20,normal,USAD,50000,45000,9000,36000,5000,10,1,1,128,0,False,70,one_multivariate_model,none,2,8991,4991,70,71,31,0,142,39,9940,1,5,test_length-model_input_window_size+1,True,True,True,0,0,0,fixed_project_transfer_rule,window and batch_size=128 fixed by project transfer rule,"(8991, 10, 19)","[batch, 10, 19]","3 x [batch, 190]",190,not_applicable,not_applicable,manifest order preserved,window×channel 재구성 오차; 중앙 시점 정렬,False,data shape applicable; raw wrapper contract checked separately
GHL,series_05,20,normal,GDN,50000,45000,9000,36000,5000,5,1,1,32,1,False,50,one_multivariate_model,patience=10,1,8995,4995,281,282,3,0,282,157,14100,1,5,test_length-model_input_window_size,True,True,True,0,0,0,fixed_for_pretraining_audit,window and workload fixed; project topk does not change these counts,"(8995, 5, 19)","[batch, 19, 5]","[batch, 19]",not_applicable,19,5,manifest order preserved,1-step 채널별 절대 예측 오차; source[W:] 정렬,False,data shape applicable; raw wrapper contract checked separately
GHL,series_05,40,normal,CI-AE,50000,45000,18000,27000,5000,100,1,1,128,0,True,50,one_model_per_channel,none,1,17901,4901,139,139,128,109,139,39,6950,19,50,test_length-model_input_window_size+1,True,True,True,0,0,0,fixed_for_pretraining_audit,window and workload settings fixed,"(17901, 100, 1)","[batch, 100]","[batch, 100]",100,not_applicable,not_applicable,manifest order preserved,채널별 window 재구성 오차; 중앙 시점 정렬,True,data shape applicable; raw wrapper contract checked separately
GHL,series_05,40,normal,LSTM-AD,50000,45000,18000,27000,5000,100,1,1,128,1,False,50,one_multivariate_model,patience=3,1,17900,4900,139,140,108,0,140,39,7000,1,100,test_length-model_input_window_size,True,True,True,0,0,0,fixed_for_pretraining_audit,window and workload settings fixed,"(17900, 100, 19)","[batch, 100, 19]","[1, batch, 19]",not_applicable,not_applicable,not_applicable,manifest order preserved,1-step 예측 오차; source[W:] 정렬,False,data shape applicable; raw wrapper contract checked separately
GHL,series_05,40,normal,USAD,50000,45000,18000,27000,5000,10,1,1,128,0,False,70,one_multivariate_model,none,2,17991,4991,140,141,71,0,282,39,19740,1,5,test_length-model_input_window_size+1,True,True,True,0,0,0,fixed_project_transfer_rule,window and batch_size=128 fixed by project transfer rule,"(17991, 10, 19)","[batch, 10, 19]","3 x [batch, 190]",190,not_applicable,not_applicable,manifest order preserved,window×channel 재구성 오차; 중앙 시점 정렬,False,data shape applicable; raw wrapper contract checked separately
GHL,series_05,40,normal,GDN,50000,45000,18000,27000,5000,5,1,1,32,1,False,50,one_multivariate_model,patience=10,1,17995,4995,562,563,11,0,563,157,28150,1,5,test_length-model_input_window_size,True,True,True,0,0,0,fixed_for_pretraining_audit,window and workload fixed; project topk does not change these counts,"(17995, 5, 19)","[batch, 19, 5]","[batch, 19]",not_applicable,19,5,manifest order preserved,1-step 채널별 절대 예측 오차; source[W:] 정렬,False,data shape applicable; raw wrapper contract checked separately
GHL,series_05,60,normal,CI-AE,50000,45000,27000,18000,5000,100,1,1,128,0,True,50,one_model_per_channel,none,1,26901,4901,210,210,128,21,210,39,10500,19,50,test_length-model_input_window_size+1,True,True,True,0,0,0,fixed_for_pretraining_audit,window and workload settings fixed,"(26901, 100, 1)","[batch, 100]","[batch, 100]",100,not_applicable,not_applicable,manifest order preserved,채널별 window 재구성 오차; 중앙 시점 정렬,True,data shape applicable; raw wrapper contract checked separately
GHL,series_05,60,normal,LSTM-AD,50000,45000,27000,18000,5000,100,1,1,128,1,False,50,one_multivariate_model,patience=3,1,26900,4900,210,211,20,0,211,39,10550,1,100,test_length-model_input_window_size,True,True,True,0,0,0,fixed_for_pretraining_audit,window and workload settings fixed,"(26900, 100, 19)","[batch, 100, 19]","[1, batch, 19]",not_applicable,not_applicable,not_applicable,manifest order preserved,1-step 예측 오차; source[W:] 정렬,False,data shape applicable; raw wrapper contract checked separately
GHL,series_05,60,normal,USAD,50000,45000,27000,18000,5000,10,1,1,128,0,False,70,one_multivariate_model,none,2,26991,4991,210,211,111,0,422,39,29540,1,5,test_length-model_input_window_size+1,True,True,True,0,0,0,fixed_project_transfer_rule,window and batch_size=128 fixed by project transfer rule,"(26991, 10, 19)","[batch, 10, 19]","3 x [batch, 190]",190,not_applicable,not_applicable,manifest order preserved,window×channel 재구성 오차; 중앙 시점 정렬,False,data shape applicable; raw wrapper contract checked separately
GHL,series_05,60,normal,GDN,50000,45000,27000,18000,5000,5,1,1,32,1,False,50,one_multivariate_model,patience=10,1,26995,4995,843,844,19,0,844,157,42200,1,5,test_length-model_input_window_size,True,True,True,0,0,0,fixed_for_pretraining_audit,window and workload fixed; project topk does not change these counts,"(26995, 5, 19)","[batch, 19, 5]","[batch, 19]",not_applicable,19,5,manifest order preserved,1-step 채널별 절대 예측 오차; source[W:] 정렬,False,data shape applicable; raw wrapper contract checked separately
GHL,series_05,80,normal,CI-AE,50000,45000,36000,9000,5000,100,1,1,128,0,True,50,one_model_per_channel,none,1,35901,4901,280,280,128,61,280,39,14000,19,50,test_length-model_input_window_size+1,True,True,True,0,0,0,fixed_for_pretraining_audit,window and workload settings fixed,"(35901, 100, 1)","[batch, 100]","[batch, 100]",100,not_applicable,not_applicable,manifest order preserved,채널별 window 재구성 오차; 중앙 시점 정렬,True,data shape applicable; raw wrapper contract checked separately
GHL,series_05,80,normal,LSTM-AD,50000,45000,36000,9000,5000,100,1,1,128,1,False,50,one_multivariate_model,patience=3,1,35900,4900,280,281,60,0,281,39,14050,1,100,test_length-model_input_window_size,True,True,True,0,0,0,fixed_for_pretraining_audit,window and workload settings fixed,"(35900, 100, 19)","[batch, 100, 19]","[1, batch, 19]",not_applicable,not_applicable,not_applicable,manifest order preserved,1-step 예측 오차; source[W:] 정렬,False,data shape applicable; raw wrapper contract checked separately
GHL,series_05,80,normal,USAD,50000,45000,36000,9000,5000,10,1,1,128,0,False,70,one_multivariate_model,none,2,35991,4991,281,282,23,0,564,39,39480,1,5,test_length-model_input_window_size+1,True,True,True,0,0,0,fixed_project_transfer_rule,window and batch_size=128 fixed by project transfer rule,"(35991, 10, 19)","[batch, 10, 19]","3 x [batch, 190]",190,not_applicable,not_applicable,manifest order preserved,window×channel 재구성 오차; 중앙 시점 정렬,False,data shape applicable; raw wrapper contract checked separately
GHL,series_05,80,normal,GDN,50000,45000,36000,9000,5000,5,1,1,32,1,False,50,one_multivariate_model,patience=10,1,35995,4995,1124,1125,27,0,1125,157,56250,1,5,test_length-model_input_window_size,True,True,True,0,0,0,fixed_for_pretraining_audit,window and workload fixed; project topk does not change these counts,"(35995, 5, 19)","[batch, 19, 5]","[batch, 19]",not_applicable,19,5,manifest order preserved,1-step 채널별 절대 예측 오차; source[W:] 정렬,False,data shape applicable; raw wrapper contract checked separately
GHL,series_05,100,normal,CI-AE,50000,45000,45000,0,5000,100,1,1,128,0,True,50,one_model_per_channel,none,1,44901,4901,350,350,128,101,350,39,17500,19,50,test_length-model_input_window_size+1,True,True,True,0,0,0,fixed_for_pretraining_audit,window and workload settings fixed,"(44901, 100, 1)","[batch, 100]","[batch, 100]",100,not_applicable,not_applicable,manifest order preserved,채널별 window 재구성 오차; 중앙 시점 정렬,True,data shape applicable; raw wrapper contract checked separately
GHL,series_05,100,normal,LSTM-AD,50000,45000,45000,0,5000,100,1,1,128,1,False,50,one_multivariate_model,patience=3,1,44900,4900,350,351,100,0,351,39,17550,1,100,test_length-model_input_window_size,True,True,True,0,0,0,fixed_for_pretraining_audit,window and workload settings fixed,"(44900, 100, 19)","[batch, 100, 19]","[1, batch, 19]",not_applicable,not_applicable,not_applicable,manifest order preserved,1-step 예측 오차; source[W:] 정렬,False,data shape applicable; raw wrapper contract checked separately
GHL,series_05,100,normal,USAD,50000,45000,45000,0,5000,10,1,1,128,0,False,70,one_multivariate_model,none,2,44991,4991,351,352,63,0,704,39,49280,1,5,test_length-model_input_window_size+1,True,True,True,0,0,0,fixed_project_transfer_rule,window and batch_size=128 fixed by project transfer rule,"(44991, 10, 19)","[batch, 10, 19]","3 x [batch, 190]",190,not_applicable,not_applicable,manifest order preserved,window×channel 재구성 오차; 중앙 시점 정렬,False,data shape applicable; raw wrapper contract checked separately
GHL,series_05,100,normal,GDN,50000,45000,45000,0,5000,5,1,1,32,1,False,50,one_multivariate_model,patience=10,1,44995,4995,1406,1407,3,0,1407,157,70350,1,5,test_length-model_input_window_size,True,True,True,0,0,0,fixed_for_pretraining_audit,window and workload fixed; project topk does not change these counts,"(44995, 5, 19)","[batch, 19, 5]","[batch, 19]",not_applicable,19,5,manifest order preserved,1-step 채널별 절대 예측 오차; source[W:] 정렬,False,data shape applicable; raw wrapper contract checked separately
GHL,series_06,5,normal,CI-AE,50000,45000,2250,42750,5000,100,1,1,128,0,True,50,one_model_per_channel,none,1,2151,4901,16,16,128,103,16,39,800,19,50,test_length-model_input_window_size+1,True,True,True,0,0,0,fixed_for_pretraining_audit,window and workload settings fixed,"(2151, 100, 1)","[batch, 100]","[batch, 100]",100,not_applicable,not_applicable,manifest order preserved,채널별 window 재구성 오차; 중앙 시점 정렬,True,data shape applicable; raw wrapper contract checked separately
GHL,series_06,5,normal,LSTM-AD,50000,45000,2250,42750,5000,100,1,1,128,1,False,50,one_multivariate_model,patience=3,1,2150,4900,16,17,102,0,17,39,850,1,100,test_length-model_input_window_size,True,True,True,0,0,0,fixed_for_pretraining_audit,window and workload settings fixed,"(2150, 100, 19)","[batch, 100, 19]","[1, batch, 19]",not_applicable,not_applicable,not_applicable,manifest order preserved,1-step 예측 오차; source[W:] 정렬,False,data shape applicable; raw wrapper contract checked separately
GHL,series_06,5,normal,USAD,50000,45000,2250,42750,5000,10,1,1,128,0,False,70,one_multivariate_model,none,2,2241,4991,17,18,65,0,36,39,2520,1,5,test_length-model_input_window_size+1,True,True,True,0,0,0,fixed_project_transfer_rule,window and batch_size=128 fixed by project transfer rule,"(2241, 10, 19)","[batch, 10, 19]","3 x [batch, 190]",190,not_applicable,not_applicable,manifest order preserved,window×channel 재구성 오차; 중앙 시점 정렬,False,data shape applicable; raw wrapper contract checked separately
GHL,series_06,5,normal,GDN,50000,45000,2250,42750,5000,5,1,1,32,1,False,50,one_multivariate_model,patience=10,1,2245,4995,70,71,5,0,71,157,3550,1,5,test_length-model_input_window_size,True,True,True,0,0,0,fixed_for_pretraining_audit,window and workload fixed; project topk does not change these counts,"(2245, 5, 19)","[batch, 19, 5]","[batch, 19]",not_applicable,19,5,manifest order preserved,1-step 채널별 절대 예측 오차; source[W:] 정렬,False,data shape applicable; raw wrapper contract checked separately
GHL,series_06,10,normal,CI-AE,50000,45000,4500,40500,5000,100,1,1,128,0,True,50,one_model_per_channel,none,1,4401,4901,34,34,128,49,34,39,1700,19,50,test_length-model_input_window_size+1,True,True,True,0,0,0,fixed_for_pretraining_audit,window and workload settings fixed,"(4401, 100, 1)","[batch, 100]","[batch, 100]",100,not_applicable,not_applicable,manifest order preserved,채널별 window 재구성 오차; 중앙 시점 정렬,True,data shape applicable; raw wrapper contract checked separately
GHL,series_06,10,normal,LSTM-AD,50000,45000,4500,40500,5000,100,1,1,128,1,False,50,one_multivariate_model,patience=3,1,4400,4900,34,35,48,0,35,39,1750,1,100,test_length-model_input_window_size,True,True,True,0,0,0,fixed_for_pretraining_audit,window and workload settings fixed,"(4400, 100, 19)","[batch, 100, 19]","[1, batch, 19]",not_applicable,not_applicable,not_applicable,manifest order preserved,1-step 예측 오차; source[W:] 정렬,False,data shape applicable; raw wrapper contract checked separately
GHL,series_06,10,normal,USAD,50000,45000,4500,40500,5000,10,1,1,128,0,False,70,one_multivariate_model,none,2,4491,4991,35,36,11,0,72,39,5040,1,5,test_length-model_input_window_size+1,True,True,True,0,0,0,fixed_project_transfer_rule,window and batch_size=128 fixed by project transfer rule,"(4491, 10, 19)","[batch, 10, 19]","3 x [batch, 190]",190,not_applicable,not_applicable,manifest order preserved,window×channel 재구성 오차; 중앙 시점 정렬,False,data shape applicable; raw wrapper contract checked separately
GHL,series_06,10,normal,GDN,50000,45000,4500,40500,5000,5,1,1,32,1,False,50,one_multivariate_model,patience=10,1,4495,4995,140,141,15,0,141,157,7050,1,5,test_length-model_input_window_size,True,True,True,0,0,0,fixed_for_pretraining_audit,window and workload fixed; project topk does not change these counts,"(4495, 5, 19)","[batch, 19, 5]","[batch, 19]",not_applicable,19,5,manifest order preserved,1-step 채널별 절대 예측 오차; source[W:] 정렬,False,data shape applicable; raw wrapper contract checked separately
GHL,series_06,20,normal,CI-AE,50000,45000,9000,36000,5000,100,1,1,128,0,True,50,one_model_per_channel,none,1,8901,4901,69,69,128,69,69,39,3450,19,50,test_length-model_input_window_size+1,True,True,True,0,0,0,fixed_for_pretraining_audit,window and workload settings fixed,"(8901, 100, 1)","[batch, 100]","[batch, 100]",100,not_applicable,not_applicable,manifest order preserved,채널별 window 재구성 오차; 중앙 시점 정렬,True,data shape applicable; raw wrapper contract checked separately
GHL,series_06,20,normal,LSTM-AD,50000,45000,9000,36000,5000,100,1,1,128,1,False,50,one_multivariate_model,patience=3,1,8900,4900,69,70,68,0,70,39,3500,1,100,test_length-model_input_window_size,True,True,True,0,0,0,fixed_for_pretraining_audit,window and workload settings fixed,"(8900, 100, 19)","[batch, 100, 19]","[1, batch, 19]",not_applicable,not_applicable,not_applicable,manifest order preserved,1-step 예측 오차; source[W:] 정렬,False,data shape applicable; raw wrapper contract checked separately
GHL,series_06,20,normal,USAD,50000,45000,9000,36000,5000,10,1,1,128,0,False,70,one_multivariate_model,none,2,8991,4991,70,71,31,0,142,39,9940,1,5,test_length-model_input_window_size+1,True,True,True,0,0,0,fixed_project_transfer_rule,window and batch_size=128 fixed by project transfer rule,"(8991, 10, 19)","[batch, 10, 19]","3 x [batch, 190]",190,not_applicable,not_applicable,manifest order preserved,window×channel 재구성 오차; 중앙 시점 정렬,False,data shape applicable; raw wrapper contract checked separately
GHL,series_06,20,normal,GDN,50000,45000,9000,36000,5000,5,1,1,32,1,False,50,one_multivariate_model,patience=10,1,8995,4995,281,282,3,0,282,157,14100,1,5,test_length-model_input_window_size,True,True,True,0,0,0,fixed_for_pretraining_audit,window and workload fixed; project topk does not change these counts,"(8995, 5, 19)","[batch, 19, 5]","[batch, 19]",not_applicable,19,5,manifest order preserved,1-step 채널별 절대 예측 오차; source[W:] 정렬,False,data shape applicable; raw wrapper contract checked separately
GHL,series_06,40,normal,CI-AE,50000,45000,18000,27000,5000,100,1,1,128,0,True,50,one_model_per_channel,none,1,17901,4901,139,139,128,109,139,39,6950,19,50,test_length-model_input_window_size+1,True,True,True,0,0,0,fixed_for_pretraining_audit,window and workload settings fixed,"(17901, 100, 1)","[batch, 100]","[batch, 100]",100,not_applicable,not_applicable,manifest order preserved,채널별 window 재구성 오차; 중앙 시점 정렬,True,data shape applicable; raw wrapper contract checked separately
GHL,series_06,40,normal,LSTM-AD,50000,45000,18000,27000,5000,100,1,1,128,1,False,50,one_multivariate_model,patience=3,1,17900,4900,139,140,108,0,140,39,7000,1,100,test_length-model_input_window_size,True,True,True,0,0,0,fixed_for_pretraining_audit,window and workload settings fixed,"(17900, 100, 19)","[batch, 100, 19]","[1, batch, 19]",not_applicable,not_applicable,not_applicable,manifest order preserved,1-step 예측 오차; source[W:] 정렬,False,data shape applicable; raw wrapper contract checked separately
GHL,series_06,40,normal,USAD,50000,45000,18000,27000,5000,10,1,1,128,0,False,70,one_multivariate_model,none,2,17991,4991,140,141,71,0,282,39,19740,1,5,test_length-model_input_window_size+1,True,True,True,0,0,0,fixed_project_transfer_rule,window and batch_size=128 fixed by project transfer rule,"(17991, 10, 19)","[batch, 10, 19]","3 x [batch, 190]",190,not_applicable,not_applicable,manifest order preserved,window×channel 재구성 오차; 중앙 시점 정렬,False,data shape applicable; raw wrapper contract checked separately
GHL,series_06,40,normal,GDN,50000,45000,18000,27000,5000,5,1,1,32,1,False,50,one_multivariate_model,patience=10,1,17995,4995,562,563,11,0,563,157,28150,1,5,test_length-model_input_window_size,True,True,True,0,0,0,fixed_for_pretraining_audit,window and workload fixed; project topk does not change these counts,"(17995, 5, 19)","[batch, 19, 5]","[batch, 19]",not_applicable,19,5,manifest order preserved,1-step 채널별 절대 예측 오차; source[W:] 정렬,False,data shape applicable; raw wrapper contract checked separately
GHL,series_06,60,normal,CI-AE,50000,45000,27000,18000,5000,100,1,1,128,0,True,50,one_model_per_channel,none,1,26901,4901,210,210,128,21,210,39,10500,19,50,test_length-model_input_window_size+1,True,True,True,0,0,0,fixed_for_pretraining_audit,window and workload settings fixed,"(26901, 100, 1)","[batch, 100]","[batch, 100]",100,not_applicable,not_applicable,manifest order preserved,채널별 window 재구성 오차; 중앙 시점 정렬,True,data shape applicable; raw wrapper contract checked separately
GHL,series_06,60,normal,LSTM-AD,50000,45000,27000,18000,5000,100,1,1,128,1,False,50,one_multivariate_model,patience=3,1,26900,4900,210,211,20,0,211,39,10550,1,100,test_length-model_input_window_size,True,True,True,0,0,0,fixed_for_pretraining_audit,window and workload settings fixed,"(26900, 100, 19)","[batch, 100, 19]","[1, batch, 19]",not_applicable,not_applicable,not_applicable,manifest order preserved,1-step 예측 오차; source[W:] 정렬,False,data shape applicable; raw wrapper contract checked separately
GHL,series_06,60,normal,USAD,50000,45000,27000,18000,5000,10,1,1,128,0,False,70,one_multivariate_model,none,2,26991,4991,210,211,111,0,422,39,29540,1,5,test_length-model_input_window_size+1,True,True,True,0,0,0,fixed_project_transfer_rule,window and batch_size=128 fixed by project transfer rule,"(26991, 10, 19)","[batch, 10, 19]","3 x [batch, 190]",190,not_applicable,not_applicable,manifest order preserved,window×channel 재구성 오차; 중앙 시점 정렬,False,data shape applicable; raw wrapper contract checked separately
GHL,series_06,60,normal,GDN,50000,45000,27000,18000,5000,5,1,1,32,1,False,50,one_multivariate_model,patience=10,1,26995,4995,843,844,19,0,844,157,42200,1,5,test_length-model_input_window_size,True,True,True,0,0,0,fixed_for_pretraining_audit,window and workload fixed; project topk does not change these counts,"(26995, 5, 19)","[batch, 19, 5]","[batch, 19]",not_applicable,19,5,manifest order preserved,1-step 채널별 절대 예측 오차; source[W:] 정렬,False,data shape applicable; raw wrapper contract checked separately
GHL,series_06,80,normal,CI-AE,50000,45000,36000,9000,5000,100,1,1,128,0,True,50,one_model_per_channel,none,1,35901,4901,280,280,128,61,280,39,14000,19,50,test_length-model_input_window_size+1,True,True,True,0,0,0,fixed_for_pretraining_audit,window and workload settings fixed,"(35901, 100, 1)","[batch, 100]","[batch, 100]",100,not_applicable,not_applicable,manifest order preserved,채널별 window 재구성 오차; 중앙 시점 정렬,True,data shape applicable; raw wrapper contract checked separately
GHL,series_06,80,normal,LSTM-AD,50000,45000,36000,9000,5000,100,1,1,128,1,False,50,one_multivariate_model,patience=3,1,35900,4900,280,281,60,0,281,39,14050,1,100,test_length-model_input_window_size,True,True,True,0,0,0,fixed_for_pretraining_audit,window and workload settings fixed,"(35900, 100, 19)","[batch, 100, 19]","[1, batch, 19]",not_applicable,not_applicable,not_applicable,manifest order preserved,1-step 예측 오차; source[W:] 정렬,False,data shape applicable; raw wrapper contract checked separately
GHL,series_06,80,normal,USAD,50000,45000,36000,9000,5000,10,1,1,128,0,False,70,one_multivariate_model,none,2,35991,4991,281,282,23,0,564,39,39480,1,5,test_length-model_input_window_size+1,True,True,True,0,0,0,fixed_project_transfer_rule,window and batch_size=128 fixed by project transfer rule,"(35991, 10, 19)","[batch, 10, 19]","3 x [batch, 190]",190,not_applicable,not_applicable,manifest order preserved,window×channel 재구성 오차; 중앙 시점 정렬,False,data shape applicable; raw wrapper contract checked separately
GHL,series_06,80,normal,GDN,50000,45000,36000,9000,5000,5,1,1,32,1,False,50,one_multivariate_model,patience=10,1,35995,4995,1124,1125,27,0,1125,157,56250,1,5,test_length-model_input_window_size,True,True,True,0,0,0,fixed_for_pretraining_audit,window and workload fixed; project topk does not change these counts,"(35995, 5, 19)","[batch, 19, 5]","[batch, 19]",not_applicable,19,5,manifest order preserved,1-step 채널별 절대 예측 오차; source[W:] 정렬,False,data shape applicable; raw wrapper contract checked separately
GHL,series_06,100,normal,CI-AE,50000,45000,45000,0,5000,100,1,1,128,0,True,50,one_model_per_channel,none,1,44901,4901,350,350,128,101,350,39,17500,19,50,test_length-model_input_window_size+1,True,True,True,0,0,0,fixed_for_pretraining_audit,window and workload settings fixed,"(44901, 100, 1)","[batch, 100]","[batch, 100]",100,not_applicable,not_applicable,manifest order preserved,채널별 window 재구성 오차; 중앙 시점 정렬,True,data shape applicable; raw wrapper contract checked separately
GHL,series_06,100,normal,LSTM-AD,50000,45000,45000,0,5000,100,1,1,128,1,False,50,one_multivariate_model,patience=3,1,44900,4900,350,351,100,0,351,39,17550,1,100,test_length-model_input_window_size,True,True,True,0,0,0,fixed_for_pretraining_audit,window and workload settings fixed,"(44900, 100, 19)","[batch, 100, 19]","[1, batch, 19]",not_applicable,not_applicable,not_applicable,manifest order preserved,1-step 예측 오차; source[W:] 정렬,False,data shape applicable; raw wrapper contract checked separately
GHL,series_06,100,normal,USAD,50000,45000,45000,0,5000,10,1,1,128,0,False,70,one_multivariate_model,none,2,44991,4991,351,352,63,0,704,39,49280,1,5,test_length-model_input_window_size+1,True,True,True,0,0,0,fixed_project_transfer_rule,window and batch_size=128 fixed by project transfer rule,"(44991, 10, 19)","[batch, 10, 19]","3 x [batch, 190]",190,not_applicable,not_applicable,manifest order preserved,window×channel 재구성 오차; 중앙 시점 정렬,False,data shape applicable; raw wrapper contract checked separately
GHL,series_06,100,normal,GDN,50000,45000,45000,0,5000,5,1,1,32,1,False,50,one_multivariate_model,patience=10,1,44995,4995,1406,1407,3,0,1407,157,70350,1,5,test_length-model_input_window_size,True,True,True,0,0,0,fixed_for_pretraining_audit,window and workload fixed; project topk does not change these counts,"(44995, 5, 19)","[batch, 19, 5]","[batch, 19]",not_applicable,19,5,manifest order preserved,1-step 채널별 절대 예측 오차; source[W:] 정렬,False,data shape applicable; raw wrapper contract checked separately
GHL,series_07,5,normal,CI-AE,50000,45000,2250,42750,5000,100,1,1,128,0,True,50,one_model_per_channel,none,1,2151,4901,16,16,128,103,16,39,800,19,50,test_length-model_input_window_size+1,True,True,True,0,0,0,fixed_for_pretraining_audit,window and workload settings fixed,"(2151, 100, 1)","[batch, 100]","[batch, 100]",100,not_applicable,not_applicable,manifest order preserved,채널별 window 재구성 오차; 중앙 시점 정렬,True,data shape applicable; raw wrapper contract checked separately
GHL,series_07,5,normal,LSTM-AD,50000,45000,2250,42750,5000,100,1,1,128,1,False,50,one_multivariate_model,patience=3,1,2150,4900,16,17,102,0,17,39,850,1,100,test_length-model_input_window_size,True,True,True,0,0,0,fixed_for_pretraining_audit,window and workload settings fixed,"(2150, 100, 19)","[batch, 100, 19]","[1, batch, 19]",not_applicable,not_applicable,not_applicable,manifest order preserved,1-step 예측 오차; source[W:] 정렬,False,data shape applicable; raw wrapper contract checked separately
GHL,series_07,5,normal,USAD,50000,45000,2250,42750,5000,10,1,1,128,0,False,70,one_multivariate_model,none,2,2241,4991,17,18,65,0,36,39,2520,1,5,test_length-model_input_window_size+1,True,True,True,0,0,0,fixed_project_transfer_rule,window and batch_size=128 fixed by project transfer rule,"(2241, 10, 19)","[batch, 10, 19]","3 x [batch, 190]",190,not_applicable,not_applicable,manifest order preserved,window×channel 재구성 오차; 중앙 시점 정렬,False,data shape applicable; raw wrapper contract checked separately
GHL,series_07,5,normal,GDN,50000,45000,2250,42750,5000,5,1,1,32,1,False,50,one_multivariate_model,patience=10,1,2245,4995,70,71,5,0,71,157,3550,1,5,test_length-model_input_window_size,True,True,True,0,0,0,fixed_for_pretraining_audit,window and workload fixed; project topk does not change these counts,"(2245, 5, 19)","[batch, 19, 5]","[batch, 19]",not_applicable,19,5,manifest order preserved,1-step 채널별 절대 예측 오차; source[W:] 정렬,False,data shape applicable; raw wrapper contract checked separately
GHL,series_07,10,normal,CI-AE,50000,45000,4500,40500,5000,100,1,1,128,0,True,50,one_model_per_channel,none,1,4401,4901,34,34,128,49,34,39,1700,19,50,test_length-model_input_window_size+1,True,True,True,0,0,0,fixed_for_pretraining_audit,window and workload settings fixed,"(4401, 100, 1)","[batch, 100]","[batch, 100]",100,not_applicable,not_applicable,manifest order preserved,채널별 window 재구성 오차; 중앙 시점 정렬,True,data shape applicable; raw wrapper contract checked separately
GHL,series_07,10,normal,LSTM-AD,50000,45000,4500,40500,5000,100,1,1,128,1,False,50,one_multivariate_model,patience=3,1,4400,4900,34,35,48,0,35,39,1750,1,100,test_length-model_input_window_size,True,True,True,0,0,0,fixed_for_pretraining_audit,window and workload settings fixed,"(4400, 100, 19)","[batch, 100, 19]","[1, batch, 19]",not_applicable,not_applicable,not_applicable,manifest order preserved,1-step 예측 오차; source[W:] 정렬,False,data shape applicable; raw wrapper contract checked separately
GHL,series_07,10,normal,USAD,50000,45000,4500,40500,5000,10,1,1,128,0,False,70,one_multivariate_model,none,2,4491,4991,35,36,11,0,72,39,5040,1,5,test_length-model_input_window_size+1,True,True,True,0,0,0,fixed_project_transfer_rule,window and batch_size=128 fixed by project transfer rule,"(4491, 10, 19)","[batch, 10, 19]","3 x [batch, 190]",190,not_applicable,not_applicable,manifest order preserved,window×channel 재구성 오차; 중앙 시점 정렬,False,data shape applicable; raw wrapper contract checked separately
GHL,series_07,10,normal,GDN,50000,45000,4500,40500,5000,5,1,1,32,1,False,50,one_multivariate_model,patience=10,1,4495,4995,140,141,15,0,141,157,7050,1,5,test_length-model_input_window_size,True,True,True,0,0,0,fixed_for_pretraining_audit,window and workload fixed; project topk does not change these counts,"(4495, 5, 19)","[batch, 19, 5]","[batch, 19]",not_applicable,19,5,manifest order preserved,1-step 채널별 절대 예측 오차; source[W:] 정렬,False,data shape applicable; raw wrapper contract checked separately
GHL,series_07,20,normal,CI-AE,50000,45000,9000,36000,5000,100,1,1,128,0,True,50,one_model_per_channel,none,1,8901,4901,69,69,128,69,69,39,3450,19,50,test_length-model_input_window_size+1,True,True,True,0,0,0,fixed_for_pretraining_audit,window and workload settings fixed,"(8901, 100, 1)","[batch, 100]","[batch, 100]",100,not_applicable,not_applicable,manifest order preserved,채널별 window 재구성 오차; 중앙 시점 정렬,True,data shape applicable; raw wrapper contract checked separately
GHL,series_07,20,normal,LSTM-AD,50000,45000,9000,36000,5000,100,1,1,128,1,False,50,one_multivariate_model,patience=3,1,8900,4900,69,70,68,0,70,39,3500,1,100,test_length-model_input_window_size,True,True,True,0,0,0,fixed_for_pretraining_audit,window and workload settings fixed,"(8900, 100, 19)","[batch, 100, 19]","[1, batch, 19]",not_applicable,not_applicable,not_applicable,manifest order preserved,1-step 예측 오차; source[W:] 정렬,False,data shape applicable; raw wrapper contract checked separately
GHL,series_07,20,normal,USAD,50000,45000,9000,36000,5000,10,1,1,128,0,False,70,one_multivariate_model,none,2,8991,4991,70,71,31,0,142,39,9940,1,5,test_length-model_input_window_size+1,True,True,True,0,0,0,fixed_project_transfer_rule,window and batch_size=128 fixed by project transfer rule,"(8991, 10, 19)","[batch, 10, 19]","3 x [batch, 190]",190,not_applicable,not_applicable,manifest order preserved,window×channel 재구성 오차; 중앙 시점 정렬,False,data shape applicable; raw wrapper contract checked separately
GHL,series_07,20,normal,GDN,50000,45000,9000,36000,5000,5,1,1,32,1,False,50,one_multivariate_model,patience=10,1,8995,4995,281,282,3,0,282,157,14100,1,5,test_length-model_input_window_size,True,True,True,0,0,0,fixed_for_pretraining_audit,window and workload fixed; project topk does not change these counts,"(8995, 5, 19)","[batch, 19, 5]","[batch, 19]",not_applicable,19,5,manifest order preserved,1-step 채널별 절대 예측 오차; source[W:] 정렬,False,data shape applicable; raw wrapper contract checked separately
GHL,series_07,40,normal,CI-AE,50000,45000,18000,27000,5000,100,1,1,128,0,True,50,one_model_per_channel,none,1,17901,4901,139,139,128,109,139,39,6950,19,50,test_length-model_input_window_size+1,True,True,True,0,0,0,fixed_for_pretraining_audit,window and workload settings fixed,"(17901, 100, 1)","[batch, 100]","[batch, 100]",100,not_applicable,not_applicable,manifest order preserved,채널별 window 재구성 오차; 중앙 시점 정렬,True,data shape applicable; raw wrapper contract checked separately
GHL,series_07,40,normal,LSTM-AD,50000,45000,18000,27000,5000,100,1,1,128,1,False,50,one_multivariate_model,patience=3,1,17900,4900,139,140,108,0,140,39,7000,1,100,test_length-model_input_window_size,True,True,True,0,0,0,fixed_for_pretraining_audit,window and workload settings fixed,"(17900, 100, 19)","[batch, 100, 19]","[1, batch, 19]",not_applicable,not_applicable,not_applicable,manifest order preserved,1-step 예측 오차; source[W:] 정렬,False,data shape applicable; raw wrapper contract checked separately
GHL,series_07,40,normal,USAD,50000,45000,18000,27000,5000,10,1,1,128,0,False,70,one_multivariate_model,none,2,17991,4991,140,141,71,0,282,39,19740,1,5,test_length-model_input_window_size+1,True,True,True,0,0,0,fixed_project_transfer_rule,window and batch_size=128 fixed by project transfer rule,"(17991, 10, 19)","[batch, 10, 19]","3 x [batch, 190]",190,not_applicable,not_applicable,manifest order preserved,window×channel 재구성 오차; 중앙 시점 정렬,False,data shape applicable; raw wrapper contract checked separately
GHL,series_07,40,normal,GDN,50000,45000,18000,27000,5000,5,1,1,32,1,False,50,one_multivariate_model,patience=10,1,17995,4995,562,563,11,0,563,157,28150,1,5,test_length-model_input_window_size,True,True,True,0,0,0,fixed_for_pretraining_audit,window and workload fixed; project topk does not change these counts,"(17995, 5, 19)","[batch, 19, 5]","[batch, 19]",not_applicable,19,5,manifest order preserved,1-step 채널별 절대 예측 오차; source[W:] 정렬,False,data shape applicable; raw wrapper contract checked separately
GHL,series_07,60,normal,CI-AE,50000,45000,27000,18000,5000,100,1,1,128,0,True,50,one_model_per_channel,none,1,26901,4901,210,210,128,21,210,39,10500,19,50,test_length-model_input_window_size+1,True,True,True,0,0,0,fixed_for_pretraining_audit,window and workload settings fixed,"(26901, 100, 1)","[batch, 100]","[batch, 100]",100,not_applicable,not_applicable,manifest order preserved,채널별 window 재구성 오차; 중앙 시점 정렬,True,data shape applicable; raw wrapper contract checked separately
GHL,series_07,60,normal,LSTM-AD,50000,45000,27000,18000,5000,100,1,1,128,1,False,50,one_multivariate_model,patience=3,1,26900,4900,210,211,20,0,211,39,10550,1,100,test_length-model_input_window_size,True,True,True,0,0,0,fixed_for_pretraining_audit,window and workload settings fixed,"(26900, 100, 19)","[batch, 100, 19]","[1, batch, 19]",not_applicable,not_applicable,not_applicable,manifest order preserved,1-step 예측 오차; source[W:] 정렬,False,data shape applicable; raw wrapper contract checked separately
GHL,series_07,60,normal,USAD,50000,45000,27000,18000,5000,10,1,1,128,0,False,70,one_multivariate_model,none,2,26991,4991,210,211,111,0,422,39,29540,1,5,test_length-model_input_window_size+1,True,True,True,0,0,0,fixed_project_transfer_rule,window and batch_size=128 fixed by project transfer rule,"(26991, 10, 19)","[batch, 10, 19]","3 x [batch, 190]",190,not_applicable,not_applicable,manifest order preserved,window×channel 재구성 오차; 중앙 시점 정렬,False,data shape applicable; raw wrapper contract checked separately
GHL,series_07,60,normal,GDN,50000,45000,27000,18000,5000,5,1,1,32,1,False,50,one_multivariate_model,patience=10,1,26995,4995,843,844,19,0,844,157,42200,1,5,test_length-model_input_window_size,True,True,True,0,0,0,fixed_for_pretraining_audit,window and workload fixed; project topk does not change these counts,"(26995, 5, 19)","[batch, 19, 5]","[batch, 19]",not_applicable,19,5,manifest order preserved,1-step 채널별 절대 예측 오차; source[W:] 정렬,False,data shape applicable; raw wrapper contract checked separately
GHL,series_07,80,normal,CI-AE,50000,45000,36000,9000,5000,100,1,1,128,0,True,50,one_model_per_channel,none,1,35901,4901,280,280,128,61,280,39,14000,19,50,test_length-model_input_window_size+1,True,True,True,0,0,0,fixed_for_pretraining_audit,window and workload settings fixed,"(35901, 100, 1)","[batch, 100]","[batch, 100]",100,not_applicable,not_applicable,manifest order preserved,채널별 window 재구성 오차; 중앙 시점 정렬,True,data shape applicable; raw wrapper contract checked separately
GHL,series_07,80,normal,LSTM-AD,50000,45000,36000,9000,5000,100,1,1,128,1,False,50,one_multivariate_model,patience=3,1,35900,4900,280,281,60,0,281,39,14050,1,100,test_length-model_input_window_size,True,True,True,0,0,0,fixed_for_pretraining_audit,window and workload settings fixed,"(35900, 100, 19)","[batch, 100, 19]","[1, batch, 19]",not_applicable,not_applicable,not_applicable,manifest order preserved,1-step 예측 오차; source[W:] 정렬,False,data shape applicable; raw wrapper contract checked separately
GHL,series_07,80,normal,USAD,50000,45000,36000,9000,5000,10,1,1,128,0,False,70,one_multivariate_model,none,2,35991,4991,281,282,23,0,564,39,39480,1,5,test_length-model_input_window_size+1,True,True,True,0,0,0,fixed_project_transfer_rule,window and batch_size=128 fixed by project transfer rule,"(35991, 10, 19)","[batch, 10, 19]","3 x [batch, 190]",190,not_applicable,not_applicable,manifest order preserved,window×channel 재구성 오차; 중앙 시점 정렬,False,data shape applicable; raw wrapper contract checked separately
GHL,series_07,80,normal,GDN,50000,45000,36000,9000,5000,5,1,1,32,1,False,50,one_multivariate_model,patience=10,1,35995,4995,1124,1125,27,0,1125,157,56250,1,5,test_length-model_input_window_size,True,True,True,0,0,0,fixed_for_pretraining_audit,window and workload fixed; project topk does not change these counts,"(35995, 5, 19)","[batch, 19, 5]","[batch, 19]",not_applicable,19,5,manifest order preserved,1-step 채널별 절대 예측 오차; source[W:] 정렬,False,data shape applicable; raw wrapper contract checked separately
GHL,series_07,100,normal,CI-AE,50000,45000,45000,0,5000,100,1,1,128,0,True,50,one_model_per_channel,none,1,44901,4901,350,350,128,101,350,39,17500,19,50,test_length-model_input_window_size+1,True,True,True,0,0,0,fixed_for_pretraining_audit,window and workload settings fixed,"(44901, 100, 1)","[batch, 100]","[batch, 100]",100,not_applicable,not_applicable,manifest order preserved,채널별 window 재구성 오차; 중앙 시점 정렬,True,data shape applicable; raw wrapper contract checked separately
GHL,series_07,100,normal,LSTM-AD,50000,45000,45000,0,5000,100,1,1,128,1,False,50,one_multivariate_model,patience=3,1,44900,4900,350,351,100,0,351,39,17550,1,100,test_length-model_input_window_size,True,True,True,0,0,0,fixed_for_pretraining_audit,window and workload settings fixed,"(44900, 100, 19)","[batch, 100, 19]","[1, batch, 19]",not_applicable,not_applicable,not_applicable,manifest order preserved,1-step 예측 오차; source[W:] 정렬,False,data shape applicable; raw wrapper contract checked separately
GHL,series_07,100,normal,USAD,50000,45000,45000,0,5000,10,1,1,128,0,False,70,one_multivariate_model,none,2,44991,4991,351,352,63,0,704,39,49280,1,5,test_length-model_input_window_size+1,True,True,True,0,0,0,fixed_project_transfer_rule,window and batch_size=128 fixed by project transfer rule,"(44991, 10, 19)","[batch, 10, 19]","3 x [batch, 190]",190,not_applicable,not_applicable,manifest order preserved,window×channel 재구성 오차; 중앙 시점 정렬,False,data shape applicable; raw wrapper contract checked separately
GHL,series_07,100,normal,GDN,50000,45000,45000,0,5000,5,1,1,32,1,False,50,one_multivariate_model,patience=10,1,44995,4995,1406,1407,3,0,1407,157,70350,1,5,test_length-model_input_window_size,True,True,True,0,0,0,fixed_for_pretraining_audit,window and workload fixed; project topk does not change these counts,"(44995, 5, 19)","[batch, 19, 5]","[batch, 19]",not_applicable,19,5,manifest order preserved,1-step 채널별 절대 예측 오차; source[W:] 정렬,False,data shape applicable; raw wrapper contract checked separately
GHL,series_08,5,normal,CI-AE,50000,45000,2250,42750,5000,100,1,1,128,0,True,50,one_model_per_channel,none,1,2151,4901,16,16,128,103,16,39,800,19,50,test_length-model_input_window_size+1,True,True,True,0,0,0,fixed_for_pretraining_audit,window and workload settings fixed,"(2151, 100, 1)","[batch, 100]","[batch, 100]",100,not_applicable,not_applicable,manifest order preserved,채널별 window 재구성 오차; 중앙 시점 정렬,True,data shape applicable; raw wrapper contract checked separately
GHL,series_08,5,normal,LSTM-AD,50000,45000,2250,42750,5000,100,1,1,128,1,False,50,one_multivariate_model,patience=3,1,2150,4900,16,17,102,0,17,39,850,1,100,test_length-model_input_window_size,True,True,True,0,0,0,fixed_for_pretraining_audit,window and workload settings fixed,"(2150, 100, 19)","[batch, 100, 19]","[1, batch, 19]",not_applicable,not_applicable,not_applicable,manifest order preserved,1-step 예측 오차; source[W:] 정렬,False,data shape applicable; raw wrapper contract checked separately
GHL,series_08,5,normal,USAD,50000,45000,2250,42750,5000,10,1,1,128,0,False,70,one_multivariate_model,none,2,2241,4991,17,18,65,0,36,39,2520,1,5,test_length-model_input_window_size+1,True,True,True,0,0,0,fixed_project_transfer_rule,window and batch_size=128 fixed by project transfer rule,"(2241, 10, 19)","[batch, 10, 19]","3 x [batch, 190]",190,not_applicable,not_applicable,manifest order preserved,window×channel 재구성 오차; 중앙 시점 정렬,False,data shape applicable; raw wrapper contract checked separately
GHL,series_08,5,normal,GDN,50000,45000,2250,42750,5000,5,1,1,32,1,False,50,one_multivariate_model,patience=10,1,2245,4995,70,71,5,0,71,157,3550,1,5,test_length-model_input_window_size,True,True,True,0,0,0,fixed_for_pretraining_audit,window and workload fixed; project topk does not change these counts,"(2245, 5, 19)","[batch, 19, 5]","[batch, 19]",not_applicable,19,5,manifest order preserved,1-step 채널별 절대 예측 오차; source[W:] 정렬,False,data shape applicable; raw wrapper contract checked separately
GHL,series_08,10,normal,CI-AE,50000,45000,4500,40500,5000,100,1,1,128,0,True,50,one_model_per_channel,none,1,4401,4901,34,34,128,49,34,39,1700,19,50,test_length-model_input_window_size+1,True,True,True,0,0,0,fixed_for_pretraining_audit,window and workload settings fixed,"(4401, 100, 1)","[batch, 100]","[batch, 100]",100,not_applicable,not_applicable,manifest order preserved,채널별 window 재구성 오차; 중앙 시점 정렬,True,data shape applicable; raw wrapper contract checked separately
GHL,series_08,10,normal,LSTM-AD,50000,45000,4500,40500,5000,100,1,1,128,1,False,50,one_multivariate_model,patience=3,1,4400,4900,34,35,48,0,35,39,1750,1,100,test_length-model_input_window_size,True,True,True,0,0,0,fixed_for_pretraining_audit,window and workload settings fixed,"(4400, 100, 19)","[batch, 100, 19]","[1, batch, 19]",not_applicable,not_applicable,not_applicable,manifest order preserved,1-step 예측 오차; source[W:] 정렬,False,data shape applicable; raw wrapper contract checked separately
GHL,series_08,10,normal,USAD,50000,45000,4500,40500,5000,10,1,1,128,0,False,70,one_multivariate_model,none,2,4491,4991,35,36,11,0,72,39,5040,1,5,test_length-model_input_window_size+1,True,True,True,0,0,0,fixed_project_transfer_rule,window and batch_size=128 fixed by project transfer rule,"(4491, 10, 19)","[batch, 10, 19]","3 x [batch, 190]",190,not_applicable,not_applicable,manifest order preserved,window×channel 재구성 오차; 중앙 시점 정렬,False,data shape applicable; raw wrapper contract checked separately
GHL,series_08,10,normal,GDN,50000,45000,4500,40500,5000,5,1,1,32,1,False,50,one_multivariate_model,patience=10,1,4495,4995,140,141,15,0,141,157,7050,1,5,test_length-model_input_window_size,True,True,True,0,0,0,fixed_for_pretraining_audit,window and workload fixed; project topk does not change these counts,"(4495, 5, 19)","[batch, 19, 5]","[batch, 19]",not_applicable,19,5,manifest order preserved,1-step 채널별 절대 예측 오차; source[W:] 정렬,False,data shape applicable; raw wrapper contract checked separately
GHL,series_08,20,normal,CI-AE,50000,45000,9000,36000,5000,100,1,1,128,0,True,50,one_model_per_channel,none,1,8901,4901,69,69,128,69,69,39,3450,19,50,test_length-model_input_window_size+1,True,True,True,0,0,0,fixed_for_pretraining_audit,window and workload settings fixed,"(8901, 100, 1)","[batch, 100]","[batch, 100]",100,not_applicable,not_applicable,manifest order preserved,채널별 window 재구성 오차; 중앙 시점 정렬,True,data shape applicable; raw wrapper contract checked separately
GHL,series_08,20,normal,LSTM-AD,50000,45000,9000,36000,5000,100,1,1,128,1,False,50,one_multivariate_model,patience=3,1,8900,4900,69,70,68,0,70,39,3500,1,100,test_length-model_input_window_size,True,True,True,0,0,0,fixed_for_pretraining_audit,window and workload settings fixed,"(8900, 100, 19)","[batch, 100, 19]","[1, batch, 19]",not_applicable,not_applicable,not_applicable,manifest order preserved,1-step 예측 오차; source[W:] 정렬,False,data shape applicable; raw wrapper contract checked separately
GHL,series_08,20,normal,USAD,50000,45000,9000,36000,5000,10,1,1,128,0,False,70,one_multivariate_model,none,2,8991,4991,70,71,31,0,142,39,9940,1,5,test_length-model_input_window_size+1,True,True,True,0,0,0,fixed_project_transfer_rule,window and batch_size=128 fixed by project transfer rule,"(8991, 10, 19)","[batch, 10, 19]","3 x [batch, 190]",190,not_applicable,not_applicable,manifest order preserved,window×channel 재구성 오차; 중앙 시점 정렬,False,data shape applicable; raw wrapper contract checked separately
GHL,series_08,20,normal,GDN,50000,45000,9000,36000,5000,5,1,1,32,1,False,50,one_multivariate_model,patience=10,1,8995,4995,281,282,3,0,282,157,14100,1,5,test_length-model_input_window_size,True,True,True,0,0,0,fixed_for_pretraining_audit,window and workload fixed; project topk does not change these counts,"(8995, 5, 19)","[batch, 19, 5]","[batch, 19]",not_applicable,19,5,manifest order preserved,1-step 채널별 절대 예측 오차; source[W:] 정렬,False,data shape applicable; raw wrapper contract checked separately
GHL,series_08,40,normal,CI-AE,50000,45000,18000,27000,5000,100,1,1,128,0,True,50,one_model_per_channel,none,1,17901,4901,139,139,128,109,139,39,6950,19,50,test_length-model_input_window_size+1,True,True,True,0,0,0,fixed_for_pretraining_audit,window and workload settings fixed,"(17901, 100, 1)","[batch, 100]","[batch, 100]",100,not_applicable,not_applicable,manifest order preserved,채널별 window 재구성 오차; 중앙 시점 정렬,True,data shape applicable; raw wrapper contract checked separately
GHL,series_08,40,normal,LSTM-AD,50000,45000,18000,27000,5000,100,1,1,128,1,False,50,one_multivariate_model,patience=3,1,17900,4900,139,140,108,0,140,39,7000,1,100,test_length-model_input_window_size,True,True,True,0,0,0,fixed_for_pretraining_audit,window and workload settings fixed,"(17900, 100, 19)","[batch, 100, 19]","[1, batch, 19]",not_applicable,not_applicable,not_applicable,manifest order preserved,1-step 예측 오차; source[W:] 정렬,False,data shape applicable; raw wrapper contract checked separately
GHL,series_08,40,normal,USAD,50000,45000,18000,27000,5000,10,1,1,128,0,False,70,one_multivariate_model,none,2,17991,4991,140,141,71,0,282,39,19740,1,5,test_length-model_input_window_size+1,True,True,True,0,0,0,fixed_project_transfer_rule,window and batch_size=128 fixed by project transfer rule,"(17991, 10, 19)","[batch, 10, 19]","3 x [batch, 190]",190,not_applicable,not_applicable,manifest order preserved,window×channel 재구성 오차; 중앙 시점 정렬,False,data shape applicable; raw wrapper contract checked separately
GHL,series_08,40,normal,GDN,50000,45000,18000,27000,5000,5,1,1,32,1,False,50,one_multivariate_model,patience=10,1,17995,4995,562,563,11,0,563,157,28150,1,5,test_length-model_input_window_size,True,True,True,0,0,0,fixed_for_pretraining_audit,window and workload fixed; project topk does not change these counts,"(17995, 5, 19)","[batch, 19, 5]","[batch, 19]",not_applicable,19,5,manifest order preserved,1-step 채널별 절대 예측 오차; source[W:] 정렬,False,data shape applicable; raw wrapper contract checked separately
GHL,series_08,60,normal,CI-AE,50000,45000,27000,18000,5000,100,1,1,128,0,True,50,one_model_per_channel,none,1,26901,4901,210,210,128,21,210,39,10500,19,50,test_length-model_input_window_size+1,True,True,True,0,0,0,fixed_for_pretraining_audit,window and workload settings fixed,"(26901, 100, 1)","[batch, 100]","[batch, 100]",100,not_applicable,not_applicable,manifest order preserved,채널별 window 재구성 오차; 중앙 시점 정렬,True,data shape applicable; raw wrapper contract checked separately
GHL,series_08,60,normal,LSTM-AD,50000,45000,27000,18000,5000,100,1,1,128,1,False,50,one_multivariate_model,patience=3,1,26900,4900,210,211,20,0,211,39,10550,1,100,test_length-model_input_window_size,True,True,True,0,0,0,fixed_for_pretraining_audit,window and workload settings fixed,"(26900, 100, 19)","[batch, 100, 19]","[1, batch, 19]",not_applicable,not_applicable,not_applicable,manifest order preserved,1-step 예측 오차; source[W:] 정렬,False,data shape applicable; raw wrapper contract checked separately
GHL,series_08,60,normal,USAD,50000,45000,27000,18000,5000,10,1,1,128,0,False,70,one_multivariate_model,none,2,26991,4991,210,211,111,0,422,39,29540,1,5,test_length-model_input_window_size+1,True,True,True,0,0,0,fixed_project_transfer_rule,window and batch_size=128 fixed by project transfer rule,"(26991, 10, 19)","[batch, 10, 19]","3 x [batch, 190]",190,not_applicable,not_applicable,manifest order preserved,window×channel 재구성 오차; 중앙 시점 정렬,False,data shape applicable; raw wrapper contract checked separately
GHL,series_08,60,normal,GDN,50000,45000,27000,18000,5000,5,1,1,32,1,False,50,one_multivariate_model,patience=10,1,26995,4995,843,844,19,0,844,157,42200,1,5,test_length-model_input_window_size,True,True,True,0,0,0,fixed_for_pretraining_audit,window and workload fixed; project topk does not change these counts,"(26995, 5, 19)","[batch, 19, 5]","[batch, 19]",not_applicable,19,5,manifest order preserved,1-step 채널별 절대 예측 오차; source[W:] 정렬,False,data shape applicable; raw wrapper contract checked separately
GHL,series_08,80,normal,CI-AE,50000,45000,36000,9000,5000,100,1,1,128,0,True,50,one_model_per_channel,none,1,35901,4901,280,280,128,61,280,39,14000,19,50,test_length-model_input_window_size+1,True,True,True,0,0,0,fixed_for_pretraining_audit,window and workload settings fixed,"(35901, 100, 1)","[batch, 100]","[batch, 100]",100,not_applicable,not_applicable,manifest order preserved,채널별 window 재구성 오차; 중앙 시점 정렬,True,data shape applicable; raw wrapper contract checked separately
GHL,series_08,80,normal,LSTM-AD,50000,45000,36000,9000,5000,100,1,1,128,1,False,50,one_multivariate_model,patience=3,1,35900,4900,280,281,60,0,281,39,14050,1,100,test_length-model_input_window_size,True,True,True,0,0,0,fixed_for_pretraining_audit,window and workload settings fixed,"(35900, 100, 19)","[batch, 100, 19]","[1, batch, 19]",not_applicable,not_applicable,not_applicable,manifest order preserved,1-step 예측 오차; source[W:] 정렬,False,data shape applicable; raw wrapper contract checked separately
GHL,series_08,80,normal,USAD,50000,45000,36000,9000,5000,10,1,1,128,0,False,70,one_multivariate_model,none,2,35991,4991,281,282,23,0,564,39,39480,1,5,test_length-model_input_window_size+1,True,True,True,0,0,0,fixed_project_transfer_rule,window and batch_size=128 fixed by project transfer rule,"(35991, 10, 19)","[batch, 10, 19]","3 x [batch, 190]",190,not_applicable,not_applicable,manifest order preserved,window×channel 재구성 오차; 중앙 시점 정렬,False,data shape applicable; raw wrapper contract checked separately
GHL,series_08,80,normal,GDN,50000,45000,36000,9000,5000,5,1,1,32,1,False,50,one_multivariate_model,patience=10,1,35995,4995,1124,1125,27,0,1125,157,56250,1,5,test_length-model_input_window_size,True,True,True,0,0,0,fixed_for_pretraining_audit,window and workload fixed; project topk does not change these counts,"(35995, 5, 19)","[batch, 19, 5]","[batch, 19]",not_applicable,19,5,manifest order preserved,1-step 채널별 절대 예측 오차; source[W:] 정렬,False,data shape applicable; raw wrapper contract checked separately
GHL,series_08,100,normal,CI-AE,50000,45000,45000,0,5000,100,1,1,128,0,True,50,one_model_per_channel,none,1,44901,4901,350,350,128,101,350,39,17500,19,50,test_length-model_input_window_size+1,True,True,True,0,0,0,fixed_for_pretraining_audit,window and workload settings fixed,"(44901, 100, 1)","[batch, 100]","[batch, 100]",100,not_applicable,not_applicable,manifest order preserved,채널별 window 재구성 오차; 중앙 시점 정렬,True,data shape applicable; raw wrapper contract checked separately
GHL,series_08,100,normal,LSTM-AD,50000,45000,45000,0,5000,100,1,1,128,1,False,50,one_multivariate_model,patience=3,1,44900,4900,350,351,100,0,351,39,17550,1,100,test_length-model_input_window_size,True,True,True,0,0,0,fixed_for_pretraining_audit,window and workload settings fixed,"(44900, 100, 19)","[batch, 100, 19]","[1, batch, 19]",not_applicable,not_applicable,not_applicable,manifest order preserved,1-step 예측 오차; source[W:] 정렬,False,data shape applicable; raw wrapper contract checked separately
GHL,series_08,100,normal,USAD,50000,45000,45000,0,5000,10,1,1,128,0,False,70,one_multivariate_model,none,2,44991,4991,351,352,63,0,704,39,49280,1,5,test_length-model_input_window_size+1,True,True,True,0,0,0,fixed_project_transfer_rule,window and batch_size=128 fixed by project transfer rule,"(44991, 10, 19)","[batch, 10, 19]","3 x [batch, 190]",190,not_applicable,not_applicable,manifest order preserved,window×channel 재구성 오차; 중앙 시점 정렬,False,data shape applicable; raw wrapper contract checked separately
GHL,series_08,100,normal,GDN,50000,45000,45000,0,5000,5,1,1,32,1,False,50,one_multivariate_model,patience=10,1,44995,4995,1406,1407,3,0,1407,157,70350,1,5,test_length-model_input_window_size,True,True,True,0,0,0,fixed_for_pretraining_audit,window and workload fixed; project topk does not change these counts,"(44995, 5, 19)","[batch, 19, 5]","[batch, 19]",not_applicable,19,5,manifest order preserved,1-step 채널별 절대 예측 오차; source[W:] 정렬,False,data shape applicable; raw wrapper contract checked separately
GHL,series_09,5,normal,CI-AE,50000,45000,2250,42750,5000,100,1,1,128,0,True,50,one_model_per_channel,none,1,2151,4901,16,16,128,103,16,39,800,19,50,test_length-model_input_window_size+1,True,True,True,0,0,0,fixed_for_pretraining_audit,window and workload settings fixed,"(2151, 100, 1)","[batch, 100]","[batch, 100]",100,not_applicable,not_applicable,manifest order preserved,채널별 window 재구성 오차; 중앙 시점 정렬,True,data shape applicable; raw wrapper contract checked separately
GHL,series_09,5,normal,LSTM-AD,50000,45000,2250,42750,5000,100,1,1,128,1,False,50,one_multivariate_model,patience=3,1,2150,4900,16,17,102,0,17,39,850,1,100,test_length-model_input_window_size,True,True,True,0,0,0,fixed_for_pretraining_audit,window and workload settings fixed,"(2150, 100, 19)","[batch, 100, 19]","[1, batch, 19]",not_applicable,not_applicable,not_applicable,manifest order preserved,1-step 예측 오차; source[W:] 정렬,False,data shape applicable; raw wrapper contract checked separately
GHL,series_09,5,normal,USAD,50000,45000,2250,42750,5000,10,1,1,128,0,False,70,one_multivariate_model,none,2,2241,4991,17,18,65,0,36,39,2520,1,5,test_length-model_input_window_size+1,True,True,True,0,0,0,fixed_project_transfer_rule,window and batch_size=128 fixed by project transfer rule,"(2241, 10, 19)","[batch, 10, 19]","3 x [batch, 190]",190,not_applicable,not_applicable,manifest order preserved,window×channel 재구성 오차; 중앙 시점 정렬,False,data shape applicable; raw wrapper contract checked separately
GHL,series_09,5,normal,GDN,50000,45000,2250,42750,5000,5,1,1,32,1,False,50,one_multivariate_model,patience=10,1,2245,4995,70,71,5,0,71,157,3550,1,5,test_length-model_input_window_size,True,True,True,0,0,0,fixed_for_pretraining_audit,window and workload fixed; project topk does not change these counts,"(2245, 5, 19)","[batch, 19, 5]","[batch, 19]",not_applicable,19,5,manifest order preserved,1-step 채널별 절대 예측 오차; source[W:] 정렬,False,data shape applicable; raw wrapper contract checked separately
GHL,series_09,10,normal,CI-AE,50000,45000,4500,40500,5000,100,1,1,128,0,True,50,one_model_per_channel,none,1,4401,4901,34,34,128,49,34,39,1700,19,50,test_length-model_input_window_size+1,True,True,True,0,0,0,fixed_for_pretraining_audit,window and workload settings fixed,"(4401, 100, 1)","[batch, 100]","[batch, 100]",100,not_applicable,not_applicable,manifest order preserved,채널별 window 재구성 오차; 중앙 시점 정렬,True,data shape applicable; raw wrapper contract checked separately
GHL,series_09,10,normal,LSTM-AD,50000,45000,4500,40500,5000,100,1,1,128,1,False,50,one_multivariate_model,patience=3,1,4400,4900,34,35,48,0,35,39,1750,1,100,test_length-model_input_window_size,True,True,True,0,0,0,fixed_for_pretraining_audit,window and workload settings fixed,"(4400, 100, 19)","[batch, 100, 19]","[1, batch, 19]",not_applicable,not_applicable,not_applicable,manifest order preserved,1-step 예측 오차; source[W:] 정렬,False,data shape applicable; raw wrapper contract checked separately
GHL,series_09,10,normal,USAD,50000,45000,4500,40500,5000,10,1,1,128,0,False,70,one_multivariate_model,none,2,4491,4991,35,36,11,0,72,39,5040,1,5,test_length-model_input_window_size+1,True,True,True,0,0,0,fixed_project_transfer_rule,window and batch_size=128 fixed by project transfer rule,"(4491, 10, 19)","[batch, 10, 19]","3 x [batch, 190]",190,not_applicable,not_applicable,manifest order preserved,window×channel 재구성 오차; 중앙 시점 정렬,False,data shape applicable; raw wrapper contract checked separately
GHL,series_09,10,normal,GDN,50000,45000,4500,40500,5000,5,1,1,32,1,False,50,one_multivariate_model,patience=10,1,4495,4995,140,141,15,0,141,157,7050,1,5,test_length-model_input_window_size,True,True,True,0,0,0,fixed_for_pretraining_audit,window and workload fixed; project topk does not change these counts,"(4495, 5, 19)","[batch, 19, 5]","[batch, 19]",not_applicable,19,5,manifest order preserved,1-step 채널별 절대 예측 오차; source[W:] 정렬,False,data shape applicable; raw wrapper contract checked separately
GHL,series_09,20,normal,CI-AE,50000,45000,9000,36000,5000,100,1,1,128,0,True,50,one_model_per_channel,none,1,8901,4901,69,69,128,69,69,39,3450,19,50,test_length-model_input_window_size+1,True,True,True,0,0,0,fixed_for_pretraining_audit,window and workload settings fixed,"(8901, 100, 1)","[batch, 100]","[batch, 100]",100,not_applicable,not_applicable,manifest order preserved,채널별 window 재구성 오차; 중앙 시점 정렬,True,data shape applicable; raw wrapper contract checked separately
GHL,series_09,20,normal,LSTM-AD,50000,45000,9000,36000,5000,100,1,1,128,1,False,50,one_multivariate_model,patience=3,1,8900,4900,69,70,68,0,70,39,3500,1,100,test_length-model_input_window_size,True,True,True,0,0,0,fixed_for_pretraining_audit,window and workload settings fixed,"(8900, 100, 19)","[batch, 100, 19]","[1, batch, 19]",not_applicable,not_applicable,not_applicable,manifest order preserved,1-step 예측 오차; source[W:] 정렬,False,data shape applicable; raw wrapper contract checked separately
GHL,series_09,20,normal,USAD,50000,45000,9000,36000,5000,10,1,1,128,0,False,70,one_multivariate_model,none,2,8991,4991,70,71,31,0,142,39,9940,1,5,test_length-model_input_window_size+1,True,True,True,0,0,0,fixed_project_transfer_rule,window and batch_size=128 fixed by project transfer rule,"(8991, 10, 19)","[batch, 10, 19]","3 x [batch, 190]",190,not_applicable,not_applicable,manifest order preserved,window×channel 재구성 오차; 중앙 시점 정렬,False,data shape applicable; raw wrapper contract checked separately
GHL,series_09,20,normal,GDN,50000,45000,9000,36000,5000,5,1,1,32,1,False,50,one_multivariate_model,patience=10,1,8995,4995,281,282,3,0,282,157,14100,1,5,test_length-model_input_window_size,True,True,True,0,0,0,fixed_for_pretraining_audit,window and workload fixed; project topk does not change these counts,"(8995, 5, 19)","[batch, 19, 5]","[batch, 19]",not_applicable,19,5,manifest order preserved,1-step 채널별 절대 예측 오차; source[W:] 정렬,False,data shape applicable; raw wrapper contract checked separately
GHL,series_09,40,normal,CI-AE,50000,45000,18000,27000,5000,100,1,1,128,0,True,50,one_model_per_channel,none,1,17901,4901,139,139,128,109,139,39,6950,19,50,test_length-model_input_window_size+1,True,True,True,0,0,0,fixed_for_pretraining_audit,window and workload settings fixed,"(17901, 100, 1)","[batch, 100]","[batch, 100]",100,not_applicable,not_applicable,manifest order preserved,채널별 window 재구성 오차; 중앙 시점 정렬,True,data shape applicable; raw wrapper contract checked separately
GHL,series_09,40,normal,LSTM-AD,50000,45000,18000,27000,5000,100,1,1,128,1,False,50,one_multivariate_model,patience=3,1,17900,4900,139,140,108,0,140,39,7000,1,100,test_length-model_input_window_size,True,True,True,0,0,0,fixed_for_pretraining_audit,window and workload settings fixed,"(17900, 100, 19)","[batch, 100, 19]","[1, batch, 19]",not_applicable,not_applicable,not_applicable,manifest order preserved,1-step 예측 오차; source[W:] 정렬,False,data shape applicable; raw wrapper contract checked separately
GHL,series_09,40,normal,USAD,50000,45000,18000,27000,5000,10,1,1,128,0,False,70,one_multivariate_model,none,2,17991,4991,140,141,71,0,282,39,19740,1,5,test_length-model_input_window_size+1,True,True,True,0,0,0,fixed_project_transfer_rule,window and batch_size=128 fixed by project transfer rule,"(17991, 10, 19)","[batch, 10, 19]","3 x [batch, 190]",190,not_applicable,not_applicable,manifest order preserved,window×channel 재구성 오차; 중앙 시점 정렬,False,data shape applicable; raw wrapper contract checked separately
GHL,series_09,40,normal,GDN,50000,45000,18000,27000,5000,5,1,1,32,1,False,50,one_multivariate_model,patience=10,1,17995,4995,562,563,11,0,563,157,28150,1,5,test_length-model_input_window_size,True,True,True,0,0,0,fixed_for_pretraining_audit,window and workload fixed; project topk does not change these counts,"(17995, 5, 19)","[batch, 19, 5]","[batch, 19]",not_applicable,19,5,manifest order preserved,1-step 채널별 절대 예측 오차; source[W:] 정렬,False,data shape applicable; raw wrapper contract checked separately
GHL,series_09,60,normal,CI-AE,50000,45000,27000,18000,5000,100,1,1,128,0,True,50,one_model_per_channel,none,1,26901,4901,210,210,128,21,210,39,10500,19,50,test_length-model_input_window_size+1,True,True,True,0,0,0,fixed_for_pretraining_audit,window and workload settings fixed,"(26901, 100, 1)","[batch, 100]","[batch, 100]",100,not_applicable,not_applicable,manifest order preserved,채널별 window 재구성 오차; 중앙 시점 정렬,True,data shape applicable; raw wrapper contract checked separately
GHL,series_09,60,normal,LSTM-AD,50000,45000,27000,18000,5000,100,1,1,128,1,False,50,one_multivariate_model,patience=3,1,26900,4900,210,211,20,0,211,39,10550,1,100,test_length-model_input_window_size,True,True,True,0,0,0,fixed_for_pretraining_audit,window and workload settings fixed,"(26900, 100, 19)","[batch, 100, 19]","[1, batch, 19]",not_applicable,not_applicable,not_applicable,manifest order preserved,1-step 예측 오차; source[W:] 정렬,False,data shape applicable; raw wrapper contract checked separately
GHL,series_09,60,normal,USAD,50000,45000,27000,18000,5000,10,1,1,128,0,False,70,one_multivariate_model,none,2,26991,4991,210,211,111,0,422,39,29540,1,5,test_length-model_input_window_size+1,True,True,True,0,0,0,fixed_project_transfer_rule,window and batch_size=128 fixed by project transfer rule,"(26991, 10, 19)","[batch, 10, 19]","3 x [batch, 190]",190,not_applicable,not_applicable,manifest order preserved,window×channel 재구성 오차; 중앙 시점 정렬,False,data shape applicable; raw wrapper contract checked separately
GHL,series_09,60,normal,GDN,50000,45000,27000,18000,5000,5,1,1,32,1,False,50,one_multivariate_model,patience=10,1,26995,4995,843,844,19,0,844,157,42200,1,5,test_length-model_input_window_size,True,True,True,0,0,0,fixed_for_pretraining_audit,window and workload fixed; project topk does not change these counts,"(26995, 5, 19)","[batch, 19, 5]","[batch, 19]",not_applicable,19,5,manifest order preserved,1-step 채널별 절대 예측 오차; source[W:] 정렬,False,data shape applicable; raw wrapper contract checked separately
GHL,series_09,80,normal,CI-AE,50000,45000,36000,9000,5000,100,1,1,128,0,True,50,one_model_per_channel,none,1,35901,4901,280,280,128,61,280,39,14000,19,50,test_length-model_input_window_size+1,True,True,True,0,0,0,fixed_for_pretraining_audit,window and workload settings fixed,"(35901, 100, 1)","[batch, 100]","[batch, 100]",100,not_applicable,not_applicable,manifest order preserved,채널별 window 재구성 오차; 중앙 시점 정렬,True,data shape applicable; raw wrapper contract checked separately
GHL,series_09,80,normal,LSTM-AD,50000,45000,36000,9000,5000,100,1,1,128,1,False,50,one_multivariate_model,patience=3,1,35900,4900,280,281,60,0,281,39,14050,1,100,test_length-model_input_window_size,True,True,True,0,0,0,fixed_for_pretraining_audit,window and workload settings fixed,"(35900, 100, 19)","[batch, 100, 19]","[1, batch, 19]",not_applicable,not_applicable,not_applicable,manifest order preserved,1-step 예측 오차; source[W:] 정렬,False,data shape applicable; raw wrapper contract checked separately
GHL,series_09,80,normal,USAD,50000,45000,36000,9000,5000,10,1,1,128,0,False,70,one_multivariate_model,none,2,35991,4991,281,282,23,0,564,39,39480,1,5,test_length-model_input_window_size+1,True,True,True,0,0,0,fixed_project_transfer_rule,window and batch_size=128 fixed by project transfer rule,"(35991, 10, 19)","[batch, 10, 19]","3 x [batch, 190]",190,not_applicable,not_applicable,manifest order preserved,window×channel 재구성 오차; 중앙 시점 정렬,False,data shape applicable; raw wrapper contract checked separately
GHL,series_09,80,normal,GDN,50000,45000,36000,9000,5000,5,1,1,32,1,False,50,one_multivariate_model,patience=10,1,35995,4995,1124,1125,27,0,1125,157,56250,1,5,test_length-model_input_window_size,True,True,True,0,0,0,fixed_for_pretraining_audit,window and workload fixed; project topk does not change these counts,"(35995, 5, 19)","[batch, 19, 5]","[batch, 19]",not_applicable,19,5,manifest order preserved,1-step 채널별 절대 예측 오차; source[W:] 정렬,False,data shape applicable; raw wrapper contract checked separately
GHL,series_09,100,normal,CI-AE,50000,45000,45000,0,5000,100,1,1,128,0,True,50,one_model_per_channel,none,1,44901,4901,350,350,128,101,350,39,17500,19,50,test_length-model_input_window_size+1,True,True,True,0,0,0,fixed_for_pretraining_audit,window and workload settings fixed,"(44901, 100, 1)","[batch, 100]","[batch, 100]",100,not_applicable,not_applicable,manifest order preserved,채널별 window 재구성 오차; 중앙 시점 정렬,True,data shape applicable; raw wrapper contract checked separately
GHL,series_09,100,normal,LSTM-AD,50000,45000,45000,0,5000,100,1,1,128,1,False,50,one_multivariate_model,patience=3,1,44900,4900,350,351,100,0,351,39,17550,1,100,test_length-model_input_window_size,True,True,True,0,0,0,fixed_for_pretraining_audit,window and workload settings fixed,"(44900, 100, 19)","[batch, 100, 19]","[1, batch, 19]",not_applicable,not_applicable,not_applicable,manifest order preserved,1-step 예측 오차; source[W:] 정렬,False,data shape applicable; raw wrapper contract checked separately
GHL,series_09,100,normal,USAD,50000,45000,45000,0,5000,10,1,1,128,0,False,70,one_multivariate_model,none,2,44991,4991,351,352,63,0,704,39,49280,1,5,test_length-model_input_window_size+1,True,True,True,0,0,0,fixed_project_transfer_rule,window and batch_size=128 fixed by project transfer rule,"(44991, 10, 19)","[batch, 10, 19]","3 x [batch, 190]",190,not_applicable,not_applicable,manifest order preserved,window×channel 재구성 오차; 중앙 시점 정렬,False,data shape applicable; raw wrapper contract checked separately
GHL,series_09,100,normal,GDN,50000,45000,45000,0,5000,5,1,1,32,1,False,50,one_multivariate_model,patience=10,1,44995,4995,1406,1407,3,0,1407,157,70350,1,5,test_length-model_input_window_size,True,True,True,0,0,0,fixed_for_pretraining_audit,window and workload fixed; project topk does not change these counts,"(44995, 5, 19)","[batch, 19, 5]","[batch, 19]",not_applicable,19,5,manifest order preserved,1-step 채널별 절대 예측 오차; source[W:] 정렬,False,data shape applicable; raw wrapper contract checked separately
GHL,series_10,5,normal,CI-AE,50000,45000,2250,42750,5000,100,1,1,128,0,True,50,one_model_per_channel,none,1,2151,4901,16,16,128,103,16,39,800,19,50,test_length-model_input_window_size+1,True,True,True,0,0,0,fixed_for_pretraining_audit,window and workload settings fixed,"(2151, 100, 1)","[batch, 100]","[batch, 100]",100,not_applicable,not_applicable,manifest order preserved,채널별 window 재구성 오차; 중앙 시점 정렬,True,data shape applicable; raw wrapper contract checked separately
GHL,series_10,5,normal,LSTM-AD,50000,45000,2250,42750,5000,100,1,1,128,1,False,50,one_multivariate_model,patience=3,1,2150,4900,16,17,102,0,17,39,850,1,100,test_length-model_input_window_size,True,True,True,0,0,0,fixed_for_pretraining_audit,window and workload settings fixed,"(2150, 100, 19)","[batch, 100, 19]","[1, batch, 19]",not_applicable,not_applicable,not_applicable,manifest order preserved,1-step 예측 오차; source[W:] 정렬,False,data shape applicable; raw wrapper contract checked separately
GHL,series_10,5,normal,USAD,50000,45000,2250,42750,5000,10,1,1,128,0,False,70,one_multivariate_model,none,2,2241,4991,17,18,65,0,36,39,2520,1,5,test_length-model_input_window_size+1,True,True,True,0,0,0,fixed_project_transfer_rule,window and batch_size=128 fixed by project transfer rule,"(2241, 10, 19)","[batch, 10, 19]","3 x [batch, 190]",190,not_applicable,not_applicable,manifest order preserved,window×channel 재구성 오차; 중앙 시점 정렬,False,data shape applicable; raw wrapper contract checked separately
GHL,series_10,5,normal,GDN,50000,45000,2250,42750,5000,5,1,1,32,1,False,50,one_multivariate_model,patience=10,1,2245,4995,70,71,5,0,71,157,3550,1,5,test_length-model_input_window_size,True,True,True,0,0,0,fixed_for_pretraining_audit,window and workload fixed; project topk does not change these counts,"(2245, 5, 19)","[batch, 19, 5]","[batch, 19]",not_applicable,19,5,manifest order preserved,1-step 채널별 절대 예측 오차; source[W:] 정렬,False,data shape applicable; raw wrapper contract checked separately
GHL,series_10,10,normal,CI-AE,50000,45000,4500,40500,5000,100,1,1,128,0,True,50,one_model_per_channel,none,1,4401,4901,34,34,128,49,34,39,1700,19,50,test_length-model_input_window_size+1,True,True,True,0,0,0,fixed_for_pretraining_audit,window and workload settings fixed,"(4401, 100, 1)","[batch, 100]","[batch, 100]",100,not_applicable,not_applicable,manifest order preserved,채널별 window 재구성 오차; 중앙 시점 정렬,True,data shape applicable; raw wrapper contract checked separately
GHL,series_10,10,normal,LSTM-AD,50000,45000,4500,40500,5000,100,1,1,128,1,False,50,one_multivariate_model,patience=3,1,4400,4900,34,35,48,0,35,39,1750,1,100,test_length-model_input_window_size,True,True,True,0,0,0,fixed_for_pretraining_audit,window and workload settings fixed,"(4400, 100, 19)","[batch, 100, 19]","[1, batch, 19]",not_applicable,not_applicable,not_applicable,manifest order preserved,1-step 예측 오차; source[W:] 정렬,False,data shape applicable; raw wrapper contract checked separately
GHL,series_10,10,normal,USAD,50000,45000,4500,40500,5000,10,1,1,128,0,False,70,one_multivariate_model,none,2,4491,4991,35,36,11,0,72,39,5040,1,5,test_length-model_input_window_size+1,True,True,True,0,0,0,fixed_project_transfer_rule,window and batch_size=128 fixed by project transfer rule,"(4491, 10, 19)","[batch, 10, 19]","3 x [batch, 190]",190,not_applicable,not_applicable,manifest order preserved,window×channel 재구성 오차; 중앙 시점 정렬,False,data shape applicable; raw wrapper contract checked separately
GHL,series_10,10,normal,GDN,50000,45000,4500,40500,5000,5,1,1,32,1,False,50,one_multivariate_model,patience=10,1,4495,4995,140,141,15,0,141,157,7050,1,5,test_length-model_input_window_size,True,True,True,0,0,0,fixed_for_pretraining_audit,window and workload fixed; project topk does not change these counts,"(4495, 5, 19)","[batch, 19, 5]","[batch, 19]",not_applicable,19,5,manifest order preserved,1-step 채널별 절대 예측 오차; source[W:] 정렬,False,data shape applicable; raw wrapper contract checked separately
GHL,series_10,20,normal,CI-AE,50000,45000,9000,36000,5000,100,1,1,128,0,True,50,one_model_per_channel,none,1,8901,4901,69,69,128,69,69,39,3450,19,50,test_length-model_input_window_size+1,True,True,True,0,0,0,fixed_for_pretraining_audit,window and workload settings fixed,"(8901, 100, 1)","[batch, 100]","[batch, 100]",100,not_applicable,not_applicable,manifest order preserved,채널별 window 재구성 오차; 중앙 시점 정렬,True,data shape applicable; raw wrapper contract checked separately
GHL,series_10,20,normal,LSTM-AD,50000,45000,9000,36000,5000,100,1,1,128,1,False,50,one_multivariate_model,patience=3,1,8900,4900,69,70,68,0,70,39,3500,1,100,test_length-model_input_window_size,True,True,True,0,0,0,fixed_for_pretraining_audit,window and workload settings fixed,"(8900, 100, 19)","[batch, 100, 19]","[1, batch, 19]",not_applicable,not_applicable,not_applicable,manifest order preserved,1-step 예측 오차; source[W:] 정렬,False,data shape applicable; raw wrapper contract checked separately
GHL,series_10,20,normal,USAD,50000,45000,9000,36000,5000,10,1,1,128,0,False,70,one_multivariate_model,none,2,8991,4991,70,71,31,0,142,39,9940,1,5,test_length-model_input_window_size+1,True,True,True,0,0,0,fixed_project_transfer_rule,window and batch_size=128 fixed by project transfer rule,"(8991, 10, 19)","[batch, 10, 19]","3 x [batch, 190]",190,not_applicable,not_applicable,manifest order preserved,window×channel 재구성 오차; 중앙 시점 정렬,False,data shape applicable; raw wrapper contract checked separately
GHL,series_10,20,normal,GDN,50000,45000,9000,36000,5000,5,1,1,32,1,False,50,one_multivariate_model,patience=10,1,8995,4995,281,282,3,0,282,157,14100,1,5,test_length-model_input_window_size,True,True,True,0,0,0,fixed_for_pretraining_audit,window and workload fixed; project topk does not change these counts,"(8995, 5, 19)","[batch, 19, 5]","[batch, 19]",not_applicable,19,5,manifest order preserved,1-step 채널별 절대 예측 오차; source[W:] 정렬,False,data shape applicable; raw wrapper contract checked separately
GHL,series_10,40,normal,CI-AE,50000,45000,18000,27000,5000,100,1,1,128,0,True,50,one_model_per_channel,none,1,17901,4901,139,139,128,109,139,39,6950,19,50,test_length-model_input_window_size+1,True,True,True,0,0,0,fixed_for_pretraining_audit,window and workload settings fixed,"(17901, 100, 1)","[batch, 100]","[batch, 100]",100,not_applicable,not_applicable,manifest order preserved,채널별 window 재구성 오차; 중앙 시점 정렬,True,data shape applicable; raw wrapper contract checked separately
GHL,series_10,40,normal,LSTM-AD,50000,45000,18000,27000,5000,100,1,1,128,1,False,50,one_multivariate_model,patience=3,1,17900,4900,139,140,108,0,140,39,7000,1,100,test_length-model_input_window_size,True,True,True,0,0,0,fixed_for_pretraining_audit,window and workload settings fixed,"(17900, 100, 19)","[batch, 100, 19]","[1, batch, 19]",not_applicable,not_applicable,not_applicable,manifest order preserved,1-step 예측 오차; source[W:] 정렬,False,data shape applicable; raw wrapper contract checked separately
GHL,series_10,40,normal,USAD,50000,45000,18000,27000,5000,10,1,1,128,0,False,70,one_multivariate_model,none,2,17991,4991,140,141,71,0,282,39,19740,1,5,test_length-model_input_window_size+1,True,True,True,0,0,0,fixed_project_transfer_rule,window and batch_size=128 fixed by project transfer rule,"(17991, 10, 19)","[batch, 10, 19]","3 x [batch, 190]",190,not_applicable,not_applicable,manifest order preserved,window×channel 재구성 오차; 중앙 시점 정렬,False,data shape applicable; raw wrapper contract checked separately
GHL,series_10,40,normal,GDN,50000,45000,18000,27000,5000,5,1,1,32,1,False,50,one_multivariate_model,patience=10,1,17995,4995,562,563,11,0,563,157,28150,1,5,test_length-model_input_window_size,True,True,True,0,0,0,fixed_for_pretraining_audit,window and workload fixed; project topk does not change these counts,"(17995, 5, 19)","[batch, 19, 5]","[batch, 19]",not_applicable,19,5,manifest order preserved,1-step 채널별 절대 예측 오차; source[W:] 정렬,False,data shape applicable; raw wrapper contract checked separately
GHL,series_10,60,normal,CI-AE,50000,45000,27000,18000,5000,100,1,1,128,0,True,50,one_model_per_channel,none,1,26901,4901,210,210,128,21,210,39,10500,19,50,test_length-model_input_window_size+1,True,True,True,0,0,0,fixed_for_pretraining_audit,window and workload settings fixed,"(26901, 100, 1)","[batch, 100]","[batch, 100]",100,not_applicable,not_applicable,manifest order preserved,채널별 window 재구성 오차; 중앙 시점 정렬,True,data shape applicable; raw wrapper contract checked separately
GHL,series_10,60,normal,LSTM-AD,50000,45000,27000,18000,5000,100,1,1,128,1,False,50,one_multivariate_model,patience=3,1,26900,4900,210,211,20,0,211,39,10550,1,100,test_length-model_input_window_size,True,True,True,0,0,0,fixed_for_pretraining_audit,window and workload settings fixed,"(26900, 100, 19)","[batch, 100, 19]","[1, batch, 19]",not_applicable,not_applicable,not_applicable,manifest order preserved,1-step 예측 오차; source[W:] 정렬,False,data shape applicable; raw wrapper contract checked separately
GHL,series_10,60,normal,USAD,50000,45000,27000,18000,5000,10,1,1,128,0,False,70,one_multivariate_model,none,2,26991,4991,210,211,111,0,422,39,29540,1,5,test_length-model_input_window_size+1,True,True,True,0,0,0,fixed_project_transfer_rule,window and batch_size=128 fixed by project transfer rule,"(26991, 10, 19)","[batch, 10, 19]","3 x [batch, 190]",190,not_applicable,not_applicable,manifest order preserved,window×channel 재구성 오차; 중앙 시점 정렬,False,data shape applicable; raw wrapper contract checked separately
GHL,series_10,60,normal,GDN,50000,45000,27000,18000,5000,5,1,1,32,1,False,50,one_multivariate_model,patience=10,1,26995,4995,843,844,19,0,844,157,42200,1,5,test_length-model_input_window_size,True,True,True,0,0,0,fixed_for_pretraining_audit,window and workload fixed; project topk does not change these counts,"(26995, 5, 19)","[batch, 19, 5]","[batch, 19]",not_applicable,19,5,manifest order preserved,1-step 채널별 절대 예측 오차; source[W:] 정렬,False,data shape applicable; raw wrapper contract checked separately
GHL,series_10,80,normal,CI-AE,50000,45000,36000,9000,5000,100,1,1,128,0,True,50,one_model_per_channel,none,1,35901,4901,280,280,128,61,280,39,14000,19,50,test_length-model_input_window_size+1,True,True,True,0,0,0,fixed_for_pretraining_audit,window and workload settings fixed,"(35901, 100, 1)","[batch, 100]","[batch, 100]",100,not_applicable,not_applicable,manifest order preserved,채널별 window 재구성 오차; 중앙 시점 정렬,True,data shape applicable; raw wrapper contract checked separately
GHL,series_10,80,normal,LSTM-AD,50000,45000,36000,9000,5000,100,1,1,128,1,False,50,one_multivariate_model,patience=3,1,35900,4900,280,281,60,0,281,39,14050,1,100,test_length-model_input_window_size,True,True,True,0,0,0,fixed_for_pretraining_audit,window and workload settings fixed,"(35900, 100, 19)","[batch, 100, 19]","[1, batch, 19]",not_applicable,not_applicable,not_applicable,manifest order preserved,1-step 예측 오차; source[W:] 정렬,False,data shape applicable; raw wrapper contract checked separately
GHL,series_10,80,normal,USAD,50000,45000,36000,9000,5000,10,1,1,128,0,False,70,one_multivariate_model,none,2,35991,4991,281,282,23,0,564,39,39480,1,5,test_length-model_input_window_size+1,True,True,True,0,0,0,fixed_project_transfer_rule,window and batch_size=128 fixed by project transfer rule,"(35991, 10, 19)","[batch, 10, 19]","3 x [batch, 190]",190,not_applicable,not_applicable,manifest order preserved,window×channel 재구성 오차; 중앙 시점 정렬,False,data shape applicable; raw wrapper contract checked separately
GHL,series_10,80,normal,GDN,50000,45000,36000,9000,5000,5,1,1,32,1,False,50,one_multivariate_model,patience=10,1,35995,4995,1124,1125,27,0,1125,157,56250,1,5,test_length-model_input_window_size,True,True,True,0,0,0,fixed_for_pretraining_audit,window and workload fixed; project topk does not change these counts,"(35995, 5, 19)","[batch, 19, 5]","[batch, 19]",not_applicable,19,5,manifest order preserved,1-step 채널별 절대 예측 오차; source[W:] 정렬,False,data shape applicable; raw wrapper contract checked separately
GHL,series_10,100,normal,CI-AE,50000,45000,45000,0,5000,100,1,1,128,0,True,50,one_model_per_channel,none,1,44901,4901,350,350,128,101,350,39,17500,19,50,test_length-model_input_window_size+1,True,True,True,0,0,0,fixed_for_pretraining_audit,window and workload settings fixed,"(44901, 100, 1)","[batch, 100]","[batch, 100]",100,not_applicable,not_applicable,manifest order preserved,채널별 window 재구성 오차; 중앙 시점 정렬,True,data shape applicable; raw wrapper contract checked separately
GHL,series_10,100,normal,LSTM-AD,50000,45000,45000,0,5000,100,1,1,128,1,False,50,one_multivariate_model,patience=3,1,44900,4900,350,351,100,0,351,39,17550,1,100,test_length-model_input_window_size,True,True,True,0,0,0,fixed_for_pretraining_audit,window and workload settings fixed,"(44900, 100, 19)","[batch, 100, 19]","[1, batch, 19]",not_applicable,not_applicable,not_applicable,manifest order preserved,1-step 예측 오차; source[W:] 정렬,False,data shape applicable; raw wrapper contract checked separately
GHL,series_10,100,normal,USAD,50000,45000,45000,0,5000,10,1,1,128,0,False,70,one_multivariate_model,none,2,44991,4991,351,352,63,0,704,39,49280,1,5,test_length-model_input_window_size+1,True,True,True,0,0,0,fixed_project_transfer_rule,window and batch_size=128 fixed by project transfer rule,"(44991, 10, 19)","[batch, 10, 19]","3 x [batch, 190]",190,not_applicable,not_applicable,manifest order preserved,window×channel 재구성 오차; 중앙 시점 정렬,False,data shape applicable; raw wrapper contract checked separately
GHL,series_10,100,normal,GDN,50000,45000,45000,0,5000,5,1,1,32,1,False,50,one_multivariate_model,patience=10,1,44995,4995,1406,1407,3,0,1407,157,70350,1,5,test_length-model_input_window_size,True,True,True,0,0,0,fixed_for_pretraining_audit,window and workload fixed; project topk does not change these counts,"(44995, 5, 19)","[batch, 19, 5]","[batch, 19]",not_applicable,19,5,manifest order preserved,1-step 채널별 절대 예측 오차; source[W:] 정렬,False,data shape applicable; raw wrapper contract checked separately
GHL,series_11,5,normal,CI-AE,50000,45000,2250,42750,5000,100,1,1,128,0,True,50,one_model_per_channel,none,1,2151,4901,16,16,128,103,16,39,800,19,50,test_length-model_input_window_size+1,True,True,True,0,0,0,fixed_for_pretraining_audit,window and workload settings fixed,"(2151, 100, 1)","[batch, 100]","[batch, 100]",100,not_applicable,not_applicable,manifest order preserved,채널별 window 재구성 오차; 중앙 시점 정렬,True,data shape applicable; raw wrapper contract checked separately
GHL,series_11,5,normal,LSTM-AD,50000,45000,2250,42750,5000,100,1,1,128,1,False,50,one_multivariate_model,patience=3,1,2150,4900,16,17,102,0,17,39,850,1,100,test_length-model_input_window_size,True,True,True,0,0,0,fixed_for_pretraining_audit,window and workload settings fixed,"(2150, 100, 19)","[batch, 100, 19]","[1, batch, 19]",not_applicable,not_applicable,not_applicable,manifest order preserved,1-step 예측 오차; source[W:] 정렬,False,data shape applicable; raw wrapper contract checked separately
GHL,series_11,5,normal,USAD,50000,45000,2250,42750,5000,10,1,1,128,0,False,70,one_multivariate_model,none,2,2241,4991,17,18,65,0,36,39,2520,1,5,test_length-model_input_window_size+1,True,True,True,0,0,0,fixed_project_transfer_rule,window and batch_size=128 fixed by project transfer rule,"(2241, 10, 19)","[batch, 10, 19]","3 x [batch, 190]",190,not_applicable,not_applicable,manifest order preserved,window×channel 재구성 오차; 중앙 시점 정렬,False,data shape applicable; raw wrapper contract checked separately
GHL,series_11,5,normal,GDN,50000,45000,2250,42750,5000,5,1,1,32,1,False,50,one_multivariate_model,patience=10,1,2245,4995,70,71,5,0,71,157,3550,1,5,test_length-model_input_window_size,True,True,True,0,0,0,fixed_for_pretraining_audit,window and workload fixed; project topk does not change these counts,"(2245, 5, 19)","[batch, 19, 5]","[batch, 19]",not_applicable,19,5,manifest order preserved,1-step 채널별 절대 예측 오차; source[W:] 정렬,False,data shape applicable; raw wrapper contract checked separately
GHL,series_11,10,normal,CI-AE,50000,45000,4500,40500,5000,100,1,1,128,0,True,50,one_model_per_channel,none,1,4401,4901,34,34,128,49,34,39,1700,19,50,test_length-model_input_window_size+1,True,True,True,0,0,0,fixed_for_pretraining_audit,window and workload settings fixed,"(4401, 100, 1)","[batch, 100]","[batch, 100]",100,not_applicable,not_applicable,manifest order preserved,채널별 window 재구성 오차; 중앙 시점 정렬,True,data shape applicable; raw wrapper contract checked separately
GHL,series_11,10,normal,LSTM-AD,50000,45000,4500,40500,5000,100,1,1,128,1,False,50,one_multivariate_model,patience=3,1,4400,4900,34,35,48,0,35,39,1750,1,100,test_length-model_input_window_size,True,True,True,0,0,0,fixed_for_pretraining_audit,window and workload settings fixed,"(4400, 100, 19)","[batch, 100, 19]","[1, batch, 19]",not_applicable,not_applicable,not_applicable,manifest order preserved,1-step 예측 오차; source[W:] 정렬,False,data shape applicable; raw wrapper contract checked separately
GHL,series_11,10,normal,USAD,50000,45000,4500,40500,5000,10,1,1,128,0,False,70,one_multivariate_model,none,2,4491,4991,35,36,11,0,72,39,5040,1,5,test_length-model_input_window_size+1,True,True,True,0,0,0,fixed_project_transfer_rule,window and batch_size=128 fixed by project transfer rule,"(4491, 10, 19)","[batch, 10, 19]","3 x [batch, 190]",190,not_applicable,not_applicable,manifest order preserved,window×channel 재구성 오차; 중앙 시점 정렬,False,data shape applicable; raw wrapper contract checked separately
GHL,series_11,10,normal,GDN,50000,45000,4500,40500,5000,5,1,1,32,1,False,50,one_multivariate_model,patience=10,1,4495,4995,140,141,15,0,141,157,7050,1,5,test_length-model_input_window_size,True,True,True,0,0,0,fixed_for_pretraining_audit,window and workload fixed; project topk does not change these counts,"(4495, 5, 19)","[batch, 19, 5]","[batch, 19]",not_applicable,19,5,manifest order preserved,1-step 채널별 절대 예측 오차; source[W:] 정렬,False,data shape applicable; raw wrapper contract checked separately
GHL,series_11,20,normal,CI-AE,50000,45000,9000,36000,5000,100,1,1,128,0,True,50,one_model_per_channel,none,1,8901,4901,69,69,128,69,69,39,3450,19,50,test_length-model_input_window_size+1,True,True,True,0,0,0,fixed_for_pretraining_audit,window and workload settings fixed,"(8901, 100, 1)","[batch, 100]","[batch, 100]",100,not_applicable,not_applicable,manifest order preserved,채널별 window 재구성 오차; 중앙 시점 정렬,True,data shape applicable; raw wrapper contract checked separately
GHL,series_11,20,normal,LSTM-AD,50000,45000,9000,36000,5000,100,1,1,128,1,False,50,one_multivariate_model,patience=3,1,8900,4900,69,70,68,0,70,39,3500,1,100,test_length-model_input_window_size,True,True,True,0,0,0,fixed_for_pretraining_audit,window and workload settings fixed,"(8900, 100, 19)","[batch, 100, 19]","[1, batch, 19]",not_applicable,not_applicable,not_applicable,manifest order preserved,1-step 예측 오차; source[W:] 정렬,False,data shape applicable; raw wrapper contract checked separately
GHL,series_11,20,normal,USAD,50000,45000,9000,36000,5000,10,1,1,128,0,False,70,one_multivariate_model,none,2,8991,4991,70,71,31,0,142,39,9940,1,5,test_length-model_input_window_size+1,True,True,True,0,0,0,fixed_project_transfer_rule,window and batch_size=128 fixed by project transfer rule,"(8991, 10, 19)","[batch, 10, 19]","3 x [batch, 190]",190,not_applicable,not_applicable,manifest order preserved,window×channel 재구성 오차; 중앙 시점 정렬,False,data shape applicable; raw wrapper contract checked separately
GHL,series_11,20,normal,GDN,50000,45000,9000,36000,5000,5,1,1,32,1,False,50,one_multivariate_model,patience=10,1,8995,4995,281,282,3,0,282,157,14100,1,5,test_length-model_input_window_size,True,True,True,0,0,0,fixed_for_pretraining_audit,window and workload fixed; project topk does not change these counts,"(8995, 5, 19)","[batch, 19, 5]","[batch, 19]",not_applicable,19,5,manifest order preserved,1-step 채널별 절대 예측 오차; source[W:] 정렬,False,data shape applicable; raw wrapper contract checked separately
GHL,series_11,40,normal,CI-AE,50000,45000,18000,27000,5000,100,1,1,128,0,True,50,one_model_per_channel,none,1,17901,4901,139,139,128,109,139,39,6950,19,50,test_length-model_input_window_size+1,True,True,True,0,0,0,fixed_for_pretraining_audit,window and workload settings fixed,"(17901, 100, 1)","[batch, 100]","[batch, 100]",100,not_applicable,not_applicable,manifest order preserved,채널별 window 재구성 오차; 중앙 시점 정렬,True,data shape applicable; raw wrapper contract checked separately
GHL,series_11,40,normal,LSTM-AD,50000,45000,18000,27000,5000,100,1,1,128,1,False,50,one_multivariate_model,patience=3,1,17900,4900,139,140,108,0,140,39,7000,1,100,test_length-model_input_window_size,True,True,True,0,0,0,fixed_for_pretraining_audit,window and workload settings fixed,"(17900, 100, 19)","[batch, 100, 19]","[1, batch, 19]",not_applicable,not_applicable,not_applicable,manifest order preserved,1-step 예측 오차; source[W:] 정렬,False,data shape applicable; raw wrapper contract checked separately
GHL,series_11,40,normal,USAD,50000,45000,18000,27000,5000,10,1,1,128,0,False,70,one_multivariate_model,none,2,17991,4991,140,141,71,0,282,39,19740,1,5,test_length-model_input_window_size+1,True,True,True,0,0,0,fixed_project_transfer_rule,window and batch_size=128 fixed by project transfer rule,"(17991, 10, 19)","[batch, 10, 19]","3 x [batch, 190]",190,not_applicable,not_applicable,manifest order preserved,window×channel 재구성 오차; 중앙 시점 정렬,False,data shape applicable; raw wrapper contract checked separately
GHL,series_11,40,normal,GDN,50000,45000,18000,27000,5000,5,1,1,32,1,False,50,one_multivariate_model,patience=10,1,17995,4995,562,563,11,0,563,157,28150,1,5,test_length-model_input_window_size,True,True,True,0,0,0,fixed_for_pretraining_audit,window and workload fixed; project topk does not change these counts,"(17995, 5, 19)","[batch, 19, 5]","[batch, 19]",not_applicable,19,5,manifest order preserved,1-step 채널별 절대 예측 오차; source[W:] 정렬,False,data shape applicable; raw wrapper contract checked separately
GHL,series_11,60,normal,CI-AE,50000,45000,27000,18000,5000,100,1,1,128,0,True,50,one_model_per_channel,none,1,26901,4901,210,210,128,21,210,39,10500,19,50,test_length-model_input_window_size+1,True,True,True,0,0,0,fixed_for_pretraining_audit,window and workload settings fixed,"(26901, 100, 1)","[batch, 100]","[batch, 100]",100,not_applicable,not_applicable,manifest order preserved,채널별 window 재구성 오차; 중앙 시점 정렬,True,data shape applicable; raw wrapper contract checked separately
GHL,series_11,60,normal,LSTM-AD,50000,45000,27000,18000,5000,100,1,1,128,1,False,50,one_multivariate_model,patience=3,1,26900,4900,210,211,20,0,211,39,10550,1,100,test_length-model_input_window_size,True,True,True,0,0,0,fixed_for_pretraining_audit,window and workload settings fixed,"(26900, 100, 19)","[batch, 100, 19]","[1, batch, 19]",not_applicable,not_applicable,not_applicable,manifest order preserved,1-step 예측 오차; source[W:] 정렬,False,data shape applicable; raw wrapper contract checked separately
GHL,series_11,60,normal,USAD,50000,45000,27000,18000,5000,10,1,1,128,0,False,70,one_multivariate_model,none,2,26991,4991,210,211,111,0,422,39,29540,1,5,test_length-model_input_window_size+1,True,True,True,0,0,0,fixed_project_transfer_rule,window and batch_size=128 fixed by project transfer rule,"(26991, 10, 19)","[batch, 10, 19]","3 x [batch, 190]",190,not_applicable,not_applicable,manifest order preserved,window×channel 재구성 오차; 중앙 시점 정렬,False,data shape applicable; raw wrapper contract checked separately
GHL,series_11,60,normal,GDN,50000,45000,27000,18000,5000,5,1,1,32,1,False,50,one_multivariate_model,patience=10,1,26995,4995,843,844,19,0,844,157,42200,1,5,test_length-model_input_window_size,True,True,True,0,0,0,fixed_for_pretraining_audit,window and workload fixed; project topk does not change these counts,"(26995, 5, 19)","[batch, 19, 5]","[batch, 19]",not_applicable,19,5,manifest order preserved,1-step 채널별 절대 예측 오차; source[W:] 정렬,False,data shape applicable; raw wrapper contract checked separately
GHL,series_11,80,normal,CI-AE,50000,45000,36000,9000,5000,100,1,1,128,0,True,50,one_model_per_channel,none,1,35901,4901,280,280,128,61,280,39,14000,19,50,test_length-model_input_window_size+1,True,True,True,0,0,0,fixed_for_pretraining_audit,window and workload settings fixed,"(35901, 100, 1)","[batch, 100]","[batch, 100]",100,not_applicable,not_applicable,manifest order preserved,채널별 window 재구성 오차; 중앙 시점 정렬,True,data shape applicable; raw wrapper contract checked separately
GHL,series_11,80,normal,LSTM-AD,50000,45000,36000,9000,5000,100,1,1,128,1,False,50,one_multivariate_model,patience=3,1,35900,4900,280,281,60,0,281,39,14050,1,100,test_length-model_input_window_size,True,True,True,0,0,0,fixed_for_pretraining_audit,window and workload settings fixed,"(35900, 100, 19)","[batch, 100, 19]","[1, batch, 19]",not_applicable,not_applicable,not_applicable,manifest order preserved,1-step 예측 오차; source[W:] 정렬,False,data shape applicable; raw wrapper contract checked separately
GHL,series_11,80,normal,USAD,50000,45000,36000,9000,5000,10,1,1,128,0,False,70,one_multivariate_model,none,2,35991,4991,281,282,23,0,564,39,39480,1,5,test_length-model_input_window_size+1,True,True,True,0,0,0,fixed_project_transfer_rule,window and batch_size=128 fixed by project transfer rule,"(35991, 10, 19)","[batch, 10, 19]","3 x [batch, 190]",190,not_applicable,not_applicable,manifest order preserved,window×channel 재구성 오차; 중앙 시점 정렬,False,data shape applicable; raw wrapper contract checked separately
GHL,series_11,80,normal,GDN,50000,45000,36000,9000,5000,5,1,1,32,1,False,50,one_multivariate_model,patience=10,1,35995,4995,1124,1125,27,0,1125,157,56250,1,5,test_length-model_input_window_size,True,True,True,0,0,0,fixed_for_pretraining_audit,window and workload fixed; project topk does not change these counts,"(35995, 5, 19)","[batch, 19, 5]","[batch, 19]",not_applicable,19,5,manifest order preserved,1-step 채널별 절대 예측 오차; source[W:] 정렬,False,data shape applicable; raw wrapper contract checked separately
GHL,series_11,100,normal,CI-AE,50000,45000,45000,0,5000,100,1,1,128,0,True,50,one_model_per_channel,none,1,44901,4901,350,350,128,101,350,39,17500,19,50,test_length-model_input_window_size+1,True,True,True,0,0,0,fixed_for_pretraining_audit,window and workload settings fixed,"(44901, 100, 1)","[batch, 100]","[batch, 100]",100,not_applicable,not_applicable,manifest order preserved,채널별 window 재구성 오차; 중앙 시점 정렬,True,data shape applicable; raw wrapper contract checked separately
GHL,series_11,100,normal,LSTM-AD,50000,45000,45000,0,5000,100,1,1,128,1,False,50,one_multivariate_model,patience=3,1,44900,4900,350,351,100,0,351,39,17550,1,100,test_length-model_input_window_size,True,True,True,0,0,0,fixed_for_pretraining_audit,window and workload settings fixed,"(44900, 100, 19)","[batch, 100, 19]","[1, batch, 19]",not_applicable,not_applicable,not_applicable,manifest order preserved,1-step 예측 오차; source[W:] 정렬,False,data shape applicable; raw wrapper contract checked separately
GHL,series_11,100,normal,USAD,50000,45000,45000,0,5000,10,1,1,128,0,False,70,one_multivariate_model,none,2,44991,4991,351,352,63,0,704,39,49280,1,5,test_length-model_input_window_size+1,True,True,True,0,0,0,fixed_project_transfer_rule,window and batch_size=128 fixed by project transfer rule,"(44991, 10, 19)","[batch, 10, 19]","3 x [batch, 190]",190,not_applicable,not_applicable,manifest order preserved,window×channel 재구성 오차; 중앙 시점 정렬,False,data shape applicable; raw wrapper contract checked separately
GHL,series_11,100,normal,GDN,50000,45000,45000,0,5000,5,1,1,32,1,False,50,one_multivariate_model,patience=10,1,44995,4995,1406,1407,3,0,1407,157,70350,1,5,test_length-model_input_window_size,True,True,True,0,0,0,fixed_for_pretraining_audit,window and workload fixed; project topk does not change these counts,"(44995, 5, 19)","[batch, 19, 5]","[batch, 19]",not_applicable,19,5,manifest order preserved,1-step 채널별 절대 예측 오차; source[W:] 정렬,False,data shape applicable; raw wrapper contract checked separately
GHL,series_12,5,normal,CI-AE,39938,35944,1798,34146,3994,100,1,1,128,0,True,50,one_model_per_channel,none,1,1699,3895,13,13,128,35,13,31,650,19,50,test_length-model_input_window_size+1,True,True,True,0,0,0,fixed_for_pretraining_audit,window and workload settings fixed,"(1699, 100, 1)","[batch, 100]","[batch, 100]",100,not_applicable,not_applicable,manifest order preserved,채널별 window 재구성 오차; 중앙 시점 정렬,True,data shape applicable; raw wrapper contract checked separately
GHL,series_12,5,normal,LSTM-AD,39938,35944,1798,34146,3994,100,1,1,128,1,False,50,one_multivariate_model,patience=3,1,1698,3894,13,14,34,0,14,31,700,1,100,test_length-model_input_window_size,True,True,True,0,0,0,fixed_for_pretraining_audit,window and workload settings fixed,"(1698, 100, 19)","[batch, 100, 19]","[1, batch, 19]",not_applicable,not_applicable,not_applicable,manifest order preserved,1-step 예측 오차; source[W:] 정렬,False,data shape applicable; raw wrapper contract checked separately
GHL,series_12,5,normal,USAD,39938,35944,1798,34146,3994,10,1,1,128,0,False,70,one_multivariate_model,none,2,1789,3985,13,14,125,0,28,32,1960,1,5,test_length-model_input_window_size+1,True,True,True,0,0,0,fixed_project_transfer_rule,window and batch_size=128 fixed by project transfer rule,"(1789, 10, 19)","[batch, 10, 19]","3 x [batch, 190]",190,not_applicable,not_applicable,manifest order preserved,window×channel 재구성 오차; 중앙 시점 정렬,False,data shape applicable; raw wrapper contract checked separately
GHL,series_12,5,normal,GDN,39938,35944,1798,34146,3994,5,1,1,32,1,False,50,one_multivariate_model,patience=10,1,1793,3989,56,57,1,0,57,125,2850,1,5,test_length-model_input_window_size,True,True,True,0,0,0,fixed_for_pretraining_audit,window and workload fixed; project topk does not change these counts,"(1793, 5, 19)","[batch, 19, 5]","[batch, 19]",not_applicable,19,5,manifest order preserved,1-step 채널별 절대 예측 오차; source[W:] 정렬,False,data shape applicable; raw wrapper contract checked separately
GHL,series_12,10,normal,CI-AE,39938,35944,3595,32349,3994,100,1,1,128,0,True,50,one_model_per_channel,none,1,3496,3895,27,27,128,40,27,31,1350,19,50,test_length-model_input_window_size+1,True,True,True,0,0,0,fixed_for_pretraining_audit,window and workload settings fixed,"(3496, 100, 1)","[batch, 100]","[batch, 100]",100,not_applicable,not_applicable,manifest order preserved,채널별 window 재구성 오차; 중앙 시점 정렬,True,data shape applicable; raw wrapper contract checked separately
GHL,series_12,10,normal,LSTM-AD,39938,35944,3595,32349,3994,100,1,1,128,1,False,50,one_multivariate_model,patience=3,1,3495,3894,27,28,39,0,28,31,1400,1,100,test_length-model_input_window_size,True,True,True,0,0,0,fixed_for_pretraining_audit,window and workload settings fixed,"(3495, 100, 19)","[batch, 100, 19]","[1, batch, 19]",not_applicable,not_applicable,not_applicable,manifest order preserved,1-step 예측 오차; source[W:] 정렬,False,data shape applicable; raw wrapper contract checked separately
GHL,series_12,10,normal,USAD,39938,35944,3595,32349,3994,10,1,1,128,0,False,70,one_multivariate_model,none,2,3586,3985,28,29,2,0,58,32,4060,1,5,test_length-model_input_window_size+1,True,True,True,0,0,0,fixed_project_transfer_rule,window and batch_size=128 fixed by project transfer rule,"(3586, 10, 19)","[batch, 10, 19]","3 x [batch, 190]",190,not_applicable,not_applicable,manifest order preserved,window×channel 재구성 오차; 중앙 시점 정렬,False,data shape applicable; raw wrapper contract checked separately
GHL,series_12,10,normal,GDN,39938,35944,3595,32349,3994,5,1,1,32,1,False,50,one_multivariate_model,patience=10,1,3590,3989,112,113,6,0,113,125,5650,1,5,test_length-model_input_window_size,True,True,True,0,0,0,fixed_for_pretraining_audit,window and workload fixed; project topk does not change these counts,"(3590, 5, 19)","[batch, 19, 5]","[batch, 19]",not_applicable,19,5,manifest order preserved,1-step 채널별 절대 예측 오차; source[W:] 정렬,False,data shape applicable; raw wrapper contract checked separately
GHL,series_12,20,normal,CI-AE,39938,35944,7189,28755,3994,100,1,1,128,0,True,50,one_model_per_channel,none,1,7090,3895,55,55,128,50,55,31,2750,19,50,test_length-model_input_window_size+1,True,True,True,0,0,0,fixed_for_pretraining_audit,window and workload settings fixed,"(7090, 100, 1)","[batch, 100]","[batch, 100]",100,not_applicable,not_applicable,manifest order preserved,채널별 window 재구성 오차; 중앙 시점 정렬,True,data shape applicable; raw wrapper contract checked separately
GHL,series_12,20,normal,LSTM-AD,39938,35944,7189,28755,3994,100,1,1,128,1,False,50,one_multivariate_model,patience=3,1,7089,3894,55,56,49,0,56,31,2800,1,100,test_length-model_input_window_size,True,True,True,0,0,0,fixed_for_pretraining_audit,window and workload settings fixed,"(7089, 100, 19)","[batch, 100, 19]","[1, batch, 19]",not_applicable,not_applicable,not_applicable,manifest order preserved,1-step 예측 오차; source[W:] 정렬,False,data shape applicable; raw wrapper contract checked separately
GHL,series_12,20,normal,USAD,39938,35944,7189,28755,3994,10,1,1,128,0,False,70,one_multivariate_model,none,2,7180,3985,56,57,12,0,114,32,7980,1,5,test_length-model_input_window_size+1,True,True,True,0,0,0,fixed_project_transfer_rule,window and batch_size=128 fixed by project transfer rule,"(7180, 10, 19)","[batch, 10, 19]","3 x [batch, 190]",190,not_applicable,not_applicable,manifest order preserved,window×channel 재구성 오차; 중앙 시점 정렬,False,data shape applicable; raw wrapper contract checked separately
GHL,series_12,20,normal,GDN,39938,35944,7189,28755,3994,5,1,1,32,1,False,50,one_multivariate_model,patience=10,1,7184,3989,224,225,16,0,225,125,11250,1,5,test_length-model_input_window_size,True,True,True,0,0,0,fixed_for_pretraining_audit,window and workload fixed; project topk does not change these counts,"(7184, 5, 19)","[batch, 19, 5]","[batch, 19]",not_applicable,19,5,manifest order preserved,1-step 채널별 절대 예측 오차; source[W:] 정렬,False,data shape applicable; raw wrapper contract checked separately
GHL,series_12,40,normal,CI-AE,39938,35944,14378,21566,3994,100,1,1,128,0,True,50,one_model_per_channel,none,1,14279,3895,111,111,128,71,111,31,5550,19,50,test_length-model_input_window_size+1,True,True,True,0,0,0,fixed_for_pretraining_audit,window and workload settings fixed,"(14279, 100, 1)","[batch, 100]","[batch, 100]",100,not_applicable,not_applicable,manifest order preserved,채널별 window 재구성 오차; 중앙 시점 정렬,True,data shape applicable; raw wrapper contract checked separately
GHL,series_12,40,normal,LSTM-AD,39938,35944,14378,21566,3994,100,1,1,128,1,False,50,one_multivariate_model,patience=3,1,14278,3894,111,112,70,0,112,31,5600,1,100,test_length-model_input_window_size,True,True,True,0,0,0,fixed_for_pretraining_audit,window and workload settings fixed,"(14278, 100, 19)","[batch, 100, 19]","[1, batch, 19]",not_applicable,not_applicable,not_applicable,manifest order preserved,1-step 예측 오차; source[W:] 정렬,False,data shape applicable; raw wrapper contract checked separately
GHL,series_12,40,normal,USAD,39938,35944,14378,21566,3994,10,1,1,128,0,False,70,one_multivariate_model,none,2,14369,3985,112,113,33,0,226,32,15820,1,5,test_length-model_input_window_size+1,True,True,True,0,0,0,fixed_project_transfer_rule,window and batch_size=128 fixed by project transfer rule,"(14369, 10, 19)","[batch, 10, 19]","3 x [batch, 190]",190,not_applicable,not_applicable,manifest order preserved,window×channel 재구성 오차; 중앙 시점 정렬,False,data shape applicable; raw wrapper contract checked separately
GHL,series_12,40,normal,GDN,39938,35944,14378,21566,3994,5,1,1,32,1,False,50,one_multivariate_model,patience=10,1,14373,3989,449,450,5,0,450,125,22500,1,5,test_length-model_input_window_size,True,True,True,0,0,0,fixed_for_pretraining_audit,window and workload fixed; project topk does not change these counts,"(14373, 5, 19)","[batch, 19, 5]","[batch, 19]",not_applicable,19,5,manifest order preserved,1-step 채널별 절대 예측 오차; source[W:] 정렬,False,data shape applicable; raw wrapper contract checked separately
GHL,series_12,60,normal,CI-AE,39938,35944,21567,14377,3994,100,1,1,128,0,True,50,one_model_per_channel,none,1,21468,3895,167,167,128,92,167,31,8350,19,50,test_length-model_input_window_size+1,True,True,True,0,0,0,fixed_for_pretraining_audit,window and workload settings fixed,"(21468, 100, 1)","[batch, 100]","[batch, 100]",100,not_applicable,not_applicable,manifest order preserved,채널별 window 재구성 오차; 중앙 시점 정렬,True,data shape applicable; raw wrapper contract checked separately
GHL,series_12,60,normal,LSTM-AD,39938,35944,21567,14377,3994,100,1,1,128,1,False,50,one_multivariate_model,patience=3,1,21467,3894,167,168,91,0,168,31,8400,1,100,test_length-model_input_window_size,True,True,True,0,0,0,fixed_for_pretraining_audit,window and workload settings fixed,"(21467, 100, 19)","[batch, 100, 19]","[1, batch, 19]",not_applicable,not_applicable,not_applicable,manifest order preserved,1-step 예측 오차; source[W:] 정렬,False,data shape applicable; raw wrapper contract checked separately
GHL,series_12,60,normal,USAD,39938,35944,21567,14377,3994,10,1,1,128,0,False,70,one_multivariate_model,none,2,21558,3985,168,169,54,0,338,32,23660,1,5,test_length-model_input_window_size+1,True,True,True,0,0,0,fixed_project_transfer_rule,window and batch_size=128 fixed by project transfer rule,"(21558, 10, 19)","[batch, 10, 19]","3 x [batch, 190]",190,not_applicable,not_applicable,manifest order preserved,window×channel 재구성 오차; 중앙 시점 정렬,False,data shape applicable; raw wrapper contract checked separately
GHL,series_12,60,normal,GDN,39938,35944,21567,14377,3994,5,1,1,32,1,False,50,one_multivariate_model,patience=10,1,21562,3989,673,674,26,0,674,125,33700,1,5,test_length-model_input_window_size,True,True,True,0,0,0,fixed_for_pretraining_audit,window and workload fixed; project topk does not change these counts,"(21562, 5, 19)","[batch, 19, 5]","[batch, 19]",not_applicable,19,5,manifest order preserved,1-step 채널별 절대 예측 오차; source[W:] 정렬,False,data shape applicable; raw wrapper contract checked separately
GHL,series_12,80,normal,CI-AE,39938,35944,28756,7188,3994,100,1,1,128,0,True,50,one_model_per_channel,none,1,28657,3895,223,223,128,113,223,31,11150,19,50,test_length-model_input_window_size+1,True,True,True,0,0,0,fixed_for_pretraining_audit,window and workload settings fixed,"(28657, 100, 1)","[batch, 100]","[batch, 100]",100,not_applicable,not_applicable,manifest order preserved,채널별 window 재구성 오차; 중앙 시점 정렬,True,data shape applicable; raw wrapper contract checked separately
GHL,series_12,80,normal,LSTM-AD,39938,35944,28756,7188,3994,100,1,1,128,1,False,50,one_multivariate_model,patience=3,1,28656,3894,223,224,112,0,224,31,11200,1,100,test_length-model_input_window_size,True,True,True,0,0,0,fixed_for_pretraining_audit,window and workload settings fixed,"(28656, 100, 19)","[batch, 100, 19]","[1, batch, 19]",not_applicable,not_applicable,not_applicable,manifest order preserved,1-step 예측 오차; source[W:] 정렬,False,data shape applicable; raw wrapper contract checked separately
GHL,series_12,80,normal,USAD,39938,35944,28756,7188,3994,10,1,1,128,0,False,70,one_multivariate_model,none,2,28747,3985,224,225,75,0,450,32,31500,1,5,test_length-model_input_window_size+1,True,True,True,0,0,0,fixed_project_transfer_rule,window and batch_size=128 fixed by project transfer rule,"(28747, 10, 19)","[batch, 10, 19]","3 x [batch, 190]",190,not_applicable,not_applicable,manifest order preserved,window×channel 재구성 오차; 중앙 시점 정렬,False,data shape applicable; raw wrapper contract checked separately
GHL,series_12,80,normal,GDN,39938,35944,28756,7188,3994,5,1,1,32,1,False,50,one_multivariate_model,patience=10,1,28751,3989,898,899,15,0,899,125,44950,1,5,test_length-model_input_window_size,True,True,True,0,0,0,fixed_for_pretraining_audit,window and workload fixed; project topk does not change these counts,"(28751, 5, 19)","[batch, 19, 5]","[batch, 19]",not_applicable,19,5,manifest order preserved,1-step 채널별 절대 예측 오차; source[W:] 정렬,False,data shape applicable; raw wrapper contract checked separately
GHL,series_12,100,normal,CI-AE,39938,35944,35944,0,3994,100,1,1,128,0,True,50,one_model_per_channel,none,1,35845,3895,280,280,128,5,280,31,14000,19,50,test_length-model_input_window_size+1,True,True,True,0,0,0,fixed_for_pretraining_audit,window and workload settings fixed,"(35845, 100, 1)","[batch, 100]","[batch, 100]",100,not_applicable,not_applicable,manifest order preserved,채널별 window 재구성 오차; 중앙 시점 정렬,True,data shape applicable; raw wrapper contract checked separately
GHL,series_12,100,normal,LSTM-AD,39938,35944,35944,0,3994,100,1,1,128,1,False,50,one_multivariate_model,patience=3,1,35844,3894,280,281,4,0,281,31,14050,1,100,test_length-model_input_window_size,True,True,True,0,0,0,fixed_for_pretraining_audit,window and workload settings fixed,"(35844, 100, 19)","[batch, 100, 19]","[1, batch, 19]",not_applicable,not_applicable,not_applicable,manifest order preserved,1-step 예측 오차; source[W:] 정렬,False,data shape applicable; raw wrapper contract checked separately
GHL,series_12,100,normal,USAD,39938,35944,35944,0,3994,10,1,1,128,0,False,70,one_multivariate_model,none,2,35935,3985,280,281,95,0,562,32,39340,1,5,test_length-model_input_window_size+1,True,True,True,0,0,0,fixed_project_transfer_rule,window and batch_size=128 fixed by project transfer rule,"(35935, 10, 19)","[batch, 10, 19]","3 x [batch, 190]",190,not_applicable,not_applicable,manifest order preserved,window×channel 재구성 오차; 중앙 시점 정렬,False,data shape applicable; raw wrapper contract checked separately
GHL,series_12,100,normal,GDN,39938,35944,35944,0,3994,5,1,1,32,1,False,50,one_multivariate_model,patience=10,1,35939,3989,1123,1124,3,0,1124,125,56200,1,5,test_length-model_input_window_size,True,True,True,0,0,0,fixed_for_pretraining_audit,window and workload fixed; project topk does not change these counts,"(35939, 5, 19)","[batch, 19, 5]","[batch, 19]",not_applicable,19,5,manifest order preserved,1-step 채널별 절대 예측 오차; source[W:] 정렬,False,data shape applicable; raw wrapper contract checked separately
GHL,series_13,5,normal,CI-AE,50000,45000,2250,42750,5000,100,1,1,128,0,True,50,one_model_per_channel,none,1,2151,4901,16,16,128,103,16,39,800,19,50,test_length-model_input_window_size+1,True,True,True,0,0,0,fixed_for_pretraining_audit,window and workload settings fixed,"(2151, 100, 1)","[batch, 100]","[batch, 100]",100,not_applicable,not_applicable,manifest order preserved,채널별 window 재구성 오차; 중앙 시점 정렬,True,data shape applicable; raw wrapper contract checked separately
GHL,series_13,5,normal,LSTM-AD,50000,45000,2250,42750,5000,100,1,1,128,1,False,50,one_multivariate_model,patience=3,1,2150,4900,16,17,102,0,17,39,850,1,100,test_length-model_input_window_size,True,True,True,0,0,0,fixed_for_pretraining_audit,window and workload settings fixed,"(2150, 100, 19)","[batch, 100, 19]","[1, batch, 19]",not_applicable,not_applicable,not_applicable,manifest order preserved,1-step 예측 오차; source[W:] 정렬,False,data shape applicable; raw wrapper contract checked separately
GHL,series_13,5,normal,USAD,50000,45000,2250,42750,5000,10,1,1,128,0,False,70,one_multivariate_model,none,2,2241,4991,17,18,65,0,36,39,2520,1,5,test_length-model_input_window_size+1,True,True,True,0,0,0,fixed_project_transfer_rule,window and batch_size=128 fixed by project transfer rule,"(2241, 10, 19)","[batch, 10, 19]","3 x [batch, 190]",190,not_applicable,not_applicable,manifest order preserved,window×channel 재구성 오차; 중앙 시점 정렬,False,data shape applicable; raw wrapper contract checked separately
GHL,series_13,5,normal,GDN,50000,45000,2250,42750,5000,5,1,1,32,1,False,50,one_multivariate_model,patience=10,1,2245,4995,70,71,5,0,71,157,3550,1,5,test_length-model_input_window_size,True,True,True,0,0,0,fixed_for_pretraining_audit,window and workload fixed; project topk does not change these counts,"(2245, 5, 19)","[batch, 19, 5]","[batch, 19]",not_applicable,19,5,manifest order preserved,1-step 채널별 절대 예측 오차; source[W:] 정렬,False,data shape applicable; raw wrapper contract checked separately
GHL,series_13,10,normal,CI-AE,50000,45000,4500,40500,5000,100,1,1,128,0,True,50,one_model_per_channel,none,1,4401,4901,34,34,128,49,34,39,1700,19,50,test_length-model_input_window_size+1,True,True,True,0,0,0,fixed_for_pretraining_audit,window and workload settings fixed,"(4401, 100, 1)","[batch, 100]","[batch, 100]",100,not_applicable,not_applicable,manifest order preserved,채널별 window 재구성 오차; 중앙 시점 정렬,True,data shape applicable; raw wrapper contract checked separately
GHL,series_13,10,normal,LSTM-AD,50000,45000,4500,40500,5000,100,1,1,128,1,False,50,one_multivariate_model,patience=3,1,4400,4900,34,35,48,0,35,39,1750,1,100,test_length-model_input_window_size,True,True,True,0,0,0,fixed_for_pretraining_audit,window and workload settings fixed,"(4400, 100, 19)","[batch, 100, 19]","[1, batch, 19]",not_applicable,not_applicable,not_applicable,manifest order preserved,1-step 예측 오차; source[W:] 정렬,False,data shape applicable; raw wrapper contract checked separately
GHL,series_13,10,normal,USAD,50000,45000,4500,40500,5000,10,1,1,128,0,False,70,one_multivariate_model,none,2,4491,4991,35,36,11,0,72,39,5040,1,5,test_length-model_input_window_size+1,True,True,True,0,0,0,fixed_project_transfer_rule,window and batch_size=128 fixed by project transfer rule,"(4491, 10, 19)","[batch, 10, 19]","3 x [batch, 190]",190,not_applicable,not_applicable,manifest order preserved,window×channel 재구성 오차; 중앙 시점 정렬,False,data shape applicable; raw wrapper contract checked separately
GHL,series_13,10,normal,GDN,50000,45000,4500,40500,5000,5,1,1,32,1,False,50,one_multivariate_model,patience=10,1,4495,4995,140,141,15,0,141,157,7050,1,5,test_length-model_input_window_size,True,True,True,0,0,0,fixed_for_pretraining_audit,window and workload fixed; project topk does not change these counts,"(4495, 5, 19)","[batch, 19, 5]","[batch, 19]",not_applicable,19,5,manifest order preserved,1-step 채널별 절대 예측 오차; source[W:] 정렬,False,data shape applicable; raw wrapper contract checked separately
GHL,series_13,20,normal,CI-AE,50000,45000,9000,36000,5000,100,1,1,128,0,True,50,one_model_per_channel,none,1,8901,4901,69,69,128,69,69,39,3450,19,50,test_length-model_input_window_size+1,True,True,True,0,0,0,fixed_for_pretraining_audit,window and workload settings fixed,"(8901, 100, 1)","[batch, 100]","[batch, 100]",100,not_applicable,not_applicable,manifest order preserved,채널별 window 재구성 오차; 중앙 시점 정렬,True,data shape applicable; raw wrapper contract checked separately
GHL,series_13,20,normal,LSTM-AD,50000,45000,9000,36000,5000,100,1,1,128,1,False,50,one_multivariate_model,patience=3,1,8900,4900,69,70,68,0,70,39,3500,1,100,test_length-model_input_window_size,True,True,True,0,0,0,fixed_for_pretraining_audit,window and workload settings fixed,"(8900, 100, 19)","[batch, 100, 19]","[1, batch, 19]",not_applicable,not_applicable,not_applicable,manifest order preserved,1-step 예측 오차; source[W:] 정렬,False,data shape applicable; raw wrapper contract checked separately
GHL,series_13,20,normal,USAD,50000,45000,9000,36000,5000,10,1,1,128,0,False,70,one_multivariate_model,none,2,8991,4991,70,71,31,0,142,39,9940,1,5,test_length-model_input_window_size+1,True,True,True,0,0,0,fixed_project_transfer_rule,window and batch_size=128 fixed by project transfer rule,"(8991, 10, 19)","[batch, 10, 19]","3 x [batch, 190]",190,not_applicable,not_applicable,manifest order preserved,window×channel 재구성 오차; 중앙 시점 정렬,False,data shape applicable; raw wrapper contract checked separately
GHL,series_13,20,normal,GDN,50000,45000,9000,36000,5000,5,1,1,32,1,False,50,one_multivariate_model,patience=10,1,8995,4995,281,282,3,0,282,157,14100,1,5,test_length-model_input_window_size,True,True,True,0,0,0,fixed_for_pretraining_audit,window and workload fixed; project topk does not change these counts,"(8995, 5, 19)","[batch, 19, 5]","[batch, 19]",not_applicable,19,5,manifest order preserved,1-step 채널별 절대 예측 오차; source[W:] 정렬,False,data shape applicable; raw wrapper contract checked separately
GHL,series_13,40,normal,CI-AE,50000,45000,18000,27000,5000,100,1,1,128,0,True,50,one_model_per_channel,none,1,17901,4901,139,139,128,109,139,39,6950,19,50,test_length-model_input_window_size+1,True,True,True,0,0,0,fixed_for_pretraining_audit,window and workload settings fixed,"(17901, 100, 1)","[batch, 100]","[batch, 100]",100,not_applicable,not_applicable,manifest order preserved,채널별 window 재구성 오차; 중앙 시점 정렬,True,data shape applicable; raw wrapper contract checked separately
GHL,series_13,40,normal,LSTM-AD,50000,45000,18000,27000,5000,100,1,1,128,1,False,50,one_multivariate_model,patience=3,1,17900,4900,139,140,108,0,140,39,7000,1,100,test_length-model_input_window_size,True,True,True,0,0,0,fixed_for_pretraining_audit,window and workload settings fixed,"(17900, 100, 19)","[batch, 100, 19]","[1, batch, 19]",not_applicable,not_applicable,not_applicable,manifest order preserved,1-step 예측 오차; source[W:] 정렬,False,data shape applicable; raw wrapper contract checked separately
GHL,series_13,40,normal,USAD,50000,45000,18000,27000,5000,10,1,1,128,0,False,70,one_multivariate_model,none,2,17991,4991,140,141,71,0,282,39,19740,1,5,test_length-model_input_window_size+1,True,True,True,0,0,0,fixed_project_transfer_rule,window and batch_size=128 fixed by project transfer rule,"(17991, 10, 19)","[batch, 10, 19]","3 x [batch, 190]",190,not_applicable,not_applicable,manifest order preserved,window×channel 재구성 오차; 중앙 시점 정렬,False,data shape applicable; raw wrapper contract checked separately
GHL,series_13,40,normal,GDN,50000,45000,18000,27000,5000,5,1,1,32,1,False,50,one_multivariate_model,patience=10,1,17995,4995,562,563,11,0,563,157,28150,1,5,test_length-model_input_window_size,True,True,True,0,0,0,fixed_for_pretraining_audit,window and workload fixed; project topk does not change these counts,"(17995, 5, 19)","[batch, 19, 5]","[batch, 19]",not_applicable,19,5,manifest order preserved,1-step 채널별 절대 예측 오차; source[W:] 정렬,False,data shape applicable; raw wrapper contract checked separately
GHL,series_13,60,normal,CI-AE,50000,45000,27000,18000,5000,100,1,1,128,0,True,50,one_model_per_channel,none,1,26901,4901,210,210,128,21,210,39,10500,19,50,test_length-model_input_window_size+1,True,True,True,0,0,0,fixed_for_pretraining_audit,window and workload settings fixed,"(26901, 100, 1)","[batch, 100]","[batch, 100]",100,not_applicable,not_applicable,manifest order preserved,채널별 window 재구성 오차; 중앙 시점 정렬,True,data shape applicable; raw wrapper contract checked separately
GHL,series_13,60,normal,LSTM-AD,50000,45000,27000,18000,5000,100,1,1,128,1,False,50,one_multivariate_model,patience=3,1,26900,4900,210,211,20,0,211,39,10550,1,100,test_length-model_input_window_size,True,True,True,0,0,0,fixed_for_pretraining_audit,window and workload settings fixed,"(26900, 100, 19)","[batch, 100, 19]","[1, batch, 19]",not_applicable,not_applicable,not_applicable,manifest order preserved,1-step 예측 오차; source[W:] 정렬,False,data shape applicable; raw wrapper contract checked separately
GHL,series_13,60,normal,USAD,50000,45000,27000,18000,5000,10,1,1,128,0,False,70,one_multivariate_model,none,2,26991,4991,210,211,111,0,422,39,29540,1,5,test_length-model_input_window_size+1,True,True,True,0,0,0,fixed_project_transfer_rule,window and batch_size=128 fixed by project transfer rule,"(26991, 10, 19)","[batch, 10, 19]","3 x [batch, 190]",190,not_applicable,not_applicable,manifest order preserved,window×channel 재구성 오차; 중앙 시점 정렬,False,data shape applicable; raw wrapper contract checked separately
GHL,series_13,60,normal,GDN,50000,45000,27000,18000,5000,5,1,1,32,1,False,50,one_multivariate_model,patience=10,1,26995,4995,843,844,19,0,844,157,42200,1,5,test_length-model_input_window_size,True,True,True,0,0,0,fixed_for_pretraining_audit,window and workload fixed; project topk does not change these counts,"(26995, 5, 19)","[batch, 19, 5]","[batch, 19]",not_applicable,19,5,manifest order preserved,1-step 채널별 절대 예측 오차; source[W:] 정렬,False,data shape applicable; raw wrapper contract checked separately
GHL,series_13,80,normal,CI-AE,50000,45000,36000,9000,5000,100,1,1,128,0,True,50,one_model_per_channel,none,1,35901,4901,280,280,128,61,280,39,14000,19,50,test_length-model_input_window_size+1,True,True,True,0,0,0,fixed_for_pretraining_audit,window and workload settings fixed,"(35901, 100, 1)","[batch, 100]","[batch, 100]",100,not_applicable,not_applicable,manifest order preserved,채널별 window 재구성 오차; 중앙 시점 정렬,True,data shape applicable; raw wrapper contract checked separately
GHL,series_13,80,normal,LSTM-AD,50000,45000,36000,9000,5000,100,1,1,128,1,False,50,one_multivariate_model,patience=3,1,35900,4900,280,281,60,0,281,39,14050,1,100,test_length-model_input_window_size,True,True,True,0,0,0,fixed_for_pretraining_audit,window and workload settings fixed,"(35900, 100, 19)","[batch, 100, 19]","[1, batch, 19]",not_applicable,not_applicable,not_applicable,manifest order preserved,1-step 예측 오차; source[W:] 정렬,False,data shape applicable; raw wrapper contract checked separately
GHL,series_13,80,normal,USAD,50000,45000,36000,9000,5000,10,1,1,128,0,False,70,one_multivariate_model,none,2,35991,4991,281,282,23,0,564,39,39480,1,5,test_length-model_input_window_size+1,True,True,True,0,0,0,fixed_project_transfer_rule,window and batch_size=128 fixed by project transfer rule,"(35991, 10, 19)","[batch, 10, 19]","3 x [batch, 190]",190,not_applicable,not_applicable,manifest order preserved,window×channel 재구성 오차; 중앙 시점 정렬,False,data shape applicable; raw wrapper contract checked separately
GHL,series_13,80,normal,GDN,50000,45000,36000,9000,5000,5,1,1,32,1,False,50,one_multivariate_model,patience=10,1,35995,4995,1124,1125,27,0,1125,157,56250,1,5,test_length-model_input_window_size,True,True,True,0,0,0,fixed_for_pretraining_audit,window and workload fixed; project topk does not change these counts,"(35995, 5, 19)","[batch, 19, 5]","[batch, 19]",not_applicable,19,5,manifest order preserved,1-step 채널별 절대 예측 오차; source[W:] 정렬,False,data shape applicable; raw wrapper contract checked separately
GHL,series_13,100,normal,CI-AE,50000,45000,45000,0,5000,100,1,1,128,0,True,50,one_model_per_channel,none,1,44901,4901,350,350,128,101,350,39,17500,19,50,test_length-model_input_window_size+1,True,True,True,0,0,0,fixed_for_pretraining_audit,window and workload settings fixed,"(44901, 100, 1)","[batch, 100]","[batch, 100]",100,not_applicable,not_applicable,manifest order preserved,채널별 window 재구성 오차; 중앙 시점 정렬,True,data shape applicable; raw wrapper contract checked separately
GHL,series_13,100,normal,LSTM-AD,50000,45000,45000,0,5000,100,1,1,128,1,False,50,one_multivariate_model,patience=3,1,44900,4900,350,351,100,0,351,39,17550,1,100,test_length-model_input_window_size,True,True,True,0,0,0,fixed_for_pretraining_audit,window and workload settings fixed,"(44900, 100, 19)","[batch, 100, 19]","[1, batch, 19]",not_applicable,not_applicable,not_applicable,manifest order preserved,1-step 예측 오차; source[W:] 정렬,False,data shape applicable; raw wrapper contract checked separately
GHL,series_13,100,normal,USAD,50000,45000,45000,0,5000,10,1,1,128,0,False,70,one_multivariate_model,none,2,44991,4991,351,352,63,0,704,39,49280,1,5,test_length-model_input_window_size+1,True,True,True,0,0,0,fixed_project_transfer_rule,window and batch_size=128 fixed by project transfer rule,"(44991, 10, 19)","[batch, 10, 19]","3 x [batch, 190]",190,not_applicable,not_applicable,manifest order preserved,window×channel 재구성 오차; 중앙 시점 정렬,False,data shape applicable; raw wrapper contract checked separately
GHL,series_13,100,normal,GDN,50000,45000,45000,0,5000,5,1,1,32,1,False,50,one_multivariate_model,patience=10,1,44995,4995,1406,1407,3,0,1407,157,70350,1,5,test_length-model_input_window_size,True,True,True,0,0,0,fixed_for_pretraining_audit,window and workload fixed; project topk does not change these counts,"(44995, 5, 19)","[batch, 19, 5]","[batch, 19]",not_applicable,19,5,manifest order preserved,1-step 채널별 절대 예측 오차; source[W:] 정렬,False,data shape applicable; raw wrapper contract checked separately
GHL,series_14,5,normal,CI-AE,50000,45000,2250,42750,5000,100,1,1,128,0,True,50,one_model_per_channel,none,1,2151,4901,16,16,128,103,16,39,800,19,50,test_length-model_input_window_size+1,True,True,True,0,0,0,fixed_for_pretraining_audit,window and workload settings fixed,"(2151, 100, 1)","[batch, 100]","[batch, 100]",100,not_applicable,not_applicable,manifest order preserved,채널별 window 재구성 오차; 중앙 시점 정렬,True,data shape applicable; raw wrapper contract checked separately
GHL,series_14,5,normal,LSTM-AD,50000,45000,2250,42750,5000,100,1,1,128,1,False,50,one_multivariate_model,patience=3,1,2150,4900,16,17,102,0,17,39,850,1,100,test_length-model_input_window_size,True,True,True,0,0,0,fixed_for_pretraining_audit,window and workload settings fixed,"(2150, 100, 19)","[batch, 100, 19]","[1, batch, 19]",not_applicable,not_applicable,not_applicable,manifest order preserved,1-step 예측 오차; source[W:] 정렬,False,data shape applicable; raw wrapper contract checked separately
GHL,series_14,5,normal,USAD,50000,45000,2250,42750,5000,10,1,1,128,0,False,70,one_multivariate_model,none,2,2241,4991,17,18,65,0,36,39,2520,1,5,test_length-model_input_window_size+1,True,True,True,0,0,0,fixed_project_transfer_rule,window and batch_size=128 fixed by project transfer rule,"(2241, 10, 19)","[batch, 10, 19]","3 x [batch, 190]",190,not_applicable,not_applicable,manifest order preserved,window×channel 재구성 오차; 중앙 시점 정렬,False,data shape applicable; raw wrapper contract checked separately
GHL,series_14,5,normal,GDN,50000,45000,2250,42750,5000,5,1,1,32,1,False,50,one_multivariate_model,patience=10,1,2245,4995,70,71,5,0,71,157,3550,1,5,test_length-model_input_window_size,True,True,True,0,0,0,fixed_for_pretraining_audit,window and workload fixed; project topk does not change these counts,"(2245, 5, 19)","[batch, 19, 5]","[batch, 19]",not_applicable,19,5,manifest order preserved,1-step 채널별 절대 예측 오차; source[W:] 정렬,False,data shape applicable; raw wrapper contract checked separately
GHL,series_14,10,normal,CI-AE,50000,45000,4500,40500,5000,100,1,1,128,0,True,50,one_model_per_channel,none,1,4401,4901,34,34,128,49,34,39,1700,19,50,test_length-model_input_window_size+1,True,True,True,0,0,0,fixed_for_pretraining_audit,window and workload settings fixed,"(4401, 100, 1)","[batch, 100]","[batch, 100]",100,not_applicable,not_applicable,manifest order preserved,채널별 window 재구성 오차; 중앙 시점 정렬,True,data shape applicable; raw wrapper contract checked separately
GHL,series_14,10,normal,LSTM-AD,50000,45000,4500,40500,5000,100,1,1,128,1,False,50,one_multivariate_model,patience=3,1,4400,4900,34,35,48,0,35,39,1750,1,100,test_length-model_input_window_size,True,True,True,0,0,0,fixed_for_pretraining_audit,window and workload settings fixed,"(4400, 100, 19)","[batch, 100, 19]","[1, batch, 19]",not_applicable,not_applicable,not_applicable,manifest order preserved,1-step 예측 오차; source[W:] 정렬,False,data shape applicable; raw wrapper contract checked separately
GHL,series_14,10,normal,USAD,50000,45000,4500,40500,5000,10,1,1,128,0,False,70,one_multivariate_model,none,2,4491,4991,35,36,11,0,72,39,5040,1,5,test_length-model_input_window_size+1,True,True,True,0,0,0,fixed_project_transfer_rule,window and batch_size=128 fixed by project transfer rule,"(4491, 10, 19)","[batch, 10, 19]","3 x [batch, 190]",190,not_applicable,not_applicable,manifest order preserved,window×channel 재구성 오차; 중앙 시점 정렬,False,data shape applicable; raw wrapper contract checked separately
GHL,series_14,10,normal,GDN,50000,45000,4500,40500,5000,5,1,1,32,1,False,50,one_multivariate_model,patience=10,1,4495,4995,140,141,15,0,141,157,7050,1,5,test_length-model_input_window_size,True,True,True,0,0,0,fixed_for_pretraining_audit,window and workload fixed; project topk does not change these counts,"(4495, 5, 19)","[batch, 19, 5]","[batch, 19]",not_applicable,19,5,manifest order preserved,1-step 채널별 절대 예측 오차; source[W:] 정렬,False,data shape applicable; raw wrapper contract checked separately
GHL,series_14,20,normal,CI-AE,50000,45000,9000,36000,5000,100,1,1,128,0,True,50,one_model_per_channel,none,1,8901,4901,69,69,128,69,69,39,3450,19,50,test_length-model_input_window_size+1,True,True,True,0,0,0,fixed_for_pretraining_audit,window and workload settings fixed,"(8901, 100, 1)","[batch, 100]","[batch, 100]",100,not_applicable,not_applicable,manifest order preserved,채널별 window 재구성 오차; 중앙 시점 정렬,True,data shape applicable; raw wrapper contract checked separately
GHL,series_14,20,normal,LSTM-AD,50000,45000,9000,36000,5000,100,1,1,128,1,False,50,one_multivariate_model,patience=3,1,8900,4900,69,70,68,0,70,39,3500,1,100,test_length-model_input_window_size,True,True,True,0,0,0,fixed_for_pretraining_audit,window and workload settings fixed,"(8900, 100, 19)","[batch, 100, 19]","[1, batch, 19]",not_applicable,not_applicable,not_applicable,manifest order preserved,1-step 예측 오차; source[W:] 정렬,False,data shape applicable; raw wrapper contract checked separately
GHL,series_14,20,normal,USAD,50000,45000,9000,36000,5000,10,1,1,128,0,False,70,one_multivariate_model,none,2,8991,4991,70,71,31,0,142,39,9940,1,5,test_length-model_input_window_size+1,True,True,True,0,0,0,fixed_project_transfer_rule,window and batch_size=128 fixed by project transfer rule,"(8991, 10, 19)","[batch, 10, 19]","3 x [batch, 190]",190,not_applicable,not_applicable,manifest order preserved,window×channel 재구성 오차; 중앙 시점 정렬,False,data shape applicable; raw wrapper contract checked separately
GHL,series_14,20,normal,GDN,50000,45000,9000,36000,5000,5,1,1,32,1,False,50,one_multivariate_model,patience=10,1,8995,4995,281,282,3,0,282,157,14100,1,5,test_length-model_input_window_size,True,True,True,0,0,0,fixed_for_pretraining_audit,window and workload fixed; project topk does not change these counts,"(8995, 5, 19)","[batch, 19, 5]","[batch, 19]",not_applicable,19,5,manifest order preserved,1-step 채널별 절대 예측 오차; source[W:] 정렬,False,data shape applicable; raw wrapper contract checked separately
GHL,series_14,40,normal,CI-AE,50000,45000,18000,27000,5000,100,1,1,128,0,True,50,one_model_per_channel,none,1,17901,4901,139,139,128,109,139,39,6950,19,50,test_length-model_input_window_size+1,True,True,True,0,0,0,fixed_for_pretraining_audit,window and workload settings fixed,"(17901, 100, 1)","[batch, 100]","[batch, 100]",100,not_applicable,not_applicable,manifest order preserved,채널별 window 재구성 오차; 중앙 시점 정렬,True,data shape applicable; raw wrapper contract checked separately
GHL,series_14,40,normal,LSTM-AD,50000,45000,18000,27000,5000,100,1,1,128,1,False,50,one_multivariate_model,patience=3,1,17900,4900,139,140,108,0,140,39,7000,1,100,test_length-model_input_window_size,True,True,True,0,0,0,fixed_for_pretraining_audit,window and workload settings fixed,"(17900, 100, 19)","[batch, 100, 19]","[1, batch, 19]",not_applicable,not_applicable,not_applicable,manifest order preserved,1-step 예측 오차; source[W:] 정렬,False,data shape applicable; raw wrapper contract checked separately
GHL,series_14,40,normal,USAD,50000,45000,18000,27000,5000,10,1,1,128,0,False,70,one_multivariate_model,none,2,17991,4991,140,141,71,0,282,39,19740,1,5,test_length-model_input_window_size+1,True,True,True,0,0,0,fixed_project_transfer_rule,window and batch_size=128 fixed by project transfer rule,"(17991, 10, 19)","[batch, 10, 19]","3 x [batch, 190]",190,not_applicable,not_applicable,manifest order preserved,window×channel 재구성 오차; 중앙 시점 정렬,False,data shape applicable; raw wrapper contract checked separately
GHL,series_14,40,normal,GDN,50000,45000,18000,27000,5000,5,1,1,32,1,False,50,one_multivariate_model,patience=10,1,17995,4995,562,563,11,0,563,157,28150,1,5,test_length-model_input_window_size,True,True,True,0,0,0,fixed_for_pretraining_audit,window and workload fixed; project topk does not change these counts,"(17995, 5, 19)","[batch, 19, 5]","[batch, 19]",not_applicable,19,5,manifest order preserved,1-step 채널별 절대 예측 오차; source[W:] 정렬,False,data shape applicable; raw wrapper contract checked separately
GHL,series_14,60,normal,CI-AE,50000,45000,27000,18000,5000,100,1,1,128,0,True,50,one_model_per_channel,none,1,26901,4901,210,210,128,21,210,39,10500,19,50,test_length-model_input_window_size+1,True,True,True,0,0,0,fixed_for_pretraining_audit,window and workload settings fixed,"(26901, 100, 1)","[batch, 100]","[batch, 100]",100,not_applicable,not_applicable,manifest order preserved,채널별 window 재구성 오차; 중앙 시점 정렬,True,data shape applicable; raw wrapper contract checked separately
GHL,series_14,60,normal,LSTM-AD,50000,45000,27000,18000,5000,100,1,1,128,1,False,50,one_multivariate_model,patience=3,1,26900,4900,210,211,20,0,211,39,10550,1,100,test_length-model_input_window_size,True,True,True,0,0,0,fixed_for_pretraining_audit,window and workload settings fixed,"(26900, 100, 19)","[batch, 100, 19]","[1, batch, 19]",not_applicable,not_applicable,not_applicable,manifest order preserved,1-step 예측 오차; source[W:] 정렬,False,data shape applicable; raw wrapper contract checked separately
GHL,series_14,60,normal,USAD,50000,45000,27000,18000,5000,10,1,1,128,0,False,70,one_multivariate_model,none,2,26991,4991,210,211,111,0,422,39,29540,1,5,test_length-model_input_window_size+1,True,True,True,0,0,0,fixed_project_transfer_rule,window and batch_size=128 fixed by project transfer rule,"(26991, 10, 19)","[batch, 10, 19]","3 x [batch, 190]",190,not_applicable,not_applicable,manifest order preserved,window×channel 재구성 오차; 중앙 시점 정렬,False,data shape applicable; raw wrapper contract checked separately
GHL,series_14,60,normal,GDN,50000,45000,27000,18000,5000,5,1,1,32,1,False,50,one_multivariate_model,patience=10,1,26995,4995,843,844,19,0,844,157,42200,1,5,test_length-model_input_window_size,True,True,True,0,0,0,fixed_for_pretraining_audit,window and workload fixed; project topk does not change these counts,"(26995, 5, 19)","[batch, 19, 5]","[batch, 19]",not_applicable,19,5,manifest order preserved,1-step 채널별 절대 예측 오차; source[W:] 정렬,False,data shape applicable; raw wrapper contract checked separately
GHL,series_14,80,normal,CI-AE,50000,45000,36000,9000,5000,100,1,1,128,0,True,50,one_model_per_channel,none,1,35901,4901,280,280,128,61,280,39,14000,19,50,test_length-model_input_window_size+1,True,True,True,0,0,0,fixed_for_pretraining_audit,window and workload settings fixed,"(35901, 100, 1)","[batch, 100]","[batch, 100]",100,not_applicable,not_applicable,manifest order preserved,채널별 window 재구성 오차; 중앙 시점 정렬,True,data shape applicable; raw wrapper contract checked separately
GHL,series_14,80,normal,LSTM-AD,50000,45000,36000,9000,5000,100,1,1,128,1,False,50,one_multivariate_model,patience=3,1,35900,4900,280,281,60,0,281,39,14050,1,100,test_length-model_input_window_size,True,True,True,0,0,0,fixed_for_pretraining_audit,window and workload settings fixed,"(35900, 100, 19)","[batch, 100, 19]","[1, batch, 19]",not_applicable,not_applicable,not_applicable,manifest order preserved,1-step 예측 오차; source[W:] 정렬,False,data shape applicable; raw wrapper contract checked separately
GHL,series_14,80,normal,USAD,50000,45000,36000,9000,5000,10,1,1,128,0,False,70,one_multivariate_model,none,2,35991,4991,281,282,23,0,564,39,39480,1,5,test_length-model_input_window_size+1,True,True,True,0,0,0,fixed_project_transfer_rule,window and batch_size=128 fixed by project transfer rule,"(35991, 10, 19)","[batch, 10, 19]","3 x [batch, 190]",190,not_applicable,not_applicable,manifest order preserved,window×channel 재구성 오차; 중앙 시점 정렬,False,data shape applicable; raw wrapper contract checked separately
GHL,series_14,80,normal,GDN,50000,45000,36000,9000,5000,5,1,1,32,1,False,50,one_multivariate_model,patience=10,1,35995,4995,1124,1125,27,0,1125,157,56250,1,5,test_length-model_input_window_size,True,True,True,0,0,0,fixed_for_pretraining_audit,window and workload fixed; project topk does not change these counts,"(35995, 5, 19)","[batch, 19, 5]","[batch, 19]",not_applicable,19,5,manifest order preserved,1-step 채널별 절대 예측 오차; source[W:] 정렬,False,data shape applicable; raw wrapper contract checked separately
GHL,series_14,100,normal,CI-AE,50000,45000,45000,0,5000,100,1,1,128,0,True,50,one_model_per_channel,none,1,44901,4901,350,350,128,101,350,39,17500,19,50,test_length-model_input_window_size+1,True,True,True,0,0,0,fixed_for_pretraining_audit,window and workload settings fixed,"(44901, 100, 1)","[batch, 100]","[batch, 100]",100,not_applicable,not_applicable,manifest order preserved,채널별 window 재구성 오차; 중앙 시점 정렬,True,data shape applicable; raw wrapper contract checked separately
GHL,series_14,100,normal,LSTM-AD,50000,45000,45000,0,5000,100,1,1,128,1,False,50,one_multivariate_model,patience=3,1,44900,4900,350,351,100,0,351,39,17550,1,100,test_length-model_input_window_size,True,True,True,0,0,0,fixed_for_pretraining_audit,window and workload settings fixed,"(44900, 100, 19)","[batch, 100, 19]","[1, batch, 19]",not_applicable,not_applicable,not_applicable,manifest order preserved,1-step 예측 오차; source[W:] 정렬,False,data shape applicable; raw wrapper contract checked separately
GHL,series_14,100,normal,USAD,50000,45000,45000,0,5000,10,1,1,128,0,False,70,one_multivariate_model,none,2,44991,4991,351,352,63,0,704,39,49280,1,5,test_length-model_input_window_size+1,True,True,True,0,0,0,fixed_project_transfer_rule,window and batch_size=128 fixed by project transfer rule,"(44991, 10, 19)","[batch, 10, 19]","3 x [batch, 190]",190,not_applicable,not_applicable,manifest order preserved,window×channel 재구성 오차; 중앙 시점 정렬,False,data shape applicable; raw wrapper contract checked separately
GHL,series_14,100,normal,GDN,50000,45000,45000,0,5000,5,1,1,32,1,False,50,one_multivariate_model,patience=10,1,44995,4995,1406,1407,3,0,1407,157,70350,1,5,test_length-model_input_window_size,True,True,True,0,0,0,fixed_for_pretraining_audit,window and workload fixed; project topk does not change these counts,"(44995, 5, 19)","[batch, 19, 5]","[batch, 19]",not_applicable,19,5,manifest order preserved,1-step 채널별 절대 예측 오차; source[W:] 정렬,False,data shape applicable; raw wrapper contract checked separately
GHL,series_15,5,normal,CI-AE,50000,45000,2250,42750,5000,100,1,1,128,0,True,50,one_model_per_channel,none,1,2151,4901,16,16,128,103,16,39,800,19,50,test_length-model_input_window_size+1,True,True,True,0,0,0,fixed_for_pretraining_audit,window and workload settings fixed,"(2151, 100, 1)","[batch, 100]","[batch, 100]",100,not_applicable,not_applicable,manifest order preserved,채널별 window 재구성 오차; 중앙 시점 정렬,True,data shape applicable; raw wrapper contract checked separately
GHL,series_15,5,normal,LSTM-AD,50000,45000,2250,42750,5000,100,1,1,128,1,False,50,one_multivariate_model,patience=3,1,2150,4900,16,17,102,0,17,39,850,1,100,test_length-model_input_window_size,True,True,True,0,0,0,fixed_for_pretraining_audit,window and workload settings fixed,"(2150, 100, 19)","[batch, 100, 19]","[1, batch, 19]",not_applicable,not_applicable,not_applicable,manifest order preserved,1-step 예측 오차; source[W:] 정렬,False,data shape applicable; raw wrapper contract checked separately
GHL,series_15,5,normal,USAD,50000,45000,2250,42750,5000,10,1,1,128,0,False,70,one_multivariate_model,none,2,2241,4991,17,18,65,0,36,39,2520,1,5,test_length-model_input_window_size+1,True,True,True,0,0,0,fixed_project_transfer_rule,window and batch_size=128 fixed by project transfer rule,"(2241, 10, 19)","[batch, 10, 19]","3 x [batch, 190]",190,not_applicable,not_applicable,manifest order preserved,window×channel 재구성 오차; 중앙 시점 정렬,False,data shape applicable; raw wrapper contract checked separately
GHL,series_15,5,normal,GDN,50000,45000,2250,42750,5000,5,1,1,32,1,False,50,one_multivariate_model,patience=10,1,2245,4995,70,71,5,0,71,157,3550,1,5,test_length-model_input_window_size,True,True,True,0,0,0,fixed_for_pretraining_audit,window and workload fixed; project topk does not change these counts,"(2245, 5, 19)","[batch, 19, 5]","[batch, 19]",not_applicable,19,5,manifest order preserved,1-step 채널별 절대 예측 오차; source[W:] 정렬,False,data shape applicable; raw wrapper contract checked separately
GHL,series_15,10,normal,CI-AE,50000,45000,4500,40500,5000,100,1,1,128,0,True,50,one_model_per_channel,none,1,4401,4901,34,34,128,49,34,39,1700,19,50,test_length-model_input_window_size+1,True,True,True,0,0,0,fixed_for_pretraining_audit,window and workload settings fixed,"(4401, 100, 1)","[batch, 100]","[batch, 100]",100,not_applicable,not_applicable,manifest order preserved,채널별 window 재구성 오차; 중앙 시점 정렬,True,data shape applicable; raw wrapper contract checked separately
GHL,series_15,10,normal,LSTM-AD,50000,45000,4500,40500,5000,100,1,1,128,1,False,50,one_multivariate_model,patience=3,1,4400,4900,34,35,48,0,35,39,1750,1,100,test_length-model_input_window_size,True,True,True,0,0,0,fixed_for_pretraining_audit,window and workload settings fixed,"(4400, 100, 19)","[batch, 100, 19]","[1, batch, 19]",not_applicable,not_applicable,not_applicable,manifest order preserved,1-step 예측 오차; source[W:] 정렬,False,data shape applicable; raw wrapper contract checked separately
GHL,series_15,10,normal,USAD,50000,45000,4500,40500,5000,10,1,1,128,0,False,70,one_multivariate_model,none,2,4491,4991,35,36,11,0,72,39,5040,1,5,test_length-model_input_window_size+1,True,True,True,0,0,0,fixed_project_transfer_rule,window and batch_size=128 fixed by project transfer rule,"(4491, 10, 19)","[batch, 10, 19]","3 x [batch, 190]",190,not_applicable,not_applicable,manifest order preserved,window×channel 재구성 오차; 중앙 시점 정렬,False,data shape applicable; raw wrapper contract checked separately
GHL,series_15,10,normal,GDN,50000,45000,4500,40500,5000,5,1,1,32,1,False,50,one_multivariate_model,patience=10,1,4495,4995,140,141,15,0,141,157,7050,1,5,test_length-model_input_window_size,True,True,True,0,0,0,fixed_for_pretraining_audit,window and workload fixed; project topk does not change these counts,"(4495, 5, 19)","[batch, 19, 5]","[batch, 19]",not_applicable,19,5,manifest order preserved,1-step 채널별 절대 예측 오차; source[W:] 정렬,False,data shape applicable; raw wrapper contract checked separately
GHL,series_15,20,normal,CI-AE,50000,45000,9000,36000,5000,100,1,1,128,0,True,50,one_model_per_channel,none,1,8901,4901,69,69,128,69,69,39,3450,19,50,test_length-model_input_window_size+1,True,True,True,0,0,0,fixed_for_pretraining_audit,window and workload settings fixed,"(8901, 100, 1)","[batch, 100]","[batch, 100]",100,not_applicable,not_applicable,manifest order preserved,채널별 window 재구성 오차; 중앙 시점 정렬,True,data shape applicable; raw wrapper contract checked separately
GHL,series_15,20,normal,LSTM-AD,50000,45000,9000,36000,5000,100,1,1,128,1,False,50,one_multivariate_model,patience=3,1,8900,4900,69,70,68,0,70,39,3500,1,100,test_length-model_input_window_size,True,True,True,0,0,0,fixed_for_pretraining_audit,window and workload settings fixed,"(8900, 100, 19)","[batch, 100, 19]","[1, batch, 19]",not_applicable,not_applicable,not_applicable,manifest order preserved,1-step 예측 오차; source[W:] 정렬,False,data shape applicable; raw wrapper contract checked separately
GHL,series_15,20,normal,USAD,50000,45000,9000,36000,5000,10,1,1,128,0,False,70,one_multivariate_model,none,2,8991,4991,70,71,31,0,142,39,9940,1,5,test_length-model_input_window_size+1,True,True,True,0,0,0,fixed_project_transfer_rule,window and batch_size=128 fixed by project transfer rule,"(8991, 10, 19)","[batch, 10, 19]","3 x [batch, 190]",190,not_applicable,not_applicable,manifest order preserved,window×channel 재구성 오차; 중앙 시점 정렬,False,data shape applicable; raw wrapper contract checked separately
GHL,series_15,20,normal,GDN,50000,45000,9000,36000,5000,5,1,1,32,1,False,50,one_multivariate_model,patience=10,1,8995,4995,281,282,3,0,282,157,14100,1,5,test_length-model_input_window_size,True,True,True,0,0,0,fixed_for_pretraining_audit,window and workload fixed; project topk does not change these counts,"(8995, 5, 19)","[batch, 19, 5]","[batch, 19]",not_applicable,19,5,manifest order preserved,1-step 채널별 절대 예측 오차; source[W:] 정렬,False,data shape applicable; raw wrapper contract checked separately
GHL,series_15,40,normal,CI-AE,50000,45000,18000,27000,5000,100,1,1,128,0,True,50,one_model_per_channel,none,1,17901,4901,139,139,128,109,139,39,6950,19,50,test_length-model_input_window_size+1,True,True,True,0,0,0,fixed_for_pretraining_audit,window and workload settings fixed,"(17901, 100, 1)","[batch, 100]","[batch, 100]",100,not_applicable,not_applicable,manifest order preserved,채널별 window 재구성 오차; 중앙 시점 정렬,True,data shape applicable; raw wrapper contract checked separately
GHL,series_15,40,normal,LSTM-AD,50000,45000,18000,27000,5000,100,1,1,128,1,False,50,one_multivariate_model,patience=3,1,17900,4900,139,140,108,0,140,39,7000,1,100,test_length-model_input_window_size,True,True,True,0,0,0,fixed_for_pretraining_audit,window and workload settings fixed,"(17900, 100, 19)","[batch, 100, 19]","[1, batch, 19]",not_applicable,not_applicable,not_applicable,manifest order preserved,1-step 예측 오차; source[W:] 정렬,False,data shape applicable; raw wrapper contract checked separately
GHL,series_15,40,normal,USAD,50000,45000,18000,27000,5000,10,1,1,128,0,False,70,one_multivariate_model,none,2,17991,4991,140,141,71,0,282,39,19740,1,5,test_length-model_input_window_size+1,True,True,True,0,0,0,fixed_project_transfer_rule,window and batch_size=128 fixed by project transfer rule,"(17991, 10, 19)","[batch, 10, 19]","3 x [batch, 190]",190,not_applicable,not_applicable,manifest order preserved,window×channel 재구성 오차; 중앙 시점 정렬,False,data shape applicable; raw wrapper contract checked separately
GHL,series_15,40,normal,GDN,50000,45000,18000,27000,5000,5,1,1,32,1,False,50,one_multivariate_model,patience=10,1,17995,4995,562,563,11,0,563,157,28150,1,5,test_length-model_input_window_size,True,True,True,0,0,0,fixed_for_pretraining_audit,window and workload fixed; project topk does not change these counts,"(17995, 5, 19)","[batch, 19, 5]","[batch, 19]",not_applicable,19,5,manifest order preserved,1-step 채널별 절대 예측 오차; source[W:] 정렬,False,data shape applicable; raw wrapper contract checked separately
GHL,series_15,60,normal,CI-AE,50000,45000,27000,18000,5000,100,1,1,128,0,True,50,one_model_per_channel,none,1,26901,4901,210,210,128,21,210,39,10500,19,50,test_length-model_input_window_size+1,True,True,True,0,0,0,fixed_for_pretraining_audit,window and workload settings fixed,"(26901, 100, 1)","[batch, 100]","[batch, 100]",100,not_applicable,not_applicable,manifest order preserved,채널별 window 재구성 오차; 중앙 시점 정렬,True,data shape applicable; raw wrapper contract checked separately
GHL,series_15,60,normal,LSTM-AD,50000,45000,27000,18000,5000,100,1,1,128,1,False,50,one_multivariate_model,patience=3,1,26900,4900,210,211,20,0,211,39,10550,1,100,test_length-model_input_window_size,True,True,True,0,0,0,fixed_for_pretraining_audit,window and workload settings fixed,"(26900, 100, 19)","[batch, 100, 19]","[1, batch, 19]",not_applicable,not_applicable,not_applicable,manifest order preserved,1-step 예측 오차; source[W:] 정렬,False,data shape applicable; raw wrapper contract checked separately
GHL,series_15,60,normal,USAD,50000,45000,27000,18000,5000,10,1,1,128,0,False,70,one_multivariate_model,none,2,26991,4991,210,211,111,0,422,39,29540,1,5,test_length-model_input_window_size+1,True,True,True,0,0,0,fixed_project_transfer_rule,window and batch_size=128 fixed by project transfer rule,"(26991, 10, 19)","[batch, 10, 19]","3 x [batch, 190]",190,not_applicable,not_applicable,manifest order preserved,window×channel 재구성 오차; 중앙 시점 정렬,False,data shape applicable; raw wrapper contract checked separately
GHL,series_15,60,normal,GDN,50000,45000,27000,18000,5000,5,1,1,32,1,False,50,one_multivariate_model,patience=10,1,26995,4995,843,844,19,0,844,157,42200,1,5,test_length-model_input_window_size,True,True,True,0,0,0,fixed_for_pretraining_audit,window and workload fixed; project topk does not change these counts,"(26995, 5, 19)","[batch, 19, 5]","[batch, 19]",not_applicable,19,5,manifest order preserved,1-step 채널별 절대 예측 오차; source[W:] 정렬,False,data shape applicable; raw wrapper contract checked separately
GHL,series_15,80,normal,CI-AE,50000,45000,36000,9000,5000,100,1,1,128,0,True,50,one_model_per_channel,none,1,35901,4901,280,280,128,61,280,39,14000,19,50,test_length-model_input_window_size+1,True,True,True,0,0,0,fixed_for_pretraining_audit,window and workload settings fixed,"(35901, 100, 1)","[batch, 100]","[batch, 100]",100,not_applicable,not_applicable,manifest order preserved,채널별 window 재구성 오차; 중앙 시점 정렬,True,data shape applicable; raw wrapper contract checked separately
GHL,series_15,80,normal,LSTM-AD,50000,45000,36000,9000,5000,100,1,1,128,1,False,50,one_multivariate_model,patience=3,1,35900,4900,280,281,60,0,281,39,14050,1,100,test_length-model_input_window_size,True,True,True,0,0,0,fixed_for_pretraining_audit,window and workload settings fixed,"(35900, 100, 19)","[batch, 100, 19]","[1, batch, 19]",not_applicable,not_applicable,not_applicable,manifest order preserved,1-step 예측 오차; source[W:] 정렬,False,data shape applicable; raw wrapper contract checked separately
GHL,series_15,80,normal,USAD,50000,45000,36000,9000,5000,10,1,1,128,0,False,70,one_multivariate_model,none,2,35991,4991,281,282,23,0,564,39,39480,1,5,test_length-model_input_window_size+1,True,True,True,0,0,0,fixed_project_transfer_rule,window and batch_size=128 fixed by project transfer rule,"(35991, 10, 19)","[batch, 10, 19]","3 x [batch, 190]",190,not_applicable,not_applicable,manifest order preserved,window×channel 재구성 오차; 중앙 시점 정렬,False,data shape applicable; raw wrapper contract checked separately
GHL,series_15,80,normal,GDN,50000,45000,36000,9000,5000,5,1,1,32,1,False,50,one_multivariate_model,patience=10,1,35995,4995,1124,1125,27,0,1125,157,56250,1,5,test_length-model_input_window_size,True,True,True,0,0,0,fixed_for_pretraining_audit,window and workload fixed; project topk does not change these counts,"(35995, 5, 19)","[batch, 19, 5]","[batch, 19]",not_applicable,19,5,manifest order preserved,1-step 채널별 절대 예측 오차; source[W:] 정렬,False,data shape applicable; raw wrapper contract checked separately
GHL,series_15,100,normal,CI-AE,50000,45000,45000,0,5000,100,1,1,128,0,True,50,one_model_per_channel,none,1,44901,4901,350,350,128,101,350,39,17500,19,50,test_length-model_input_window_size+1,True,True,True,0,0,0,fixed_for_pretraining_audit,window and workload settings fixed,"(44901, 100, 1)","[batch, 100]","[batch, 100]",100,not_applicable,not_applicable,manifest order preserved,채널별 window 재구성 오차; 중앙 시점 정렬,True,data shape applicable; raw wrapper contract checked separately
GHL,series_15,100,normal,LSTM-AD,50000,45000,45000,0,5000,100,1,1,128,1,False,50,one_multivariate_model,patience=3,1,44900,4900,350,351,100,0,351,39,17550,1,100,test_length-model_input_window_size,True,True,True,0,0,0,fixed_for_pretraining_audit,window and workload settings fixed,"(44900, 100, 19)","[batch, 100, 19]","[1, batch, 19]",not_applicable,not_applicable,not_applicable,manifest order preserved,1-step 예측 오차; source[W:] 정렬,False,data shape applicable; raw wrapper contract checked separately
GHL,series_15,100,normal,USAD,50000,45000,45000,0,5000,10,1,1,128,0,False,70,one_multivariate_model,none,2,44991,4991,351,352,63,0,704,39,49280,1,5,test_length-model_input_window_size+1,True,True,True,0,0,0,fixed_project_transfer_rule,window and batch_size=128 fixed by project transfer rule,"(44991, 10, 19)","[batch, 10, 19]","3 x [batch, 190]",190,not_applicable,not_applicable,manifest order preserved,window×channel 재구성 오차; 중앙 시점 정렬,False,data shape applicable; raw wrapper contract checked separately
GHL,series_15,100,normal,GDN,50000,45000,45000,0,5000,5,1,1,32,1,False,50,one_multivariate_model,patience=10,1,44995,4995,1406,1407,3,0,1407,157,70350,1,5,test_length-model_input_window_size,True,True,True,0,0,0,fixed_for_pretraining_audit,window and workload fixed; project topk does not change these counts,"(44995, 5, 19)","[batch, 19, 5]","[batch, 19]",not_applicable,19,5,manifest order preserved,1-step 채널별 절대 예측 오차; source[W:] 정렬,False,data shape applicable; raw wrapper contract checked separately
GHL,series_16,5,normal,CI-AE,50000,45000,2250,42750,5000,100,1,1,128,0,True,50,one_model_per_channel,none,1,2151,4901,16,16,128,103,16,39,800,19,50,test_length-model_input_window_size+1,True,True,True,0,0,0,fixed_for_pretraining_audit,window and workload settings fixed,"(2151, 100, 1)","[batch, 100]","[batch, 100]",100,not_applicable,not_applicable,manifest order preserved,채널별 window 재구성 오차; 중앙 시점 정렬,True,data shape applicable; raw wrapper contract checked separately
GHL,series_16,5,normal,LSTM-AD,50000,45000,2250,42750,5000,100,1,1,128,1,False,50,one_multivariate_model,patience=3,1,2150,4900,16,17,102,0,17,39,850,1,100,test_length-model_input_window_size,True,True,True,0,0,0,fixed_for_pretraining_audit,window and workload settings fixed,"(2150, 100, 19)","[batch, 100, 19]","[1, batch, 19]",not_applicable,not_applicable,not_applicable,manifest order preserved,1-step 예측 오차; source[W:] 정렬,False,data shape applicable; raw wrapper contract checked separately
GHL,series_16,5,normal,USAD,50000,45000,2250,42750,5000,10,1,1,128,0,False,70,one_multivariate_model,none,2,2241,4991,17,18,65,0,36,39,2520,1,5,test_length-model_input_window_size+1,True,True,True,0,0,0,fixed_project_transfer_rule,window and batch_size=128 fixed by project transfer rule,"(2241, 10, 19)","[batch, 10, 19]","3 x [batch, 190]",190,not_applicable,not_applicable,manifest order preserved,window×channel 재구성 오차; 중앙 시점 정렬,False,data shape applicable; raw wrapper contract checked separately
GHL,series_16,5,normal,GDN,50000,45000,2250,42750,5000,5,1,1,32,1,False,50,one_multivariate_model,patience=10,1,2245,4995,70,71,5,0,71,157,3550,1,5,test_length-model_input_window_size,True,True,True,0,0,0,fixed_for_pretraining_audit,window and workload fixed; project topk does not change these counts,"(2245, 5, 19)","[batch, 19, 5]","[batch, 19]",not_applicable,19,5,manifest order preserved,1-step 채널별 절대 예측 오차; source[W:] 정렬,False,data shape applicable; raw wrapper contract checked separately
GHL,series_16,10,normal,CI-AE,50000,45000,4500,40500,5000,100,1,1,128,0,True,50,one_model_per_channel,none,1,4401,4901,34,34,128,49,34,39,1700,19,50,test_length-model_input_window_size+1,True,True,True,0,0,0,fixed_for_pretraining_audit,window and workload settings fixed,"(4401, 100, 1)","[batch, 100]","[batch, 100]",100,not_applicable,not_applicable,manifest order preserved,채널별 window 재구성 오차; 중앙 시점 정렬,True,data shape applicable; raw wrapper contract checked separately
GHL,series_16,10,normal,LSTM-AD,50000,45000,4500,40500,5000,100,1,1,128,1,False,50,one_multivariate_model,patience=3,1,4400,4900,34,35,48,0,35,39,1750,1,100,test_length-model_input_window_size,True,True,True,0,0,0,fixed_for_pretraining_audit,window and workload settings fixed,"(4400, 100, 19)","[batch, 100, 19]","[1, batch, 19]",not_applicable,not_applicable,not_applicable,manifest order preserved,1-step 예측 오차; source[W:] 정렬,False,data shape applicable; raw wrapper contract checked separately
GHL,series_16,10,normal,USAD,50000,45000,4500,40500,5000,10,1,1,128,0,False,70,one_multivariate_model,none,2,4491,4991,35,36,11,0,72,39,5040,1,5,test_length-model_input_window_size+1,True,True,True,0,0,0,fixed_project_transfer_rule,window and batch_size=128 fixed by project transfer rule,"(4491, 10, 19)","[batch, 10, 19]","3 x [batch, 190]",190,not_applicable,not_applicable,manifest order preserved,window×channel 재구성 오차; 중앙 시점 정렬,False,data shape applicable; raw wrapper contract checked separately
GHL,series_16,10,normal,GDN,50000,45000,4500,40500,5000,5,1,1,32,1,False,50,one_multivariate_model,patience=10,1,4495,4995,140,141,15,0,141,157,7050,1,5,test_length-model_input_window_size,True,True,True,0,0,0,fixed_for_pretraining_audit,window and workload fixed; project topk does not change these counts,"(4495, 5, 19)","[batch, 19, 5]","[batch, 19]",not_applicable,19,5,manifest order preserved,1-step 채널별 절대 예측 오차; source[W:] 정렬,False,data shape applicable; raw wrapper contract checked separately
GHL,series_16,20,normal,CI-AE,50000,45000,9000,36000,5000,100,1,1,128,0,True,50,one_model_per_channel,none,1,8901,4901,69,69,128,69,69,39,3450,19,50,test_length-model_input_window_size+1,True,True,True,0,0,0,fixed_for_pretraining_audit,window and workload settings fixed,"(8901, 100, 1)","[batch, 100]","[batch, 100]",100,not_applicable,not_applicable,manifest order preserved,채널별 window 재구성 오차; 중앙 시점 정렬,True,data shape applicable; raw wrapper contract checked separately
GHL,series_16,20,normal,LSTM-AD,50000,45000,9000,36000,5000,100,1,1,128,1,False,50,one_multivariate_model,patience=3,1,8900,4900,69,70,68,0,70,39,3500,1,100,test_length-model_input_window_size,True,True,True,0,0,0,fixed_for_pretraining_audit,window and workload settings fixed,"(8900, 100, 19)","[batch, 100, 19]","[1, batch, 19]",not_applicable,not_applicable,not_applicable,manifest order preserved,1-step 예측 오차; source[W:] 정렬,False,data shape applicable; raw wrapper contract checked separately
GHL,series_16,20,normal,USAD,50000,45000,9000,36000,5000,10,1,1,128,0,False,70,one_multivariate_model,none,2,8991,4991,70,71,31,0,142,39,9940,1,5,test_length-model_input_window_size+1,True,True,True,0,0,0,fixed_project_transfer_rule,window and batch_size=128 fixed by project transfer rule,"(8991, 10, 19)","[batch, 10, 19]","3 x [batch, 190]",190,not_applicable,not_applicable,manifest order preserved,window×channel 재구성 오차; 중앙 시점 정렬,False,data shape applicable; raw wrapper contract checked separately
GHL,series_16,20,normal,GDN,50000,45000,9000,36000,5000,5,1,1,32,1,False,50,one_multivariate_model,patience=10,1,8995,4995,281,282,3,0,282,157,14100,1,5,test_length-model_input_window_size,True,True,True,0,0,0,fixed_for_pretraining_audit,window and workload fixed; project topk does not change these counts,"(8995, 5, 19)","[batch, 19, 5]","[batch, 19]",not_applicable,19,5,manifest order preserved,1-step 채널별 절대 예측 오차; source[W:] 정렬,False,data shape applicable; raw wrapper contract checked separately
GHL,series_16,40,normal,CI-AE,50000,45000,18000,27000,5000,100,1,1,128,0,True,50,one_model_per_channel,none,1,17901,4901,139,139,128,109,139,39,6950,19,50,test_length-model_input_window_size+1,True,True,True,0,0,0,fixed_for_pretraining_audit,window and workload settings fixed,"(17901, 100, 1)","[batch, 100]","[batch, 100]",100,not_applicable,not_applicable,manifest order preserved,채널별 window 재구성 오차; 중앙 시점 정렬,True,data shape applicable; raw wrapper contract checked separately
GHL,series_16,40,normal,LSTM-AD,50000,45000,18000,27000,5000,100,1,1,128,1,False,50,one_multivariate_model,patience=3,1,17900,4900,139,140,108,0,140,39,7000,1,100,test_length-model_input_window_size,True,True,True,0,0,0,fixed_for_pretraining_audit,window and workload settings fixed,"(17900, 100, 19)","[batch, 100, 19]","[1, batch, 19]",not_applicable,not_applicable,not_applicable,manifest order preserved,1-step 예측 오차; source[W:] 정렬,False,data shape applicable; raw wrapper contract checked separately
GHL,series_16,40,normal,USAD,50000,45000,18000,27000,5000,10,1,1,128,0,False,70,one_multivariate_model,none,2,17991,4991,140,141,71,0,282,39,19740,1,5,test_length-model_input_window_size+1,True,True,True,0,0,0,fixed_project_transfer_rule,window and batch_size=128 fixed by project transfer rule,"(17991, 10, 19)","[batch, 10, 19]","3 x [batch, 190]",190,not_applicable,not_applicable,manifest order preserved,window×channel 재구성 오차; 중앙 시점 정렬,False,data shape applicable; raw wrapper contract checked separately
GHL,series_16,40,normal,GDN,50000,45000,18000,27000,5000,5,1,1,32,1,False,50,one_multivariate_model,patience=10,1,17995,4995,562,563,11,0,563,157,28150,1,5,test_length-model_input_window_size,True,True,True,0,0,0,fixed_for_pretraining_audit,window and workload fixed; project topk does not change these counts,"(17995, 5, 19)","[batch, 19, 5]","[batch, 19]",not_applicable,19,5,manifest order preserved,1-step 채널별 절대 예측 오차; source[W:] 정렬,False,data shape applicable; raw wrapper contract checked separately
GHL,series_16,60,normal,CI-AE,50000,45000,27000,18000,5000,100,1,1,128,0,True,50,one_model_per_channel,none,1,26901,4901,210,210,128,21,210,39,10500,19,50,test_length-model_input_window_size+1,True,True,True,0,0,0,fixed_for_pretraining_audit,window and workload settings fixed,"(26901, 100, 1)","[batch, 100]","[batch, 100]",100,not_applicable,not_applicable,manifest order preserved,채널별 window 재구성 오차; 중앙 시점 정렬,True,data shape applicable; raw wrapper contract checked separately
GHL,series_16,60,normal,LSTM-AD,50000,45000,27000,18000,5000,100,1,1,128,1,False,50,one_multivariate_model,patience=3,1,26900,4900,210,211,20,0,211,39,10550,1,100,test_length-model_input_window_size,True,True,True,0,0,0,fixed_for_pretraining_audit,window and workload settings fixed,"(26900, 100, 19)","[batch, 100, 19]","[1, batch, 19]",not_applicable,not_applicable,not_applicable,manifest order preserved,1-step 예측 오차; source[W:] 정렬,False,data shape applicable; raw wrapper contract checked separately
GHL,series_16,60,normal,USAD,50000,45000,27000,18000,5000,10,1,1,128,0,False,70,one_multivariate_model,none,2,26991,4991,210,211,111,0,422,39,29540,1,5,test_length-model_input_window_size+1,True,True,True,0,0,0,fixed_project_transfer_rule,window and batch_size=128 fixed by project transfer rule,"(26991, 10, 19)","[batch, 10, 19]","3 x [batch, 190]",190,not_applicable,not_applicable,manifest order preserved,window×channel 재구성 오차; 중앙 시점 정렬,False,data shape applicable; raw wrapper contract checked separately
GHL,series_16,60,normal,GDN,50000,45000,27000,18000,5000,5,1,1,32,1,False,50,one_multivariate_model,patience=10,1,26995,4995,843,844,19,0,844,157,42200,1,5,test_length-model_input_window_size,True,True,True,0,0,0,fixed_for_pretraining_audit,window and workload fixed; project topk does not change these counts,"(26995, 5, 19)","[batch, 19, 5]","[batch, 19]",not_applicable,19,5,manifest order preserved,1-step 채널별 절대 예측 오차; source[W:] 정렬,False,data shape applicable; raw wrapper contract checked separately
GHL,series_16,80,normal,CI-AE,50000,45000,36000,9000,5000,100,1,1,128,0,True,50,one_model_per_channel,none,1,35901,4901,280,280,128,61,280,39,14000,19,50,test_length-model_input_window_size+1,True,True,True,0,0,0,fixed_for_pretraining_audit,window and workload settings fixed,"(35901, 100, 1)","[batch, 100]","[batch, 100]",100,not_applicable,not_applicable,manifest order preserved,채널별 window 재구성 오차; 중앙 시점 정렬,True,data shape applicable; raw wrapper contract checked separately
GHL,series_16,80,normal,LSTM-AD,50000,45000,36000,9000,5000,100,1,1,128,1,False,50,one_multivariate_model,patience=3,1,35900,4900,280,281,60,0,281,39,14050,1,100,test_length-model_input_window_size,True,True,True,0,0,0,fixed_for_pretraining_audit,window and workload settings fixed,"(35900, 100, 19)","[batch, 100, 19]","[1, batch, 19]",not_applicable,not_applicable,not_applicable,manifest order preserved,1-step 예측 오차; source[W:] 정렬,False,data shape applicable; raw wrapper contract checked separately
GHL,series_16,80,normal,USAD,50000,45000,36000,9000,5000,10,1,1,128,0,False,70,one_multivariate_model,none,2,35991,4991,281,282,23,0,564,39,39480,1,5,test_length-model_input_window_size+1,True,True,True,0,0,0,fixed_project_transfer_rule,window and batch_size=128 fixed by project transfer rule,"(35991, 10, 19)","[batch, 10, 19]","3 x [batch, 190]",190,not_applicable,not_applicable,manifest order preserved,window×channel 재구성 오차; 중앙 시점 정렬,False,data shape applicable; raw wrapper contract checked separately
GHL,series_16,80,normal,GDN,50000,45000,36000,9000,5000,5,1,1,32,1,False,50,one_multivariate_model,patience=10,1,35995,4995,1124,1125,27,0,1125,157,56250,1,5,test_length-model_input_window_size,True,True,True,0,0,0,fixed_for_pretraining_audit,window and workload fixed; project topk does not change these counts,"(35995, 5, 19)","[batch, 19, 5]","[batch, 19]",not_applicable,19,5,manifest order preserved,1-step 채널별 절대 예측 오차; source[W:] 정렬,False,data shape applicable; raw wrapper contract checked separately
GHL,series_16,100,normal,CI-AE,50000,45000,45000,0,5000,100,1,1,128,0,True,50,one_model_per_channel,none,1,44901,4901,350,350,128,101,350,39,17500,19,50,test_length-model_input_window_size+1,True,True,True,0,0,0,fixed_for_pretraining_audit,window and workload settings fixed,"(44901, 100, 1)","[batch, 100]","[batch, 100]",100,not_applicable,not_applicable,manifest order preserved,채널별 window 재구성 오차; 중앙 시점 정렬,True,data shape applicable; raw wrapper contract checked separately
GHL,series_16,100,normal,LSTM-AD,50000,45000,45000,0,5000,100,1,1,128,1,False,50,one_multivariate_model,patience=3,1,44900,4900,350,351,100,0,351,39,17550,1,100,test_length-model_input_window_size,True,True,True,0,0,0,fixed_for_pretraining_audit,window and workload settings fixed,"(44900, 100, 19)","[batch, 100, 19]","[1, batch, 19]",not_applicable,not_applicable,not_applicable,manifest order preserved,1-step 예측 오차; source[W:] 정렬,False,data shape applicable; raw wrapper contract checked separately
GHL,series_16,100,normal,USAD,50000,45000,45000,0,5000,10,1,1,128,0,False,70,one_multivariate_model,none,2,44991,4991,351,352,63,0,704,39,49280,1,5,test_length-model_input_window_size+1,True,True,True,0,0,0,fixed_project_transfer_rule,window and batch_size=128 fixed by project transfer rule,"(44991, 10, 19)","[batch, 10, 19]","3 x [batch, 190]",190,not_applicable,not_applicable,manifest order preserved,window×channel 재구성 오차; 중앙 시점 정렬,False,data shape applicable; raw wrapper contract checked separately
GHL,series_16,100,normal,GDN,50000,45000,45000,0,5000,5,1,1,32,1,False,50,one_multivariate_model,patience=10,1,44995,4995,1406,1407,3,0,1407,157,70350,1,5,test_length-model_input_window_size,True,True,True,0,0,0,fixed_for_pretraining_audit,window and workload fixed; project topk does not change these counts,"(44995, 5, 19)","[batch, 19, 5]","[batch, 19]",not_applicable,19,5,manifest order preserved,1-step 채널별 절대 예측 오차; source[W:] 정렬,False,data shape applicable; raw wrapper contract checked separately
GHL,series_17,5,normal,CI-AE,50000,45000,2250,42750,5000,100,1,1,128,0,True,50,one_model_per_channel,none,1,2151,4901,16,16,128,103,16,39,800,19,50,test_length-model_input_window_size+1,True,True,True,0,0,0,fixed_for_pretraining_audit,window and workload settings fixed,"(2151, 100, 1)","[batch, 100]","[batch, 100]",100,not_applicable,not_applicable,manifest order preserved,채널별 window 재구성 오차; 중앙 시점 정렬,True,data shape applicable; raw wrapper contract checked separately
GHL,series_17,5,normal,LSTM-AD,50000,45000,2250,42750,5000,100,1,1,128,1,False,50,one_multivariate_model,patience=3,1,2150,4900,16,17,102,0,17,39,850,1,100,test_length-model_input_window_size,True,True,True,0,0,0,fixed_for_pretraining_audit,window and workload settings fixed,"(2150, 100, 19)","[batch, 100, 19]","[1, batch, 19]",not_applicable,not_applicable,not_applicable,manifest order preserved,1-step 예측 오차; source[W:] 정렬,False,data shape applicable; raw wrapper contract checked separately
GHL,series_17,5,normal,USAD,50000,45000,2250,42750,5000,10,1,1,128,0,False,70,one_multivariate_model,none,2,2241,4991,17,18,65,0,36,39,2520,1,5,test_length-model_input_window_size+1,True,True,True,0,0,0,fixed_project_transfer_rule,window and batch_size=128 fixed by project transfer rule,"(2241, 10, 19)","[batch, 10, 19]","3 x [batch, 190]",190,not_applicable,not_applicable,manifest order preserved,window×channel 재구성 오차; 중앙 시점 정렬,False,data shape applicable; raw wrapper contract checked separately
GHL,series_17,5,normal,GDN,50000,45000,2250,42750,5000,5,1,1,32,1,False,50,one_multivariate_model,patience=10,1,2245,4995,70,71,5,0,71,157,3550,1,5,test_length-model_input_window_size,True,True,True,0,0,0,fixed_for_pretraining_audit,window and workload fixed; project topk does not change these counts,"(2245, 5, 19)","[batch, 19, 5]","[batch, 19]",not_applicable,19,5,manifest order preserved,1-step 채널별 절대 예측 오차; source[W:] 정렬,False,data shape applicable; raw wrapper contract checked separately
GHL,series_17,10,normal,CI-AE,50000,45000,4500,40500,5000,100,1,1,128,0,True,50,one_model_per_channel,none,1,4401,4901,34,34,128,49,34,39,1700,19,50,test_length-model_input_window_size+1,True,True,True,0,0,0,fixed_for_pretraining_audit,window and workload settings fixed,"(4401, 100, 1)","[batch, 100]","[batch, 100]",100,not_applicable,not_applicable,manifest order preserved,채널별 window 재구성 오차; 중앙 시점 정렬,True,data shape applicable; raw wrapper contract checked separately
GHL,series_17,10,normal,LSTM-AD,50000,45000,4500,40500,5000,100,1,1,128,1,False,50,one_multivariate_model,patience=3,1,4400,4900,34,35,48,0,35,39,1750,1,100,test_length-model_input_window_size,True,True,True,0,0,0,fixed_for_pretraining_audit,window and workload settings fixed,"(4400, 100, 19)","[batch, 100, 19]","[1, batch, 19]",not_applicable,not_applicable,not_applicable,manifest order preserved,1-step 예측 오차; source[W:] 정렬,False,data shape applicable; raw wrapper contract checked separately
GHL,series_17,10,normal,USAD,50000,45000,4500,40500,5000,10,1,1,128,0,False,70,one_multivariate_model,none,2,4491,4991,35,36,11,0,72,39,5040,1,5,test_length-model_input_window_size+1,True,True,True,0,0,0,fixed_project_transfer_rule,window and batch_size=128 fixed by project transfer rule,"(4491, 10, 19)","[batch, 10, 19]","3 x [batch, 190]",190,not_applicable,not_applicable,manifest order preserved,window×channel 재구성 오차; 중앙 시점 정렬,False,data shape applicable; raw wrapper contract checked separately
GHL,series_17,10,normal,GDN,50000,45000,4500,40500,5000,5,1,1,32,1,False,50,one_multivariate_model,patience=10,1,4495,4995,140,141,15,0,141,157,7050,1,5,test_length-model_input_window_size,True,True,True,0,0,0,fixed_for_pretraining_audit,window and workload fixed; project topk does not change these counts,"(4495, 5, 19)","[batch, 19, 5]","[batch, 19]",not_applicable,19,5,manifest order preserved,1-step 채널별 절대 예측 오차; source[W:] 정렬,False,data shape applicable; raw wrapper contract checked separately
GHL,series_17,20,normal,CI-AE,50000,45000,9000,36000,5000,100,1,1,128,0,True,50,one_model_per_channel,none,1,8901,4901,69,69,128,69,69,39,3450,19,50,test_length-model_input_window_size+1,True,True,True,0,0,0,fixed_for_pretraining_audit,window and workload settings fixed,"(8901, 100, 1)","[batch, 100]","[batch, 100]",100,not_applicable,not_applicable,manifest order preserved,채널별 window 재구성 오차; 중앙 시점 정렬,True,data shape applicable; raw wrapper contract checked separately
GHL,series_17,20,normal,LSTM-AD,50000,45000,9000,36000,5000,100,1,1,128,1,False,50,one_multivariate_model,patience=3,1,8900,4900,69,70,68,0,70,39,3500,1,100,test_length-model_input_window_size,True,True,True,0,0,0,fixed_for_pretraining_audit,window and workload settings fixed,"(8900, 100, 19)","[batch, 100, 19]","[1, batch, 19]",not_applicable,not_applicable,not_applicable,manifest order preserved,1-step 예측 오차; source[W:] 정렬,False,data shape applicable; raw wrapper contract checked separately
GHL,series_17,20,normal,USAD,50000,45000,9000,36000,5000,10,1,1,128,0,False,70,one_multivariate_model,none,2,8991,4991,70,71,31,0,142,39,9940,1,5,test_length-model_input_window_size+1,True,True,True,0,0,0,fixed_project_transfer_rule,window and batch_size=128 fixed by project transfer rule,"(8991, 10, 19)","[batch, 10, 19]","3 x [batch, 190]",190,not_applicable,not_applicable,manifest order preserved,window×channel 재구성 오차; 중앙 시점 정렬,False,data shape applicable; raw wrapper contract checked separately
GHL,series_17,20,normal,GDN,50000,45000,9000,36000,5000,5,1,1,32,1,False,50,one_multivariate_model,patience=10,1,8995,4995,281,282,3,0,282,157,14100,1,5,test_length-model_input_window_size,True,True,True,0,0,0,fixed_for_pretraining_audit,window and workload fixed; project topk does not change these counts,"(8995, 5, 19)","[batch, 19, 5]","[batch, 19]",not_applicable,19,5,manifest order preserved,1-step 채널별 절대 예측 오차; source[W:] 정렬,False,data shape applicable; raw wrapper contract checked separately
GHL,series_17,40,normal,CI-AE,50000,45000,18000,27000,5000,100,1,1,128,0,True,50,one_model_per_channel,none,1,17901,4901,139,139,128,109,139,39,6950,19,50,test_length-model_input_window_size+1,True,True,True,0,0,0,fixed_for_pretraining_audit,window and workload settings fixed,"(17901, 100, 1)","[batch, 100]","[batch, 100]",100,not_applicable,not_applicable,manifest order preserved,채널별 window 재구성 오차; 중앙 시점 정렬,True,data shape applicable; raw wrapper contract checked separately
GHL,series_17,40,normal,LSTM-AD,50000,45000,18000,27000,5000,100,1,1,128,1,False,50,one_multivariate_model,patience=3,1,17900,4900,139,140,108,0,140,39,7000,1,100,test_length-model_input_window_size,True,True,True,0,0,0,fixed_for_pretraining_audit,window and workload settings fixed,"(17900, 100, 19)","[batch, 100, 19]","[1, batch, 19]",not_applicable,not_applicable,not_applicable,manifest order preserved,1-step 예측 오차; source[W:] 정렬,False,data shape applicable; raw wrapper contract checked separately
GHL,series_17,40,normal,USAD,50000,45000,18000,27000,5000,10,1,1,128,0,False,70,one_multivariate_model,none,2,17991,4991,140,141,71,0,282,39,19740,1,5,test_length-model_input_window_size+1,True,True,True,0,0,0,fixed_project_transfer_rule,window and batch_size=128 fixed by project transfer rule,"(17991, 10, 19)","[batch, 10, 19]","3 x [batch, 190]",190,not_applicable,not_applicable,manifest order preserved,window×channel 재구성 오차; 중앙 시점 정렬,False,data shape applicable; raw wrapper contract checked separately
GHL,series_17,40,normal,GDN,50000,45000,18000,27000,5000,5,1,1,32,1,False,50,one_multivariate_model,patience=10,1,17995,4995,562,563,11,0,563,157,28150,1,5,test_length-model_input_window_size,True,True,True,0,0,0,fixed_for_pretraining_audit,window and workload fixed; project topk does not change these counts,"(17995, 5, 19)","[batch, 19, 5]","[batch, 19]",not_applicable,19,5,manifest order preserved,1-step 채널별 절대 예측 오차; source[W:] 정렬,False,data shape applicable; raw wrapper contract checked separately
GHL,series_17,60,normal,CI-AE,50000,45000,27000,18000,5000,100,1,1,128,0,True,50,one_model_per_channel,none,1,26901,4901,210,210,128,21,210,39,10500,19,50,test_length-model_input_window_size+1,True,True,True,0,0,0,fixed_for_pretraining_audit,window and workload settings fixed,"(26901, 100, 1)","[batch, 100]","[batch, 100]",100,not_applicable,not_applicable,manifest order preserved,채널별 window 재구성 오차; 중앙 시점 정렬,True,data shape applicable; raw wrapper contract checked separately
GHL,series_17,60,normal,LSTM-AD,50000,45000,27000,18000,5000,100,1,1,128,1,False,50,one_multivariate_model,patience=3,1,26900,4900,210,211,20,0,211,39,10550,1,100,test_length-model_input_window_size,True,True,True,0,0,0,fixed_for_pretraining_audit,window and workload settings fixed,"(26900, 100, 19)","[batch, 100, 19]","[1, batch, 19]",not_applicable,not_applicable,not_applicable,manifest order preserved,1-step 예측 오차; source[W:] 정렬,False,data shape applicable; raw wrapper contract checked separately
GHL,series_17,60,normal,USAD,50000,45000,27000,18000,5000,10,1,1,128,0,False,70,one_multivariate_model,none,2,26991,4991,210,211,111,0,422,39,29540,1,5,test_length-model_input_window_size+1,True,True,True,0,0,0,fixed_project_transfer_rule,window and batch_size=128 fixed by project transfer rule,"(26991, 10, 19)","[batch, 10, 19]","3 x [batch, 190]",190,not_applicable,not_applicable,manifest order preserved,window×channel 재구성 오차; 중앙 시점 정렬,False,data shape applicable; raw wrapper contract checked separately
GHL,series_17,60,normal,GDN,50000,45000,27000,18000,5000,5,1,1,32,1,False,50,one_multivariate_model,patience=10,1,26995,4995,843,844,19,0,844,157,42200,1,5,test_length-model_input_window_size,True,True,True,0,0,0,fixed_for_pretraining_audit,window and workload fixed; project topk does not change these counts,"(26995, 5, 19)","[batch, 19, 5]","[batch, 19]",not_applicable,19,5,manifest order preserved,1-step 채널별 절대 예측 오차; source[W:] 정렬,False,data shape applicable; raw wrapper contract checked separately
GHL,series_17,80,normal,CI-AE,50000,45000,36000,9000,5000,100,1,1,128,0,True,50,one_model_per_channel,none,1,35901,4901,280,280,128,61,280,39,14000,19,50,test_length-model_input_window_size+1,True,True,True,0,0,0,fixed_for_pretraining_audit,window and workload settings fixed,"(35901, 100, 1)","[batch, 100]","[batch, 100]",100,not_applicable,not_applicable,manifest order preserved,채널별 window 재구성 오차; 중앙 시점 정렬,True,data shape applicable; raw wrapper contract checked separately
GHL,series_17,80,normal,LSTM-AD,50000,45000,36000,9000,5000,100,1,1,128,1,False,50,one_multivariate_model,patience=3,1,35900,4900,280,281,60,0,281,39,14050,1,100,test_length-model_input_window_size,True,True,True,0,0,0,fixed_for_pretraining_audit,window and workload settings fixed,"(35900, 100, 19)","[batch, 100, 19]","[1, batch, 19]",not_applicable,not_applicable,not_applicable,manifest order preserved,1-step 예측 오차; source[W:] 정렬,False,data shape applicable; raw wrapper contract checked separately
GHL,series_17,80,normal,USAD,50000,45000,36000,9000,5000,10,1,1,128,0,False,70,one_multivariate_model,none,2,35991,4991,281,282,23,0,564,39,39480,1,5,test_length-model_input_window_size+1,True,True,True,0,0,0,fixed_project_transfer_rule,window and batch_size=128 fixed by project transfer rule,"(35991, 10, 19)","[batch, 10, 19]","3 x [batch, 190]",190,not_applicable,not_applicable,manifest order preserved,window×channel 재구성 오차; 중앙 시점 정렬,False,data shape applicable; raw wrapper contract checked separately
GHL,series_17,80,normal,GDN,50000,45000,36000,9000,5000,5,1,1,32,1,False,50,one_multivariate_model,patience=10,1,35995,4995,1124,1125,27,0,1125,157,56250,1,5,test_length-model_input_window_size,True,True,True,0,0,0,fixed_for_pretraining_audit,window and workload fixed; project topk does not change these counts,"(35995, 5, 19)","[batch, 19, 5]","[batch, 19]",not_applicable,19,5,manifest order preserved,1-step 채널별 절대 예측 오차; source[W:] 정렬,False,data shape applicable; raw wrapper contract checked separately
GHL,series_17,100,normal,CI-AE,50000,45000,45000,0,5000,100,1,1,128,0,True,50,one_model_per_channel,none,1,44901,4901,350,350,128,101,350,39,17500,19,50,test_length-model_input_window_size+1,True,True,True,0,0,0,fixed_for_pretraining_audit,window and workload settings fixed,"(44901, 100, 1)","[batch, 100]","[batch, 100]",100,not_applicable,not_applicable,manifest order preserved,채널별 window 재구성 오차; 중앙 시점 정렬,True,data shape applicable; raw wrapper contract checked separately
GHL,series_17,100,normal,LSTM-AD,50000,45000,45000,0,5000,100,1,1,128,1,False,50,one_multivariate_model,patience=3,1,44900,4900,350,351,100,0,351,39,17550,1,100,test_length-model_input_window_size,True,True,True,0,0,0,fixed_for_pretraining_audit,window and workload settings fixed,"(44900, 100, 19)","[batch, 100, 19]","[1, batch, 19]",not_applicable,not_applicable,not_applicable,manifest order preserved,1-step 예측 오차; source[W:] 정렬,False,data shape applicable; raw wrapper contract checked separately
GHL,series_17,100,normal,USAD,50000,45000,45000,0,5000,10,1,1,128,0,False,70,one_multivariate_model,none,2,44991,4991,351,352,63,0,704,39,49280,1,5,test_length-model_input_window_size+1,True,True,True,0,0,0,fixed_project_transfer_rule,window and batch_size=128 fixed by project transfer rule,"(44991, 10, 19)","[batch, 10, 19]","3 x [batch, 190]",190,not_applicable,not_applicable,manifest order preserved,window×channel 재구성 오차; 중앙 시점 정렬,False,data shape applicable; raw wrapper contract checked separately
GHL,series_17,100,normal,GDN,50000,45000,45000,0,5000,5,1,1,32,1,False,50,one_multivariate_model,patience=10,1,44995,4995,1406,1407,3,0,1407,157,70350,1,5,test_length-model_input_window_size,True,True,True,0,0,0,fixed_for_pretraining_audit,window and workload fixed; project topk does not change these counts,"(44995, 5, 19)","[batch, 19, 5]","[batch, 19]",not_applicable,19,5,manifest order preserved,1-step 채널별 절대 예측 오차; source[W:] 정렬,False,data shape applicable; raw wrapper contract checked separately
GHL,series_18,5,normal,CI-AE,50000,45000,2250,42750,5000,100,1,1,128,0,True,50,one_model_per_channel,none,1,2151,4901,16,16,128,103,16,39,800,19,50,test_length-model_input_window_size+1,True,True,True,0,0,0,fixed_for_pretraining_audit,window and workload settings fixed,"(2151, 100, 1)","[batch, 100]","[batch, 100]",100,not_applicable,not_applicable,manifest order preserved,채널별 window 재구성 오차; 중앙 시점 정렬,True,data shape applicable; raw wrapper contract checked separately
GHL,series_18,5,normal,LSTM-AD,50000,45000,2250,42750,5000,100,1,1,128,1,False,50,one_multivariate_model,patience=3,1,2150,4900,16,17,102,0,17,39,850,1,100,test_length-model_input_window_size,True,True,True,0,0,0,fixed_for_pretraining_audit,window and workload settings fixed,"(2150, 100, 19)","[batch, 100, 19]","[1, batch, 19]",not_applicable,not_applicable,not_applicable,manifest order preserved,1-step 예측 오차; source[W:] 정렬,False,data shape applicable; raw wrapper contract checked separately
GHL,series_18,5,normal,USAD,50000,45000,2250,42750,5000,10,1,1,128,0,False,70,one_multivariate_model,none,2,2241,4991,17,18,65,0,36,39,2520,1,5,test_length-model_input_window_size+1,True,True,True,0,0,0,fixed_project_transfer_rule,window and batch_size=128 fixed by project transfer rule,"(2241, 10, 19)","[batch, 10, 19]","3 x [batch, 190]",190,not_applicable,not_applicable,manifest order preserved,window×channel 재구성 오차; 중앙 시점 정렬,False,data shape applicable; raw wrapper contract checked separately
GHL,series_18,5,normal,GDN,50000,45000,2250,42750,5000,5,1,1,32,1,False,50,one_multivariate_model,patience=10,1,2245,4995,70,71,5,0,71,157,3550,1,5,test_length-model_input_window_size,True,True,True,0,0,0,fixed_for_pretraining_audit,window and workload fixed; project topk does not change these counts,"(2245, 5, 19)","[batch, 19, 5]","[batch, 19]",not_applicable,19,5,manifest order preserved,1-step 채널별 절대 예측 오차; source[W:] 정렬,False,data shape applicable; raw wrapper contract checked separately
GHL,series_18,10,normal,CI-AE,50000,45000,4500,40500,5000,100,1,1,128,0,True,50,one_model_per_channel,none,1,4401,4901,34,34,128,49,34,39,1700,19,50,test_length-model_input_window_size+1,True,True,True,0,0,0,fixed_for_pretraining_audit,window and workload settings fixed,"(4401, 100, 1)","[batch, 100]","[batch, 100]",100,not_applicable,not_applicable,manifest order preserved,채널별 window 재구성 오차; 중앙 시점 정렬,True,data shape applicable; raw wrapper contract checked separately
GHL,series_18,10,normal,LSTM-AD,50000,45000,4500,40500,5000,100,1,1,128,1,False,50,one_multivariate_model,patience=3,1,4400,4900,34,35,48,0,35,39,1750,1,100,test_length-model_input_window_size,True,True,True,0,0,0,fixed_for_pretraining_audit,window and workload settings fixed,"(4400, 100, 19)","[batch, 100, 19]","[1, batch, 19]",not_applicable,not_applicable,not_applicable,manifest order preserved,1-step 예측 오차; source[W:] 정렬,False,data shape applicable; raw wrapper contract checked separately
GHL,series_18,10,normal,USAD,50000,45000,4500,40500,5000,10,1,1,128,0,False,70,one_multivariate_model,none,2,4491,4991,35,36,11,0,72,39,5040,1,5,test_length-model_input_window_size+1,True,True,True,0,0,0,fixed_project_transfer_rule,window and batch_size=128 fixed by project transfer rule,"(4491, 10, 19)","[batch, 10, 19]","3 x [batch, 190]",190,not_applicable,not_applicable,manifest order preserved,window×channel 재구성 오차; 중앙 시점 정렬,False,data shape applicable; raw wrapper contract checked separately
GHL,series_18,10,normal,GDN,50000,45000,4500,40500,5000,5,1,1,32,1,False,50,one_multivariate_model,patience=10,1,4495,4995,140,141,15,0,141,157,7050,1,5,test_length-model_input_window_size,True,True,True,0,0,0,fixed_for_pretraining_audit,window and workload fixed; project topk does not change these counts,"(4495, 5, 19)","[batch, 19, 5]","[batch, 19]",not_applicable,19,5,manifest order preserved,1-step 채널별 절대 예측 오차; source[W:] 정렬,False,data shape applicable; raw wrapper contract checked separately
GHL,series_18,20,normal,CI-AE,50000,45000,9000,36000,5000,100,1,1,128,0,True,50,one_model_per_channel,none,1,8901,4901,69,69,128,69,69,39,3450,19,50,test_length-model_input_window_size+1,True,True,True,0,0,0,fixed_for_pretraining_audit,window and workload settings fixed,"(8901, 100, 1)","[batch, 100]","[batch, 100]",100,not_applicable,not_applicable,manifest order preserved,채널별 window 재구성 오차; 중앙 시점 정렬,True,data shape applicable; raw wrapper contract checked separately
GHL,series_18,20,normal,LSTM-AD,50000,45000,9000,36000,5000,100,1,1,128,1,False,50,one_multivariate_model,patience=3,1,8900,4900,69,70,68,0,70,39,3500,1,100,test_length-model_input_window_size,True,True,True,0,0,0,fixed_for_pretraining_audit,window and workload settings fixed,"(8900, 100, 19)","[batch, 100, 19]","[1, batch, 19]",not_applicable,not_applicable,not_applicable,manifest order preserved,1-step 예측 오차; source[W:] 정렬,False,data shape applicable; raw wrapper contract checked separately
GHL,series_18,20,normal,USAD,50000,45000,9000,36000,5000,10,1,1,128,0,False,70,one_multivariate_model,none,2,8991,4991,70,71,31,0,142,39,9940,1,5,test_length-model_input_window_size+1,True,True,True,0,0,0,fixed_project_transfer_rule,window and batch_size=128 fixed by project transfer rule,"(8991, 10, 19)","[batch, 10, 19]","3 x [batch, 190]",190,not_applicable,not_applicable,manifest order preserved,window×channel 재구성 오차; 중앙 시점 정렬,False,data shape applicable; raw wrapper contract checked separately
GHL,series_18,20,normal,GDN,50000,45000,9000,36000,5000,5,1,1,32,1,False,50,one_multivariate_model,patience=10,1,8995,4995,281,282,3,0,282,157,14100,1,5,test_length-model_input_window_size,True,True,True,0,0,0,fixed_for_pretraining_audit,window and workload fixed; project topk does not change these counts,"(8995, 5, 19)","[batch, 19, 5]","[batch, 19]",not_applicable,19,5,manifest order preserved,1-step 채널별 절대 예측 오차; source[W:] 정렬,False,data shape applicable; raw wrapper contract checked separately
GHL,series_18,40,normal,CI-AE,50000,45000,18000,27000,5000,100,1,1,128,0,True,50,one_model_per_channel,none,1,17901,4901,139,139,128,109,139,39,6950,19,50,test_length-model_input_window_size+1,True,True,True,0,0,0,fixed_for_pretraining_audit,window and workload settings fixed,"(17901, 100, 1)","[batch, 100]","[batch, 100]",100,not_applicable,not_applicable,manifest order preserved,채널별 window 재구성 오차; 중앙 시점 정렬,True,data shape applicable; raw wrapper contract checked separately
GHL,series_18,40,normal,LSTM-AD,50000,45000,18000,27000,5000,100,1,1,128,1,False,50,one_multivariate_model,patience=3,1,17900,4900,139,140,108,0,140,39,7000,1,100,test_length-model_input_window_size,True,True,True,0,0,0,fixed_for_pretraining_audit,window and workload settings fixed,"(17900, 100, 19)","[batch, 100, 19]","[1, batch, 19]",not_applicable,not_applicable,not_applicable,manifest order preserved,1-step 예측 오차; source[W:] 정렬,False,data shape applicable; raw wrapper contract checked separately
GHL,series_18,40,normal,USAD,50000,45000,18000,27000,5000,10,1,1,128,0,False,70,one_multivariate_model,none,2,17991,4991,140,141,71,0,282,39,19740,1,5,test_length-model_input_window_size+1,True,True,True,0,0,0,fixed_project_transfer_rule,window and batch_size=128 fixed by project transfer rule,"(17991, 10, 19)","[batch, 10, 19]","3 x [batch, 190]",190,not_applicable,not_applicable,manifest order preserved,window×channel 재구성 오차; 중앙 시점 정렬,False,data shape applicable; raw wrapper contract checked separately
GHL,series_18,40,normal,GDN,50000,45000,18000,27000,5000,5,1,1,32,1,False,50,one_multivariate_model,patience=10,1,17995,4995,562,563,11,0,563,157,28150,1,5,test_length-model_input_window_size,True,True,True,0,0,0,fixed_for_pretraining_audit,window and workload fixed; project topk does not change these counts,"(17995, 5, 19)","[batch, 19, 5]","[batch, 19]",not_applicable,19,5,manifest order preserved,1-step 채널별 절대 예측 오차; source[W:] 정렬,False,data shape applicable; raw wrapper contract checked separately
GHL,series_18,60,normal,CI-AE,50000,45000,27000,18000,5000,100,1,1,128,0,True,50,one_model_per_channel,none,1,26901,4901,210,210,128,21,210,39,10500,19,50,test_length-model_input_window_size+1,True,True,True,0,0,0,fixed_for_pretraining_audit,window and workload settings fixed,"(26901, 100, 1)","[batch, 100]","[batch, 100]",100,not_applicable,not_applicable,manifest order preserved,채널별 window 재구성 오차; 중앙 시점 정렬,True,data shape applicable; raw wrapper contract checked separately
GHL,series_18,60,normal,LSTM-AD,50000,45000,27000,18000,5000,100,1,1,128,1,False,50,one_multivariate_model,patience=3,1,26900,4900,210,211,20,0,211,39,10550,1,100,test_length-model_input_window_size,True,True,True,0,0,0,fixed_for_pretraining_audit,window and workload settings fixed,"(26900, 100, 19)","[batch, 100, 19]","[1, batch, 19]",not_applicable,not_applicable,not_applicable,manifest order preserved,1-step 예측 오차; source[W:] 정렬,False,data shape applicable; raw wrapper contract checked separately
GHL,series_18,60,normal,USAD,50000,45000,27000,18000,5000,10,1,1,128,0,False,70,one_multivariate_model,none,2,26991,4991,210,211,111,0,422,39,29540,1,5,test_length-model_input_window_size+1,True,True,True,0,0,0,fixed_project_transfer_rule,window and batch_size=128 fixed by project transfer rule,"(26991, 10, 19)","[batch, 10, 19]","3 x [batch, 190]",190,not_applicable,not_applicable,manifest order preserved,window×channel 재구성 오차; 중앙 시점 정렬,False,data shape applicable; raw wrapper contract checked separately
GHL,series_18,60,normal,GDN,50000,45000,27000,18000,5000,5,1,1,32,1,False,50,one_multivariate_model,patience=10,1,26995,4995,843,844,19,0,844,157,42200,1,5,test_length-model_input_window_size,True,True,True,0,0,0,fixed_for_pretraining_audit,window and workload fixed; project topk does not change these counts,"(26995, 5, 19)","[batch, 19, 5]","[batch, 19]",not_applicable,19,5,manifest order preserved,1-step 채널별 절대 예측 오차; source[W:] 정렬,False,data shape applicable; raw wrapper contract checked separately
GHL,series_18,80,normal,CI-AE,50000,45000,36000,9000,5000,100,1,1,128,0,True,50,one_model_per_channel,none,1,35901,4901,280,280,128,61,280,39,14000,19,50,test_length-model_input_window_size+1,True,True,True,0,0,0,fixed_for_pretraining_audit,window and workload settings fixed,"(35901, 100, 1)","[batch, 100]","[batch, 100]",100,not_applicable,not_applicable,manifest order preserved,채널별 window 재구성 오차; 중앙 시점 정렬,True,data shape applicable; raw wrapper contract checked separately
GHL,series_18,80,normal,LSTM-AD,50000,45000,36000,9000,5000,100,1,1,128,1,False,50,one_multivariate_model,patience=3,1,35900,4900,280,281,60,0,281,39,14050,1,100,test_length-model_input_window_size,True,True,True,0,0,0,fixed_for_pretraining_audit,window and workload settings fixed,"(35900, 100, 19)","[batch, 100, 19]","[1, batch, 19]",not_applicable,not_applicable,not_applicable,manifest order preserved,1-step 예측 오차; source[W:] 정렬,False,data shape applicable; raw wrapper contract checked separately
GHL,series_18,80,normal,USAD,50000,45000,36000,9000,5000,10,1,1,128,0,False,70,one_multivariate_model,none,2,35991,4991,281,282,23,0,564,39,39480,1,5,test_length-model_input_window_size+1,True,True,True,0,0,0,fixed_project_transfer_rule,window and batch_size=128 fixed by project transfer rule,"(35991, 10, 19)","[batch, 10, 19]","3 x [batch, 190]",190,not_applicable,not_applicable,manifest order preserved,window×channel 재구성 오차; 중앙 시점 정렬,False,data shape applicable; raw wrapper contract checked separately
GHL,series_18,80,normal,GDN,50000,45000,36000,9000,5000,5,1,1,32,1,False,50,one_multivariate_model,patience=10,1,35995,4995,1124,1125,27,0,1125,157,56250,1,5,test_length-model_input_window_size,True,True,True,0,0,0,fixed_for_pretraining_audit,window and workload fixed; project topk does not change these counts,"(35995, 5, 19)","[batch, 19, 5]","[batch, 19]",not_applicable,19,5,manifest order preserved,1-step 채널별 절대 예측 오차; source[W:] 정렬,False,data shape applicable; raw wrapper contract checked separately
GHL,series_18,100,normal,CI-AE,50000,45000,45000,0,5000,100,1,1,128,0,True,50,one_model_per_channel,none,1,44901,4901,350,350,128,101,350,39,17500,19,50,test_length-model_input_window_size+1,True,True,True,0,0,0,fixed_for_pretraining_audit,window and workload settings fixed,"(44901, 100, 1)","[batch, 100]","[batch, 100]",100,not_applicable,not_applicable,manifest order preserved,채널별 window 재구성 오차; 중앙 시점 정렬,True,data shape applicable; raw wrapper contract checked separately
GHL,series_18,100,normal,LSTM-AD,50000,45000,45000,0,5000,100,1,1,128,1,False,50,one_multivariate_model,patience=3,1,44900,4900,350,351,100,0,351,39,17550,1,100,test_length-model_input_window_size,True,True,True,0,0,0,fixed_for_pretraining_audit,window and workload settings fixed,"(44900, 100, 19)","[batch, 100, 19]","[1, batch, 19]",not_applicable,not_applicable,not_applicable,manifest order preserved,1-step 예측 오차; source[W:] 정렬,False,data shape applicable; raw wrapper contract checked separately
GHL,series_18,100,normal,USAD,50000,45000,45000,0,5000,10,1,1,128,0,False,70,one_multivariate_model,none,2,44991,4991,351,352,63,0,704,39,49280,1,5,test_length-model_input_window_size+1,True,True,True,0,0,0,fixed_project_transfer_rule,window and batch_size=128 fixed by project transfer rule,"(44991, 10, 19)","[batch, 10, 19]","3 x [batch, 190]",190,not_applicable,not_applicable,manifest order preserved,window×channel 재구성 오차; 중앙 시점 정렬,False,data shape applicable; raw wrapper contract checked separately
GHL,series_18,100,normal,GDN,50000,45000,45000,0,5000,5,1,1,32,1,False,50,one_multivariate_model,patience=10,1,44995,4995,1406,1407,3,0,1407,157,70350,1,5,test_length-model_input_window_size,True,True,True,0,0,0,fixed_for_pretraining_audit,window and workload fixed; project topk does not change these counts,"(44995, 5, 19)","[batch, 19, 5]","[batch, 19]",not_applicable,19,5,manifest order preserved,1-step 채널별 절대 예측 오차; source[W:] 정렬,False,data shape applicable; raw wrapper contract checked separately
GHL,series_19,5,normal,CI-AE,43750,39375,1969,37406,4375,100,1,1,128,0,True,50,one_model_per_channel,none,1,1870,4276,14,14,128,78,14,34,700,19,50,test_length-model_input_window_size+1,True,True,True,0,0,0,fixed_for_pretraining_audit,window and workload settings fixed,"(1870, 100, 1)","[batch, 100]","[batch, 100]",100,not_applicable,not_applicable,manifest order preserved,채널별 window 재구성 오차; 중앙 시점 정렬,True,data shape applicable; raw wrapper contract checked separately
GHL,series_19,5,normal,LSTM-AD,43750,39375,1969,37406,4375,100,1,1,128,1,False,50,one_multivariate_model,patience=3,1,1869,4275,14,15,77,0,15,34,750,1,100,test_length-model_input_window_size,True,True,True,0,0,0,fixed_for_pretraining_audit,window and workload settings fixed,"(1869, 100, 19)","[batch, 100, 19]","[1, batch, 19]",not_applicable,not_applicable,not_applicable,manifest order preserved,1-step 예측 오차; source[W:] 정렬,False,data shape applicable; raw wrapper contract checked separately
GHL,series_19,5,normal,USAD,43750,39375,1969,37406,4375,10,1,1,128,0,False,70,one_multivariate_model,none,2,1960,4366,15,16,40,0,32,35,2240,1,5,test_length-model_input_window_size+1,True,True,True,0,0,0,fixed_project_transfer_rule,window and batch_size=128 fixed by project transfer rule,"(1960, 10, 19)","[batch, 10, 19]","3 x [batch, 190]",190,not_applicable,not_applicable,manifest order preserved,window×channel 재구성 오차; 중앙 시점 정렬,False,data shape applicable; raw wrapper contract checked separately
GHL,series_19,5,normal,GDN,43750,39375,1969,37406,4375,5,1,1,32,1,False,50,one_multivariate_model,patience=10,1,1964,4370,61,62,12,0,62,137,3100,1,5,test_length-model_input_window_size,True,True,True,0,0,0,fixed_for_pretraining_audit,window and workload fixed; project topk does not change these counts,"(1964, 5, 19)","[batch, 19, 5]","[batch, 19]",not_applicable,19,5,manifest order preserved,1-step 채널별 절대 예측 오차; source[W:] 정렬,False,data shape applicable; raw wrapper contract checked separately
GHL,series_19,10,normal,CI-AE,43750,39375,3938,35437,4375,100,1,1,128,0,True,50,one_model_per_channel,none,1,3839,4276,29,29,128,127,29,34,1450,19,50,test_length-model_input_window_size+1,True,True,True,0,0,0,fixed_for_pretraining_audit,window and workload settings fixed,"(3839, 100, 1)","[batch, 100]","[batch, 100]",100,not_applicable,not_applicable,manifest order preserved,채널별 window 재구성 오차; 중앙 시점 정렬,True,data shape applicable; raw wrapper contract checked separately
GHL,series_19,10,normal,LSTM-AD,43750,39375,3938,35437,4375,100,1,1,128,1,False,50,one_multivariate_model,patience=3,1,3838,4275,29,30,126,0,30,34,1500,1,100,test_length-model_input_window_size,True,True,True,0,0,0,fixed_for_pretraining_audit,window and workload settings fixed,"(3838, 100, 19)","[batch, 100, 19]","[1, batch, 19]",not_applicable,not_applicable,not_applicable,manifest order preserved,1-step 예측 오차; source[W:] 정렬,False,data shape applicable; raw wrapper contract checked separately
GHL,series_19,10,normal,USAD,43750,39375,3938,35437,4375,10,1,1,128,0,False,70,one_multivariate_model,none,2,3929,4366,30,31,89,0,62,35,4340,1,5,test_length-model_input_window_size+1,True,True,True,0,0,0,fixed_project_transfer_rule,window and batch_size=128 fixed by project transfer rule,"(3929, 10, 19)","[batch, 10, 19]","3 x [batch, 190]",190,not_applicable,not_applicable,manifest order preserved,window×channel 재구성 오차; 중앙 시점 정렬,False,data shape applicable; raw wrapper contract checked separately
GHL,series_19,10,normal,GDN,43750,39375,3938,35437,4375,5,1,1,32,1,False,50,one_multivariate_model,patience=10,1,3933,4370,122,123,29,0,123,137,6150,1,5,test_length-model_input_window_size,True,True,True,0,0,0,fixed_for_pretraining_audit,window and workload fixed; project topk does not change these counts,"(3933, 5, 19)","[batch, 19, 5]","[batch, 19]",not_applicable,19,5,manifest order preserved,1-step 채널별 절대 예측 오차; source[W:] 정렬,False,data shape applicable; raw wrapper contract checked separately
GHL,series_19,20,normal,CI-AE,43750,39375,7875,31500,4375,100,1,1,128,0,True,50,one_model_per_channel,none,1,7776,4276,60,60,128,96,60,34,3000,19,50,test_length-model_input_window_size+1,True,True,True,0,0,0,fixed_for_pretraining_audit,window and workload settings fixed,"(7776, 100, 1)","[batch, 100]","[batch, 100]",100,not_applicable,not_applicable,manifest order preserved,채널별 window 재구성 오차; 중앙 시점 정렬,True,data shape applicable; raw wrapper contract checked separately
GHL,series_19,20,normal,LSTM-AD,43750,39375,7875,31500,4375,100,1,1,128,1,False,50,one_multivariate_model,patience=3,1,7775,4275,60,61,95,0,61,34,3050,1,100,test_length-model_input_window_size,True,True,True,0,0,0,fixed_for_pretraining_audit,window and workload settings fixed,"(7775, 100, 19)","[batch, 100, 19]","[1, batch, 19]",not_applicable,not_applicable,not_applicable,manifest order preserved,1-step 예측 오차; source[W:] 정렬,False,data shape applicable; raw wrapper contract checked separately
GHL,series_19,20,normal,USAD,43750,39375,7875,31500,4375,10,1,1,128,0,False,70,one_multivariate_model,none,2,7866,4366,61,62,58,0,124,35,8680,1,5,test_length-model_input_window_size+1,True,True,True,0,0,0,fixed_project_transfer_rule,window and batch_size=128 fixed by project transfer rule,"(7866, 10, 19)","[batch, 10, 19]","3 x [batch, 190]",190,not_applicable,not_applicable,manifest order preserved,window×channel 재구성 오차; 중앙 시점 정렬,False,data shape applicable; raw wrapper contract checked separately
GHL,series_19,20,normal,GDN,43750,39375,7875,31500,4375,5,1,1,32,1,False,50,one_multivariate_model,patience=10,1,7870,4370,245,246,30,0,246,137,12300,1,5,test_length-model_input_window_size,True,True,True,0,0,0,fixed_for_pretraining_audit,window and workload fixed; project topk does not change these counts,"(7870, 5, 19)","[batch, 19, 5]","[batch, 19]",not_applicable,19,5,manifest order preserved,1-step 채널별 절대 예측 오차; source[W:] 정렬,False,data shape applicable; raw wrapper contract checked separately
GHL,series_19,40,normal,CI-AE,43750,39375,15750,23625,4375,100,1,1,128,0,True,50,one_model_per_channel,none,1,15651,4276,122,122,128,35,122,34,6100,19,50,test_length-model_input_window_size+1,True,True,True,0,0,0,fixed_for_pretraining_audit,window and workload settings fixed,"(15651, 100, 1)","[batch, 100]","[batch, 100]",100,not_applicable,not_applicable,manifest order preserved,채널별 window 재구성 오차; 중앙 시점 정렬,True,data shape applicable; raw wrapper contract checked separately
GHL,series_19,40,normal,LSTM-AD,43750,39375,15750,23625,4375,100,1,1,128,1,False,50,one_multivariate_model,patience=3,1,15650,4275,122,123,34,0,123,34,6150,1,100,test_length-model_input_window_size,True,True,True,0,0,0,fixed_for_pretraining_audit,window and workload settings fixed,"(15650, 100, 19)","[batch, 100, 19]","[1, batch, 19]",not_applicable,not_applicable,not_applicable,manifest order preserved,1-step 예측 오차; source[W:] 정렬,False,data shape applicable; raw wrapper contract checked separately
GHL,series_19,40,normal,USAD,43750,39375,15750,23625,4375,10,1,1,128,0,False,70,one_multivariate_model,none,2,15741,4366,122,123,125,0,246,35,17220,1,5,test_length-model_input_window_size+1,True,True,True,0,0,0,fixed_project_transfer_rule,window and batch_size=128 fixed by project transfer rule,"(15741, 10, 19)","[batch, 10, 19]","3 x [batch, 190]",190,not_applicable,not_applicable,manifest order preserved,window×channel 재구성 오차; 중앙 시점 정렬,False,data shape applicable; raw wrapper contract checked separately
GHL,series_19,40,normal,GDN,43750,39375,15750,23625,4375,5,1,1,32,1,False,50,one_multivariate_model,patience=10,1,15745,4370,492,493,1,0,493,137,24650,1,5,test_length-model_input_window_size,True,True,True,0,0,0,fixed_for_pretraining_audit,window and workload fixed; project topk does not change these counts,"(15745, 5, 19)","[batch, 19, 5]","[batch, 19]",not_applicable,19,5,manifest order preserved,1-step 채널별 절대 예측 오차; source[W:] 정렬,False,data shape applicable; raw wrapper contract checked separately
GHL,series_19,60,normal,CI-AE,43750,39375,23625,15750,4375,100,1,1,128,0,True,50,one_model_per_channel,none,1,23526,4276,183,183,128,102,183,34,9150,19,50,test_length-model_input_window_size+1,True,True,True,0,0,0,fixed_for_pretraining_audit,window and workload settings fixed,"(23526, 100, 1)","[batch, 100]","[batch, 100]",100,not_applicable,not_applicable,manifest order preserved,채널별 window 재구성 오차; 중앙 시점 정렬,True,data shape applicable; raw wrapper contract checked separately
GHL,series_19,60,normal,LSTM-AD,43750,39375,23625,15750,4375,100,1,1,128,1,False,50,one_multivariate_model,patience=3,1,23525,4275,183,184,101,0,184,34,9200,1,100,test_length-model_input_window_size,True,True,True,0,0,0,fixed_for_pretraining_audit,window and workload settings fixed,"(23525, 100, 19)","[batch, 100, 19]","[1, batch, 19]",not_applicable,not_applicable,not_applicable,manifest order preserved,1-step 예측 오차; source[W:] 정렬,False,data shape applicable; raw wrapper contract checked separately
GHL,series_19,60,normal,USAD,43750,39375,23625,15750,4375,10,1,1,128,0,False,70,one_multivariate_model,none,2,23616,4366,184,185,64,0,370,35,25900,1,5,test_length-model_input_window_size+1,True,True,True,0,0,0,fixed_project_transfer_rule,window and batch_size=128 fixed by project transfer rule,"(23616, 10, 19)","[batch, 10, 19]","3 x [batch, 190]",190,not_applicable,not_applicable,manifest order preserved,window×channel 재구성 오차; 중앙 시점 정렬,False,data shape applicable; raw wrapper contract checked separately
GHL,series_19,60,normal,GDN,43750,39375,23625,15750,4375,5,1,1,32,1,False,50,one_multivariate_model,patience=10,1,23620,4370,738,739,4,0,739,137,36950,1,5,test_length-model_input_window_size,True,True,True,0,0,0,fixed_for_pretraining_audit,window and workload fixed; project topk does not change these counts,"(23620, 5, 19)","[batch, 19, 5]","[batch, 19]",not_applicable,19,5,manifest order preserved,1-step 채널별 절대 예측 오차; source[W:] 정렬,False,data shape applicable; raw wrapper contract checked separately
GHL,series_19,80,normal,CI-AE,43750,39375,31500,7875,4375,100,1,1,128,0,True,50,one_model_per_channel,none,1,31401,4276,245,245,128,41,245,34,12250,19,50,test_length-model_input_window_size+1,True,True,True,0,0,0,fixed_for_pretraining_audit,window and workload settings fixed,"(31401, 100, 1)","[batch, 100]","[batch, 100]",100,not_applicable,not_applicable,manifest order preserved,채널별 window 재구성 오차; 중앙 시점 정렬,True,data shape applicable; raw wrapper contract checked separately
GHL,series_19,80,normal,LSTM-AD,43750,39375,31500,7875,4375,100,1,1,128,1,False,50,one_multivariate_model,patience=3,1,31400,4275,245,246,40,0,246,34,12300,1,100,test_length-model_input_window_size,True,True,True,0,0,0,fixed_for_pretraining_audit,window and workload settings fixed,"(31400, 100, 19)","[batch, 100, 19]","[1, batch, 19]",not_applicable,not_applicable,not_applicable,manifest order preserved,1-step 예측 오차; source[W:] 정렬,False,data shape applicable; raw wrapper contract checked separately
GHL,series_19,80,normal,USAD,43750,39375,31500,7875,4375,10,1,1,128,0,False,70,one_multivariate_model,none,2,31491,4366,246,247,3,0,494,35,34580,1,5,test_length-model_input_window_size+1,True,True,True,0,0,0,fixed_project_transfer_rule,window and batch_size=128 fixed by project transfer rule,"(31491, 10, 19)","[batch, 10, 19]","3 x [batch, 190]",190,not_applicable,not_applicable,manifest order preserved,window×channel 재구성 오차; 중앙 시점 정렬,False,data shape applicable; raw wrapper contract checked separately
GHL,series_19,80,normal,GDN,43750,39375,31500,7875,4375,5,1,1,32,1,False,50,one_multivariate_model,patience=10,1,31495,4370,984,985,7,0,985,137,49250,1,5,test_length-model_input_window_size,True,True,True,0,0,0,fixed_for_pretraining_audit,window and workload fixed; project topk does not change these counts,"(31495, 5, 19)","[batch, 19, 5]","[batch, 19]",not_applicable,19,5,manifest order preserved,1-step 채널별 절대 예측 오차; source[W:] 정렬,False,data shape applicable; raw wrapper contract checked separately
GHL,series_19,100,normal,CI-AE,43750,39375,39375,0,4375,100,1,1,128,0,True,50,one_model_per_channel,none,1,39276,4276,306,306,128,108,306,34,15300,19,50,test_length-model_input_window_size+1,True,True,True,0,0,0,fixed_for_pretraining_audit,window and workload settings fixed,"(39276, 100, 1)","[batch, 100]","[batch, 100]",100,not_applicable,not_applicable,manifest order preserved,채널별 window 재구성 오차; 중앙 시점 정렬,True,data shape applicable; raw wrapper contract checked separately
GHL,series_19,100,normal,LSTM-AD,43750,39375,39375,0,4375,100,1,1,128,1,False,50,one_multivariate_model,patience=3,1,39275,4275,306,307,107,0,307,34,15350,1,100,test_length-model_input_window_size,True,True,True,0,0,0,fixed_for_pretraining_audit,window and workload settings fixed,"(39275, 100, 19)","[batch, 100, 19]","[1, batch, 19]",not_applicable,not_applicable,not_applicable,manifest order preserved,1-step 예측 오차; source[W:] 정렬,False,data shape applicable; raw wrapper contract checked separately
GHL,series_19,100,normal,USAD,43750,39375,39375,0,4375,10,1,1,128,0,False,70,one_multivariate_model,none,2,39366,4366,307,308,70,0,616,35,43120,1,5,test_length-model_input_window_size+1,True,True,True,0,0,0,fixed_project_transfer_rule,window and batch_size=128 fixed by project transfer rule,"(39366, 10, 19)","[batch, 10, 19]","3 x [batch, 190]",190,not_applicable,not_applicable,manifest order preserved,window×channel 재구성 오차; 중앙 시점 정렬,False,data shape applicable; raw wrapper contract checked separately
GHL,series_19,100,normal,GDN,43750,39375,39375,0,4375,5,1,1,32,1,False,50,one_multivariate_model,patience=10,1,39370,4370,1230,1231,10,0,1231,137,61550,1,5,test_length-model_input_window_size,True,True,True,0,0,0,fixed_for_pretraining_audit,window and workload fixed; project topk does not change these counts,"(39370, 5, 19)","[batch, 19, 5]","[batch, 19]",not_applicable,19,5,manifest order preserved,1-step 채널별 절대 예측 오차; source[W:] 정렬,False,data shape applicable; raw wrapper contract checked separately
GHL,series_20,5,normal,CI-AE,50000,45000,2250,42750,5000,100,1,1,128,0,True,50,one_model_per_channel,none,1,2151,4901,16,16,128,103,16,39,800,19,50,test_length-model_input_window_size+1,True,True,True,0,0,0,fixed_for_pretraining_audit,window and workload settings fixed,"(2151, 100, 1)","[batch, 100]","[batch, 100]",100,not_applicable,not_applicable,manifest order preserved,채널별 window 재구성 오차; 중앙 시점 정렬,True,data shape applicable; raw wrapper contract checked separately
GHL,series_20,5,normal,LSTM-AD,50000,45000,2250,42750,5000,100,1,1,128,1,False,50,one_multivariate_model,patience=3,1,2150,4900,16,17,102,0,17,39,850,1,100,test_length-model_input_window_size,True,True,True,0,0,0,fixed_for_pretraining_audit,window and workload settings fixed,"(2150, 100, 19)","[batch, 100, 19]","[1, batch, 19]",not_applicable,not_applicable,not_applicable,manifest order preserved,1-step 예측 오차; source[W:] 정렬,False,data shape applicable; raw wrapper contract checked separately
GHL,series_20,5,normal,USAD,50000,45000,2250,42750,5000,10,1,1,128,0,False,70,one_multivariate_model,none,2,2241,4991,17,18,65,0,36,39,2520,1,5,test_length-model_input_window_size+1,True,True,True,0,0,0,fixed_project_transfer_rule,window and batch_size=128 fixed by project transfer rule,"(2241, 10, 19)","[batch, 10, 19]","3 x [batch, 190]",190,not_applicable,not_applicable,manifest order preserved,window×channel 재구성 오차; 중앙 시점 정렬,False,data shape applicable; raw wrapper contract checked separately
GHL,series_20,5,normal,GDN,50000,45000,2250,42750,5000,5,1,1,32,1,False,50,one_multivariate_model,patience=10,1,2245,4995,70,71,5,0,71,157,3550,1,5,test_length-model_input_window_size,True,True,True,0,0,0,fixed_for_pretraining_audit,window and workload fixed; project topk does not change these counts,"(2245, 5, 19)","[batch, 19, 5]","[batch, 19]",not_applicable,19,5,manifest order preserved,1-step 채널별 절대 예측 오차; source[W:] 정렬,False,data shape applicable; raw wrapper contract checked separately
GHL,series_20,10,normal,CI-AE,50000,45000,4500,40500,5000,100,1,1,128,0,True,50,one_model_per_channel,none,1,4401,4901,34,34,128,49,34,39,1700,19,50,test_length-model_input_window_size+1,True,True,True,0,0,0,fixed_for_pretraining_audit,window and workload settings fixed,"(4401, 100, 1)","[batch, 100]","[batch, 100]",100,not_applicable,not_applicable,manifest order preserved,채널별 window 재구성 오차; 중앙 시점 정렬,True,data shape applicable; raw wrapper contract checked separately
GHL,series_20,10,normal,LSTM-AD,50000,45000,4500,40500,5000,100,1,1,128,1,False,50,one_multivariate_model,patience=3,1,4400,4900,34,35,48,0,35,39,1750,1,100,test_length-model_input_window_size,True,True,True,0,0,0,fixed_for_pretraining_audit,window and workload settings fixed,"(4400, 100, 19)","[batch, 100, 19]","[1, batch, 19]",not_applicable,not_applicable,not_applicable,manifest order preserved,1-step 예측 오차; source[W:] 정렬,False,data shape applicable; raw wrapper contract checked separately
GHL,series_20,10,normal,USAD,50000,45000,4500,40500,5000,10,1,1,128,0,False,70,one_multivariate_model,none,2,4491,4991,35,36,11,0,72,39,5040,1,5,test_length-model_input_window_size+1,True,True,True,0,0,0,fixed_project_transfer_rule,window and batch_size=128 fixed by project transfer rule,"(4491, 10, 19)","[batch, 10, 19]","3 x [batch, 190]",190,not_applicable,not_applicable,manifest order preserved,window×channel 재구성 오차; 중앙 시점 정렬,False,data shape applicable; raw wrapper contract checked separately
GHL,series_20,10,normal,GDN,50000,45000,4500,40500,5000,5,1,1,32,1,False,50,one_multivariate_model,patience=10,1,4495,4995,140,141,15,0,141,157,7050,1,5,test_length-model_input_window_size,True,True,True,0,0,0,fixed_for_pretraining_audit,window and workload fixed; project topk does not change these counts,"(4495, 5, 19)","[batch, 19, 5]","[batch, 19]",not_applicable,19,5,manifest order preserved,1-step 채널별 절대 예측 오차; source[W:] 정렬,False,data shape applicable; raw wrapper contract checked separately
GHL,series_20,20,normal,CI-AE,50000,45000,9000,36000,5000,100,1,1,128,0,True,50,one_model_per_channel,none,1,8901,4901,69,69,128,69,69,39,3450,19,50,test_length-model_input_window_size+1,True,True,True,0,0,0,fixed_for_pretraining_audit,window and workload settings fixed,"(8901, 100, 1)","[batch, 100]","[batch, 100]",100,not_applicable,not_applicable,manifest order preserved,채널별 window 재구성 오차; 중앙 시점 정렬,True,data shape applicable; raw wrapper contract checked separately
GHL,series_20,20,normal,LSTM-AD,50000,45000,9000,36000,5000,100,1,1,128,1,False,50,one_multivariate_model,patience=3,1,8900,4900,69,70,68,0,70,39,3500,1,100,test_length-model_input_window_size,True,True,True,0,0,0,fixed_for_pretraining_audit,window and workload settings fixed,"(8900, 100, 19)","[batch, 100, 19]","[1, batch, 19]",not_applicable,not_applicable,not_applicable,manifest order preserved,1-step 예측 오차; source[W:] 정렬,False,data shape applicable; raw wrapper contract checked separately
GHL,series_20,20,normal,USAD,50000,45000,9000,36000,5000,10,1,1,128,0,False,70,one_multivariate_model,none,2,8991,4991,70,71,31,0,142,39,9940,1,5,test_length-model_input_window_size+1,True,True,True,0,0,0,fixed_project_transfer_rule,window and batch_size=128 fixed by project transfer rule,"(8991, 10, 19)","[batch, 10, 19]","3 x [batch, 190]",190,not_applicable,not_applicable,manifest order preserved,window×channel 재구성 오차; 중앙 시점 정렬,False,data shape applicable; raw wrapper contract checked separately
GHL,series_20,20,normal,GDN,50000,45000,9000,36000,5000,5,1,1,32,1,False,50,one_multivariate_model,patience=10,1,8995,4995,281,282,3,0,282,157,14100,1,5,test_length-model_input_window_size,True,True,True,0,0,0,fixed_for_pretraining_audit,window and workload fixed; project topk does not change these counts,"(8995, 5, 19)","[batch, 19, 5]","[batch, 19]",not_applicable,19,5,manifest order preserved,1-step 채널별 절대 예측 오차; source[W:] 정렬,False,data shape applicable; raw wrapper contract checked separately
GHL,series_20,40,normal,CI-AE,50000,45000,18000,27000,5000,100,1,1,128,0,True,50,one_model_per_channel,none,1,17901,4901,139,139,128,109,139,39,6950,19,50,test_length-model_input_window_size+1,True,True,True,0,0,0,fixed_for_pretraining_audit,window and workload settings fixed,"(17901, 100, 1)","[batch, 100]","[batch, 100]",100,not_applicable,not_applicable,manifest order preserved,채널별 window 재구성 오차; 중앙 시점 정렬,True,data shape applicable; raw wrapper contract checked separately
GHL,series_20,40,normal,LSTM-AD,50000,45000,18000,27000,5000,100,1,1,128,1,False,50,one_multivariate_model,patience=3,1,17900,4900,139,140,108,0,140,39,7000,1,100,test_length-model_input_window_size,True,True,True,0,0,0,fixed_for_pretraining_audit,window and workload settings fixed,"(17900, 100, 19)","[batch, 100, 19]","[1, batch, 19]",not_applicable,not_applicable,not_applicable,manifest order preserved,1-step 예측 오차; source[W:] 정렬,False,data shape applicable; raw wrapper contract checked separately
GHL,series_20,40,normal,USAD,50000,45000,18000,27000,5000,10,1,1,128,0,False,70,one_multivariate_model,none,2,17991,4991,140,141,71,0,282,39,19740,1,5,test_length-model_input_window_size+1,True,True,True,0,0,0,fixed_project_transfer_rule,window and batch_size=128 fixed by project transfer rule,"(17991, 10, 19)","[batch, 10, 19]","3 x [batch, 190]",190,not_applicable,not_applicable,manifest order preserved,window×channel 재구성 오차; 중앙 시점 정렬,False,data shape applicable; raw wrapper contract checked separately
GHL,series_20,40,normal,GDN,50000,45000,18000,27000,5000,5,1,1,32,1,False,50,one_multivariate_model,patience=10,1,17995,4995,562,563,11,0,563,157,28150,1,5,test_length-model_input_window_size,True,True,True,0,0,0,fixed_for_pretraining_audit,window and workload fixed; project topk does not change these counts,"(17995, 5, 19)","[batch, 19, 5]","[batch, 19]",not_applicable,19,5,manifest order preserved,1-step 채널별 절대 예측 오차; source[W:] 정렬,False,data shape applicable; raw wrapper contract checked separately
GHL,series_20,60,normal,CI-AE,50000,45000,27000,18000,5000,100,1,1,128,0,True,50,one_model_per_channel,none,1,26901,4901,210,210,128,21,210,39,10500,19,50,test_length-model_input_window_size+1,True,True,True,0,0,0,fixed_for_pretraining_audit,window and workload settings fixed,"(26901, 100, 1)","[batch, 100]","[batch, 100]",100,not_applicable,not_applicable,manifest order preserved,채널별 window 재구성 오차; 중앙 시점 정렬,True,data shape applicable; raw wrapper contract checked separately
GHL,series_20,60,normal,LSTM-AD,50000,45000,27000,18000,5000,100,1,1,128,1,False,50,one_multivariate_model,patience=3,1,26900,4900,210,211,20,0,211,39,10550,1,100,test_length-model_input_window_size,True,True,True,0,0,0,fixed_for_pretraining_audit,window and workload settings fixed,"(26900, 100, 19)","[batch, 100, 19]","[1, batch, 19]",not_applicable,not_applicable,not_applicable,manifest order preserved,1-step 예측 오차; source[W:] 정렬,False,data shape applicable; raw wrapper contract checked separately
GHL,series_20,60,normal,USAD,50000,45000,27000,18000,5000,10,1,1,128,0,False,70,one_multivariate_model,none,2,26991,4991,210,211,111,0,422,39,29540,1,5,test_length-model_input_window_size+1,True,True,True,0,0,0,fixed_project_transfer_rule,window and batch_size=128 fixed by project transfer rule,"(26991, 10, 19)","[batch, 10, 19]","3 x [batch, 190]",190,not_applicable,not_applicable,manifest order preserved,window×channel 재구성 오차; 중앙 시점 정렬,False,data shape applicable; raw wrapper contract checked separately
GHL,series_20,60,normal,GDN,50000,45000,27000,18000,5000,5,1,1,32,1,False,50,one_multivariate_model,patience=10,1,26995,4995,843,844,19,0,844,157,42200,1,5,test_length-model_input_window_size,True,True,True,0,0,0,fixed_for_pretraining_audit,window and workload fixed; project topk does not change these counts,"(26995, 5, 19)","[batch, 19, 5]","[batch, 19]",not_applicable,19,5,manifest order preserved,1-step 채널별 절대 예측 오차; source[W:] 정렬,False,data shape applicable; raw wrapper contract checked separately
GHL,series_20,80,normal,CI-AE,50000,45000,36000,9000,5000,100,1,1,128,0,True,50,one_model_per_channel,none,1,35901,4901,280,280,128,61,280,39,14000,19,50,test_length-model_input_window_size+1,True,True,True,0,0,0,fixed_for_pretraining_audit,window and workload settings fixed,"(35901, 100, 1)","[batch, 100]","[batch, 100]",100,not_applicable,not_applicable,manifest order preserved,채널별 window 재구성 오차; 중앙 시점 정렬,True,data shape applicable; raw wrapper contract checked separately
GHL,series_20,80,normal,LSTM-AD,50000,45000,36000,9000,5000,100,1,1,128,1,False,50,one_multivariate_model,patience=3,1,35900,4900,280,281,60,0,281,39,14050,1,100,test_length-model_input_window_size,True,True,True,0,0,0,fixed_for_pretraining_audit,window and workload settings fixed,"(35900, 100, 19)","[batch, 100, 19]","[1, batch, 19]",not_applicable,not_applicable,not_applicable,manifest order preserved,1-step 예측 오차; source[W:] 정렬,False,data shape applicable; raw wrapper contract checked separately
GHL,series_20,80,normal,USAD,50000,45000,36000,9000,5000,10,1,1,128,0,False,70,one_multivariate_model,none,2,35991,4991,281,282,23,0,564,39,39480,1,5,test_length-model_input_window_size+1,True,True,True,0,0,0,fixed_project_transfer_rule,window and batch_size=128 fixed by project transfer rule,"(35991, 10, 19)","[batch, 10, 19]","3 x [batch, 190]",190,not_applicable,not_applicable,manifest order preserved,window×channel 재구성 오차; 중앙 시점 정렬,False,data shape applicable; raw wrapper contract checked separately
GHL,series_20,80,normal,GDN,50000,45000,36000,9000,5000,5,1,1,32,1,False,50,one_multivariate_model,patience=10,1,35995,4995,1124,1125,27,0,1125,157,56250,1,5,test_length-model_input_window_size,True,True,True,0,0,0,fixed_for_pretraining_audit,window and workload fixed; project topk does not change these counts,"(35995, 5, 19)","[batch, 19, 5]","[batch, 19]",not_applicable,19,5,manifest order preserved,1-step 채널별 절대 예측 오차; source[W:] 정렬,False,data shape applicable; raw wrapper contract checked separately
GHL,series_20,100,normal,CI-AE,50000,45000,45000,0,5000,100,1,1,128,0,True,50,one_model_per_channel,none,1,44901,4901,350,350,128,101,350,39,17500,19,50,test_length-model_input_window_size+1,True,True,True,0,0,0,fixed_for_pretraining_audit,window and workload settings fixed,"(44901, 100, 1)","[batch, 100]","[batch, 100]",100,not_applicable,not_applicable,manifest order preserved,채널별 window 재구성 오차; 중앙 시점 정렬,True,data shape applicable; raw wrapper contract checked separately
GHL,series_20,100,normal,LSTM-AD,50000,45000,45000,0,5000,100,1,1,128,1,False,50,one_multivariate_model,patience=3,1,44900,4900,350,351,100,0,351,39,17550,1,100,test_length-model_input_window_size,True,True,True,0,0,0,fixed_for_pretraining_audit,window and workload settings fixed,"(44900, 100, 19)","[batch, 100, 19]","[1, batch, 19]",not_applicable,not_applicable,not_applicable,manifest order preserved,1-step 예측 오차; source[W:] 정렬,False,data shape applicable; raw wrapper contract checked separately
GHL,series_20,100,normal,USAD,50000,45000,45000,0,5000,10,1,1,128,0,False,70,one_multivariate_model,none,2,44991,4991,351,352,63,0,704,39,49280,1,5,test_length-model_input_window_size+1,True,True,True,0,0,0,fixed_project_transfer_rule,window and batch_size=128 fixed by project transfer rule,"(44991, 10, 19)","[batch, 10, 19]","3 x [batch, 190]",190,not_applicable,not_applicable,manifest order preserved,window×channel 재구성 오차; 중앙 시점 정렬,False,data shape applicable; raw wrapper contract checked separately
GHL,series_20,100,normal,GDN,50000,45000,45000,0,5000,5,1,1,32,1,False,50,one_multivariate_model,patience=10,1,44995,4995,1406,1407,3,0,1407,157,70350,1,5,test_length-model_input_window_size,True,True,True,0,0,0,fixed_for_pretraining_audit,window and workload fixed; project topk does not change these counts,"(44995, 5, 19)","[batch, 19, 5]","[batch, 19]",not_applicable,19,5,manifest order preserved,1-step 채널별 절대 예측 오차; source[W:] 정렬,False,data shape applicable; raw wrapper contract checked separately
GHL,series_21,5,normal,CI-AE,50000,45000,2250,42750,5000,100,1,1,128,0,True,50,one_model_per_channel,none,1,2151,4901,16,16,128,103,16,39,800,19,50,test_length-model_input_window_size+1,True,True,True,0,0,0,fixed_for_pretraining_audit,window and workload settings fixed,"(2151, 100, 1)","[batch, 100]","[batch, 100]",100,not_applicable,not_applicable,manifest order preserved,채널별 window 재구성 오차; 중앙 시점 정렬,True,data shape applicable; raw wrapper contract checked separately
GHL,series_21,5,normal,LSTM-AD,50000,45000,2250,42750,5000,100,1,1,128,1,False,50,one_multivariate_model,patience=3,1,2150,4900,16,17,102,0,17,39,850,1,100,test_length-model_input_window_size,True,True,True,0,0,0,fixed_for_pretraining_audit,window and workload settings fixed,"(2150, 100, 19)","[batch, 100, 19]","[1, batch, 19]",not_applicable,not_applicable,not_applicable,manifest order preserved,1-step 예측 오차; source[W:] 정렬,False,data shape applicable; raw wrapper contract checked separately
GHL,series_21,5,normal,USAD,50000,45000,2250,42750,5000,10,1,1,128,0,False,70,one_multivariate_model,none,2,2241,4991,17,18,65,0,36,39,2520,1,5,test_length-model_input_window_size+1,True,True,True,0,0,0,fixed_project_transfer_rule,window and batch_size=128 fixed by project transfer rule,"(2241, 10, 19)","[batch, 10, 19]","3 x [batch, 190]",190,not_applicable,not_applicable,manifest order preserved,window×channel 재구성 오차; 중앙 시점 정렬,False,data shape applicable; raw wrapper contract checked separately
GHL,series_21,5,normal,GDN,50000,45000,2250,42750,5000,5,1,1,32,1,False,50,one_multivariate_model,patience=10,1,2245,4995,70,71,5,0,71,157,3550,1,5,test_length-model_input_window_size,True,True,True,0,0,0,fixed_for_pretraining_audit,window and workload fixed; project topk does not change these counts,"(2245, 5, 19)","[batch, 19, 5]","[batch, 19]",not_applicable,19,5,manifest order preserved,1-step 채널별 절대 예측 오차; source[W:] 정렬,False,data shape applicable; raw wrapper contract checked separately
GHL,series_21,10,normal,CI-AE,50000,45000,4500,40500,5000,100,1,1,128,0,True,50,one_model_per_channel,none,1,4401,4901,34,34,128,49,34,39,1700,19,50,test_length-model_input_window_size+1,True,True,True,0,0,0,fixed_for_pretraining_audit,window and workload settings fixed,"(4401, 100, 1)","[batch, 100]","[batch, 100]",100,not_applicable,not_applicable,manifest order preserved,채널별 window 재구성 오차; 중앙 시점 정렬,True,data shape applicable; raw wrapper contract checked separately
GHL,series_21,10,normal,LSTM-AD,50000,45000,4500,40500,5000,100,1,1,128,1,False,50,one_multivariate_model,patience=3,1,4400,4900,34,35,48,0,35,39,1750,1,100,test_length-model_input_window_size,True,True,True,0,0,0,fixed_for_pretraining_audit,window and workload settings fixed,"(4400, 100, 19)","[batch, 100, 19]","[1, batch, 19]",not_applicable,not_applicable,not_applicable,manifest order preserved,1-step 예측 오차; source[W:] 정렬,False,data shape applicable; raw wrapper contract checked separately
GHL,series_21,10,normal,USAD,50000,45000,4500,40500,5000,10,1,1,128,0,False,70,one_multivariate_model,none,2,4491,4991,35,36,11,0,72,39,5040,1,5,test_length-model_input_window_size+1,True,True,True,0,0,0,fixed_project_transfer_rule,window and batch_size=128 fixed by project transfer rule,"(4491, 10, 19)","[batch, 10, 19]","3 x [batch, 190]",190,not_applicable,not_applicable,manifest order preserved,window×channel 재구성 오차; 중앙 시점 정렬,False,data shape applicable; raw wrapper contract checked separately
GHL,series_21,10,normal,GDN,50000,45000,4500,40500,5000,5,1,1,32,1,False,50,one_multivariate_model,patience=10,1,4495,4995,140,141,15,0,141,157,7050,1,5,test_length-model_input_window_size,True,True,True,0,0,0,fixed_for_pretraining_audit,window and workload fixed; project topk does not change these counts,"(4495, 5, 19)","[batch, 19, 5]","[batch, 19]",not_applicable,19,5,manifest order preserved,1-step 채널별 절대 예측 오차; source[W:] 정렬,False,data shape applicable; raw wrapper contract checked separately
GHL,series_21,20,normal,CI-AE,50000,45000,9000,36000,5000,100,1,1,128,0,True,50,one_model_per_channel,none,1,8901,4901,69,69,128,69,69,39,3450,19,50,test_length-model_input_window_size+1,True,True,True,0,0,0,fixed_for_pretraining_audit,window and workload settings fixed,"(8901, 100, 1)","[batch, 100]","[batch, 100]",100,not_applicable,not_applicable,manifest order preserved,채널별 window 재구성 오차; 중앙 시점 정렬,True,data shape applicable; raw wrapper contract checked separately
GHL,series_21,20,normal,LSTM-AD,50000,45000,9000,36000,5000,100,1,1,128,1,False,50,one_multivariate_model,patience=3,1,8900,4900,69,70,68,0,70,39,3500,1,100,test_length-model_input_window_size,True,True,True,0,0,0,fixed_for_pretraining_audit,window and workload settings fixed,"(8900, 100, 19)","[batch, 100, 19]","[1, batch, 19]",not_applicable,not_applicable,not_applicable,manifest order preserved,1-step 예측 오차; source[W:] 정렬,False,data shape applicable; raw wrapper contract checked separately
GHL,series_21,20,normal,USAD,50000,45000,9000,36000,5000,10,1,1,128,0,False,70,one_multivariate_model,none,2,8991,4991,70,71,31,0,142,39,9940,1,5,test_length-model_input_window_size+1,True,True,True,0,0,0,fixed_project_transfer_rule,window and batch_size=128 fixed by project transfer rule,"(8991, 10, 19)","[batch, 10, 19]","3 x [batch, 190]",190,not_applicable,not_applicable,manifest order preserved,window×channel 재구성 오차; 중앙 시점 정렬,False,data shape applicable; raw wrapper contract checked separately
GHL,series_21,20,normal,GDN,50000,45000,9000,36000,5000,5,1,1,32,1,False,50,one_multivariate_model,patience=10,1,8995,4995,281,282,3,0,282,157,14100,1,5,test_length-model_input_window_size,True,True,True,0,0,0,fixed_for_pretraining_audit,window and workload fixed; project topk does not change these counts,"(8995, 5, 19)","[batch, 19, 5]","[batch, 19]",not_applicable,19,5,manifest order preserved,1-step 채널별 절대 예측 오차; source[W:] 정렬,False,data shape applicable; raw wrapper contract checked separately
GHL,series_21,40,normal,CI-AE,50000,45000,18000,27000,5000,100,1,1,128,0,True,50,one_model_per_channel,none,1,17901,4901,139,139,128,109,139,39,6950,19,50,test_length-model_input_window_size+1,True,True,True,0,0,0,fixed_for_pretraining_audit,window and workload settings fixed,"(17901, 100, 1)","[batch, 100]","[batch, 100]",100,not_applicable,not_applicable,manifest order preserved,채널별 window 재구성 오차; 중앙 시점 정렬,True,data shape applicable; raw wrapper contract checked separately
GHL,series_21,40,normal,LSTM-AD,50000,45000,18000,27000,5000,100,1,1,128,1,False,50,one_multivariate_model,patience=3,1,17900,4900,139,140,108,0,140,39,7000,1,100,test_length-model_input_window_size,True,True,True,0,0,0,fixed_for_pretraining_audit,window and workload settings fixed,"(17900, 100, 19)","[batch, 100, 19]","[1, batch, 19]",not_applicable,not_applicable,not_applicable,manifest order preserved,1-step 예측 오차; source[W:] 정렬,False,data shape applicable; raw wrapper contract checked separately
GHL,series_21,40,normal,USAD,50000,45000,18000,27000,5000,10,1,1,128,0,False,70,one_multivariate_model,none,2,17991,4991,140,141,71,0,282,39,19740,1,5,test_length-model_input_window_size+1,True,True,True,0,0,0,fixed_project_transfer_rule,window and batch_size=128 fixed by project transfer rule,"(17991, 10, 19)","[batch, 10, 19]","3 x [batch, 190]",190,not_applicable,not_applicable,manifest order preserved,window×channel 재구성 오차; 중앙 시점 정렬,False,data shape applicable; raw wrapper contract checked separately
GHL,series_21,40,normal,GDN,50000,45000,18000,27000,5000,5,1,1,32,1,False,50,one_multivariate_model,patience=10,1,17995,4995,562,563,11,0,563,157,28150,1,5,test_length-model_input_window_size,True,True,True,0,0,0,fixed_for_pretraining_audit,window and workload fixed; project topk does not change these counts,"(17995, 5, 19)","[batch, 19, 5]","[batch, 19]",not_applicable,19,5,manifest order preserved,1-step 채널별 절대 예측 오차; source[W:] 정렬,False,data shape applicable; raw wrapper contract checked separately
GHL,series_21,60,normal,CI-AE,50000,45000,27000,18000,5000,100,1,1,128,0,True,50,one_model_per_channel,none,1,26901,4901,210,210,128,21,210,39,10500,19,50,test_length-model_input_window_size+1,True,True,True,0,0,0,fixed_for_pretraining_audit,window and workload settings fixed,"(26901, 100, 1)","[batch, 100]","[batch, 100]",100,not_applicable,not_applicable,manifest order preserved,채널별 window 재구성 오차; 중앙 시점 정렬,True,data shape applicable; raw wrapper contract checked separately
GHL,series_21,60,normal,LSTM-AD,50000,45000,27000,18000,5000,100,1,1,128,1,False,50,one_multivariate_model,patience=3,1,26900,4900,210,211,20,0,211,39,10550,1,100,test_length-model_input_window_size,True,True,True,0,0,0,fixed_for_pretraining_audit,window and workload settings fixed,"(26900, 100, 19)","[batch, 100, 19]","[1, batch, 19]",not_applicable,not_applicable,not_applicable,manifest order preserved,1-step 예측 오차; source[W:] 정렬,False,data shape applicable; raw wrapper contract checked separately
GHL,series_21,60,normal,USAD,50000,45000,27000,18000,5000,10,1,1,128,0,False,70,one_multivariate_model,none,2,26991,4991,210,211,111,0,422,39,29540,1,5,test_length-model_input_window_size+1,True,True,True,0,0,0,fixed_project_transfer_rule,window and batch_size=128 fixed by project transfer rule,"(26991, 10, 19)","[batch, 10, 19]","3 x [batch, 190]",190,not_applicable,not_applicable,manifest order preserved,window×channel 재구성 오차; 중앙 시점 정렬,False,data shape applicable; raw wrapper contract checked separately
GHL,series_21,60,normal,GDN,50000,45000,27000,18000,5000,5,1,1,32,1,False,50,one_multivariate_model,patience=10,1,26995,4995,843,844,19,0,844,157,42200,1,5,test_length-model_input_window_size,True,True,True,0,0,0,fixed_for_pretraining_audit,window and workload fixed; project topk does not change these counts,"(26995, 5, 19)","[batch, 19, 5]","[batch, 19]",not_applicable,19,5,manifest order preserved,1-step 채널별 절대 예측 오차; source[W:] 정렬,False,data shape applicable; raw wrapper contract checked separately
GHL,series_21,80,normal,CI-AE,50000,45000,36000,9000,5000,100,1,1,128,0,True,50,one_model_per_channel,none,1,35901,4901,280,280,128,61,280,39,14000,19,50,test_length-model_input_window_size+1,True,True,True,0,0,0,fixed_for_pretraining_audit,window and workload settings fixed,"(35901, 100, 1)","[batch, 100]","[batch, 100]",100,not_applicable,not_applicable,manifest order preserved,채널별 window 재구성 오차; 중앙 시점 정렬,True,data shape applicable; raw wrapper contract checked separately
GHL,series_21,80,normal,LSTM-AD,50000,45000,36000,9000,5000,100,1,1,128,1,False,50,one_multivariate_model,patience=3,1,35900,4900,280,281,60,0,281,39,14050,1,100,test_length-model_input_window_size,True,True,True,0,0,0,fixed_for_pretraining_audit,window and workload settings fixed,"(35900, 100, 19)","[batch, 100, 19]","[1, batch, 19]",not_applicable,not_applicable,not_applicable,manifest order preserved,1-step 예측 오차; source[W:] 정렬,False,data shape applicable; raw wrapper contract checked separately
GHL,series_21,80,normal,USAD,50000,45000,36000,9000,5000,10,1,1,128,0,False,70,one_multivariate_model,none,2,35991,4991,281,282,23,0,564,39,39480,1,5,test_length-model_input_window_size+1,True,True,True,0,0,0,fixed_project_transfer_rule,window and batch_size=128 fixed by project transfer rule,"(35991, 10, 19)","[batch, 10, 19]","3 x [batch, 190]",190,not_applicable,not_applicable,manifest order preserved,window×channel 재구성 오차; 중앙 시점 정렬,False,data shape applicable; raw wrapper contract checked separately
GHL,series_21,80,normal,GDN,50000,45000,36000,9000,5000,5,1,1,32,1,False,50,one_multivariate_model,patience=10,1,35995,4995,1124,1125,27,0,1125,157,56250,1,5,test_length-model_input_window_size,True,True,True,0,0,0,fixed_for_pretraining_audit,window and workload fixed; project topk does not change these counts,"(35995, 5, 19)","[batch, 19, 5]","[batch, 19]",not_applicable,19,5,manifest order preserved,1-step 채널별 절대 예측 오차; source[W:] 정렬,False,data shape applicable; raw wrapper contract checked separately
GHL,series_21,100,normal,CI-AE,50000,45000,45000,0,5000,100,1,1,128,0,True,50,one_model_per_channel,none,1,44901,4901,350,350,128,101,350,39,17500,19,50,test_length-model_input_window_size+1,True,True,True,0,0,0,fixed_for_pretraining_audit,window and workload settings fixed,"(44901, 100, 1)","[batch, 100]","[batch, 100]",100,not_applicable,not_applicable,manifest order preserved,채널별 window 재구성 오차; 중앙 시점 정렬,True,data shape applicable; raw wrapper contract checked separately
GHL,series_21,100,normal,LSTM-AD,50000,45000,45000,0,5000,100,1,1,128,1,False,50,one_multivariate_model,patience=3,1,44900,4900,350,351,100,0,351,39,17550,1,100,test_length-model_input_window_size,True,True,True,0,0,0,fixed_for_pretraining_audit,window and workload settings fixed,"(44900, 100, 19)","[batch, 100, 19]","[1, batch, 19]",not_applicable,not_applicable,not_applicable,manifest order preserved,1-step 예측 오차; source[W:] 정렬,False,data shape applicable; raw wrapper contract checked separately
GHL,series_21,100,normal,USAD,50000,45000,45000,0,5000,10,1,1,128,0,False,70,one_multivariate_model,none,2,44991,4991,351,352,63,0,704,39,49280,1,5,test_length-model_input_window_size+1,True,True,True,0,0,0,fixed_project_transfer_rule,window and batch_size=128 fixed by project transfer rule,"(44991, 10, 19)","[batch, 10, 19]","3 x [batch, 190]",190,not_applicable,not_applicable,manifest order preserved,window×channel 재구성 오차; 중앙 시점 정렬,False,data shape applicable; raw wrapper contract checked separately
GHL,series_21,100,normal,GDN,50000,45000,45000,0,5000,5,1,1,32,1,False,50,one_multivariate_model,patience=10,1,44995,4995,1406,1407,3,0,1407,157,70350,1,5,test_length-model_input_window_size,True,True,True,0,0,0,fixed_for_pretraining_audit,window and workload fixed; project topk does not change these counts,"(44995, 5, 19)","[batch, 19, 5]","[batch, 19]",not_applicable,19,5,manifest order preserved,1-step 채널별 절대 예측 오차; source[W:] 정렬,False,data shape applicable; raw wrapper contract checked separately
GHL,series_22,5,normal,CI-AE,50000,45000,2250,42750,5000,100,1,1,128,0,True,50,one_model_per_channel,none,1,2151,4901,16,16,128,103,16,39,800,19,50,test_length-model_input_window_size+1,True,True,True,0,0,0,fixed_for_pretraining_audit,window and workload settings fixed,"(2151, 100, 1)","[batch, 100]","[batch, 100]",100,not_applicable,not_applicable,manifest order preserved,채널별 window 재구성 오차; 중앙 시점 정렬,True,data shape applicable; raw wrapper contract checked separately
GHL,series_22,5,normal,LSTM-AD,50000,45000,2250,42750,5000,100,1,1,128,1,False,50,one_multivariate_model,patience=3,1,2150,4900,16,17,102,0,17,39,850,1,100,test_length-model_input_window_size,True,True,True,0,0,0,fixed_for_pretraining_audit,window and workload settings fixed,"(2150, 100, 19)","[batch, 100, 19]","[1, batch, 19]",not_applicable,not_applicable,not_applicable,manifest order preserved,1-step 예측 오차; source[W:] 정렬,False,data shape applicable; raw wrapper contract checked separately
GHL,series_22,5,normal,USAD,50000,45000,2250,42750,5000,10,1,1,128,0,False,70,one_multivariate_model,none,2,2241,4991,17,18,65,0,36,39,2520,1,5,test_length-model_input_window_size+1,True,True,True,0,0,0,fixed_project_transfer_rule,window and batch_size=128 fixed by project transfer rule,"(2241, 10, 19)","[batch, 10, 19]","3 x [batch, 190]",190,not_applicable,not_applicable,manifest order preserved,window×channel 재구성 오차; 중앙 시점 정렬,False,data shape applicable; raw wrapper contract checked separately
GHL,series_22,5,normal,GDN,50000,45000,2250,42750,5000,5,1,1,32,1,False,50,one_multivariate_model,patience=10,1,2245,4995,70,71,5,0,71,157,3550,1,5,test_length-model_input_window_size,True,True,True,0,0,0,fixed_for_pretraining_audit,window and workload fixed; project topk does not change these counts,"(2245, 5, 19)","[batch, 19, 5]","[batch, 19]",not_applicable,19,5,manifest order preserved,1-step 채널별 절대 예측 오차; source[W:] 정렬,False,data shape applicable; raw wrapper contract checked separately
GHL,series_22,10,normal,CI-AE,50000,45000,4500,40500,5000,100,1,1,128,0,True,50,one_model_per_channel,none,1,4401,4901,34,34,128,49,34,39,1700,19,50,test_length-model_input_window_size+1,True,True,True,0,0,0,fixed_for_pretraining_audit,window and workload settings fixed,"(4401, 100, 1)","[batch, 100]","[batch, 100]",100,not_applicable,not_applicable,manifest order preserved,채널별 window 재구성 오차; 중앙 시점 정렬,True,data shape applicable; raw wrapper contract checked separately
GHL,series_22,10,normal,LSTM-AD,50000,45000,4500,40500,5000,100,1,1,128,1,False,50,one_multivariate_model,patience=3,1,4400,4900,34,35,48,0,35,39,1750,1,100,test_length-model_input_window_size,True,True,True,0,0,0,fixed_for_pretraining_audit,window and workload settings fixed,"(4400, 100, 19)","[batch, 100, 19]","[1, batch, 19]",not_applicable,not_applicable,not_applicable,manifest order preserved,1-step 예측 오차; source[W:] 정렬,False,data shape applicable; raw wrapper contract checked separately
GHL,series_22,10,normal,USAD,50000,45000,4500,40500,5000,10,1,1,128,0,False,70,one_multivariate_model,none,2,4491,4991,35,36,11,0,72,39,5040,1,5,test_length-model_input_window_size+1,True,True,True,0,0,0,fixed_project_transfer_rule,window and batch_size=128 fixed by project transfer rule,"(4491, 10, 19)","[batch, 10, 19]","3 x [batch, 190]",190,not_applicable,not_applicable,manifest order preserved,window×channel 재구성 오차; 중앙 시점 정렬,False,data shape applicable; raw wrapper contract checked separately
GHL,series_22,10,normal,GDN,50000,45000,4500,40500,5000,5,1,1,32,1,False,50,one_multivariate_model,patience=10,1,4495,4995,140,141,15,0,141,157,7050,1,5,test_length-model_input_window_size,True,True,True,0,0,0,fixed_for_pretraining_audit,window and workload fixed; project topk does not change these counts,"(4495, 5, 19)","[batch, 19, 5]","[batch, 19]",not_applicable,19,5,manifest order preserved,1-step 채널별 절대 예측 오차; source[W:] 정렬,False,data shape applicable; raw wrapper contract checked separately
GHL,series_22,20,normal,CI-AE,50000,45000,9000,36000,5000,100,1,1,128,0,True,50,one_model_per_channel,none,1,8901,4901,69,69,128,69,69,39,3450,19,50,test_length-model_input_window_size+1,True,True,True,0,0,0,fixed_for_pretraining_audit,window and workload settings fixed,"(8901, 100, 1)","[batch, 100]","[batch, 100]",100,not_applicable,not_applicable,manifest order preserved,채널별 window 재구성 오차; 중앙 시점 정렬,True,data shape applicable; raw wrapper contract checked separately
GHL,series_22,20,normal,LSTM-AD,50000,45000,9000,36000,5000,100,1,1,128,1,False,50,one_multivariate_model,patience=3,1,8900,4900,69,70,68,0,70,39,3500,1,100,test_length-model_input_window_size,True,True,True,0,0,0,fixed_for_pretraining_audit,window and workload settings fixed,"(8900, 100, 19)","[batch, 100, 19]","[1, batch, 19]",not_applicable,not_applicable,not_applicable,manifest order preserved,1-step 예측 오차; source[W:] 정렬,False,data shape applicable; raw wrapper contract checked separately
GHL,series_22,20,normal,USAD,50000,45000,9000,36000,5000,10,1,1,128,0,False,70,one_multivariate_model,none,2,8991,4991,70,71,31,0,142,39,9940,1,5,test_length-model_input_window_size+1,True,True,True,0,0,0,fixed_project_transfer_rule,window and batch_size=128 fixed by project transfer rule,"(8991, 10, 19)","[batch, 10, 19]","3 x [batch, 190]",190,not_applicable,not_applicable,manifest order preserved,window×channel 재구성 오차; 중앙 시점 정렬,False,data shape applicable; raw wrapper contract checked separately
GHL,series_22,20,normal,GDN,50000,45000,9000,36000,5000,5,1,1,32,1,False,50,one_multivariate_model,patience=10,1,8995,4995,281,282,3,0,282,157,14100,1,5,test_length-model_input_window_size,True,True,True,0,0,0,fixed_for_pretraining_audit,window and workload fixed; project topk does not change these counts,"(8995, 5, 19)","[batch, 19, 5]","[batch, 19]",not_applicable,19,5,manifest order preserved,1-step 채널별 절대 예측 오차; source[W:] 정렬,False,data shape applicable; raw wrapper contract checked separately
GHL,series_22,40,normal,CI-AE,50000,45000,18000,27000,5000,100,1,1,128,0,True,50,one_model_per_channel,none,1,17901,4901,139,139,128,109,139,39,6950,19,50,test_length-model_input_window_size+1,True,True,True,0,0,0,fixed_for_pretraining_audit,window and workload settings fixed,"(17901, 100, 1)","[batch, 100]","[batch, 100]",100,not_applicable,not_applicable,manifest order preserved,채널별 window 재구성 오차; 중앙 시점 정렬,True,data shape applicable; raw wrapper contract checked separately
GHL,series_22,40,normal,LSTM-AD,50000,45000,18000,27000,5000,100,1,1,128,1,False,50,one_multivariate_model,patience=3,1,17900,4900,139,140,108,0,140,39,7000,1,100,test_length-model_input_window_size,True,True,True,0,0,0,fixed_for_pretraining_audit,window and workload settings fixed,"(17900, 100, 19)","[batch, 100, 19]","[1, batch, 19]",not_applicable,not_applicable,not_applicable,manifest order preserved,1-step 예측 오차; source[W:] 정렬,False,data shape applicable; raw wrapper contract checked separately
GHL,series_22,40,normal,USAD,50000,45000,18000,27000,5000,10,1,1,128,0,False,70,one_multivariate_model,none,2,17991,4991,140,141,71,0,282,39,19740,1,5,test_length-model_input_window_size+1,True,True,True,0,0,0,fixed_project_transfer_rule,window and batch_size=128 fixed by project transfer rule,"(17991, 10, 19)","[batch, 10, 19]","3 x [batch, 190]",190,not_applicable,not_applicable,manifest order preserved,window×channel 재구성 오차; 중앙 시점 정렬,False,data shape applicable; raw wrapper contract checked separately
GHL,series_22,40,normal,GDN,50000,45000,18000,27000,5000,5,1,1,32,1,False,50,one_multivariate_model,patience=10,1,17995,4995,562,563,11,0,563,157,28150,1,5,test_length-model_input_window_size,True,True,True,0,0,0,fixed_for_pretraining_audit,window and workload fixed; project topk does not change these counts,"(17995, 5, 19)","[batch, 19, 5]","[batch, 19]",not_applicable,19,5,manifest order preserved,1-step 채널별 절대 예측 오차; source[W:] 정렬,False,data shape applicable; raw wrapper contract checked separately
GHL,series_22,60,normal,CI-AE,50000,45000,27000,18000,5000,100,1,1,128,0,True,50,one_model_per_channel,none,1,26901,4901,210,210,128,21,210,39,10500,19,50,test_length-model_input_window_size+1,True,True,True,0,0,0,fixed_for_pretraining_audit,window and workload settings fixed,"(26901, 100, 1)","[batch, 100]","[batch, 100]",100,not_applicable,not_applicable,manifest order preserved,채널별 window 재구성 오차; 중앙 시점 정렬,True,data shape applicable; raw wrapper contract checked separately
GHL,series_22,60,normal,LSTM-AD,50000,45000,27000,18000,5000,100,1,1,128,1,False,50,one_multivariate_model,patience=3,1,26900,4900,210,211,20,0,211,39,10550,1,100,test_length-model_input_window_size,True,True,True,0,0,0,fixed_for_pretraining_audit,window and workload settings fixed,"(26900, 100, 19)","[batch, 100, 19]","[1, batch, 19]",not_applicable,not_applicable,not_applicable,manifest order preserved,1-step 예측 오차; source[W:] 정렬,False,data shape applicable; raw wrapper contract checked separately
GHL,series_22,60,normal,USAD,50000,45000,27000,18000,5000,10,1,1,128,0,False,70,one_multivariate_model,none,2,26991,4991,210,211,111,0,422,39,29540,1,5,test_length-model_input_window_size+1,True,True,True,0,0,0,fixed_project_transfer_rule,window and batch_size=128 fixed by project transfer rule,"(26991, 10, 19)","[batch, 10, 19]","3 x [batch, 190]",190,not_applicable,not_applicable,manifest order preserved,window×channel 재구성 오차; 중앙 시점 정렬,False,data shape applicable; raw wrapper contract checked separately
GHL,series_22,60,normal,GDN,50000,45000,27000,18000,5000,5,1,1,32,1,False,50,one_multivariate_model,patience=10,1,26995,4995,843,844,19,0,844,157,42200,1,5,test_length-model_input_window_size,True,True,True,0,0,0,fixed_for_pretraining_audit,window and workload fixed; project topk does not change these counts,"(26995, 5, 19)","[batch, 19, 5]","[batch, 19]",not_applicable,19,5,manifest order preserved,1-step 채널별 절대 예측 오차; source[W:] 정렬,False,data shape applicable; raw wrapper contract checked separately
GHL,series_22,80,normal,CI-AE,50000,45000,36000,9000,5000,100,1,1,128,0,True,50,one_model_per_channel,none,1,35901,4901,280,280,128,61,280,39,14000,19,50,test_length-model_input_window_size+1,True,True,True,0,0,0,fixed_for_pretraining_audit,window and workload settings fixed,"(35901, 100, 1)","[batch, 100]","[batch, 100]",100,not_applicable,not_applicable,manifest order preserved,채널별 window 재구성 오차; 중앙 시점 정렬,True,data shape applicable; raw wrapper contract checked separately
GHL,series_22,80,normal,LSTM-AD,50000,45000,36000,9000,5000,100,1,1,128,1,False,50,one_multivariate_model,patience=3,1,35900,4900,280,281,60,0,281,39,14050,1,100,test_length-model_input_window_size,True,True,True,0,0,0,fixed_for_pretraining_audit,window and workload settings fixed,"(35900, 100, 19)","[batch, 100, 19]","[1, batch, 19]",not_applicable,not_applicable,not_applicable,manifest order preserved,1-step 예측 오차; source[W:] 정렬,False,data shape applicable; raw wrapper contract checked separately
GHL,series_22,80,normal,USAD,50000,45000,36000,9000,5000,10,1,1,128,0,False,70,one_multivariate_model,none,2,35991,4991,281,282,23,0,564,39,39480,1,5,test_length-model_input_window_size+1,True,True,True,0,0,0,fixed_project_transfer_rule,window and batch_size=128 fixed by project transfer rule,"(35991, 10, 19)","[batch, 10, 19]","3 x [batch, 190]",190,not_applicable,not_applicable,manifest order preserved,window×channel 재구성 오차; 중앙 시점 정렬,False,data shape applicable; raw wrapper contract checked separately
GHL,series_22,80,normal,GDN,50000,45000,36000,9000,5000,5,1,1,32,1,False,50,one_multivariate_model,patience=10,1,35995,4995,1124,1125,27,0,1125,157,56250,1,5,test_length-model_input_window_size,True,True,True,0,0,0,fixed_for_pretraining_audit,window and workload fixed; project topk does not change these counts,"(35995, 5, 19)","[batch, 19, 5]","[batch, 19]",not_applicable,19,5,manifest order preserved,1-step 채널별 절대 예측 오차; source[W:] 정렬,False,data shape applicable; raw wrapper contract checked separately
GHL,series_22,100,normal,CI-AE,50000,45000,45000,0,5000,100,1,1,128,0,True,50,one_model_per_channel,none,1,44901,4901,350,350,128,101,350,39,17500,19,50,test_length-model_input_window_size+1,True,True,True,0,0,0,fixed_for_pretraining_audit,window and workload settings fixed,"(44901, 100, 1)","[batch, 100]","[batch, 100]",100,not_applicable,not_applicable,manifest order preserved,채널별 window 재구성 오차; 중앙 시점 정렬,True,data shape applicable; raw wrapper contract checked separately
GHL,series_22,100,normal,LSTM-AD,50000,45000,45000,0,5000,100,1,1,128,1,False,50,one_multivariate_model,patience=3,1,44900,4900,350,351,100,0,351,39,17550,1,100,test_length-model_input_window_size,True,True,True,0,0,0,fixed_for_pretraining_audit,window and workload settings fixed,"(44900, 100, 19)","[batch, 100, 19]","[1, batch, 19]",not_applicable,not_applicable,not_applicable,manifest order preserved,1-step 예측 오차; source[W:] 정렬,False,data shape applicable; raw wrapper contract checked separately
GHL,series_22,100,normal,USAD,50000,45000,45000,0,5000,10,1,1,128,0,False,70,one_multivariate_model,none,2,44991,4991,351,352,63,0,704,39,49280,1,5,test_length-model_input_window_size+1,True,True,True,0,0,0,fixed_project_transfer_rule,window and batch_size=128 fixed by project transfer rule,"(44991, 10, 19)","[batch, 10, 19]","3 x [batch, 190]",190,not_applicable,not_applicable,manifest order preserved,window×channel 재구성 오차; 중앙 시점 정렬,False,data shape applicable; raw wrapper contract checked separately
GHL,series_22,100,normal,GDN,50000,45000,45000,0,5000,5,1,1,32,1,False,50,one_multivariate_model,patience=10,1,44995,4995,1406,1407,3,0,1407,157,70350,1,5,test_length-model_input_window_size,True,True,True,0,0,0,fixed_for_pretraining_audit,window and workload fixed; project topk does not change these counts,"(44995, 5, 19)","[batch, 19, 5]","[batch, 19]",not_applicable,19,5,manifest order preserved,1-step 채널별 절대 예측 오차; source[W:] 정렬,False,data shape applicable; raw wrapper contract checked separately
GHL,series_23,5,normal,CI-AE,50000,45000,2250,42750,5000,100,1,1,128,0,True,50,one_model_per_channel,none,1,2151,4901,16,16,128,103,16,39,800,19,50,test_length-model_input_window_size+1,True,True,True,0,0,0,fixed_for_pretraining_audit,window and workload settings fixed,"(2151, 100, 1)","[batch, 100]","[batch, 100]",100,not_applicable,not_applicable,manifest order preserved,채널별 window 재구성 오차; 중앙 시점 정렬,True,data shape applicable; raw wrapper contract checked separately
GHL,series_23,5,normal,LSTM-AD,50000,45000,2250,42750,5000,100,1,1,128,1,False,50,one_multivariate_model,patience=3,1,2150,4900,16,17,102,0,17,39,850,1,100,test_length-model_input_window_size,True,True,True,0,0,0,fixed_for_pretraining_audit,window and workload settings fixed,"(2150, 100, 19)","[batch, 100, 19]","[1, batch, 19]",not_applicable,not_applicable,not_applicable,manifest order preserved,1-step 예측 오차; source[W:] 정렬,False,data shape applicable; raw wrapper contract checked separately
GHL,series_23,5,normal,USAD,50000,45000,2250,42750,5000,10,1,1,128,0,False,70,one_multivariate_model,none,2,2241,4991,17,18,65,0,36,39,2520,1,5,test_length-model_input_window_size+1,True,True,True,0,0,0,fixed_project_transfer_rule,window and batch_size=128 fixed by project transfer rule,"(2241, 10, 19)","[batch, 10, 19]","3 x [batch, 190]",190,not_applicable,not_applicable,manifest order preserved,window×channel 재구성 오차; 중앙 시점 정렬,False,data shape applicable; raw wrapper contract checked separately
GHL,series_23,5,normal,GDN,50000,45000,2250,42750,5000,5,1,1,32,1,False,50,one_multivariate_model,patience=10,1,2245,4995,70,71,5,0,71,157,3550,1,5,test_length-model_input_window_size,True,True,True,0,0,0,fixed_for_pretraining_audit,window and workload fixed; project topk does not change these counts,"(2245, 5, 19)","[batch, 19, 5]","[batch, 19]",not_applicable,19,5,manifest order preserved,1-step 채널별 절대 예측 오차; source[W:] 정렬,False,data shape applicable; raw wrapper contract checked separately
GHL,series_23,10,normal,CI-AE,50000,45000,4500,40500,5000,100,1,1,128,0,True,50,one_model_per_channel,none,1,4401,4901,34,34,128,49,34,39,1700,19,50,test_length-model_input_window_size+1,True,True,True,0,0,0,fixed_for_pretraining_audit,window and workload settings fixed,"(4401, 100, 1)","[batch, 100]","[batch, 100]",100,not_applicable,not_applicable,manifest order preserved,채널별 window 재구성 오차; 중앙 시점 정렬,True,data shape applicable; raw wrapper contract checked separately
GHL,series_23,10,normal,LSTM-AD,50000,45000,4500,40500,5000,100,1,1,128,1,False,50,one_multivariate_model,patience=3,1,4400,4900,34,35,48,0,35,39,1750,1,100,test_length-model_input_window_size,True,True,True,0,0,0,fixed_for_pretraining_audit,window and workload settings fixed,"(4400, 100, 19)","[batch, 100, 19]","[1, batch, 19]",not_applicable,not_applicable,not_applicable,manifest order preserved,1-step 예측 오차; source[W:] 정렬,False,data shape applicable; raw wrapper contract checked separately
GHL,series_23,10,normal,USAD,50000,45000,4500,40500,5000,10,1,1,128,0,False,70,one_multivariate_model,none,2,4491,4991,35,36,11,0,72,39,5040,1,5,test_length-model_input_window_size+1,True,True,True,0,0,0,fixed_project_transfer_rule,window and batch_size=128 fixed by project transfer rule,"(4491, 10, 19)","[batch, 10, 19]","3 x [batch, 190]",190,not_applicable,not_applicable,manifest order preserved,window×channel 재구성 오차; 중앙 시점 정렬,False,data shape applicable; raw wrapper contract checked separately
GHL,series_23,10,normal,GDN,50000,45000,4500,40500,5000,5,1,1,32,1,False,50,one_multivariate_model,patience=10,1,4495,4995,140,141,15,0,141,157,7050,1,5,test_length-model_input_window_size,True,True,True,0,0,0,fixed_for_pretraining_audit,window and workload fixed; project topk does not change these counts,"(4495, 5, 19)","[batch, 19, 5]","[batch, 19]",not_applicable,19,5,manifest order preserved,1-step 채널별 절대 예측 오차; source[W:] 정렬,False,data shape applicable; raw wrapper contract checked separately
GHL,series_23,20,normal,CI-AE,50000,45000,9000,36000,5000,100,1,1,128,0,True,50,one_model_per_channel,none,1,8901,4901,69,69,128,69,69,39,3450,19,50,test_length-model_input_window_size+1,True,True,True,0,0,0,fixed_for_pretraining_audit,window and workload settings fixed,"(8901, 100, 1)","[batch, 100]","[batch, 100]",100,not_applicable,not_applicable,manifest order preserved,채널별 window 재구성 오차; 중앙 시점 정렬,True,data shape applicable; raw wrapper contract checked separately
GHL,series_23,20,normal,LSTM-AD,50000,45000,9000,36000,5000,100,1,1,128,1,False,50,one_multivariate_model,patience=3,1,8900,4900,69,70,68,0,70,39,3500,1,100,test_length-model_input_window_size,True,True,True,0,0,0,fixed_for_pretraining_audit,window and workload settings fixed,"(8900, 100, 19)","[batch, 100, 19]","[1, batch, 19]",not_applicable,not_applicable,not_applicable,manifest order preserved,1-step 예측 오차; source[W:] 정렬,False,data shape applicable; raw wrapper contract checked separately
GHL,series_23,20,normal,USAD,50000,45000,9000,36000,5000,10,1,1,128,0,False,70,one_multivariate_model,none,2,8991,4991,70,71,31,0,142,39,9940,1,5,test_length-model_input_window_size+1,True,True,True,0,0,0,fixed_project_transfer_rule,window and batch_size=128 fixed by project transfer rule,"(8991, 10, 19)","[batch, 10, 19]","3 x [batch, 190]",190,not_applicable,not_applicable,manifest order preserved,window×channel 재구성 오차; 중앙 시점 정렬,False,data shape applicable; raw wrapper contract checked separately
GHL,series_23,20,normal,GDN,50000,45000,9000,36000,5000,5,1,1,32,1,False,50,one_multivariate_model,patience=10,1,8995,4995,281,282,3,0,282,157,14100,1,5,test_length-model_input_window_size,True,True,True,0,0,0,fixed_for_pretraining_audit,window and workload fixed; project topk does not change these counts,"(8995, 5, 19)","[batch, 19, 5]","[batch, 19]",not_applicable,19,5,manifest order preserved,1-step 채널별 절대 예측 오차; source[W:] 정렬,False,data shape applicable; raw wrapper contract checked separately
GHL,series_23,40,normal,CI-AE,50000,45000,18000,27000,5000,100,1,1,128,0,True,50,one_model_per_channel,none,1,17901,4901,139,139,128,109,139,39,6950,19,50,test_length-model_input_window_size+1,True,True,True,0,0,0,fixed_for_pretraining_audit,window and workload settings fixed,"(17901, 100, 1)","[batch, 100]","[batch, 100]",100,not_applicable,not_applicable,manifest order preserved,채널별 window 재구성 오차; 중앙 시점 정렬,True,data shape applicable; raw wrapper contract checked separately
GHL,series_23,40,normal,LSTM-AD,50000,45000,18000,27000,5000,100,1,1,128,1,False,50,one_multivariate_model,patience=3,1,17900,4900,139,140,108,0,140,39,7000,1,100,test_length-model_input_window_size,True,True,True,0,0,0,fixed_for_pretraining_audit,window and workload settings fixed,"(17900, 100, 19)","[batch, 100, 19]","[1, batch, 19]",not_applicable,not_applicable,not_applicable,manifest order preserved,1-step 예측 오차; source[W:] 정렬,False,data shape applicable; raw wrapper contract checked separately
GHL,series_23,40,normal,USAD,50000,45000,18000,27000,5000,10,1,1,128,0,False,70,one_multivariate_model,none,2,17991,4991,140,141,71,0,282,39,19740,1,5,test_length-model_input_window_size+1,True,True,True,0,0,0,fixed_project_transfer_rule,window and batch_size=128 fixed by project transfer rule,"(17991, 10, 19)","[batch, 10, 19]","3 x [batch, 190]",190,not_applicable,not_applicable,manifest order preserved,window×channel 재구성 오차; 중앙 시점 정렬,False,data shape applicable; raw wrapper contract checked separately
GHL,series_23,40,normal,GDN,50000,45000,18000,27000,5000,5,1,1,32,1,False,50,one_multivariate_model,patience=10,1,17995,4995,562,563,11,0,563,157,28150,1,5,test_length-model_input_window_size,True,True,True,0,0,0,fixed_for_pretraining_audit,window and workload fixed; project topk does not change these counts,"(17995, 5, 19)","[batch, 19, 5]","[batch, 19]",not_applicable,19,5,manifest order preserved,1-step 채널별 절대 예측 오차; source[W:] 정렬,False,data shape applicable; raw wrapper contract checked separately
GHL,series_23,60,normal,CI-AE,50000,45000,27000,18000,5000,100,1,1,128,0,True,50,one_model_per_channel,none,1,26901,4901,210,210,128,21,210,39,10500,19,50,test_length-model_input_window_size+1,True,True,True,0,0,0,fixed_for_pretraining_audit,window and workload settings fixed,"(26901, 100, 1)","[batch, 100]","[batch, 100]",100,not_applicable,not_applicable,manifest order preserved,채널별 window 재구성 오차; 중앙 시점 정렬,True,data shape applicable; raw wrapper contract checked separately
GHL,series_23,60,normal,LSTM-AD,50000,45000,27000,18000,5000,100,1,1,128,1,False,50,one_multivariate_model,patience=3,1,26900,4900,210,211,20,0,211,39,10550,1,100,test_length-model_input_window_size,True,True,True,0,0,0,fixed_for_pretraining_audit,window and workload settings fixed,"(26900, 100, 19)","[batch, 100, 19]","[1, batch, 19]",not_applicable,not_applicable,not_applicable,manifest order preserved,1-step 예측 오차; source[W:] 정렬,False,data shape applicable; raw wrapper contract checked separately
GHL,series_23,60,normal,USAD,50000,45000,27000,18000,5000,10,1,1,128,0,False,70,one_multivariate_model,none,2,26991,4991,210,211,111,0,422,39,29540,1,5,test_length-model_input_window_size+1,True,True,True,0,0,0,fixed_project_transfer_rule,window and batch_size=128 fixed by project transfer rule,"(26991, 10, 19)","[batch, 10, 19]","3 x [batch, 190]",190,not_applicable,not_applicable,manifest order preserved,window×channel 재구성 오차; 중앙 시점 정렬,False,data shape applicable; raw wrapper contract checked separately
GHL,series_23,60,normal,GDN,50000,45000,27000,18000,5000,5,1,1,32,1,False,50,one_multivariate_model,patience=10,1,26995,4995,843,844,19,0,844,157,42200,1,5,test_length-model_input_window_size,True,True,True,0,0,0,fixed_for_pretraining_audit,window and workload fixed; project topk does not change these counts,"(26995, 5, 19)","[batch, 19, 5]","[batch, 19]",not_applicable,19,5,manifest order preserved,1-step 채널별 절대 예측 오차; source[W:] 정렬,False,data shape applicable; raw wrapper contract checked separately
GHL,series_23,80,normal,CI-AE,50000,45000,36000,9000,5000,100,1,1,128,0,True,50,one_model_per_channel,none,1,35901,4901,280,280,128,61,280,39,14000,19,50,test_length-model_input_window_size+1,True,True,True,0,0,0,fixed_for_pretraining_audit,window and workload settings fixed,"(35901, 100, 1)","[batch, 100]","[batch, 100]",100,not_applicable,not_applicable,manifest order preserved,채널별 window 재구성 오차; 중앙 시점 정렬,True,data shape applicable; raw wrapper contract checked separately
GHL,series_23,80,normal,LSTM-AD,50000,45000,36000,9000,5000,100,1,1,128,1,False,50,one_multivariate_model,patience=3,1,35900,4900,280,281,60,0,281,39,14050,1,100,test_length-model_input_window_size,True,True,True,0,0,0,fixed_for_pretraining_audit,window and workload settings fixed,"(35900, 100, 19)","[batch, 100, 19]","[1, batch, 19]",not_applicable,not_applicable,not_applicable,manifest order preserved,1-step 예측 오차; source[W:] 정렬,False,data shape applicable; raw wrapper contract checked separately
GHL,series_23,80,normal,USAD,50000,45000,36000,9000,5000,10,1,1,128,0,False,70,one_multivariate_model,none,2,35991,4991,281,282,23,0,564,39,39480,1,5,test_length-model_input_window_size+1,True,True,True,0,0,0,fixed_project_transfer_rule,window and batch_size=128 fixed by project transfer rule,"(35991, 10, 19)","[batch, 10, 19]","3 x [batch, 190]",190,not_applicable,not_applicable,manifest order preserved,window×channel 재구성 오차; 중앙 시점 정렬,False,data shape applicable; raw wrapper contract checked separately
GHL,series_23,80,normal,GDN,50000,45000,36000,9000,5000,5,1,1,32,1,False,50,one_multivariate_model,patience=10,1,35995,4995,1124,1125,27,0,1125,157,56250,1,5,test_length-model_input_window_size,True,True,True,0,0,0,fixed_for_pretraining_audit,window and workload fixed; project topk does not change these counts,"(35995, 5, 19)","[batch, 19, 5]","[batch, 19]",not_applicable,19,5,manifest order preserved,1-step 채널별 절대 예측 오차; source[W:] 정렬,False,data shape applicable; raw wrapper contract checked separately
GHL,series_23,100,normal,CI-AE,50000,45000,45000,0,5000,100,1,1,128,0,True,50,one_model_per_channel,none,1,44901,4901,350,350,128,101,350,39,17500,19,50,test_length-model_input_window_size+1,True,True,True,0,0,0,fixed_for_pretraining_audit,window and workload settings fixed,"(44901, 100, 1)","[batch, 100]","[batch, 100]",100,not_applicable,not_applicable,manifest order preserved,채널별 window 재구성 오차; 중앙 시점 정렬,True,data shape applicable; raw wrapper contract checked separately
GHL,series_23,100,normal,LSTM-AD,50000,45000,45000,0,5000,100,1,1,128,1,False,50,one_multivariate_model,patience=3,1,44900,4900,350,351,100,0,351,39,17550,1,100,test_length-model_input_window_size,True,True,True,0,0,0,fixed_for_pretraining_audit,window and workload settings fixed,"(44900, 100, 19)","[batch, 100, 19]","[1, batch, 19]",not_applicable,not_applicable,not_applicable,manifest order preserved,1-step 예측 오차; source[W:] 정렬,False,data shape applicable; raw wrapper contract checked separately
GHL,series_23,100,normal,USAD,50000,45000,45000,0,5000,10,1,1,128,0,False,70,one_multivariate_model,none,2,44991,4991,351,352,63,0,704,39,49280,1,5,test_length-model_input_window_size+1,True,True,True,0,0,0,fixed_project_transfer_rule,window and batch_size=128 fixed by project transfer rule,"(44991, 10, 19)","[batch, 10, 19]","3 x [batch, 190]",190,not_applicable,not_applicable,manifest order preserved,window×channel 재구성 오차; 중앙 시점 정렬,False,data shape applicable; raw wrapper contract checked separately
GHL,series_23,100,normal,GDN,50000,45000,45000,0,5000,5,1,1,32,1,False,50,one_multivariate_model,patience=10,1,44995,4995,1406,1407,3,0,1407,157,70350,1,5,test_length-model_input_window_size,True,True,True,0,0,0,fixed_for_pretraining_audit,window and workload fixed; project topk does not change these counts,"(44995, 5, 19)","[batch, 19, 5]","[batch, 19]",not_applicable,19,5,manifest order preserved,1-step 채널별 절대 예측 오차; source[W:] 정렬,False,data shape applicable; raw wrapper contract checked separately
GHL,series_24,5,normal,CI-AE,50000,45000,2250,42750,5000,100,1,1,128,0,True,50,one_model_per_channel,none,1,2151,4901,16,16,128,103,16,39,800,19,50,test_length-model_input_window_size+1,True,True,True,0,0,0,fixed_for_pretraining_audit,window and workload settings fixed,"(2151, 100, 1)","[batch, 100]","[batch, 100]",100,not_applicable,not_applicable,manifest order preserved,채널별 window 재구성 오차; 중앙 시점 정렬,True,data shape applicable; raw wrapper contract checked separately
GHL,series_24,5,normal,LSTM-AD,50000,45000,2250,42750,5000,100,1,1,128,1,False,50,one_multivariate_model,patience=3,1,2150,4900,16,17,102,0,17,39,850,1,100,test_length-model_input_window_size,True,True,True,0,0,0,fixed_for_pretraining_audit,window and workload settings fixed,"(2150, 100, 19)","[batch, 100, 19]","[1, batch, 19]",not_applicable,not_applicable,not_applicable,manifest order preserved,1-step 예측 오차; source[W:] 정렬,False,data shape applicable; raw wrapper contract checked separately
GHL,series_24,5,normal,USAD,50000,45000,2250,42750,5000,10,1,1,128,0,False,70,one_multivariate_model,none,2,2241,4991,17,18,65,0,36,39,2520,1,5,test_length-model_input_window_size+1,True,True,True,0,0,0,fixed_project_transfer_rule,window and batch_size=128 fixed by project transfer rule,"(2241, 10, 19)","[batch, 10, 19]","3 x [batch, 190]",190,not_applicable,not_applicable,manifest order preserved,window×channel 재구성 오차; 중앙 시점 정렬,False,data shape applicable; raw wrapper contract checked separately
GHL,series_24,5,normal,GDN,50000,45000,2250,42750,5000,5,1,1,32,1,False,50,one_multivariate_model,patience=10,1,2245,4995,70,71,5,0,71,157,3550,1,5,test_length-model_input_window_size,True,True,True,0,0,0,fixed_for_pretraining_audit,window and workload fixed; project topk does not change these counts,"(2245, 5, 19)","[batch, 19, 5]","[batch, 19]",not_applicable,19,5,manifest order preserved,1-step 채널별 절대 예측 오차; source[W:] 정렬,False,data shape applicable; raw wrapper contract checked separately
GHL,series_24,10,normal,CI-AE,50000,45000,4500,40500,5000,100,1,1,128,0,True,50,one_model_per_channel,none,1,4401,4901,34,34,128,49,34,39,1700,19,50,test_length-model_input_window_size+1,True,True,True,0,0,0,fixed_for_pretraining_audit,window and workload settings fixed,"(4401, 100, 1)","[batch, 100]","[batch, 100]",100,not_applicable,not_applicable,manifest order preserved,채널별 window 재구성 오차; 중앙 시점 정렬,True,data shape applicable; raw wrapper contract checked separately
GHL,series_24,10,normal,LSTM-AD,50000,45000,4500,40500,5000,100,1,1,128,1,False,50,one_multivariate_model,patience=3,1,4400,4900,34,35,48,0,35,39,1750,1,100,test_length-model_input_window_size,True,True,True,0,0,0,fixed_for_pretraining_audit,window and workload settings fixed,"(4400, 100, 19)","[batch, 100, 19]","[1, batch, 19]",not_applicable,not_applicable,not_applicable,manifest order preserved,1-step 예측 오차; source[W:] 정렬,False,data shape applicable; raw wrapper contract checked separately
GHL,series_24,10,normal,USAD,50000,45000,4500,40500,5000,10,1,1,128,0,False,70,one_multivariate_model,none,2,4491,4991,35,36,11,0,72,39,5040,1,5,test_length-model_input_window_size+1,True,True,True,0,0,0,fixed_project_transfer_rule,window and batch_size=128 fixed by project transfer rule,"(4491, 10, 19)","[batch, 10, 19]","3 x [batch, 190]",190,not_applicable,not_applicable,manifest order preserved,window×channel 재구성 오차; 중앙 시점 정렬,False,data shape applicable; raw wrapper contract checked separately
GHL,series_24,10,normal,GDN,50000,45000,4500,40500,5000,5,1,1,32,1,False,50,one_multivariate_model,patience=10,1,4495,4995,140,141,15,0,141,157,7050,1,5,test_length-model_input_window_size,True,True,True,0,0,0,fixed_for_pretraining_audit,window and workload fixed; project topk does not change these counts,"(4495, 5, 19)","[batch, 19, 5]","[batch, 19]",not_applicable,19,5,manifest order preserved,1-step 채널별 절대 예측 오차; source[W:] 정렬,False,data shape applicable; raw wrapper contract checked separately
GHL,series_24,20,normal,CI-AE,50000,45000,9000,36000,5000,100,1,1,128,0,True,50,one_model_per_channel,none,1,8901,4901,69,69,128,69,69,39,3450,19,50,test_length-model_input_window_size+1,True,True,True,0,0,0,fixed_for_pretraining_audit,window and workload settings fixed,"(8901, 100, 1)","[batch, 100]","[batch, 100]",100,not_applicable,not_applicable,manifest order preserved,채널별 window 재구성 오차; 중앙 시점 정렬,True,data shape applicable; raw wrapper contract checked separately
GHL,series_24,20,normal,LSTM-AD,50000,45000,9000,36000,5000,100,1,1,128,1,False,50,one_multivariate_model,patience=3,1,8900,4900,69,70,68,0,70,39,3500,1,100,test_length-model_input_window_size,True,True,True,0,0,0,fixed_for_pretraining_audit,window and workload settings fixed,"(8900, 100, 19)","[batch, 100, 19]","[1, batch, 19]",not_applicable,not_applicable,not_applicable,manifest order preserved,1-step 예측 오차; source[W:] 정렬,False,data shape applicable; raw wrapper contract checked separately
GHL,series_24,20,normal,USAD,50000,45000,9000,36000,5000,10,1,1,128,0,False,70,one_multivariate_model,none,2,8991,4991,70,71,31,0,142,39,9940,1,5,test_length-model_input_window_size+1,True,True,True,0,0,0,fixed_project_transfer_rule,window and batch_size=128 fixed by project transfer rule,"(8991, 10, 19)","[batch, 10, 19]","3 x [batch, 190]",190,not_applicable,not_applicable,manifest order preserved,window×channel 재구성 오차; 중앙 시점 정렬,False,data shape applicable; raw wrapper contract checked separately
GHL,series_24,20,normal,GDN,50000,45000,9000,36000,5000,5,1,1,32,1,False,50,one_multivariate_model,patience=10,1,8995,4995,281,282,3,0,282,157,14100,1,5,test_length-model_input_window_size,True,True,True,0,0,0,fixed_for_pretraining_audit,window and workload fixed; project topk does not change these counts,"(8995, 5, 19)","[batch, 19, 5]","[batch, 19]",not_applicable,19,5,manifest order preserved,1-step 채널별 절대 예측 오차; source[W:] 정렬,False,data shape applicable; raw wrapper contract checked separately
GHL,series_24,40,normal,CI-AE,50000,45000,18000,27000,5000,100,1,1,128,0,True,50,one_model_per_channel,none,1,17901,4901,139,139,128,109,139,39,6950,19,50,test_length-model_input_window_size+1,True,True,True,0,0,0,fixed_for_pretraining_audit,window and workload settings fixed,"(17901, 100, 1)","[batch, 100]","[batch, 100]",100,not_applicable,not_applicable,manifest order preserved,채널별 window 재구성 오차; 중앙 시점 정렬,True,data shape applicable; raw wrapper contract checked separately
GHL,series_24,40,normal,LSTM-AD,50000,45000,18000,27000,5000,100,1,1,128,1,False,50,one_multivariate_model,patience=3,1,17900,4900,139,140,108,0,140,39,7000,1,100,test_length-model_input_window_size,True,True,True,0,0,0,fixed_for_pretraining_audit,window and workload settings fixed,"(17900, 100, 19)","[batch, 100, 19]","[1, batch, 19]",not_applicable,not_applicable,not_applicable,manifest order preserved,1-step 예측 오차; source[W:] 정렬,False,data shape applicable; raw wrapper contract checked separately
GHL,series_24,40,normal,USAD,50000,45000,18000,27000,5000,10,1,1,128,0,False,70,one_multivariate_model,none,2,17991,4991,140,141,71,0,282,39,19740,1,5,test_length-model_input_window_size+1,True,True,True,0,0,0,fixed_project_transfer_rule,window and batch_size=128 fixed by project transfer rule,"(17991, 10, 19)","[batch, 10, 19]","3 x [batch, 190]",190,not_applicable,not_applicable,manifest order preserved,window×channel 재구성 오차; 중앙 시점 정렬,False,data shape applicable; raw wrapper contract checked separately
GHL,series_24,40,normal,GDN,50000,45000,18000,27000,5000,5,1,1,32,1,False,50,one_multivariate_model,patience=10,1,17995,4995,562,563,11,0,563,157,28150,1,5,test_length-model_input_window_size,True,True,True,0,0,0,fixed_for_pretraining_audit,window and workload fixed; project topk does not change these counts,"(17995, 5, 19)","[batch, 19, 5]","[batch, 19]",not_applicable,19,5,manifest order preserved,1-step 채널별 절대 예측 오차; source[W:] 정렬,False,data shape applicable; raw wrapper contract checked separately
GHL,series_24,60,normal,CI-AE,50000,45000,27000,18000,5000,100,1,1,128,0,True,50,one_model_per_channel,none,1,26901,4901,210,210,128,21,210,39,10500,19,50,test_length-model_input_window_size+1,True,True,True,0,0,0,fixed_for_pretraining_audit,window and workload settings fixed,"(26901, 100, 1)","[batch, 100]","[batch, 100]",100,not_applicable,not_applicable,manifest order preserved,채널별 window 재구성 오차; 중앙 시점 정렬,True,data shape applicable; raw wrapper contract checked separately
GHL,series_24,60,normal,LSTM-AD,50000,45000,27000,18000,5000,100,1,1,128,1,False,50,one_multivariate_model,patience=3,1,26900,4900,210,211,20,0,211,39,10550,1,100,test_length-model_input_window_size,True,True,True,0,0,0,fixed_for_pretraining_audit,window and workload settings fixed,"(26900, 100, 19)","[batch, 100, 19]","[1, batch, 19]",not_applicable,not_applicable,not_applicable,manifest order preserved,1-step 예측 오차; source[W:] 정렬,False,data shape applicable; raw wrapper contract checked separately
GHL,series_24,60,normal,USAD,50000,45000,27000,18000,5000,10,1,1,128,0,False,70,one_multivariate_model,none,2,26991,4991,210,211,111,0,422,39,29540,1,5,test_length-model_input_window_size+1,True,True,True,0,0,0,fixed_project_transfer_rule,window and batch_size=128 fixed by project transfer rule,"(26991, 10, 19)","[batch, 10, 19]","3 x [batch, 190]",190,not_applicable,not_applicable,manifest order preserved,window×channel 재구성 오차; 중앙 시점 정렬,False,data shape applicable; raw wrapper contract checked separately
GHL,series_24,60,normal,GDN,50000,45000,27000,18000,5000,5,1,1,32,1,False,50,one_multivariate_model,patience=10,1,26995,4995,843,844,19,0,844,157,42200,1,5,test_length-model_input_window_size,True,True,True,0,0,0,fixed_for_pretraining_audit,window and workload fixed; project topk does not change these counts,"(26995, 5, 19)","[batch, 19, 5]","[batch, 19]",not_applicable,19,5,manifest order preserved,1-step 채널별 절대 예측 오차; source[W:] 정렬,False,data shape applicable; raw wrapper contract checked separately
GHL,series_24,80,normal,CI-AE,50000,45000,36000,9000,5000,100,1,1,128,0,True,50,one_model_per_channel,none,1,35901,4901,280,280,128,61,280,39,14000,19,50,test_length-model_input_window_size+1,True,True,True,0,0,0,fixed_for_pretraining_audit,window and workload settings fixed,"(35901, 100, 1)","[batch, 100]","[batch, 100]",100,not_applicable,not_applicable,manifest order preserved,채널별 window 재구성 오차; 중앙 시점 정렬,True,data shape applicable; raw wrapper contract checked separately
GHL,series_24,80,normal,LSTM-AD,50000,45000,36000,9000,5000,100,1,1,128,1,False,50,one_multivariate_model,patience=3,1,35900,4900,280,281,60,0,281,39,14050,1,100,test_length-model_input_window_size,True,True,True,0,0,0,fixed_for_pretraining_audit,window and workload settings fixed,"(35900, 100, 19)","[batch, 100, 19]","[1, batch, 19]",not_applicable,not_applicable,not_applicable,manifest order preserved,1-step 예측 오차; source[W:] 정렬,False,data shape applicable; raw wrapper contract checked separately
GHL,series_24,80,normal,USAD,50000,45000,36000,9000,5000,10,1,1,128,0,False,70,one_multivariate_model,none,2,35991,4991,281,282,23,0,564,39,39480,1,5,test_length-model_input_window_size+1,True,True,True,0,0,0,fixed_project_transfer_rule,window and batch_size=128 fixed by project transfer rule,"(35991, 10, 19)","[batch, 10, 19]","3 x [batch, 190]",190,not_applicable,not_applicable,manifest order preserved,window×channel 재구성 오차; 중앙 시점 정렬,False,data shape applicable; raw wrapper contract checked separately
GHL,series_24,80,normal,GDN,50000,45000,36000,9000,5000,5,1,1,32,1,False,50,one_multivariate_model,patience=10,1,35995,4995,1124,1125,27,0,1125,157,56250,1,5,test_length-model_input_window_size,True,True,True,0,0,0,fixed_for_pretraining_audit,window and workload fixed; project topk does not change these counts,"(35995, 5, 19)","[batch, 19, 5]","[batch, 19]",not_applicable,19,5,manifest order preserved,1-step 채널별 절대 예측 오차; source[W:] 정렬,False,data shape applicable; raw wrapper contract checked separately
GHL,series_24,100,normal,CI-AE,50000,45000,45000,0,5000,100,1,1,128,0,True,50,one_model_per_channel,none,1,44901,4901,350,350,128,101,350,39,17500,19,50,test_length-model_input_window_size+1,True,True,True,0,0,0,fixed_for_pretraining_audit,window and workload settings fixed,"(44901, 100, 1)","[batch, 100]","[batch, 100]",100,not_applicable,not_applicable,manifest order preserved,채널별 window 재구성 오차; 중앙 시점 정렬,True,data shape applicable; raw wrapper contract checked separately
GHL,series_24,100,normal,LSTM-AD,50000,45000,45000,0,5000,100,1,1,128,1,False,50,one_multivariate_model,patience=3,1,44900,4900,350,351,100,0,351,39,17550,1,100,test_length-model_input_window_size,True,True,True,0,0,0,fixed_for_pretraining_audit,window and workload settings fixed,"(44900, 100, 19)","[batch, 100, 19]","[1, batch, 19]",not_applicable,not_applicable,not_applicable,manifest order preserved,1-step 예측 오차; source[W:] 정렬,False,data shape applicable; raw wrapper contract checked separately
GHL,series_24,100,normal,USAD,50000,45000,45000,0,5000,10,1,1,128,0,False,70,one_multivariate_model,none,2,44991,4991,351,352,63,0,704,39,49280,1,5,test_length-model_input_window_size+1,True,True,True,0,0,0,fixed_project_transfer_rule,window and batch_size=128 fixed by project transfer rule,"(44991, 10, 19)","[batch, 10, 19]","3 x [batch, 190]",190,not_applicable,not_applicable,manifest order preserved,window×channel 재구성 오차; 중앙 시점 정렬,False,data shape applicable; raw wrapper contract checked separately
GHL,series_24,100,normal,GDN,50000,45000,45000,0,5000,5,1,1,32,1,False,50,one_multivariate_model,patience=10,1,44995,4995,1406,1407,3,0,1407,157,70350,1,5,test_length-model_input_window_size,True,True,True,0,0,0,fixed_for_pretraining_audit,window and workload fixed; project topk does not change these counts,"(44995, 5, 19)","[batch, 19, 5]","[batch, 19]",not_applicable,19,5,manifest order preserved,1-step 채널별 절대 예측 오차; source[W:] 정렬,False,data shape applicable; raw wrapper contract checked separately
GHL,series_25,5,normal,CI-AE,50000,45000,2250,42750,5000,100,1,1,128,0,True,50,one_model_per_channel,none,1,2151,4901,16,16,128,103,16,39,800,19,50,test_length-model_input_window_size+1,True,True,True,0,0,0,fixed_for_pretraining_audit,window and workload settings fixed,"(2151, 100, 1)","[batch, 100]","[batch, 100]",100,not_applicable,not_applicable,manifest order preserved,채널별 window 재구성 오차; 중앙 시점 정렬,True,data shape applicable; raw wrapper contract checked separately
GHL,series_25,5,normal,LSTM-AD,50000,45000,2250,42750,5000,100,1,1,128,1,False,50,one_multivariate_model,patience=3,1,2150,4900,16,17,102,0,17,39,850,1,100,test_length-model_input_window_size,True,True,True,0,0,0,fixed_for_pretraining_audit,window and workload settings fixed,"(2150, 100, 19)","[batch, 100, 19]","[1, batch, 19]",not_applicable,not_applicable,not_applicable,manifest order preserved,1-step 예측 오차; source[W:] 정렬,False,data shape applicable; raw wrapper contract checked separately
GHL,series_25,5,normal,USAD,50000,45000,2250,42750,5000,10,1,1,128,0,False,70,one_multivariate_model,none,2,2241,4991,17,18,65,0,36,39,2520,1,5,test_length-model_input_window_size+1,True,True,True,0,0,0,fixed_project_transfer_rule,window and batch_size=128 fixed by project transfer rule,"(2241, 10, 19)","[batch, 10, 19]","3 x [batch, 190]",190,not_applicable,not_applicable,manifest order preserved,window×channel 재구성 오차; 중앙 시점 정렬,False,data shape applicable; raw wrapper contract checked separately
GHL,series_25,5,normal,GDN,50000,45000,2250,42750,5000,5,1,1,32,1,False,50,one_multivariate_model,patience=10,1,2245,4995,70,71,5,0,71,157,3550,1,5,test_length-model_input_window_size,True,True,True,0,0,0,fixed_for_pretraining_audit,window and workload fixed; project topk does not change these counts,"(2245, 5, 19)","[batch, 19, 5]","[batch, 19]",not_applicable,19,5,manifest order preserved,1-step 채널별 절대 예측 오차; source[W:] 정렬,False,data shape applicable; raw wrapper contract checked separately
GHL,series_25,10,normal,CI-AE,50000,45000,4500,40500,5000,100,1,1,128,0,True,50,one_model_per_channel,none,1,4401,4901,34,34,128,49,34,39,1700,19,50,test_length-model_input_window_size+1,True,True,True,0,0,0,fixed_for_pretraining_audit,window and workload settings fixed,"(4401, 100, 1)","[batch, 100]","[batch, 100]",100,not_applicable,not_applicable,manifest order preserved,채널별 window 재구성 오차; 중앙 시점 정렬,True,data shape applicable; raw wrapper contract checked separately
GHL,series_25,10,normal,LSTM-AD,50000,45000,4500,40500,5000,100,1,1,128,1,False,50,one_multivariate_model,patience=3,1,4400,4900,34,35,48,0,35,39,1750,1,100,test_length-model_input_window_size,True,True,True,0,0,0,fixed_for_pretraining_audit,window and workload settings fixed,"(4400, 100, 19)","[batch, 100, 19]","[1, batch, 19]",not_applicable,not_applicable,not_applicable,manifest order preserved,1-step 예측 오차; source[W:] 정렬,False,data shape applicable; raw wrapper contract checked separately
GHL,series_25,10,normal,USAD,50000,45000,4500,40500,5000,10,1,1,128,0,False,70,one_multivariate_model,none,2,4491,4991,35,36,11,0,72,39,5040,1,5,test_length-model_input_window_size+1,True,True,True,0,0,0,fixed_project_transfer_rule,window and batch_size=128 fixed by project transfer rule,"(4491, 10, 19)","[batch, 10, 19]","3 x [batch, 190]",190,not_applicable,not_applicable,manifest order preserved,window×channel 재구성 오차; 중앙 시점 정렬,False,data shape applicable; raw wrapper contract checked separately
GHL,series_25,10,normal,GDN,50000,45000,4500,40500,5000,5,1,1,32,1,False,50,one_multivariate_model,patience=10,1,4495,4995,140,141,15,0,141,157,7050,1,5,test_length-model_input_window_size,True,True,True,0,0,0,fixed_for_pretraining_audit,window and workload fixed; project topk does not change these counts,"(4495, 5, 19)","[batch, 19, 5]","[batch, 19]",not_applicable,19,5,manifest order preserved,1-step 채널별 절대 예측 오차; source[W:] 정렬,False,data shape applicable; raw wrapper contract checked separately
GHL,series_25,20,normal,CI-AE,50000,45000,9000,36000,5000,100,1,1,128,0,True,50,one_model_per_channel,none,1,8901,4901,69,69,128,69,69,39,3450,19,50,test_length-model_input_window_size+1,True,True,True,0,0,0,fixed_for_pretraining_audit,window and workload settings fixed,"(8901, 100, 1)","[batch, 100]","[batch, 100]",100,not_applicable,not_applicable,manifest order preserved,채널별 window 재구성 오차; 중앙 시점 정렬,True,data shape applicable; raw wrapper contract checked separately
GHL,series_25,20,normal,LSTM-AD,50000,45000,9000,36000,5000,100,1,1,128,1,False,50,one_multivariate_model,patience=3,1,8900,4900,69,70,68,0,70,39,3500,1,100,test_length-model_input_window_size,True,True,True,0,0,0,fixed_for_pretraining_audit,window and workload settings fixed,"(8900, 100, 19)","[batch, 100, 19]","[1, batch, 19]",not_applicable,not_applicable,not_applicable,manifest order preserved,1-step 예측 오차; source[W:] 정렬,False,data shape applicable; raw wrapper contract checked separately
GHL,series_25,20,normal,USAD,50000,45000,9000,36000,5000,10,1,1,128,0,False,70,one_multivariate_model,none,2,8991,4991,70,71,31,0,142,39,9940,1,5,test_length-model_input_window_size+1,True,True,True,0,0,0,fixed_project_transfer_rule,window and batch_size=128 fixed by project transfer rule,"(8991, 10, 19)","[batch, 10, 19]","3 x [batch, 190]",190,not_applicable,not_applicable,manifest order preserved,window×channel 재구성 오차; 중앙 시점 정렬,False,data shape applicable; raw wrapper contract checked separately
GHL,series_25,20,normal,GDN,50000,45000,9000,36000,5000,5,1,1,32,1,False,50,one_multivariate_model,patience=10,1,8995,4995,281,282,3,0,282,157,14100,1,5,test_length-model_input_window_size,True,True,True,0,0,0,fixed_for_pretraining_audit,window and workload fixed; project topk does not change these counts,"(8995, 5, 19)","[batch, 19, 5]","[batch, 19]",not_applicable,19,5,manifest order preserved,1-step 채널별 절대 예측 오차; source[W:] 정렬,False,data shape applicable; raw wrapper contract checked separately
GHL,series_25,40,normal,CI-AE,50000,45000,18000,27000,5000,100,1,1,128,0,True,50,one_model_per_channel,none,1,17901,4901,139,139,128,109,139,39,6950,19,50,test_length-model_input_window_size+1,True,True,True,0,0,0,fixed_for_pretraining_audit,window and workload settings fixed,"(17901, 100, 1)","[batch, 100]","[batch, 100]",100,not_applicable,not_applicable,manifest order preserved,채널별 window 재구성 오차; 중앙 시점 정렬,True,data shape applicable; raw wrapper contract checked separately
GHL,series_25,40,normal,LSTM-AD,50000,45000,18000,27000,5000,100,1,1,128,1,False,50,one_multivariate_model,patience=3,1,17900,4900,139,140,108,0,140,39,7000,1,100,test_length-model_input_window_size,True,True,True,0,0,0,fixed_for_pretraining_audit,window and workload settings fixed,"(17900, 100, 19)","[batch, 100, 19]","[1, batch, 19]",not_applicable,not_applicable,not_applicable,manifest order preserved,1-step 예측 오차; source[W:] 정렬,False,data shape applicable; raw wrapper contract checked separately
GHL,series_25,40,normal,USAD,50000,45000,18000,27000,5000,10,1,1,128,0,False,70,one_multivariate_model,none,2,17991,4991,140,141,71,0,282,39,19740,1,5,test_length-model_input_window_size+1,True,True,True,0,0,0,fixed_project_transfer_rule,window and batch_size=128 fixed by project transfer rule,"(17991, 10, 19)","[batch, 10, 19]","3 x [batch, 190]",190,not_applicable,not_applicable,manifest order preserved,window×channel 재구성 오차; 중앙 시점 정렬,False,data shape applicable; raw wrapper contract checked separately
GHL,series_25,40,normal,GDN,50000,45000,18000,27000,5000,5,1,1,32,1,False,50,one_multivariate_model,patience=10,1,17995,4995,562,563,11,0,563,157,28150,1,5,test_length-model_input_window_size,True,True,True,0,0,0,fixed_for_pretraining_audit,window and workload fixed; project topk does not change these counts,"(17995, 5, 19)","[batch, 19, 5]","[batch, 19]",not_applicable,19,5,manifest order preserved,1-step 채널별 절대 예측 오차; source[W:] 정렬,False,data shape applicable; raw wrapper contract checked separately
GHL,series_25,60,normal,CI-AE,50000,45000,27000,18000,5000,100,1,1,128,0,True,50,one_model_per_channel,none,1,26901,4901,210,210,128,21,210,39,10500,19,50,test_length-model_input_window_size+1,True,True,True,0,0,0,fixed_for_pretraining_audit,window and workload settings fixed,"(26901, 100, 1)","[batch, 100]","[batch, 100]",100,not_applicable,not_applicable,manifest order preserved,채널별 window 재구성 오차; 중앙 시점 정렬,True,data shape applicable; raw wrapper contract checked separately
GHL,series_25,60,normal,LSTM-AD,50000,45000,27000,18000,5000,100,1,1,128,1,False,50,one_multivariate_model,patience=3,1,26900,4900,210,211,20,0,211,39,10550,1,100,test_length-model_input_window_size,True,True,True,0,0,0,fixed_for_pretraining_audit,window and workload settings fixed,"(26900, 100, 19)","[batch, 100, 19]","[1, batch, 19]",not_applicable,not_applicable,not_applicable,manifest order preserved,1-step 예측 오차; source[W:] 정렬,False,data shape applicable; raw wrapper contract checked separately
GHL,series_25,60,normal,USAD,50000,45000,27000,18000,5000,10,1,1,128,0,False,70,one_multivariate_model,none,2,26991,4991,210,211,111,0,422,39,29540,1,5,test_length-model_input_window_size+1,True,True,True,0,0,0,fixed_project_transfer_rule,window and batch_size=128 fixed by project transfer rule,"(26991, 10, 19)","[batch, 10, 19]","3 x [batch, 190]",190,not_applicable,not_applicable,manifest order preserved,window×channel 재구성 오차; 중앙 시점 정렬,False,data shape applicable; raw wrapper contract checked separately
GHL,series_25,60,normal,GDN,50000,45000,27000,18000,5000,5,1,1,32,1,False,50,one_multivariate_model,patience=10,1,26995,4995,843,844,19,0,844,157,42200,1,5,test_length-model_input_window_size,True,True,True,0,0,0,fixed_for_pretraining_audit,window and workload fixed; project topk does not change these counts,"(26995, 5, 19)","[batch, 19, 5]","[batch, 19]",not_applicable,19,5,manifest order preserved,1-step 채널별 절대 예측 오차; source[W:] 정렬,False,data shape applicable; raw wrapper contract checked separately
GHL,series_25,80,normal,CI-AE,50000,45000,36000,9000,5000,100,1,1,128,0,True,50,one_model_per_channel,none,1,35901,4901,280,280,128,61,280,39,14000,19,50,test_length-model_input_window_size+1,True,True,True,0,0,0,fixed_for_pretraining_audit,window and workload settings fixed,"(35901, 100, 1)","[batch, 100]","[batch, 100]",100,not_applicable,not_applicable,manifest order preserved,채널별 window 재구성 오차; 중앙 시점 정렬,True,data shape applicable; raw wrapper contract checked separately
GHL,series_25,80,normal,LSTM-AD,50000,45000,36000,9000,5000,100,1,1,128,1,False,50,one_multivariate_model,patience=3,1,35900,4900,280,281,60,0,281,39,14050,1,100,test_length-model_input_window_size,True,True,True,0,0,0,fixed_for_pretraining_audit,window and workload settings fixed,"(35900, 100, 19)","[batch, 100, 19]","[1, batch, 19]",not_applicable,not_applicable,not_applicable,manifest order preserved,1-step 예측 오차; source[W:] 정렬,False,data shape applicable; raw wrapper contract checked separately
GHL,series_25,80,normal,USAD,50000,45000,36000,9000,5000,10,1,1,128,0,False,70,one_multivariate_model,none,2,35991,4991,281,282,23,0,564,39,39480,1,5,test_length-model_input_window_size+1,True,True,True,0,0,0,fixed_project_transfer_rule,window and batch_size=128 fixed by project transfer rule,"(35991, 10, 19)","[batch, 10, 19]","3 x [batch, 190]",190,not_applicable,not_applicable,manifest order preserved,window×channel 재구성 오차; 중앙 시점 정렬,False,data shape applicable; raw wrapper contract checked separately
GHL,series_25,80,normal,GDN,50000,45000,36000,9000,5000,5,1,1,32,1,False,50,one_multivariate_model,patience=10,1,35995,4995,1124,1125,27,0,1125,157,56250,1,5,test_length-model_input_window_size,True,True,True,0,0,0,fixed_for_pretraining_audit,window and workload fixed; project topk does not change these counts,"(35995, 5, 19)","[batch, 19, 5]","[batch, 19]",not_applicable,19,5,manifest order preserved,1-step 채널별 절대 예측 오차; source[W:] 정렬,False,data shape applicable; raw wrapper contract checked separately
GHL,series_25,100,normal,CI-AE,50000,45000,45000,0,5000,100,1,1,128,0,True,50,one_model_per_channel,none,1,44901,4901,350,350,128,101,350,39,17500,19,50,test_length-model_input_window_size+1,True,True,True,0,0,0,fixed_for_pretraining_audit,window and workload settings fixed,"(44901, 100, 1)","[batch, 100]","[batch, 100]",100,not_applicable,not_applicable,manifest order preserved,채널별 window 재구성 오차; 중앙 시점 정렬,True,data shape applicable; raw wrapper contract checked separately
GHL,series_25,100,normal,LSTM-AD,50000,45000,45000,0,5000,100,1,1,128,1,False,50,one_multivariate_model,patience=3,1,44900,4900,350,351,100,0,351,39,17550,1,100,test_length-model_input_window_size,True,True,True,0,0,0,fixed_for_pretraining_audit,window and workload settings fixed,"(44900, 100, 19)","[batch, 100, 19]","[1, batch, 19]",not_applicable,not_applicable,not_applicable,manifest order preserved,1-step 예측 오차; source[W:] 정렬,False,data shape applicable; raw wrapper contract checked separately
GHL,series_25,100,normal,USAD,50000,45000,45000,0,5000,10,1,1,128,0,False,70,one_multivariate_model,none,2,44991,4991,351,352,63,0,704,39,49280,1,5,test_length-model_input_window_size+1,True,True,True,0,0,0,fixed_project_transfer_rule,window and batch_size=128 fixed by project transfer rule,"(44991, 10, 19)","[batch, 10, 19]","3 x [batch, 190]",190,not_applicable,not_applicable,manifest order preserved,window×channel 재구성 오차; 중앙 시점 정렬,False,data shape applicable; raw wrapper contract checked separately
GHL,series_25,100,normal,GDN,50000,45000,45000,0,5000,5,1,1,32,1,False,50,one_multivariate_model,patience=10,1,44995,4995,1406,1407,3,0,1407,157,70350,1,5,test_length-model_input_window_size,True,True,True,0,0,0,fixed_for_pretraining_audit,window and workload fixed; project topk does not change these counts,"(44995, 5, 19)","[batch, 19, 5]","[batch, 19]",not_applicable,19,5,manifest order preserved,1-step 채널별 절대 예측 오차; source[W:] 정렬,False,data shape applicable; raw wrapper contract checked separately
